v -0.315412 0.650678 0.100000
v 0.315412 0.650678 0.100000
v -0.315412 -1.050678 0.100000
v 0.315412 -1.050678 0.100000
v 0.000000 -0.725687 0.117014
v 0.000000 0.325687 0.117014
v 0.000000 -0.725687 0.082986
v 0.000000 0.325687 0.082986
v 0.510407 -0.200000 0.089486
v 0.510407 -0.200000 0.110514
v -0.510407 -0.200000 0.089486
v -0.510407 -0.200000 0.110514
v 0.000000 0.800000 0.100000
v -0.185396 0.609014 0.110000
v -0.185396 0.609014 0.090000
v -0.485408 0.300020 0.093820
v -0.485408 0.300020 0.106180
v 0.185396 0.609014 0.110000
v 0.185396 0.609014 0.090000
v 0.485408 0.300020 0.093820
v 0.485408 0.300020 0.106180
v 0.000000 -1.200000 0.100000
v -0.185396 -1.009014 0.110000
v -0.185396 -1.009014 0.090000
v -0.485408 -0.700020 0.093820
v -0.485408 -0.700020 0.106180
v 0.185396 -1.009014 0.110000
v 0.185396 -1.009014 0.090000
v 0.485408 -0.700020 0.093820
v 0.485408 -0.700020 0.106180
v 0.000000 -0.200000 0.120000
v 0.300012 -0.508993 0.116180
v -0.300012 -0.508993 0.116180
v 0.300012 0.108993 0.116180
v -0.300012 0.108993 0.116180
v 0.000000 -0.200000 0.080000
v 0.300012 -0.508993 0.083820
v -0.300012 -0.508993 0.083820
v 0.300012 0.108993 0.083820
v -0.300012 0.108993 0.083820
v 0.600000 -0.200000 0.100000
v -0.600000 -0.200000 0.100000
v -0.163945 0.761946 0.100000
v -0.260312 0.662683 0.105198
v -0.260312 0.662683 0.094802
v -0.416254 0.502073 0.096788
v -0.416254 0.502073 0.103212
v 0.163945 0.761946 0.100000
v 0.260312 0.662683 0.105198
v 0.260312 0.662683 0.094802
v 0.416254 0.502073 0.096788
v 0.416254 0.502073 0.103212
v -0.163945 -1.161946 0.100000
v -0.260312 -1.062683 0.105198
v -0.260312 -1.062683 0.094802
v -0.416254 -0.902073 0.096788
v -0.416254 -0.902073 0.103212
v 0.163945 -1.161946 0.100000
v 0.260312 -1.062683 0.105198
v 0.260312 -1.062683 0.094802
v 0.416254 -0.902073 0.096788
v 0.416254 -0.902073 0.103212
v -0.096366 -0.893757 0.114041
v 0.096366 -0.893757 0.114041
v 0.000000 -0.473241 0.119239
v 0.155942 -0.633854 0.117254
v -0.155942 -0.633854 0.117254
v -0.096366 0.493757 0.114041
v 0.096366 0.493757 0.114041
v 0.000000 0.073241 0.119239
v 0.155942 0.233854 0.117254
v -0.155942 0.233854 0.117254
v -0.096366 -0.893757 0.085959
v 0.096366 -0.893757 0.085959
v 0.000000 -0.473241 0.080761
v 0.155942 -0.633854 0.082746
v -0.155942 -0.633854 0.082746
v -0.096366 0.493757 0.085959
v 0.096366 0.493757 0.085959
v 0.000000 0.073241 0.080761
v 0.155942 0.233854 0.082746
v -0.155942 0.233854 0.082746
v 0.517610 0.059903 0.091323
v 0.517610 -0.459903 0.091323
v 0.421244 -0.360610 0.086125
v 0.421244 -0.039390 0.086125
v 0.577167 -0.200000 0.094535
v 0.517610 0.059903 0.108677
v 0.517610 -0.459903 0.108677
v 0.421244 -0.360610 0.113875
v 0.421244 -0.039390 0.113875
v 0.577167 -0.200000 0.105465
v -0.517610 0.059903 0.091323
v -0.517610 -0.459903 0.091323
v -0.421244 -0.360610 0.086125
v -0.421244 -0.039390 0.086125
v -0.577167 -0.200000 0.094535
v -0.517610 0.059903 0.108677
v -0.517610 -0.459903 0.108677
v -0.421244 -0.360610 0.113875
v -0.421244 -0.039390 0.113875
v -0.577167 -0.200000 0.105465
v -0.097469 0.751056 0.105258
v -0.097469 0.751056 0.094742
v 0.097469 0.751056 0.105258
v 0.097469 0.751056 0.094742
v -0.352664 0.488202 0.108507
v 0.000000 0.650640 0.110515
v -0.255195 0.387773 0.113764
v -0.352664 0.488202 0.091494
v 0.000000 0.650640 0.089485
v -0.255195 0.387773 0.086236
v -0.510384 0.325748 0.100000
v -0.412921 0.225325 0.088245
v -0.570633 0.062876 0.096751
v -0.412921 0.225325 0.111755
v -0.570633 0.062876 0.103249
v 0.352664 0.488202 0.108507
v 0.255195 0.387773 0.113764
v 0.352664 0.488202 0.091494
v 0.255195 0.387773 0.086236
v 0.510384 0.325748 0.100000
v 0.412921 0.225325 0.088245
v 0.570633 0.062876 0.096751
v 0.412921 0.225325 0.111755
v 0.570633 0.062876 0.103249
v -0.097469 -1.151056 0.105258
v -0.097469 -1.151056 0.094742
v 0.097469 -1.151056 0.105258
v 0.097469 -1.151056 0.094742
v -0.352664 -0.888202 0.108507
v 0.000000 -1.050640 0.110515
v -0.255195 -0.787773 0.113764
v -0.352664 -0.888202 0.091494
v 0.000000 -1.050640 0.089485
v -0.255195 -0.787773 0.086236
v -0.510384 -0.725748 0.100000
v -0.412921 -0.625325 0.088245
v -0.570633 -0.462876 0.096751
v -0.412921 -0.625325 0.111755
v -0.570633 -0.462876 0.103249
v 0.352664 -0.888202 0.108507
v 0.255195 -0.787773 0.113764
v 0.352664 -0.888202 0.091494
v 0.255195 -0.787773 0.086236
v 0.510384 -0.725748 0.100000
v 0.412921 -0.625325 0.088245
v 0.570633 -0.462876 0.096751
v 0.412921 -0.625325 0.111755
v 0.570633 -0.462876 0.103249
v 0.157726 -0.362448 0.119021
v -0.157726 -0.362448 0.119021
v 0.157726 -0.037552 0.119021
v -0.157726 -0.037552 0.119021
v 0.315449 -0.200000 0.117013
v -0.315449 -0.200000 0.117013
v 0.157726 -0.362448 0.080979
v -0.157726 -0.362448 0.080979
v 0.157726 -0.037552 0.080979
v -0.157726 -0.037552 0.080979
v 0.315449 -0.200000 0.082987
v -0.315449 -0.200000 0.082987
v -0.241992 0.715059 0.100000
v -0.290641 0.664951 0.102624
v -0.290641 0.664951 0.097376
v -0.369365 0.583870 0.098378
v -0.369365 0.583870 0.101622
v 0.241992 0.715059 0.100000
v 0.290641 0.664951 0.102624
v 0.290641 0.664951 0.097376
v 0.369365 0.583870 0.098378
v 0.369365 0.583870 0.101622
v -0.241992 -1.115059 0.100000
v -0.290641 -1.064951 0.102624
v -0.290641 -1.064951 0.097376
v -0.369365 -0.983870 0.098378
v -0.369365 -0.983870 0.101622
v 0.241992 -1.115059 0.100000
v 0.290641 -1.064951 0.102624
v 0.290641 -1.064951 0.097376
v 0.369365 -0.983870 0.098378
v 0.369365 -0.983870 0.101622
v -0.048648 -0.815608 0.115677
v 0.048648 -0.815608 0.115677
v 0.000000 -0.603319 0.118301
v 0.078724 -0.684402 0.117299
v -0.078724 -0.684402 0.117299
v -0.048648 0.415608 0.115677
v 0.048648 0.415608 0.115677
v 0.000000 0.203319 0.118301
v 0.078724 0.284402 0.117299
v -0.078724 0.284402 0.117299
v -0.048648 -0.815608 0.084323
v 0.048648 -0.815608 0.084323
v 0.000000 -0.603319 0.081699
v 0.078724 -0.684402 0.082701
v -0.078724 -0.684402 0.082701
v -0.048648 0.415608 0.084323
v 0.048648 0.415608 0.084323
v 0.000000 0.203319 0.081699
v 0.078724 0.284402 0.082701
v -0.078724 0.284402 0.082701
v 0.518970 -0.068794 0.090312
v 0.518970 -0.331206 0.090312
v 0.470322 -0.281080 0.087688
v 0.470322 -0.118920 0.087688
v 0.549036 -0.200000 0.091934
v 0.518970 -0.068794 0.109688
v 0.518970 -0.331206 0.109688
v 0.470322 -0.281080 0.112312
v 0.470322 -0.118920 0.112312
v 0.549036 -0.200000 0.108066
v -0.518970 -0.068794 0.090312
v -0.518970 -0.331206 0.090312
v -0.470322 -0.281080 0.087688
v -0.470322 -0.118920 0.087688
v -0.549036 -0.200000 0.091934
v -0.518970 -0.068794 0.109688
v -0.518970 -0.331206 0.109688
v -0.470322 -0.281080 0.112312
v -0.470322 -0.118920 0.112312
v -0.549036 -0.200000 0.108066
v -0.082764 0.790441 0.100000
v 0.082764 0.790441 0.100000
v -0.049342 0.787688 0.102662
v -0.049342 0.787688 0.097338
v 0.049342 0.787688 0.102662
v 0.049342 0.787688 0.097338
v -0.225006 0.643917 0.107673
v -0.142241 0.558639 0.112137
v -0.143195 0.691005 0.107724
v -0.272384 0.557940 0.109369
v -0.093853 0.640169 0.110386
v -0.223042 0.507099 0.112030
v -0.225006 0.643917 0.092327
v -0.142241 0.558639 0.087863
v -0.143195 0.691005 0.092276
v -0.272384 0.557940 0.090631
v -0.093853 0.640169 0.089614
v -0.223042 0.507099 0.087970
v -0.455183 0.406849 0.095259
v -0.506350 0.183630 0.092500
v -0.424260 0.401517 0.092565
v -0.504102 0.319276 0.096872
v -0.454764 0.268440 0.090921
v -0.534603 0.186203 0.095227
v -0.455183 0.406849 0.104741
v -0.506350 0.183630 0.107500
v -0.424260 0.401517 0.107435
v -0.504102 0.319276 0.103128
v -0.454764 0.268440 0.109079
v -0.534603 0.186203 0.104773
v 0.225006 0.643917 0.107673
v 0.142241 0.558639 0.112137
v 0.143195 0.691005 0.107724
v 0.093853 0.640169 0.110386
v 0.272384 0.557940 0.109369
v 0.223042 0.507099 0.112030
v 0.225006 0.643917 0.092327
v 0.142241 0.558639 0.087863
v 0.143195 0.691005 0.092276
v 0.093853 0.640169 0.089614
v 0.272384 0.557940 0.090631
v 0.223042 0.507099 0.087970
v 0.455183 0.406849 0.095259
v 0.506350 0.183630 0.092500
v 0.424260 0.401517 0.092565
v 0.504102 0.319276 0.096872
v 0.454764 0.268440 0.090921
v 0.534603 0.186203 0.095227
v 0.455183 0.406849 0.104741
v 0.506350 0.183630 0.107500
v 0.424260 0.401517 0.107435
v 0.504102 0.319276 0.103128
v 0.454764 0.268440 0.109079
v 0.534603 0.186203 0.104773
v -0.082764 -1.190441 0.100000
v 0.082764 -1.190441 0.100000
v -0.049342 -1.187688 0.102662
v -0.049342 -1.187688 0.097338
v 0.049342 -1.187688 0.102662
v 0.049342 -1.187688 0.097338
v -0.225006 -1.043917 0.107673
v -0.142241 -0.958639 0.112137
v -0.143195 -1.091005 0.107724
v -0.272384 -0.957940 0.109369
v -0.093853 -1.040169 0.110386
v -0.223042 -0.907099 0.112030
v -0.225006 -1.043917 0.092327
v -0.142241 -0.958639 0.087863
v -0.143195 -1.091005 0.092276
v -0.272384 -0.957940 0.090631
v -0.093853 -1.040169 0.089614
v -0.223042 -0.907099 0.087970
v -0.455183 -0.806849 0.095259
v -0.506350 -0.583630 0.092500
v -0.424260 -0.801517 0.092565
v -0.504102 -0.719276 0.096872
v -0.454764 -0.668440 0.090921
v -0.534603 -0.586203 0.095227
v -0.455183 -0.806849 0.104741
v -0.506350 -0.583630 0.107500
v -0.424260 -0.801517 0.107435
v -0.504102 -0.719276 0.103128
v -0.454764 -0.668440 0.109079
v -0.534603 -0.586203 0.104773
v 0.225006 -1.043917 0.107673
v 0.142241 -0.958639 0.112137
v 0.143195 -1.091005 0.107724
v 0.093853 -1.040169 0.110386
v 0.272384 -0.957940 0.109369
v 0.223042 -0.907099 0.112030
v 0.225006 -1.043917 0.092327
v 0.142241 -0.958639 0.087863
v 0.143195 -1.091005 0.092276
v 0.093853 -1.040169 0.089614
v 0.272384 -0.957940 0.090631
v 0.223042 -0.907099 0.087970
v 0.455183 -0.806849 0.095259
v 0.506350 -0.583630 0.092500
v 0.424260 -0.801517 0.092565
v 0.504102 -0.719276 0.096872
v 0.454764 -0.668440 0.090921
v 0.534603 -0.586203 0.095227
v 0.455183 -0.806849 0.104741
v 0.506350 -0.583630 0.107500
v 0.424260 -0.801517 0.107435
v 0.504102 -0.719276 0.103128
v 0.454764 -0.668440 0.109079
v 0.534603 -0.586203 0.104773
v 0.000000 -0.337939 0.119809
v 0.000000 -0.062061 0.119809
v 0.079846 -0.282236 0.119754
v -0.079846 -0.282236 0.119754
v 0.079846 -0.117764 0.119754
v -0.079846 -0.117764 0.119754
v 0.230178 -0.575009 0.116878
v 0.364109 -0.437068 0.115173
v 0.281064 -0.653973 0.115159
v 0.360910 -0.571736 0.114142
v 0.231722 -0.438659 0.117820
v 0.311566 -0.356422 0.116803
v -0.230178 -0.575009 0.116878
v -0.364109 -0.437068 0.115173
v -0.281064 -0.653973 0.115159
v -0.360910 -0.571736 0.114142
v -0.231722 -0.438659 0.117820
v -0.311566 -0.356422 0.116803
v 0.230178 0.175009 0.116878
v 0.364109 0.037068 0.115173
v 0.281064 0.253973 0.115159
v 0.360910 0.171736 0.114142
v 0.231722 0.038659 0.117820
v 0.311566 -0.043578 0.116803
v -0.230178 0.175009 0.116878
v -0.364109 0.037068 0.115173
v -0.281064 0.253973 0.115159
v -0.360910 0.171736 0.114142
v -0.231722 0.038659 0.117820
v -0.311566 -0.043578 0.116803
v 0.000000 -0.337939 0.080191
v 0.000000 -0.062061 0.080191
v 0.079846 -0.282236 0.080246
v -0.079846 -0.282236 0.080246
v 0.079846 -0.117764 0.080246
v -0.079846 -0.117764 0.080246
v 0.230178 -0.575009 0.083122
v 0.364109 -0.437068 0.084827
v 0.281064 -0.653973 0.084841
v 0.360910 -0.571736 0.085858
v 0.231722 -0.438659 0.082180
v 0.311566 -0.356422 0.083197
v -0.230178 -0.575009 0.083122
v -0.364109 -0.437068 0.084827
v -0.281064 -0.653973 0.084841
v -0.360910 -0.571736 0.085858
v -0.231722 -0.438659 0.082180
v -0.311566 -0.356422 0.083197
v 0.230178 0.175009 0.083122
v 0.364109 0.037068 0.084827
v 0.281064 0.253973 0.084841
v 0.360910 0.171736 0.085858
v 0.231722 0.038659 0.082180
v 0.311566 -0.043578 0.083197
v -0.230178 0.175009 0.083122
v -0.364109 0.037068 0.084827
v -0.281064 0.253973 0.084841
v -0.360910 0.171736 0.085858
v -0.231722 0.038659 0.082180
v -0.311566 -0.043578 0.083197
v 0.594264 -0.200000 0.097241
v 0.594264 -0.200000 0.102759
v 0.592613 -0.066923 0.098355
v 0.592613 -0.066923 0.101645
v 0.592613 -0.333077 0.098355
v 0.592613 -0.333077 0.101645
v -0.594264 -0.200000 0.097241
v -0.594264 -0.200000 0.102759
v -0.592613 -0.066923 0.098355
v -0.592613 -0.066923 0.101645
v -0.592613 -0.333077 0.098355
v -0.592613 -0.333077 0.101645
v -0.214919 0.724316 0.102633
v -0.214919 0.724316 0.097367
v -0.132059 0.766396 0.102656
v -0.132059 0.766396 0.097344
v -0.342734 0.592670 0.104260
v -0.180741 0.716249 0.105282
v -0.309659 0.583465 0.106923
v -0.342734 0.592670 0.095740
v -0.180741 0.716249 0.094718
v -0.309659 0.583465 0.093077
v -0.421729 0.511307 0.100000
v -0.388436 0.502329 0.094080
v -0.468112 0.420262 0.098377
v -0.388436 0.502329 0.105920
v -0.468112 0.420262 0.101623
v 0.214919 0.724316 0.102633
v 0.214919 0.724316 0.097367
v 0.132059 0.766396 0.102656
v 0.132059 0.766396 0.097344
v 0.342734 0.592670 0.104260
v 0.180741 0.716249 0.105282
v 0.309659 0.583465 0.106923
v 0.342734 0.592670 0.095740
v 0.180741 0.716249 0.094718
v 0.309659 0.583465 0.093077
v 0.421729 0.511307 0.100000
v 0.388436 0.502329 0.094080
v 0.468112 0.420262 0.098377
v 0.388436 0.502329 0.105920
v 0.468112 0.420262 0.101623
v -0.214919 -1.124316 0.102633
v -0.214919 -1.124316 0.097367
v -0.132059 -1.166396 0.102656
v -0.132059 -1.166396 0.097344
v -0.342734 -0.992670 0.104260
v -0.180741 -1.116249 0.105282
v -0.309659 -0.983465 0.106923
v -0.342734 -0.992670 0.095740
v -0.180741 -1.116249 0.094718
v -0.309659 -0.983465 0.093077
v -0.421729 -0.911307 0.100000
v -0.388436 -0.902329 0.094080
v -0.468112 -0.820262 0.098377
v -0.388436 -0.902329 0.105920
v -0.468112 -0.820262 0.101623
v 0.214919 -1.124316 0.102633
v 0.214919 -1.124316 0.097367
v 0.132059 -1.166396 0.102656
v 0.132059 -1.166396 0.097344
v 0.342734 -0.992670 0.104260
v 0.180741 -1.116249 0.105282
v 0.309659 -0.983465 0.106923
v 0.342734 -0.992670 0.095740
v 0.180741 -1.116249 0.094718
v 0.309659 -0.983465 0.093077
v 0.421729 -0.911307 0.100000
v 0.388436 -0.902329 0.094080
v 0.468112 -0.820262 0.098377
v 0.388436 -0.902329 0.105920
v 0.468112 -0.820262 0.101623
v 0.000000 -0.902882 0.114226
v -0.127814 -0.771223 0.115853
v -0.048681 -0.980187 0.112405
v -0.177599 -0.847394 0.114047
v 0.127814 -0.771223 0.115853
v 0.048681 -0.980187 0.112405
v 0.177599 -0.847394 0.114047
v 0.078997 -0.558199 0.118486
v -0.078997 -0.558199 0.118486
v 0.079679 -0.420098 0.119328
v -0.079679 -0.420098 0.119328
v 0.207695 -0.716098 0.115669
v 0.158456 -0.501235 0.118325
v -0.207695 -0.716098 0.115669
v -0.158456 -0.501235 0.118325
v 0.000000 0.502882 0.114226
v -0.127814 0.371223 0.115853
v -0.048681 0.580187 0.112405
v -0.177599 0.447394 0.114047
v 0.127814 0.371223 0.115853
v 0.048681 0.580187 0.112405
v 0.177599 0.447394 0.114047
v 0.078997 0.158199 0.118486
v -0.078997 0.158199 0.118486
v 0.079679 0.020098 0.119328
v -0.079679 0.020098 0.119328
v 0.207695 0.316098 0.115669
v 0.158456 0.101235 0.118325
v -0.207695 0.316098 0.115669
v -0.158456 0.101235 0.118325
v 0.000000 -0.902882 0.085774
v -0.127814 -0.771223 0.084147
v -0.048681 -0.980187 0.087595
v -0.177599 -0.847394 0.085953
v 0.127814 -0.771223 0.084147
v 0.048681 -0.980187 0.087595
v 0.177599 -0.847394 0.085953
v 0.078997 -0.558199 0.081514
v -0.078997 -0.558199 0.081514
v 0.079679 -0.420098 0.080672
v -0.079679 -0.420098 0.080672
v 0.207695 -0.716098 0.084331
v 0.158456 -0.501235 0.081675
v -0.207695 -0.716098 0.084331
v -0.158456 -0.501235 0.081675
v 0.000000 0.502882 0.085774
v -0.127814 0.371223 0.084147
v -0.048681 0.580187 0.087595
v -0.177599 0.447394 0.085953
v 0.127814 0.371223 0.084147
v 0.048681 0.580187 0.087595
v 0.177599 0.447394 0.085953
v 0.078997 0.158199 0.081514
v -0.078997 0.158199 0.081514
v 0.079679 0.020098 0.080672
v -0.079679 0.020098 0.080672
v 0.207695 0.316098 0.084331
v 0.158456 0.101235 0.081675
v -0.207695 0.316098 0.084331
v -0.158456 0.101235 0.081675
v 0.475602 0.013023 0.088576
v 0.554589 -0.068339 0.092836
v 0.470079 0.146158 0.089678
v 0.549749 0.064093 0.093975
v 0.475602 -0.413023 0.088576
v 0.554589 -0.331661 0.092836
v 0.470079 -0.546158 0.089678
v 0.549749 -0.464093 0.093975
v 0.426784 -0.200000 0.085942
v 0.421397 -0.495998 0.087052
v 0.372157 -0.281136 0.084396
v 0.421397 0.095998 0.087052
v 0.372157 -0.118864 0.084396
v 0.579838 -0.067202 0.095598
v 0.579838 -0.332798 0.095598
v 0.475602 0.013023 0.111424
v 0.554589 -0.068339 0.107164
v 0.470079 0.146158 0.110322
v 0.549749 0.064093 0.106025
v 0.475602 -0.413023 0.111424
v 0.554589 -0.331661 0.107164
v 0.470079 -0.546158 0.110322
v 0.549749 -0.464093 0.106025
v 0.426784 -0.200000 0.114058
v 0.421397 -0.495998 0.112948
v 0.372157 -0.281136 0.115604
v 0.421397 0.095998 0.112948
v 0.372157 -0.118864 0.115604
v 0.579838 -0.067202 0.104402
v 0.579838 -0.332798 0.104402
v -0.475602 0.013023 0.088576
v -0.554589 -0.068339 0.092836
v -0.470079 0.146158 0.089678
v -0.549749 0.064093 0.093975
v -0.475602 -0.413023 0.088576
v -0.554589 -0.331661 0.092836
v -0.470079 -0.546158 0.089678
v -0.549749 -0.464093 0.093975
v -0.426784 -0.200000 0.085942
v -0.421397 -0.495998 0.087052
v -0.372157 -0.281136 0.084396
v -0.421397 0.095998 0.087052
v -0.372157 -0.118864 0.084396
v -0.579838 -0.067202 0.095598
v -0.579838 -0.332798 0.095598
v -0.475602 0.013023 0.111424
v -0.554589 -0.068339 0.107164
v -0.470079 0.146158 0.110322
v -0.549749 0.064093 0.106025
v -0.475602 -0.413023 0.111424
v -0.554589 -0.331661 0.107164
v -0.470079 -0.546158 0.110322
v -0.549749 -0.464093 0.106025
v -0.426784 -0.200000 0.114058
v -0.421397 -0.495998 0.112948
v -0.372157 -0.281136 0.115604
v -0.421397 0.095998 0.112948
v -0.372157 -0.118864 0.115604
v -0.579838 -0.067202 0.104402
v -0.579838 -0.332798 0.104402
v 0.000000 0.763858 0.105328
v -0.049390 0.712977 0.107992
v 0.000000 0.763858 0.094672
v -0.049390 0.712977 0.092008
v 0.049390 0.712977 0.107992
v 0.049390 0.712977 0.092008
v -0.308022 0.446578 0.111285
v -0.387947 0.364260 0.110267
v -0.338556 0.313369 0.112932
v -0.308022 0.446578 0.088715
v -0.387947 0.364260 0.089733
v -0.338556 0.313369 0.087068
v -0.547786 0.199621 0.098354
v -0.547786 0.199621 0.101646
v -0.578315 0.066415 0.100000
v 0.308022 0.446578 0.111285
v 0.387947 0.364260 0.110267
v 0.338556 0.313369 0.112932
v 0.308022 0.446578 0.088715
v 0.387947 0.364260 0.089733
v 0.338556 0.313369 0.087068
v 0.547786 0.199621 0.098354
v 0.547786 0.199621 0.101646
v 0.578315 0.066415 0.100000
v 0.000000 -1.163858 0.105328
v -0.049390 -1.112977 0.107992
v 0.000000 -1.163858 0.094672
v -0.049390 -1.112977 0.092008
v 0.049390 -1.112977 0.107992
v 0.049390 -1.112977 0.092008
v -0.308022 -0.846578 0.111285
v -0.387947 -0.764260 0.110267
v -0.338556 -0.713369 0.112932
v -0.308022 -0.846578 0.088715
v -0.387947 -0.764260 0.089733
v -0.338556 -0.713369 0.087068
v -0.547786 -0.599621 0.098354
v -0.547786 -0.599621 0.101646
v -0.578315 -0.466415 0.100000
v 0.308022 -0.846578 0.111285
v 0.387947 -0.764260 0.110267
v 0.338556 -0.713369 0.112932
v 0.308022 -0.846578 0.088715
v 0.387947 -0.764260 0.089733
v 0.338556 -0.713369 0.087068
v 0.547786 -0.599621 0.098354
v 0.547786 -0.599621 0.101646
v 0.578315 -0.466415 0.100000
v 0.159849 -0.200000 0.119277
v 0.239773 -0.282317 0.118260
v -0.159849 -0.200000 0.119277
v -0.239773 -0.282317 0.118260
v 0.239773 -0.117683 0.118260
v -0.239773 -0.117683 0.118260
v 0.159849 -0.200000 0.080723
v 0.239773 -0.282317 0.081740
v -0.159849 -0.200000 0.080723
v -0.239773 -0.282317 0.081740
v 0.239773 -0.117683 0.081740
v -0.239773 -0.117683 0.081740
v -0.315412 0.650678 -0.100000
v 0.315412 0.650678 -0.100000
v -0.315412 -1.050678 -0.100000
v 0.315412 -1.050678 -0.100000
v 0.000000 -0.725687 -0.082986
v 0.000000 0.325687 -0.082986
v 0.000000 -0.725687 -0.117014
v 0.000000 0.325687 -0.117014
v 0.510407 -0.200000 -0.110514
v 0.510407 -0.200000 -0.089486
v -0.510407 -0.200000 -0.110514
v -0.510407 -0.200000 -0.089486
v 0.000000 0.800000 -0.100000
v -0.185396 0.609014 -0.090000
v -0.185396 0.609014 -0.110000
v -0.485408 0.300020 -0.106180
v -0.485408 0.300020 -0.093820
v 0.185396 0.609014 -0.090000
v 0.185396 0.609014 -0.110000
v 0.485408 0.300020 -0.106180
v 0.485408 0.300020 -0.093820
v 0.000000 -1.200000 -0.100000
v -0.185396 -1.009014 -0.090000
v -0.185396 -1.009014 -0.110000
v -0.485408 -0.700020 -0.106180
v -0.485408 -0.700020 -0.093820
v 0.185396 -1.009014 -0.090000
v 0.185396 -1.009014 -0.110000
v 0.485408 -0.700020 -0.106180
v 0.485408 -0.700020 -0.093820
v 0.000000 -0.200000 -0.080000
v 0.300012 -0.508993 -0.083820
v -0.300012 -0.508993 -0.083820
v 0.300012 0.108993 -0.083820
v -0.300012 0.108993 -0.083820
v 0.000000 -0.200000 -0.120000
v 0.300012 -0.508993 -0.116180
v -0.300012 -0.508993 -0.116180
v 0.300012 0.108993 -0.116180
v -0.300012 0.108993 -0.116180
v 0.600000 -0.200000 -0.100000
v -0.600000 -0.200000 -0.100000
v -0.163945 0.761946 -0.100000
v -0.260312 0.662683 -0.094802
v -0.260312 0.662683 -0.105198
v -0.416254 0.502073 -0.103212
v -0.416254 0.502073 -0.096788
v 0.163945 0.761946 -0.100000
v 0.260312 0.662683 -0.094802
v 0.260312 0.662683 -0.105198
v 0.416254 0.502073 -0.103212
v 0.416254 0.502073 -0.096788
v -0.163945 -1.161946 -0.100000
v -0.260312 -1.062683 -0.094802
v -0.260312 -1.062683 -0.105198
v -0.416254 -0.902073 -0.103212
v -0.416254 -0.902073 -0.096788
v 0.163945 -1.161946 -0.100000
v 0.260312 -1.062683 -0.094802
v 0.260312 -1.062683 -0.105198
v 0.416254 -0.902073 -0.103212
v 0.416254 -0.902073 -0.096788
v -0.096366 -0.893757 -0.085959
v 0.096366 -0.893757 -0.085959
v 0.000000 -0.473241 -0.080761
v 0.155942 -0.633854 -0.082746
v -0.155942 -0.633854 -0.082746
v -0.096366 0.493757 -0.085959
v 0.096366 0.493757 -0.085959
v 0.000000 0.073241 -0.080761
v 0.155942 0.233854 -0.082746
v -0.155942 0.233854 -0.082746
v -0.096366 -0.893757 -0.114041
v 0.096366 -0.893757 -0.114041
v 0.000000 -0.473241 -0.119239
v 0.155942 -0.633854 -0.117254
v -0.155942 -0.633854 -0.117254
v -0.096366 0.493757 -0.114041
v 0.096366 0.493757 -0.114041
v 0.000000 0.073241 -0.119239
v 0.155942 0.233854 -0.117254
v -0.155942 0.233854 -0.117254
v 0.517610 0.059903 -0.108677
v 0.517610 -0.459903 -0.108677
v 0.421244 -0.360610 -0.113875
v 0.421244 -0.039390 -0.113875
v 0.577167 -0.200000 -0.105465
v 0.517610 0.059903 -0.091323
v 0.517610 -0.459903 -0.091323
v 0.421244 -0.360610 -0.086125
v 0.421244 -0.039390 -0.086125
v 0.577167 -0.200000 -0.094535
v -0.517610 0.059903 -0.108677
v -0.517610 -0.459903 -0.108677
v -0.421244 -0.360610 -0.113875
v -0.421244 -0.039390 -0.113875
v -0.577167 -0.200000 -0.105465
v -0.517610 0.059903 -0.091323
v -0.517610 -0.459903 -0.091323
v -0.421244 -0.360610 -0.086125
v -0.421244 -0.039390 -0.086125
v -0.577167 -0.200000 -0.094535
v -0.097469 0.751056 -0.094742
v -0.097469 0.751056 -0.105258
v 0.097469 0.751056 -0.094742
v 0.097469 0.751056 -0.105258
v -0.352664 0.488202 -0.091494
v 0.000000 0.650640 -0.089485
v -0.255195 0.387773 -0.086236
v -0.352664 0.488202 -0.108507
v 0.000000 0.650640 -0.110515
v -0.255195 0.387773 -0.113764
v -0.510384 0.325748 -0.100000
v -0.412921 0.225325 -0.111755
v -0.570633 0.062876 -0.103249
v -0.412921 0.225325 -0.088245
v -0.570633 0.062876 -0.096751
v 0.352664 0.488202 -0.091494
v 0.255195 0.387773 -0.086236
v 0.352664 0.488202 -0.108507
v 0.255195 0.387773 -0.113764
v 0.510384 0.325748 -0.100000
v 0.412921 0.225325 -0.111755
v 0.570633 0.062876 -0.103249
v 0.412921 0.225325 -0.088245
v 0.570633 0.062876 -0.096751
v -0.097469 -1.151056 -0.094742
v -0.097469 -1.151056 -0.105258
v 0.097469 -1.151056 -0.094742
v 0.097469 -1.151056 -0.105258
v -0.352664 -0.888202 -0.091494
v 0.000000 -1.050640 -0.089485
v -0.255195 -0.787773 -0.086236
v -0.352664 -0.888202 -0.108507
v 0.000000 -1.050640 -0.110515
v -0.255195 -0.787773 -0.113764
v -0.510384 -0.725748 -0.100000
v -0.412921 -0.625325 -0.111755
v -0.570633 -0.462876 -0.103249
v -0.412921 -0.625325 -0.088245
v -0.570633 -0.462876 -0.096751
v 0.352664 -0.888202 -0.091494
v 0.255195 -0.787773 -0.086236
v 0.352664 -0.888202 -0.108507
v 0.255195 -0.787773 -0.113764
v 0.510384 -0.725748 -0.100000
v 0.412921 -0.625325 -0.111755
v 0.570633 -0.462876 -0.103249
v 0.412921 -0.625325 -0.088245
v 0.570633 -0.462876 -0.096751
v 0.157726 -0.362448 -0.080979
v -0.157726 -0.362448 -0.080979
v 0.157726 -0.037552 -0.080979
v -0.157726 -0.037552 -0.080979
v 0.315449 -0.200000 -0.082987
v -0.315449 -0.200000 -0.082987
v 0.157726 -0.362448 -0.119021
v -0.157726 -0.362448 -0.119021
v 0.157726 -0.037552 -0.119021
v -0.157726 -0.037552 -0.119021
v 0.315449 -0.200000 -0.117013
v -0.315449 -0.200000 -0.117013
v -0.241992 0.715059 -0.100000
v -0.290641 0.664951 -0.097376
v -0.290641 0.664951 -0.102624
v -0.369365 0.583870 -0.101622
v -0.369365 0.583870 -0.098378
v 0.241992 0.715059 -0.100000
v 0.290641 0.664951 -0.097376
v 0.290641 0.664951 -0.102624
v 0.369365 0.583870 -0.101622
v 0.369365 0.583870 -0.098378
v -0.241992 -1.115059 -0.100000
v -0.290641 -1.064951 -0.097376
v -0.290641 -1.064951 -0.102624
v -0.369365 -0.983870 -0.101622
v -0.369365 -0.983870 -0.098378
v 0.241992 -1.115059 -0.100000
v 0.290641 -1.064951 -0.097376
v 0.290641 -1.064951 -0.102624
v 0.369365 -0.983870 -0.101622
v 0.369365 -0.983870 -0.098378
v -0.048648 -0.815608 -0.084323
v 0.048648 -0.815608 -0.084323
v 0.000000 -0.603319 -0.081699
v 0.078724 -0.684402 -0.082701
v -0.078724 -0.684402 -0.082701
v -0.048648 0.415608 -0.084323
v 0.048648 0.415608 -0.084323
v 0.000000 0.203319 -0.081699
v 0.078724 0.284402 -0.082701
v -0.078724 0.284402 -0.082701
v -0.048648 -0.815608 -0.115677
v 0.048648 -0.815608 -0.115677
v 0.000000 -0.603319 -0.118301
v 0.078724 -0.684402 -0.117299
v -0.078724 -0.684402 -0.117299
v -0.048648 0.415608 -0.115677
v 0.048648 0.415608 -0.115677
v 0.000000 0.203319 -0.118301
v 0.078724 0.284402 -0.117299
v -0.078724 0.284402 -0.117299
v 0.518970 -0.068794 -0.109688
v 0.518970 -0.331206 -0.109688
v 0.470322 -0.281080 -0.112312
v 0.470322 -0.118920 -0.112312
v 0.549036 -0.200000 -0.108066
v 0.518970 -0.068794 -0.090312
v 0.518970 -0.331206 -0.090312
v 0.470322 -0.281080 -0.087688
v 0.470322 -0.118920 -0.087688
v 0.549036 -0.200000 -0.091934
v -0.518970 -0.068794 -0.109688
v -0.518970 -0.331206 -0.109688
v -0.470322 -0.281080 -0.112312
v -0.470322 -0.118920 -0.112312
v -0.549036 -0.200000 -0.108066
v -0.518970 -0.068794 -0.090312
v -0.518970 -0.331206 -0.090312
v -0.470322 -0.281080 -0.087688
v -0.470322 -0.118920 -0.087688
v -0.549036 -0.200000 -0.091934
v -0.082764 0.790441 -0.100000
v 0.082764 0.790441 -0.100000
v -0.049342 0.787688 -0.097338
v -0.049342 0.787688 -0.102662
v 0.049342 0.787688 -0.097338
v 0.049342 0.787688 -0.102662
v -0.225006 0.643917 -0.092327
v -0.142241 0.558639 -0.087863
v -0.143195 0.691005 -0.092276
v -0.272384 0.557940 -0.090631
v -0.093853 0.640169 -0.089614
v -0.223042 0.507099 -0.087970
v -0.225006 0.643917 -0.107673
v -0.142241 0.558639 -0.112137
v -0.143195 0.691005 -0.107724
v -0.272384 0.557940 -0.109369
v -0.093853 0.640169 -0.110386
v -0.223042 0.507099 -0.112030
v -0.455183 0.406849 -0.104741
v -0.506350 0.183630 -0.107500
v -0.424260 0.401517 -0.107435
v -0.504102 0.319276 -0.103128
v -0.454764 0.268440 -0.109079
v -0.534603 0.186203 -0.104773
v -0.455183 0.406849 -0.095259
v -0.506350 0.183630 -0.092500
v -0.424260 0.401517 -0.092565
v -0.504102 0.319276 -0.096872
v -0.454764 0.268440 -0.090921
v -0.534603 0.186203 -0.095227
v 0.225006 0.643917 -0.092327
v 0.142241 0.558639 -0.087863
v 0.143195 0.691005 -0.092276
v 0.093853 0.640169 -0.089614
v 0.272384 0.557940 -0.090631
v 0.223042 0.507099 -0.087970
v 0.225006 0.643917 -0.107673
v 0.142241 0.558639 -0.112137
v 0.143195 0.691005 -0.107724
v 0.093853 0.640169 -0.110386
v 0.272384 0.557940 -0.109369
v 0.223042 0.507099 -0.112030
v 0.455183 0.406849 -0.104741
v 0.506350 0.183630 -0.107500
v 0.424260 0.401517 -0.107435
v 0.504102 0.319276 -0.103128
v 0.454764 0.268440 -0.109079
v 0.534603 0.186203 -0.104773
v 0.455183 0.406849 -0.095259
v 0.506350 0.183630 -0.092500
v 0.424260 0.401517 -0.092565
v 0.504102 0.319276 -0.096872
v 0.454764 0.268440 -0.090921
v 0.534603 0.186203 -0.095227
v -0.082764 -1.190441 -0.100000
v 0.082764 -1.190441 -0.100000
v -0.049342 -1.187688 -0.097338
v -0.049342 -1.187688 -0.102662
v 0.049342 -1.187688 -0.097338
v 0.049342 -1.187688 -0.102662
v -0.225006 -1.043917 -0.092327
v -0.142241 -0.958639 -0.087863
v -0.143195 -1.091005 -0.092276
v -0.272384 -0.957940 -0.090631
v -0.093853 -1.040169 -0.089614
v -0.223042 -0.907099 -0.087970
v -0.225006 -1.043917 -0.107673
v -0.142241 -0.958639 -0.112137
v -0.143195 -1.091005 -0.107724
v -0.272384 -0.957940 -0.109369
v -0.093853 -1.040169 -0.110386
v -0.223042 -0.907099 -0.112030
v -0.455183 -0.806849 -0.104741
v -0.506350 -0.583630 -0.107500
v -0.424260 -0.801517 -0.107435
v -0.504102 -0.719276 -0.103128
v -0.454764 -0.668440 -0.109079
v -0.534603 -0.586203 -0.104773
v -0.455183 -0.806849 -0.095259
v -0.506350 -0.583630 -0.092500
v -0.424260 -0.801517 -0.092565
v -0.504102 -0.719276 -0.096872
v -0.454764 -0.668440 -0.090921
v -0.534603 -0.586203 -0.095227
v 0.225006 -1.043917 -0.092327
v 0.142241 -0.958639 -0.087863
v 0.143195 -1.091005 -0.092276
v 0.093853 -1.040169 -0.089614
v 0.272384 -0.957940 -0.090631
v 0.223042 -0.907099 -0.087970
v 0.225006 -1.043917 -0.107673
v 0.142241 -0.958639 -0.112137
v 0.143195 -1.091005 -0.107724
v 0.093853 -1.040169 -0.110386
v 0.272384 -0.957940 -0.109369
v 0.223042 -0.907099 -0.112030
v 0.455183 -0.806849 -0.104741
v 0.506350 -0.583630 -0.107500
v 0.424260 -0.801517 -0.107435
v 0.504102 -0.719276 -0.103128
v 0.454764 -0.668440 -0.109079
v 0.534603 -0.586203 -0.104773
v 0.455183 -0.806849 -0.095259
v 0.506350 -0.583630 -0.092500
v 0.424260 -0.801517 -0.092565
v 0.504102 -0.719276 -0.096872
v 0.454764 -0.668440 -0.090921
v 0.534603 -0.586203 -0.095227
v 0.000000 -0.337939 -0.080191
v 0.000000 -0.062061 -0.080191
v 0.079846 -0.282236 -0.080246
v -0.079846 -0.282236 -0.080246
v 0.079846 -0.117764 -0.080246
v -0.079846 -0.117764 -0.080246
v 0.230178 -0.575009 -0.083122
v 0.364109 -0.437068 -0.084827
v 0.281064 -0.653973 -0.084841
v 0.360910 -0.571736 -0.085858
v 0.231722 -0.438659 -0.082180
v 0.311566 -0.356422 -0.083197
v -0.230178 -0.575009 -0.083122
v -0.364109 -0.437068 -0.084827
v -0.281064 -0.653973 -0.084841
v -0.360910 -0.571736 -0.085858
v -0.231722 -0.438659 -0.082180
v -0.311566 -0.356422 -0.083197
v 0.230178 0.175009 -0.083122
v 0.364109 0.037068 -0.084827
v 0.281064 0.253973 -0.084841
v 0.360910 0.171736 -0.085858
v 0.231722 0.038659 -0.082180
v 0.311566 -0.043578 -0.083197
v -0.230178 0.175009 -0.083122
v -0.364109 0.037068 -0.084827
v -0.281064 0.253973 -0.084841
v -0.360910 0.171736 -0.085858
v -0.231722 0.038659 -0.082180
v -0.311566 -0.043578 -0.083197
v 0.000000 -0.337939 -0.119809
v 0.000000 -0.062061 -0.119809
v 0.079846 -0.282236 -0.119754
v -0.079846 -0.282236 -0.119754
v 0.079846 -0.117764 -0.119754
v -0.079846 -0.117764 -0.119754
v 0.230178 -0.575009 -0.116878
v 0.364109 -0.437068 -0.115173
v 0.281064 -0.653973 -0.115159
v 0.360910 -0.571736 -0.114142
v 0.231722 -0.438659 -0.117820
v 0.311566 -0.356422 -0.116803
v -0.230178 -0.575009 -0.116878
v -0.364109 -0.437068 -0.115173
v -0.281064 -0.653973 -0.115159
v -0.360910 -0.571736 -0.114142
v -0.231722 -0.438659 -0.117820
v -0.311566 -0.356422 -0.116803
v 0.230178 0.175009 -0.116878
v 0.364109 0.037068 -0.115173
v 0.281064 0.253973 -0.115159
v 0.360910 0.171736 -0.114142
v 0.231722 0.038659 -0.117820
v 0.311566 -0.043578 -0.116803
v -0.230178 0.175009 -0.116878
v -0.364109 0.037068 -0.115173
v -0.281064 0.253973 -0.115159
v -0.360910 0.171736 -0.114142
v -0.231722 0.038659 -0.117820
v -0.311566 -0.043578 -0.116803
v 0.594264 -0.200000 -0.102759
v 0.594264 -0.200000 -0.097241
v 0.592613 -0.066923 -0.101645
v 0.592613 -0.066923 -0.098355
v 0.592613 -0.333077 -0.101645
v 0.592613 -0.333077 -0.098355
v -0.594264 -0.200000 -0.102759
v -0.594264 -0.200000 -0.097241
v -0.592613 -0.066923 -0.101645
v -0.592613 -0.066923 -0.098355
v -0.592613 -0.333077 -0.101645
v -0.592613 -0.333077 -0.098355
v -0.214919 0.724316 -0.097367
v -0.214919 0.724316 -0.102633
v -0.132059 0.766396 -0.097344
v -0.132059 0.766396 -0.102656
v -0.342734 0.592670 -0.095740
v -0.180741 0.716249 -0.094718
v -0.309659 0.583465 -0.093077
v -0.342734 0.592670 -0.104260
v -0.180741 0.716249 -0.105282
v -0.309659 0.583465 -0.106923
v -0.421729 0.511307 -0.100000
v -0.388436 0.502329 -0.105920
v -0.468112 0.420262 -0.101623
v -0.388436 0.502329 -0.094080
v -0.468112 0.420262 -0.098377
v 0.214919 0.724316 -0.097367
v 0.214919 0.724316 -0.102633
v 0.132059 0.766396 -0.097344
v 0.132059 0.766396 -0.102656
v 0.342734 0.592670 -0.095740
v 0.180741 0.716249 -0.094718
v 0.309659 0.583465 -0.093077
v 0.342734 0.592670 -0.104260
v 0.180741 0.716249 -0.105282
v 0.309659 0.583465 -0.106923
v 0.421729 0.511307 -0.100000
v 0.388436 0.502329 -0.105920
v 0.468112 0.420262 -0.101623
v 0.388436 0.502329 -0.094080
v 0.468112 0.420262 -0.098377
v -0.214919 -1.124316 -0.097367
v -0.214919 -1.124316 -0.102633
v -0.132059 -1.166396 -0.097344
v -0.132059 -1.166396 -0.102656
v -0.342734 -0.992670 -0.095740
v -0.180741 -1.116249 -0.094718
v -0.309659 -0.983465 -0.093077
v -0.342734 -0.992670 -0.104260
v -0.180741 -1.116249 -0.105282
v -0.309659 -0.983465 -0.106923
v -0.421729 -0.911307 -0.100000
v -0.388436 -0.902329 -0.105920
v -0.468112 -0.820262 -0.101623
v -0.388436 -0.902329 -0.094080
v -0.468112 -0.820262 -0.098377
v 0.214919 -1.124316 -0.097367
v 0.214919 -1.124316 -0.102633
v 0.132059 -1.166396 -0.097344
v 0.132059 -1.166396 -0.102656
v 0.342734 -0.992670 -0.095740
v 0.180741 -1.116249 -0.094718
v 0.309659 -0.983465 -0.093077
v 0.342734 -0.992670 -0.104260
v 0.180741 -1.116249 -0.105282
v 0.309659 -0.983465 -0.106923
v 0.421729 -0.911307 -0.100000
v 0.388436 -0.902329 -0.105920
v 0.468112 -0.820262 -0.101623
v 0.388436 -0.902329 -0.094080
v 0.468112 -0.820262 -0.098377
v 0.000000 -0.902882 -0.085774
v -0.127814 -0.771223 -0.084147
v -0.048681 -0.980187 -0.087595
v -0.177599 -0.847394 -0.085953
v 0.127814 -0.771223 -0.084147
v 0.048681 -0.980187 -0.087595
v 0.177599 -0.847394 -0.085953
v 0.078997 -0.558199 -0.081514
v -0.078997 -0.558199 -0.081514
v 0.079679 -0.420098 -0.080672
v -0.079679 -0.420098 -0.080672
v 0.207695 -0.716098 -0.084331
v 0.158456 -0.501235 -0.081675
v -0.207695 -0.716098 -0.084331
v -0.158456 -0.501235 -0.081675
v 0.000000 0.502882 -0.085774
v -0.127814 0.371223 -0.084147
v -0.048681 0.580187 -0.087595
v -0.177599 0.447394 -0.085953
v 0.127814 0.371223 -0.084147
v 0.048681 0.580187 -0.087595
v 0.177599 0.447394 -0.085953
v 0.078997 0.158199 -0.081514
v -0.078997 0.158199 -0.081514
v 0.079679 0.020098 -0.080672
v -0.079679 0.020098 -0.080672
v 0.207695 0.316098 -0.084331
v 0.158456 0.101235 -0.081675
v -0.207695 0.316098 -0.084331
v -0.158456 0.101235 -0.081675
v 0.000000 -0.902882 -0.114226
v -0.127814 -0.771223 -0.115853
v -0.048681 -0.980187 -0.112405
v -0.177599 -0.847394 -0.114047
v 0.127814 -0.771223 -0.115853
v 0.048681 -0.980187 -0.112405
v 0.177599 -0.847394 -0.114047
v 0.078997 -0.558199 -0.118486
v -0.078997 -0.558199 -0.118486
v 0.079679 -0.420098 -0.119328
v -0.079679 -0.420098 -0.119328
v 0.207695 -0.716098 -0.115669
v 0.158456 -0.501235 -0.118325
v -0.207695 -0.716098 -0.115669
v -0.158456 -0.501235 -0.118325
v 0.000000 0.502882 -0.114226
v -0.127814 0.371223 -0.115853
v -0.048681 0.580187 -0.112405
v -0.177599 0.447394 -0.114047
v 0.127814 0.371223 -0.115853
v 0.048681 0.580187 -0.112405
v 0.177599 0.447394 -0.114047
v 0.078997 0.158199 -0.118486
v -0.078997 0.158199 -0.118486
v 0.079679 0.020098 -0.119328
v -0.079679 0.020098 -0.119328
v 0.207695 0.316098 -0.115669
v 0.158456 0.101235 -0.118325
v -0.207695 0.316098 -0.115669
v -0.158456 0.101235 -0.118325
v 0.475602 0.013023 -0.111424
v 0.554589 -0.068339 -0.107164
v 0.470079 0.146158 -0.110322
v 0.549749 0.064093 -0.106025
v 0.475602 -0.413023 -0.111424
v 0.554589 -0.331661 -0.107164
v 0.470079 -0.546158 -0.110322
v 0.549749 -0.464093 -0.106025
v 0.426784 -0.200000 -0.114058
v 0.421397 -0.495998 -0.112948
v 0.372157 -0.281136 -0.115604
v 0.421397 0.095998 -0.112948
v 0.372157 -0.118864 -0.115604
v 0.579838 -0.067202 -0.104402
v 0.579838 -0.332798 -0.104402
v 0.475602 0.013023 -0.088576
v 0.554589 -0.068339 -0.092836
v 0.470079 0.146158 -0.089678
v 0.549749 0.064093 -0.093975
v 0.475602 -0.413023 -0.088576
v 0.554589 -0.331661 -0.092836
v 0.470079 -0.546158 -0.089678
v 0.549749 -0.464093 -0.093975
v 0.426784 -0.200000 -0.085942
v 0.421397 -0.495998 -0.087052
v 0.372157 -0.281136 -0.084396
v 0.421397 0.095998 -0.087052
v 0.372157 -0.118864 -0.084396
v 0.579838 -0.067202 -0.095598
v 0.579838 -0.332798 -0.095598
v -0.475602 0.013023 -0.111424
v -0.554589 -0.068339 -0.107164
v -0.470079 0.146158 -0.110322
v -0.549749 0.064093 -0.106025
v -0.475602 -0.413023 -0.111424
v -0.554589 -0.331661 -0.107164
v -0.470079 -0.546158 -0.110322
v -0.549749 -0.464093 -0.106025
v -0.426784 -0.200000 -0.114058
v -0.421397 -0.495998 -0.112948
v -0.372157 -0.281136 -0.115604
v -0.421397 0.095998 -0.112948
v -0.372157 -0.118864 -0.115604
v -0.579838 -0.067202 -0.104402
v -0.579838 -0.332798 -0.104402
v -0.475602 0.013023 -0.088576
v -0.554589 -0.068339 -0.092836
v -0.470079 0.146158 -0.089678
v -0.549749 0.064093 -0.093975
v -0.475602 -0.413023 -0.088576
v -0.554589 -0.331661 -0.092836
v -0.470079 -0.546158 -0.089678
v -0.549749 -0.464093 -0.093975
v -0.426784 -0.200000 -0.085942
v -0.421397 -0.495998 -0.087052
v -0.372157 -0.281136 -0.084396
v -0.421397 0.095998 -0.087052
v -0.372157 -0.118864 -0.084396
v -0.579838 -0.067202 -0.095598
v -0.579838 -0.332798 -0.095598
v 0.000000 0.763858 -0.094672
v -0.049390 0.712977 -0.092008
v 0.000000 0.763858 -0.105328
v -0.049390 0.712977 -0.107992
v 0.049390 0.712977 -0.092008
v 0.049390 0.712977 -0.107992
v -0.308022 0.446578 -0.088715
v -0.387947 0.364260 -0.089733
v -0.338556 0.313369 -0.087068
v -0.308022 0.446578 -0.111285
v -0.387947 0.364260 -0.110267
v -0.338556 0.313369 -0.112932
v -0.547786 0.199621 -0.101646
v -0.547786 0.199621 -0.098354
v -0.578315 0.066415 -0.100000
v 0.308022 0.446578 -0.088715
v 0.387947 0.364260 -0.089733
v 0.338556 0.313369 -0.087068
v 0.308022 0.446578 -0.111285
v 0.387947 0.364260 -0.110267
v 0.338556 0.313369 -0.112932
v 0.547786 0.199621 -0.101646
v 0.547786 0.199621 -0.098354
v 0.578315 0.066415 -0.100000
v 0.000000 -1.163858 -0.094672
v -0.049390 -1.112977 -0.092008
v 0.000000 -1.163858 -0.105328
v -0.049390 -1.112977 -0.107992
v 0.049390 -1.112977 -0.092008
v 0.049390 -1.112977 -0.107992
v -0.308022 -0.846578 -0.088715
v -0.387947 -0.764260 -0.089733
v -0.338556 -0.713369 -0.087068
v -0.308022 -0.846578 -0.111285
v -0.387947 -0.764260 -0.110267
v -0.338556 -0.713369 -0.112932
v -0.547786 -0.599621 -0.101646
v -0.547786 -0.599621 -0.098354
v -0.578315 -0.466415 -0.100000
v 0.308022 -0.846578 -0.088715
v 0.387947 -0.764260 -0.089733
v 0.338556 -0.713369 -0.087068
v 0.308022 -0.846578 -0.111285
v 0.387947 -0.764260 -0.110267
v 0.338556 -0.713369 -0.112932
v 0.547786 -0.599621 -0.101646
v 0.547786 -0.599621 -0.098354
v 0.578315 -0.466415 -0.100000
v 0.159849 -0.200000 -0.080723
v 0.239773 -0.282317 -0.081740
v -0.159849 -0.200000 -0.080723
v -0.239773 -0.282317 -0.081740
v 0.239773 -0.117683 -0.081740
v -0.239773 -0.117683 -0.081740
v 0.159849 -0.200000 -0.119277
v 0.239773 -0.282317 -0.118260
v -0.159849 -0.200000 -0.119277
v -0.239773 -0.282317 -0.118260
v 0.239773 -0.117683 -0.118260
v -0.239773 -0.117683 -0.118260
v -0.289128 0.775339 0.110000
v 0.289128 0.775339 0.110000
v -0.289128 -0.075339 0.110000
v 0.289128 -0.075339 0.110000
v 0.000000 0.087157 0.135520
v 0.000000 0.612843 0.135520
v 0.000000 0.087157 0.084480
v 0.000000 0.612843 0.084480
v 0.467873 0.350000 0.094229
v 0.467873 0.350000 0.125771
v -0.467873 0.350000 0.094229
v -0.467873 0.350000 0.125771
v 0.000000 0.850000 0.110000
v -0.169946 0.754507 0.125001
v -0.169946 0.754507 0.094999
v -0.444957 0.600010 0.100730
v -0.444957 0.600010 0.119270
v 0.169946 0.754507 0.125001
v 0.169946 0.754507 0.094999
v 0.444957 0.600010 0.100730
v 0.444957 0.600010 0.119270
v 0.000000 -0.150000 0.110000
v -0.169946 -0.054507 0.125001
v -0.169946 -0.054507 0.094999
v -0.444957 0.099990 0.100730
v -0.444957 0.099990 0.119270
v 0.169946 -0.054507 0.125001
v 0.169946 -0.054507 0.094999
v 0.444957 0.099990 0.100730
v 0.444957 0.099990 0.119270
v 0.000000 0.350000 0.140000
v 0.275011 0.195503 0.134270
v -0.275011 0.195503 0.134270
v 0.275011 0.504497 0.134270
v -0.275011 0.504497 0.134270
v 0.000000 0.350000 0.080000
v 0.275011 0.195503 0.085730
v -0.275011 0.195503 0.085730
v 0.275011 0.504497 0.085730
v -0.275011 0.504497 0.085730
v 0.550000 0.350000 0.110000
v -0.550000 0.350000 0.110000
v -0.150283 0.830973 0.110000
v -0.238620 0.781341 0.117797
v -0.238620 0.781341 0.102203
v -0.381566 0.701036 0.105182
v -0.381566 0.701036 0.114818
v 0.150283 0.830973 0.110000
v 0.238620 0.781341 0.117797
v 0.238620 0.781341 0.102203
v 0.381566 0.701036 0.105182
v 0.381566 0.701036 0.114818
v -0.150283 -0.130973 0.110000
v -0.238620 -0.081341 0.117797
v -0.238620 -0.081341 0.102203
v -0.381566 -0.001036 0.105182
v -0.381566 -0.001036 0.114818
v 0.150283 -0.130973 0.110000
v 0.238620 -0.081341 0.117797
v 0.238620 -0.081341 0.102203
v 0.381566 -0.001036 0.105182
v 0.381566 -0.001036 0.114818
v -0.088336 0.003122 0.131062
v 0.088336 0.003122 0.131062
v 0.000000 0.213379 0.138858
v 0.142947 0.133073 0.135880
v -0.142947 0.133073 0.135880
v -0.088336 0.696878 0.131062
v 0.088336 0.696878 0.131062
v 0.000000 0.486621 0.138858
v 0.142947 0.566927 0.135880
v -0.142947 0.566927 0.135880
v -0.088336 0.003122 0.088938
v 0.088336 0.003122 0.088938
v 0.000000 0.213379 0.081142
v 0.142947 0.133073 0.084120
v -0.142947 0.133073 0.084120
v -0.088336 0.696878 0.088938
v 0.088336 0.696878 0.088938
v 0.000000 0.486621 0.081142
v 0.142947 0.566927 0.084120
v -0.142947 0.566927 0.084120
v 0.474475 0.479951 0.096984
v 0.474475 0.220049 0.096984
v 0.386140 0.269695 0.089187
v 0.386140 0.430305 0.089187
v 0.529070 0.350000 0.101803
v 0.474475 0.479951 0.123016
v 0.474475 0.220049 0.123016
v 0.386140 0.269695 0.130813
v 0.386140 0.430305 0.130813
v 0.529070 0.350000 0.118197
v -0.474475 0.479951 0.096984
v -0.474475 0.220049 0.096984
v -0.386140 0.269695 0.089187
v -0.386140 0.430305 0.089187
v -0.529070 0.350000 0.101803
v -0.474475 0.479951 0.123016
v -0.474475 0.220049 0.123016
v -0.386140 0.269695 0.130813
v -0.386140 0.430305 0.130813
v -0.529070 0.350000 0.118197
v -0.089346 0.825528 0.117886
v -0.089346 0.825528 0.102114
v 0.089346 0.825528 0.117886
v 0.089346 0.825528 0.102114
v -0.323275 0.694101 0.122760
v 0.000000 0.775320 0.125772
v -0.233929 0.643886 0.130646
v -0.323275 0.694101 0.097240
v 0.000000 0.775320 0.094228
v -0.233929 0.643886 0.089354
v -0.467852 0.612874 0.110000
v -0.378511 0.562662 0.092367
v -0.523081 0.481438 0.105127
v -0.378511 0.562662 0.127633
v -0.523081 0.481438 0.114873
v 0.323275 0.694101 0.122760
v 0.233929 0.643886 0.130646
v 0.323275 0.694101 0.097240
v 0.233929 0.643886 0.089354
v 0.467852 0.612874 0.110000
v 0.378511 0.562662 0.092367
v 0.523081 0.481438 0.105127
v 0.378511 0.562662 0.127633
v 0.523081 0.481438 0.114873
v -0.089346 -0.125528 0.117886
v -0.089346 -0.125528 0.102114
v 0.089346 -0.125528 0.117886
v 0.089346 -0.125528 0.102114
v -0.323275 0.005899 0.122760
v 0.000000 -0.075320 0.125772
v -0.233929 0.056114 0.130646
v -0.323275 0.005899 0.097240
v 0.000000 -0.075320 0.094228
v -0.233929 0.056114 0.089354
v -0.467852 0.087126 0.110000
v -0.378511 0.137338 0.092367
v -0.523081 0.218562 0.105127
v -0.378511 0.137338 0.127633
v -0.523081 0.218562 0.114873
v 0.323275 0.005899 0.122760
v 0.233929 0.056114 0.130646
v 0.323275 0.005899 0.097240
v 0.233929 0.056114 0.089354
v 0.467852 0.087126 0.110000
v 0.378511 0.137338 0.092367
v 0.523081 0.218562 0.105127
v 0.378511 0.137338 0.127633
v 0.523081 0.218562 0.114873
v 0.144582 0.268776 0.138532
v -0.144582 0.268776 0.138532
v 0.144582 0.431224 0.138532
v -0.144582 0.431224 0.138532
v 0.289161 0.350000 0.135519
v -0.289161 0.350000 0.135519
v 0.144582 0.268776 0.081468
v -0.144582 0.268776 0.081468
v 0.144582 0.431224 0.081468
v -0.144582 0.431224 0.081468
v 0.289161 0.350000 0.084481
v -0.289161 0.350000 0.084481
v -0.221826 0.807530 0.110000
v -0.266421 0.782475 0.113936
v -0.266421 0.782475 0.106064
v -0.338584 0.741935 0.107568
v -0.338584 0.741935 0.112432
v 0.221826 0.807530 0.110000
v 0.266421 0.782475 0.113936
v 0.266421 0.782475 0.106064
v 0.338584 0.741935 0.107568
v 0.338584 0.741935 0.112432
v -0.221826 -0.107530 0.110000
v -0.266421 -0.082475 0.113936
v -0.266421 -0.082475 0.106064
v -0.338584 -0.041935 0.107568
v -0.338584 -0.041935 0.112432
v 0.221826 -0.107530 0.110000
v 0.266421 -0.082475 0.113936
v 0.266421 -0.082475 0.106064
v 0.338584 -0.041935 0.107568
v 0.338584 -0.041935 0.112432
v -0.044594 0.042196 0.133516
v 0.044594 0.042196 0.133516
v 0.000000 0.148340 0.137452
v 0.072163 0.107799 0.135949
v -0.072163 0.107799 0.135949
v -0.044594 0.657804 0.133516
v 0.044594 0.657804 0.133516
v 0.000000 0.551660 0.137452
v 0.072163 0.592201 0.135949
v -0.072163 0.592201 0.135949
v -0.044594 0.042196 0.086484
v 0.044594 0.042196 0.086484
v 0.000000 0.148340 0.082548
v 0.072163 0.107799 0.084051
v -0.072163 0.107799 0.084051
v -0.044594 0.657804 0.086484
v 0.044594 0.657804 0.086484
v 0.000000 0.551660 0.082548
v 0.072163 0.592201 0.084051
v -0.072163 0.592201 0.084051
v 0.475723 0.415603 0.095468
v 0.475723 0.284397 0.095468
v 0.431129 0.309460 0.091532
v 0.431129 0.390540 0.091532
v 0.503283 0.350000 0.097900
v 0.475723 0.415603 0.124532
v 0.475723 0.284397 0.124532
v 0.431129 0.309460 0.128468
v 0.431129 0.390540 0.128468
v 0.503283 0.350000 0.122100
v -0.475723 0.415603 0.095468
v -0.475723 0.284397 0.095468
v -0.431129 0.309460 0.091532
v -0.431129 0.390540 0.091532
v -0.503283 0.350000 0.097900
v -0.475723 0.415603 0.124532
v -0.475723 0.284397 0.124532
v -0.431129 0.309460 0.128468
v -0.431129 0.390540 0.128468
v -0.503283 0.350000 0.122100
v -0.075867 0.845220 0.110000
v 0.075867 0.845220 0.110000
v -0.045230 0.843844 0.113992
v -0.045230 0.843844 0.106008
v 0.045230 0.843844 0.113992
v 0.045230 0.843844 0.106008
v -0.206255 0.771959 0.121509
v -0.130388 0.729319 0.128205
v -0.131262 0.795502 0.121586
v -0.249685 0.728970 0.124053
v -0.086032 0.770085 0.125578
v -0.204455 0.703550 0.128046
v -0.206255 0.771959 0.098491
v -0.130388 0.729319 0.091795
v -0.131262 0.795502 0.098414
v -0.249685 0.728970 0.095947
v -0.086032 0.770085 0.094422
v -0.204455 0.703550 0.091954
v -0.417251 0.653424 0.102888
v -0.464155 0.541815 0.098750
v -0.388905 0.650759 0.098848
v -0.462093 0.609638 0.105307
v -0.416867 0.584220 0.096381
v -0.490053 0.543102 0.102840
v -0.417251 0.653424 0.117112
v -0.464155 0.541815 0.121250
v -0.388905 0.650759 0.121152
v -0.462093 0.609638 0.114693
v -0.416867 0.584220 0.123619
v -0.490053 0.543102 0.117160
v 0.206255 0.771959 0.121509
v 0.130388 0.729319 0.128205
v 0.131262 0.795502 0.121586
v 0.086032 0.770085 0.125578
v 0.249685 0.728970 0.124053
v 0.204455 0.703550 0.128046
v 0.206255 0.771959 0.098491
v 0.130388 0.729319 0.091795
v 0.131262 0.795502 0.098414
v 0.086032 0.770085 0.094422
v 0.249685 0.728970 0.095947
v 0.204455 0.703550 0.091954
v 0.417251 0.653424 0.102888
v 0.464155 0.541815 0.098750
v 0.388905 0.650759 0.098848
v 0.462093 0.609638 0.105307
v 0.416867 0.584220 0.096381
v 0.490053 0.543102 0.102840
v 0.417251 0.653424 0.117112
v 0.464155 0.541815 0.121250
v 0.388905 0.650759 0.121152
v 0.462093 0.609638 0.114693
v 0.416867 0.584220 0.123619
v 0.490053 0.543102 0.117160
v -0.075867 -0.145220 0.110000
v 0.075867 -0.145220 0.110000
v -0.045230 -0.143844 0.113992
v -0.045230 -0.143844 0.106008
v 0.045230 -0.143844 0.113992
v 0.045230 -0.143844 0.106008
v -0.206255 -0.071959 0.121509
v -0.130388 -0.029319 0.128205
v -0.131262 -0.095502 0.121586
v -0.249685 -0.028970 0.124053
v -0.086032 -0.070085 0.125578
v -0.204455 -0.003550 0.128046
v -0.206255 -0.071959 0.098491
v -0.130388 -0.029319 0.091795
v -0.131262 -0.095502 0.098414
v -0.249685 -0.028970 0.095947
v -0.086032 -0.070085 0.094422
v -0.204455 -0.003550 0.091954
v -0.417251 0.046576 0.102888
v -0.464155 0.158185 0.098750
v -0.388905 0.049241 0.098848
v -0.462093 0.090362 0.105307
v -0.416867 0.115780 0.096381
v -0.490053 0.156898 0.102840
v -0.417251 0.046576 0.117112
v -0.464155 0.158185 0.121250
v -0.388905 0.049241 0.121152
v -0.462093 0.090362 0.114693
v -0.416867 0.115780 0.123619
v -0.490053 0.156898 0.117160
v 0.206255 -0.071959 0.121509
v 0.130388 -0.029319 0.128205
v 0.131262 -0.095502 0.121586
v 0.086032 -0.070085 0.125578
v 0.249685 -0.028970 0.124053
v 0.204455 -0.003550 0.128046
v 0.206255 -0.071959 0.098491
v 0.130388 -0.029319 0.091795
v 0.131262 -0.095502 0.098414
v 0.086032 -0.070085 0.094422
v 0.249685 -0.028970 0.095947
v 0.204455 -0.003550 0.091954
v 0.417251 0.046576 0.102888
v 0.464155 0.158185 0.098750
v 0.388905 0.049241 0.098848
v 0.462093 0.090362 0.105307
v 0.416867 0.115780 0.096381
v 0.490053 0.156898 0.102840
v 0.417251 0.046576 0.117112
v 0.464155 0.158185 0.121250
v 0.388905 0.049241 0.121152
v 0.462093 0.090362 0.114693
v 0.416867 0.115780 0.123619
v 0.490053 0.156898 0.117160
v 0.000000 0.281030 0.139713
v 0.000000 0.418970 0.139713
v 0.073192 0.308882 0.139631
v -0.073192 0.308882 0.139631
v 0.073192 0.391118 0.139631
v -0.073192 0.391118 0.139631
v 0.210996 0.162495 0.135318
v 0.333767 0.231466 0.132759
v 0.257642 0.123014 0.132738
v 0.330834 0.164132 0.131213
v 0.212412 0.230671 0.136730
v 0.285602 0.271789 0.135205
v -0.210996 0.162495 0.135318
v -0.333767 0.231466 0.132759
v -0.257642 0.123014 0.132738
v -0.330834 0.164132 0.131213
v -0.212412 0.230671 0.136730
v -0.285602 0.271789 0.135205
v 0.210996 0.537505 0.135318
v 0.333767 0.468534 0.132759
v 0.257642 0.576986 0.132738
v 0.330834 0.535868 0.131213
v 0.212412 0.469329 0.136730
v 0.285602 0.428211 0.135205
v -0.210996 0.537505 0.135318
v -0.333767 0.468534 0.132759
v -0.257642 0.576986 0.132738
v -0.330834 0.535868 0.131213
v -0.212412 0.469329 0.136730
v -0.285602 0.428211 0.135205
v 0.000000 0.281030 0.080287
v 0.000000 0.418970 0.080287
v 0.073192 0.308882 0.080369
v -0.073192 0.308882 0.080369
v 0.073192 0.391118 0.080369
v -0.073192 0.391118 0.080369
v 0.210996 0.162495 0.084682
v 0.333767 0.231466 0.087241
v 0.257642 0.123014 0.087262
v 0.330834 0.164132 0.088787
v 0.212412 0.230671 0.083270
v 0.285602 0.271789 0.084795
v -0.210996 0.162495 0.084682
v -0.333767 0.231466 0.087241
v -0.257642 0.123014 0.087262
v -0.330834 0.164132 0.088787
v -0.212412 0.230671 0.083270
v -0.285602 0.271789 0.084795
v 0.210996 0.537505 0.084682
v 0.333767 0.468534 0.087241
v 0.257642 0.576986 0.087262
v 0.330834 0.535868 0.088787
v 0.212412 0.469329 0.083270
v 0.285602 0.428211 0.084795
v -0.210996 0.537505 0.084682
v -0.333767 0.468534 0.087241
v -0.257642 0.576986 0.087262
v -0.330834 0.535868 0.088787
v -0.212412 0.469329 0.083270
v -0.285602 0.428211 0.084795
v 0.544742 0.350000 0.105862
v 0.544742 0.350000 0.114138
v 0.543229 0.416538 0.107533
v 0.543229 0.416538 0.112467
v 0.543229 0.283462 0.107533
v 0.543229 0.283462 0.112467
v -0.544742 0.350000 0.105862
v -0.544742 0.350000 0.114138
v -0.543229 0.416538 0.107533
v -0.543229 0.416538 0.112467
v -0.543229 0.283462 0.107533
v -0.543229 0.283462 0.112467
v -0.197009 0.812158 0.113950
v -0.197009 0.812158 0.106050
v -0.121054 0.833198 0.113984
v -0.121054 0.833198 0.106016
v -0.314172 0.746335 0.116391
v -0.165679 0.808125 0.117923
v -0.283854 0.741732 0.120385
v -0.314172 0.746335 0.103609
v -0.165679 0.808125 0.102077
v -0.283854 0.741732 0.099615
v -0.386585 0.705653 0.110000
v -0.356067 0.701164 0.101120
v -0.429103 0.660131 0.107566
v -0.356067 0.701164 0.118880
v -0.429103 0.660131 0.112434
v 0.197009 0.812158 0.113950
v 0.197009 0.812158 0.106050
v 0.121054 0.833198 0.113984
v 0.121054 0.833198 0.106016
v 0.314172 0.746335 0.116391
v 0.165679 0.808125 0.117923
v 0.283854 0.741732 0.120385
v 0.314172 0.746335 0.103609
v 0.165679 0.808125 0.102077
v 0.283854 0.741732 0.099615
v 0.386585 0.705653 0.110000
v 0.356067 0.701164 0.101120
v 0.429103 0.660131 0.107566
v 0.356067 0.701164 0.118880
v 0.429103 0.660131 0.112434
v -0.197009 -0.112158 0.113950
v -0.197009 -0.112158 0.106050
v -0.121054 -0.133198 0.113984
v -0.121054 -0.133198 0.106016
v -0.314172 -0.046335 0.116391
v -0.165679 -0.108125 0.117923
v -0.283854 -0.041732 0.120385
v -0.314172 -0.046335 0.103609
v -0.165679 -0.108125 0.102077
v -0.283854 -0.041732 0.099615
v -0.386585 -0.005653 0.110000
v -0.356067 -0.001164 0.101120
v -0.429103 0.039869 0.107566
v -0.356067 -0.001164 0.118880
v -0.429103 0.039869 0.112434
v 0.197009 -0.112158 0.113950
v 0.197009 -0.112158 0.106050
v 0.121054 -0.133198 0.113984
v 0.121054 -0.133198 0.106016
v 0.314172 -0.046335 0.116391
v 0.165679 -0.108125 0.117923
v 0.283854 -0.041732 0.120385
v 0.314172 -0.046335 0.103609
v 0.165679 -0.108125 0.102077
v 0.283854 -0.041732 0.099615
v 0.386585 -0.005653 0.110000
v 0.356067 -0.001164 0.101120
v 0.429103 0.039869 0.107566
v 0.356067 -0.001164 0.118880
v 0.429103 0.039869 0.112434
v 0.000000 -0.001441 0.131339
v -0.117162 0.064389 0.133780
v -0.044625 -0.040094 0.128608
v -0.162799 0.026303 0.131070
v 0.117162 0.064389 0.133780
v 0.044625 -0.040094 0.128608
v 0.162799 0.026303 0.131070
v 0.072414 0.170901 0.137729
v -0.072414 0.170901 0.137729
v 0.073039 0.239951 0.138992
v -0.073039 0.239951 0.138992
v 0.190387 0.091951 0.133504
v 0.145251 0.199383 0.137487
v -0.190387 0.091951 0.133504
v -0.145251 0.199383 0.137487
v 0.000000 0.701441 0.131339
v -0.117162 0.635611 0.133780
v -0.044625 0.740094 0.128608
v -0.162799 0.673697 0.131070
v 0.117162 0.635611 0.133780
v 0.044625 0.740094 0.128608
v 0.162799 0.673697 0.131070
v 0.072414 0.529099 0.137729
v -0.072414 0.529099 0.137729
v 0.073039 0.460049 0.138992
v -0.073039 0.460049 0.138992
v 0.190387 0.608049 0.133504
v 0.145251 0.500617 0.137487
v -0.190387 0.608049 0.133504
v -0.145251 0.500617 0.137487
v 0.000000 -0.001441 0.088661
v -0.117162 0.064389 0.086220
v -0.044625 -0.040094 0.091392
v -0.162799 0.026303 0.088930
v 0.117162 0.064389 0.086220
v 0.044625 -0.040094 0.091392
v 0.162799 0.026303 0.088930
v 0.072414 0.170901 0.082271
v -0.072414 0.170901 0.082271
v 0.073039 0.239951 0.081008
v -0.073039 0.239951 0.081008
v 0.190387 0.091951 0.086496
v 0.145251 0.199383 0.082513
v -0.190387 0.091951 0.086496
v -0.145251 0.199383 0.082513
v 0.000000 0.701441 0.088661
v -0.117162 0.635611 0.086220
v -0.044625 0.740094 0.091392
v -0.162799 0.673697 0.088930
v 0.117162 0.635611 0.086220
v 0.044625 0.740094 0.091392
v 0.162799 0.673697 0.088930
v 0.072414 0.529099 0.082271
v -0.072414 0.529099 0.082271
v 0.073039 0.460049 0.081008
v -0.073039 0.460049 0.081008
v 0.190387 0.608049 0.086496
v 0.145251 0.500617 0.082513
v -0.190387 0.608049 0.086496
v -0.145251 0.500617 0.082513
v 0.435969 0.456511 0.092863
v 0.508374 0.415830 0.099254
v 0.430906 0.523079 0.094517
v 0.503937 0.482047 0.100963
v 0.435969 0.243489 0.092863
v 0.508374 0.284170 0.099254
v 0.430906 0.176921 0.094517
v 0.503937 0.217953 0.100963
v 0.391219 0.350000 0.088914
v 0.386281 0.202001 0.090578
v 0.341144 0.309432 0.086594
v 0.386281 0.497999 0.090578
v 0.341144 0.390568 0.086594
v 0.531518 0.416399 0.103397
v 0.531518 0.283601 0.103397
v 0.435969 0.456511 0.127137
v 0.508374 0.415830 0.120746
v 0.430906 0.523079 0.125483
v 0.503937 0.482047 0.119037
v 0.435969 0.243489 0.127137
v 0.508374 0.284170 0.120746
v 0.430906 0.176921 0.125483
v 0.503937 0.217953 0.119037
v 0.391219 0.350000 0.131086
v 0.386281 0.202001 0.129422
v 0.341144 0.309432 0.133406
v 0.386281 0.497999 0.129422
v 0.341144 0.390568 0.133406
v 0.531518 0.416399 0.116603
v 0.531518 0.283601 0.116603
v -0.435969 0.456511 0.092863
v -0.508374 0.415830 0.099254
v -0.430906 0.523079 0.094517
v -0.503937 0.482047 0.100963
v -0.435969 0.243489 0.092863
v -0.508374 0.284170 0.099254
v -0.430906 0.176921 0.094517
v -0.503937 0.217953 0.100963
v -0.391219 0.350000 0.088914
v -0.386281 0.202001 0.090578
v -0.341144 0.309432 0.086594
v -0.386281 0.497999 0.090578
v -0.341144 0.390568 0.086594
v -0.531518 0.416399 0.103397
v -0.531518 0.283601 0.103397
v -0.435969 0.456511 0.127137
v -0.508374 0.415830 0.120746
v -0.430906 0.523079 0.125483
v -0.503937 0.482047 0.119037
v -0.435969 0.243489 0.127137
v -0.508374 0.284170 0.120746
v -0.430906 0.176921 0.125483
v -0.503937 0.217953 0.119037
v -0.391219 0.350000 0.131086
v -0.386281 0.202001 0.129422
v -0.341144 0.309432 0.133406
v -0.386281 0.497999 0.129422
v -0.341144 0.390568 0.133406
v -0.531518 0.416399 0.116603
v -0.531518 0.283601 0.116603
v 0.000000 0.831929 0.117992
v -0.045275 0.806488 0.121989
v 0.000000 0.831929 0.102008
v -0.045275 0.806488 0.098011
v 0.045275 0.806488 0.121989
v 0.045275 0.806488 0.098011
v -0.282353 0.673289 0.126928
v -0.355618 0.632130 0.125401
v -0.310343 0.606685 0.129397
v -0.282353 0.673289 0.093072
v -0.355618 0.632130 0.094599
v -0.310343 0.606685 0.090603
v -0.502137 0.549811 0.107530
v -0.502137 0.549811 0.112470
v -0.530122 0.483208 0.110000
v 0.282353 0.673289 0.126928
v 0.355618 0.632130 0.125401
v 0.310343 0.606685 0.129397
v 0.282353 0.673289 0.093072
v 0.355618 0.632130 0.094599
v 0.310343 0.606685 0.090603
v 0.502137 0.549811 0.107530
v 0.502137 0.549811 0.112470
v 0.530122 0.483208 0.110000
v 0.000000 -0.131929 0.117992
v -0.045275 -0.106488 0.121989
v 0.000000 -0.131929 0.102008
v -0.045275 -0.106488 0.098011
v 0.045275 -0.106488 0.121989
v 0.045275 -0.106488 0.098011
v -0.282353 0.026711 0.126928
v -0.355618 0.067870 0.125401
v -0.310343 0.093315 0.129397
v -0.282353 0.026711 0.093072
v -0.355618 0.067870 0.094599
v -0.310343 0.093315 0.090603
v -0.502137 0.150189 0.107530
v -0.502137 0.150189 0.112470
v -0.530122 0.216792 0.110000
v 0.282353 0.026711 0.126928
v 0.355618 0.067870 0.125401
v 0.310343 0.093315 0.129397
v 0.282353 0.026711 0.093072
v 0.355618 0.067870 0.094599
v 0.310343 0.093315 0.090603
v 0.502137 0.150189 0.107530
v 0.502137 0.150189 0.112470
v 0.530122 0.216792 0.110000
v 0.146528 0.350000 0.138916
v 0.219792 0.308841 0.137389
v -0.146528 0.350000 0.138916
v -0.219792 0.308841 0.137389
v 0.219792 0.391159 0.137389
v -0.219792 0.391159 0.137389
v 0.146528 0.350000 0.081084
v 0.219792 0.308841 0.082611
v -0.146528 0.350000 0.081084
v -0.219792 0.308841 0.082611
v 0.219792 0.391159 0.082611
v -0.219792 0.391159 0.082611
v -0.289128 0.790271 -0.110000
v 0.289128 0.790271 -0.110000
v -0.289128 0.109729 -0.110000
v 0.289128 0.109729 -0.110000
v 0.000000 0.239725 -0.084480
v 0.000000 0.660275 -0.084480
v 0.000000 0.239725 -0.135520
v 0.000000 0.660275 -0.135520
v 0.467873 0.450000 -0.125771
v 0.467873 0.450000 -0.094229
v -0.467873 0.450000 -0.125771
v -0.467873 0.450000 -0.094229
v 0.000000 0.850000 -0.110000
v -0.169946 0.773605 -0.094999
v -0.169946 0.773605 -0.125001
v -0.444957 0.650008 -0.119270
v -0.444957 0.650008 -0.100730
v 0.169946 0.773605 -0.094999
v 0.169946 0.773605 -0.125001
v 0.444957 0.650008 -0.119270
v 0.444957 0.650008 -0.100730
v 0.000000 0.050000 -0.110000
v -0.169946 0.126395 -0.094999
v -0.169946 0.126395 -0.125001
v -0.444957 0.249992 -0.119270
v -0.444957 0.249992 -0.100730
v 0.169946 0.126395 -0.094999
v 0.169946 0.126395 -0.125001
v 0.444957 0.249992 -0.119270
v 0.444957 0.249992 -0.100730
v 0.000000 0.450000 -0.080000
v 0.275011 0.326403 -0.085730
v -0.275011 0.326403 -0.085730
v 0.275011 0.573597 -0.085730
v -0.275011 0.573597 -0.085730
v 0.000000 0.450000 -0.140000
v 0.275011 0.326403 -0.134270
v -0.275011 0.326403 -0.134270
v 0.275011 0.573597 -0.134270
v -0.275011 0.573597 -0.134270
v 0.550000 0.450000 -0.110000
v -0.550000 0.450000 -0.110000
v -0.150283 0.834778 -0.110000
v -0.238620 0.795073 -0.102203
v -0.238620 0.795073 -0.117797
v -0.381566 0.730829 -0.114818
v -0.381566 0.730829 -0.105182
v 0.150283 0.834778 -0.110000
v 0.238620 0.795073 -0.102203
v 0.238620 0.795073 -0.117797
v 0.381566 0.730829 -0.114818
v 0.381566 0.730829 -0.105182
v -0.150283 0.065222 -0.110000
v -0.238620 0.104927 -0.102203
v -0.238620 0.104927 -0.117797
v -0.381566 0.169171 -0.114818
v -0.381566 0.169171 -0.105182
v 0.150283 0.065222 -0.110000
v 0.238620 0.104927 -0.102203
v 0.238620 0.104927 -0.117797
v 0.381566 0.169171 -0.114818
v 0.381566 0.169171 -0.105182
v -0.088336 0.172497 -0.088938
v 0.088336 0.172497 -0.088938
v 0.000000 0.340703 -0.081142
v 0.142947 0.276458 -0.084120
v -0.142947 0.276458 -0.084120
v -0.088336 0.727503 -0.088938
v 0.088336 0.727503 -0.088938
v 0.000000 0.559297 -0.081142
v 0.142947 0.623542 -0.084120
v -0.142947 0.623542 -0.084120
v -0.088336 0.172497 -0.131062
v 0.088336 0.172497 -0.131062
v 0.000000 0.340703 -0.138858
v 0.142947 0.276458 -0.135880
v -0.142947 0.276458 -0.135880
v -0.088336 0.727503 -0.131062
v 0.088336 0.727503 -0.131062
v 0.000000 0.559297 -0.138858
v 0.142947 0.623542 -0.135880
v -0.142947 0.623542 -0.135880
v 0.474475 0.553961 -0.123016
v 0.474475 0.346039 -0.123016
v 0.386140 0.385756 -0.130813
v 0.386140 0.514244 -0.130813
v 0.529070 0.450000 -0.118197
v 0.474475 0.553961 -0.096984
v 0.474475 0.346039 -0.096984
v 0.386140 0.385756 -0.089187
v 0.386140 0.514244 -0.089187
v 0.529070 0.450000 -0.101803
v -0.474475 0.553961 -0.123016
v -0.474475 0.346039 -0.123016
v -0.386140 0.385756 -0.130813
v -0.386140 0.514244 -0.130813
v -0.529070 0.450000 -0.118197
v -0.474475 0.553961 -0.096984
v -0.474475 0.346039 -0.096984
v -0.386140 0.385756 -0.089187
v -0.386140 0.514244 -0.089187
v -0.529070 0.450000 -0.101803
v -0.089346 0.830422 -0.102114
v -0.089346 0.830422 -0.117886
v 0.089346 0.830422 -0.102114
v 0.089346 0.830422 -0.117886
v -0.323275 0.725281 -0.097240
v 0.000000 0.790256 -0.094228
v -0.233929 0.685109 -0.089354
v -0.323275 0.725281 -0.122760
v 0.000000 0.790256 -0.125772
v -0.233929 0.685109 -0.130646
v -0.467852 0.660299 -0.110000
v -0.378511 0.620130 -0.127633
v -0.523081 0.555151 -0.114873
v -0.378511 0.620130 -0.092367
v -0.523081 0.555151 -0.105127
v 0.323275 0.725281 -0.097240
v 0.233929 0.685109 -0.089354
v 0.323275 0.725281 -0.122760
v 0.233929 0.685109 -0.130646
v 0.467852 0.660299 -0.110000
v 0.378511 0.620130 -0.127633
v 0.523081 0.555151 -0.114873
v 0.378511 0.620130 -0.092367
v 0.523081 0.555151 -0.105127
v -0.089346 0.069578 -0.102114
v -0.089346 0.069578 -0.117886
v 0.089346 0.069578 -0.102114
v 0.089346 0.069578 -0.117886
v -0.323275 0.174719 -0.097240
v 0.000000 0.109744 -0.094228
v -0.233929 0.214891 -0.089354
v -0.323275 0.174719 -0.122760
v 0.000000 0.109744 -0.125772
v -0.233929 0.214891 -0.130646
v -0.467852 0.239701 -0.110000
v -0.378511 0.279870 -0.127633
v -0.523081 0.344849 -0.114873
v -0.378511 0.279870 -0.092367
v -0.523081 0.344849 -0.105127
v 0.323275 0.174719 -0.097240
v 0.233929 0.214891 -0.089354
v 0.323275 0.174719 -0.122760
v 0.233929 0.214891 -0.130646
v 0.467852 0.239701 -0.110000
v 0.378511 0.279870 -0.127633
v 0.523081 0.344849 -0.114873
v 0.378511 0.279870 -0.092367
v 0.523081 0.344849 -0.105127
v 0.144582 0.385021 -0.081468
v -0.144582 0.385021 -0.081468
v 0.144582 0.514979 -0.081468
v -0.144582 0.514979 -0.081468
v 0.289161 0.450000 -0.084481
v -0.289161 0.450000 -0.084481
v 0.144582 0.385021 -0.138532
v -0.144582 0.385021 -0.138532
v 0.144582 0.514979 -0.138532
v -0.144582 0.514979 -0.138532
v 0.289161 0.450000 -0.135519
v -0.289161 0.450000 -0.135519
v -0.221826 0.816024 -0.110000
v -0.266421 0.795980 -0.106064
v -0.266421 0.795980 -0.113936
v -0.338584 0.763548 -0.112432
v -0.338584 0.763548 -0.107568
v 0.221826 0.816024 -0.110000
v 0.266421 0.795980 -0.106064
v 0.266421 0.795980 -0.113936
v 0.338584 0.763548 -0.112432
v 0.338584 0.763548 -0.107568
v -0.221826 0.083976 -0.110000
v -0.266421 0.104020 -0.106064
v -0.266421 0.104020 -0.113936
v -0.338584 0.136452 -0.112432
v -0.338584 0.136452 -0.107568
v 0.221826 0.083976 -0.110000
v 0.266421 0.104020 -0.106064
v 0.266421 0.104020 -0.113936
v 0.338584 0.136452 -0.112432
v 0.338584 0.136452 -0.107568
v -0.044594 0.203757 -0.086484
v 0.044594 0.203757 -0.086484
v 0.000000 0.288672 -0.082548
v 0.072163 0.256239 -0.084051
v -0.072163 0.256239 -0.084051
v -0.044594 0.696243 -0.086484
v 0.044594 0.696243 -0.086484
v 0.000000 0.611328 -0.082548
v 0.072163 0.643761 -0.084051
v -0.072163 0.643761 -0.084051
v -0.044594 0.203757 -0.133516
v 0.044594 0.203757 -0.133516
v 0.000000 0.288672 -0.137452
v 0.072163 0.256239 -0.135949
v -0.072163 0.256239 -0.135949
v -0.044594 0.696243 -0.133516
v 0.044594 0.696243 -0.133516
v 0.000000 0.611328 -0.137452
v 0.072163 0.643761 -0.135949
v -0.072163 0.643761 -0.135949
v 0.475723 0.502482 -0.124532
v 0.475723 0.397518 -0.124532
v 0.431129 0.417568 -0.128468
v 0.431129 0.482432 -0.128468
v 0.503283 0.450000 -0.122100
v 0.475723 0.502482 -0.095468
v 0.475723 0.397518 -0.095468
v 0.431129 0.417568 -0.091532
v 0.431129 0.482432 -0.091532
v 0.503283 0.450000 -0.097900
v -0.475723 0.502482 -0.124532
v -0.475723 0.397518 -0.124532
v -0.431129 0.417568 -0.128468
v -0.431129 0.482432 -0.128468
v -0.503283 0.450000 -0.122100
v -0.475723 0.502482 -0.095468
v -0.475723 0.397518 -0.095468
v -0.431129 0.417568 -0.091532
v -0.431129 0.482432 -0.091532
v -0.503283 0.450000 -0.097900
v -0.075867 0.846176 -0.110000
v 0.075867 0.846176 -0.110000
v -0.045230 0.845075 -0.106008
v -0.045230 0.845075 -0.113992
v 0.045230 0.845075 -0.106008
v 0.045230 0.845075 -0.113992
v -0.206255 0.787567 -0.098491
v -0.130388 0.753456 -0.091795
v -0.131262 0.806402 -0.098414
v -0.249685 0.753176 -0.095947
v -0.086032 0.786068 -0.094422
v -0.204455 0.732840 -0.091954
v -0.206255 0.787567 -0.121509
v -0.130388 0.753456 -0.128205
v -0.131262 0.806402 -0.121586
v -0.249685 0.753176 -0.124053
v -0.086032 0.786068 -0.125578
v -0.204455 0.732840 -0.128046
v -0.417251 0.692739 -0.117112
v -0.464155 0.603452 -0.121250
v -0.388905 0.690607 -0.121152
v -0.462093 0.657710 -0.114693
v -0.416867 0.637376 -0.123619
v -0.490053 0.604481 -0.117160
v -0.417251 0.692739 -0.102888
v -0.464155 0.603452 -0.098750
v -0.388905 0.690607 -0.098848
v -0.462093 0.657710 -0.105307
v -0.416867 0.637376 -0.096381
v -0.490053 0.604481 -0.102840
v 0.206255 0.787567 -0.098491
v 0.130388 0.753456 -0.091795
v 0.131262 0.806402 -0.098414
v 0.086032 0.786068 -0.094422
v 0.249685 0.753176 -0.095947
v 0.204455 0.732840 -0.091954
v 0.206255 0.787567 -0.121509
v 0.130388 0.753456 -0.128205
v 0.131262 0.806402 -0.121586
v 0.086032 0.786068 -0.125578
v 0.249685 0.753176 -0.124053
v 0.204455 0.732840 -0.128046
v 0.417251 0.692739 -0.117112
v 0.464155 0.603452 -0.121250
v 0.388905 0.690607 -0.121152
v 0.462093 0.657710 -0.114693
v 0.416867 0.637376 -0.123619
v 0.490053 0.604481 -0.117160
v 0.417251 0.692739 -0.102888
v 0.464155 0.603452 -0.098750
v 0.388905 0.690607 -0.098848
v 0.462093 0.657710 -0.105307
v 0.416867 0.637376 -0.096381
v 0.490053 0.604481 -0.102840
v -0.075867 0.053824 -0.110000
v 0.075867 0.053824 -0.110000
v -0.045230 0.054925 -0.106008
v -0.045230 0.054925 -0.113992
v 0.045230 0.054925 -0.106008
v 0.045230 0.054925 -0.113992
v -0.206255 0.112433 -0.098491
v -0.130388 0.146544 -0.091795
v -0.131262 0.093598 -0.098414
v -0.249685 0.146824 -0.095947
v -0.086032 0.113932 -0.094422
v -0.204455 0.167160 -0.091954
v -0.206255 0.112433 -0.121509
v -0.130388 0.146544 -0.128205
v -0.131262 0.093598 -0.121586
v -0.249685 0.146824 -0.124053
v -0.086032 0.113932 -0.125578
v -0.204455 0.167160 -0.128046
v -0.417251 0.207260 -0.117112
v -0.464155 0.296548 -0.121250
v -0.388905 0.209393 -0.121152
v -0.462093 0.242289 -0.114693
v -0.416867 0.262624 -0.123619
v -0.490053 0.295519 -0.117160
v -0.417251 0.207260 -0.102888
v -0.464155 0.296548 -0.098750
v -0.388905 0.209393 -0.098848
v -0.462093 0.242289 -0.105307
v -0.416867 0.262624 -0.096381
v -0.490053 0.295519 -0.102840
v 0.206255 0.112433 -0.098491
v 0.130388 0.146544 -0.091795
v 0.131262 0.093598 -0.098414
v 0.086032 0.113932 -0.094422
v 0.249685 0.146824 -0.095947
v 0.204455 0.167160 -0.091954
v 0.206255 0.112433 -0.121509
v 0.130388 0.146544 -0.128205
v 0.131262 0.093598 -0.121586
v 0.086032 0.113932 -0.125578
v 0.249685 0.146824 -0.124053
v 0.204455 0.167160 -0.128046
v 0.417251 0.207260 -0.117112
v 0.464155 0.296548 -0.121250
v 0.388905 0.209393 -0.121152
v 0.462093 0.242289 -0.114693
v 0.416867 0.262624 -0.123619
v 0.490053 0.295519 -0.117160
v 0.417251 0.207260 -0.102888
v 0.464155 0.296548 -0.098750
v 0.388905 0.209393 -0.098848
v 0.462093 0.242289 -0.105307
v 0.416867 0.262624 -0.096381
v 0.490053 0.295519 -0.102840
v 0.000000 0.394824 -0.080287
v 0.000000 0.505176 -0.080287
v 0.073192 0.417105 -0.080369
v -0.073192 0.417105 -0.080369
v 0.073192 0.482894 -0.080369
v -0.073192 0.482894 -0.080369
v 0.210996 0.299996 -0.084682
v 0.333767 0.355173 -0.087241
v 0.257642 0.268411 -0.087262
v 0.330834 0.301306 -0.088787
v 0.212412 0.354536 -0.083270
v 0.285602 0.387431 -0.084795
v -0.210996 0.299996 -0.084682
v -0.333767 0.355173 -0.087241
v -0.257642 0.268411 -0.087262
v -0.330834 0.301306 -0.088787
v -0.212412 0.354536 -0.083270
v -0.285602 0.387431 -0.084795
v 0.210996 0.600004 -0.084682
v 0.333767 0.544827 -0.087241
v 0.257642 0.631589 -0.087262
v 0.330834 0.598694 -0.088787
v 0.212412 0.545464 -0.083270
v 0.285602 0.512569 -0.084795
v -0.210996 0.600004 -0.084682
v -0.333767 0.544827 -0.087241
v -0.257642 0.631589 -0.087262
v -0.330834 0.598694 -0.088787
v -0.212412 0.545464 -0.083270
v -0.285602 0.512569 -0.084795
v 0.000000 0.394824 -0.139713
v 0.000000 0.505176 -0.139713
v 0.073192 0.417105 -0.139631
v -0.073192 0.417105 -0.139631
v 0.073192 0.482894 -0.139631
v -0.073192 0.482894 -0.139631
v 0.210996 0.299996 -0.135318
v 0.333767 0.355173 -0.132759
v 0.257642 0.268411 -0.132738
v 0.330834 0.301306 -0.131213
v 0.212412 0.354536 -0.136730
v 0.285602 0.387431 -0.135205
v -0.210996 0.299996 -0.135318
v -0.333767 0.355173 -0.132759
v -0.257642 0.268411 -0.132738
v -0.330834 0.301306 -0.131213
v -0.212412 0.354536 -0.136730
v -0.285602 0.387431 -0.135205
v 0.210996 0.600004 -0.135318
v 0.333767 0.544827 -0.132759
v 0.257642 0.631589 -0.132738
v 0.330834 0.598694 -0.131213
v 0.212412 0.545464 -0.136730
v 0.285602 0.512569 -0.135205
v -0.210996 0.600004 -0.135318
v -0.333767 0.544827 -0.132759
v -0.257642 0.631589 -0.132738
v -0.330834 0.598694 -0.131213
v -0.212412 0.545464 -0.136730
v -0.285602 0.512569 -0.135205
v 0.544742 0.450000 -0.114138
v 0.544742 0.450000 -0.105862
v 0.543229 0.503231 -0.112467
v 0.543229 0.503231 -0.107533
v 0.543229 0.396769 -0.112467
v 0.543229 0.396769 -0.107533
v -0.544742 0.450000 -0.114138
v -0.544742 0.450000 -0.105862
v -0.543229 0.503231 -0.112467
v -0.543229 0.503231 -0.107533
v -0.543229 0.396769 -0.112467
v -0.543229 0.396769 -0.107533
v -0.197009 0.819726 -0.106050
v -0.197009 0.819726 -0.113950
v -0.121054 0.836558 -0.106016
v -0.121054 0.836558 -0.113984
v -0.314172 0.767068 -0.103609
v -0.165679 0.816500 -0.102077
v -0.283854 0.763386 -0.099615
v -0.314172 0.767068 -0.116391
v -0.165679 0.816500 -0.117923
v -0.283854 0.763386 -0.120385
v -0.386585 0.734523 -0.110000
v -0.356067 0.730932 -0.118880
v -0.429103 0.698105 -0.112434
v -0.356067 0.730932 -0.101120
v -0.429103 0.698105 -0.107566
v 0.197009 0.819726 -0.106050
v 0.197009 0.819726 -0.113950
v 0.121054 0.836558 -0.106016
v 0.121054 0.836558 -0.113984
v 0.314172 0.767068 -0.103609
v 0.165679 0.816500 -0.102077
v 0.283854 0.763386 -0.099615
v 0.314172 0.767068 -0.116391
v 0.165679 0.816500 -0.117923
v 0.283854 0.763386 -0.120385
v 0.386585 0.734523 -0.110000
v 0.356067 0.730932 -0.118880
v 0.429103 0.698105 -0.112434
v 0.356067 0.730932 -0.101120
v 0.429103 0.698105 -0.107566
v -0.197009 0.080274 -0.106050
v -0.197009 0.080274 -0.113950
v -0.121054 0.063442 -0.106016
v -0.121054 0.063442 -0.113984
v -0.314172 0.132932 -0.103609
v -0.165679 0.083500 -0.102077
v -0.283854 0.136614 -0.099615
v -0.314172 0.132932 -0.116391
v -0.165679 0.083500 -0.117923
v -0.283854 0.136614 -0.120385
v -0.386585 0.165477 -0.110000
v -0.356067 0.169068 -0.118880
v -0.429103 0.201895 -0.112434
v -0.356067 0.169068 -0.101120
v -0.429103 0.201895 -0.107566
v 0.197009 0.080274 -0.106050
v 0.197009 0.080274 -0.113950
v 0.121054 0.063442 -0.106016
v 0.121054 0.063442 -0.113984
v 0.314172 0.132932 -0.103609
v 0.165679 0.083500 -0.102077
v 0.283854 0.136614 -0.099615
v 0.314172 0.132932 -0.116391
v 0.165679 0.083500 -0.117923
v 0.283854 0.136614 -0.120385
v 0.386585 0.165477 -0.110000
v 0.356067 0.169068 -0.118880
v 0.429103 0.201895 -0.112434
v 0.356067 0.169068 -0.101120
v 0.429103 0.201895 -0.107566
v 0.000000 0.168847 -0.088661
v -0.117162 0.221511 -0.086220
v -0.044625 0.137925 -0.091392
v -0.162799 0.191042 -0.088930
v 0.117162 0.221511 -0.086220
v 0.044625 0.137925 -0.091392
v 0.162799 0.191042 -0.088930
v 0.072414 0.306721 -0.082271
v -0.072414 0.306721 -0.082271
v 0.073039 0.361961 -0.081008
v -0.073039 0.361961 -0.081008
v 0.190387 0.243561 -0.086496
v 0.145251 0.329506 -0.082513
v -0.190387 0.243561 -0.086496
v -0.145251 0.329506 -0.082513
v 0.000000 0.731153 -0.088661
v -0.117162 0.678489 -0.086220
v -0.044625 0.762075 -0.091392
v -0.162799 0.708958 -0.088930
v 0.117162 0.678489 -0.086220
v 0.044625 0.762075 -0.091392
v 0.162799 0.708958 -0.088930
v 0.072414 0.593279 -0.082271
v -0.072414 0.593279 -0.082271
v 0.073039 0.538039 -0.081008
v -0.073039 0.538039 -0.081008
v 0.190387 0.656439 -0.086496
v 0.145251 0.570494 -0.082513
v -0.190387 0.656439 -0.086496
v -0.145251 0.570494 -0.082513
v 0.000000 0.168847 -0.131339
v -0.117162 0.221511 -0.133780
v -0.044625 0.137925 -0.128608
v -0.162799 0.191042 -0.131070
v 0.117162 0.221511 -0.133780
v 0.044625 0.137925 -0.128608
v 0.162799 0.191042 -0.131070
v 0.072414 0.306721 -0.137729
v -0.072414 0.306721 -0.137729
v 0.073039 0.361961 -0.138992
v -0.073039 0.361961 -0.138992
v 0.190387 0.243561 -0.133504
v 0.145251 0.329506 -0.137487
v -0.190387 0.243561 -0.133504
v -0.145251 0.329506 -0.137487
v 0.000000 0.731153 -0.131339
v -0.117162 0.678489 -0.133780
v -0.044625 0.762075 -0.128608
v -0.162799 0.708958 -0.131070
v 0.117162 0.678489 -0.133780
v 0.044625 0.762075 -0.128608
v 0.162799 0.708958 -0.131070
v 0.072414 0.593279 -0.137729
v -0.072414 0.593279 -0.137729
v 0.073039 0.538039 -0.138992
v -0.073039 0.538039 -0.138992
v 0.190387 0.656439 -0.133504
v 0.145251 0.570494 -0.137487
v -0.190387 0.656439 -0.133504
v -0.145251 0.570494 -0.137487
v 0.435969 0.535209 -0.127137
v 0.508374 0.502664 -0.120746
v 0.430906 0.588463 -0.125483
v 0.503937 0.555637 -0.119037
v 0.435969 0.364791 -0.127137
v 0.508374 0.397336 -0.120746
v 0.430906 0.311537 -0.125483
v 0.503937 0.344363 -0.119037
v 0.391219 0.450000 -0.131086
v 0.386281 0.331601 -0.129422
v 0.341144 0.417546 -0.133406
v 0.386281 0.568399 -0.129422
v 0.341144 0.482454 -0.133406
v 0.531518 0.503119 -0.116603
v 0.531518 0.396881 -0.116603
v 0.435969 0.535209 -0.092863
v 0.508374 0.502664 -0.099254
v 0.430906 0.588463 -0.094517
v 0.503937 0.555637 -0.100963
v 0.435969 0.364791 -0.092863
v 0.508374 0.397336 -0.099254
v 0.430906 0.311537 -0.094517
v 0.503937 0.344363 -0.100963
v 0.391219 0.450000 -0.088914
v 0.386281 0.331601 -0.090578
v 0.341144 0.417546 -0.086594
v 0.386281 0.568399 -0.090578
v 0.341144 0.482454 -0.086594
v 0.531518 0.503119 -0.103397
v 0.531518 0.396881 -0.103397
v -0.435969 0.535209 -0.127137
v -0.508374 0.502664 -0.120746
v -0.430906 0.588463 -0.125483
v -0.503937 0.555637 -0.119037
v -0.435969 0.364791 -0.127137
v -0.508374 0.397336 -0.120746
v -0.430906 0.311537 -0.125483
v -0.503937 0.344363 -0.119037
v -0.391219 0.450000 -0.131086
v -0.386281 0.331601 -0.129422
v -0.341144 0.417546 -0.133406
v -0.386281 0.568399 -0.129422
v -0.341144 0.482454 -0.133406
v -0.531518 0.503119 -0.116603
v -0.531518 0.396881 -0.116603
v -0.435969 0.535209 -0.092863
v -0.508374 0.502664 -0.099254
v -0.430906 0.588463 -0.094517
v -0.503937 0.555637 -0.100963
v -0.435969 0.364791 -0.092863
v -0.508374 0.397336 -0.099254
v -0.430906 0.311537 -0.094517
v -0.503937 0.344363 -0.100963
v -0.391219 0.450000 -0.088914
v -0.386281 0.331601 -0.090578
v -0.341144 0.417546 -0.086594
v -0.386281 0.568399 -0.090578
v -0.341144 0.482454 -0.086594
v -0.531518 0.503119 -0.103397
v -0.531518 0.396881 -0.103397
v 0.000000 0.835543 -0.102008
v -0.045275 0.815191 -0.098011
v 0.000000 0.835543 -0.117992
v -0.045275 0.815191 -0.121989
v 0.045275 0.815191 -0.098011
v 0.045275 0.815191 -0.121989
v -0.282353 0.708631 -0.093072
v -0.355618 0.675704 -0.094599
v -0.310343 0.655348 -0.090603
v -0.282353 0.708631 -0.126928
v -0.355618 0.675704 -0.125401
v -0.310343 0.655348 -0.129397
v -0.502137 0.609848 -0.112470
v -0.502137 0.609848 -0.107530
v -0.530122 0.556566 -0.110000
v 0.282353 0.708631 -0.093072
v 0.355618 0.675704 -0.094599
v 0.310343 0.655348 -0.090603
v 0.282353 0.708631 -0.126928
v 0.355618 0.675704 -0.125401
v 0.310343 0.655348 -0.129397
v 0.502137 0.609848 -0.112470
v 0.502137 0.609848 -0.107530
v 0.530122 0.556566 -0.110000
v 0.000000 0.064457 -0.102008
v -0.045275 0.084809 -0.098011
v 0.000000 0.064457 -0.117992
v -0.045275 0.084809 -0.121989
v 0.045275 0.084809 -0.098011
v 0.045275 0.084809 -0.121989
v -0.282353 0.191369 -0.093072
v -0.355618 0.224296 -0.094599
v -0.310343 0.244652 -0.090603
v -0.282353 0.191369 -0.126928
v -0.355618 0.224296 -0.125401
v -0.310343 0.244652 -0.129397
v -0.502137 0.290151 -0.112470
v -0.502137 0.290151 -0.107530
v -0.530122 0.343434 -0.110000
v 0.282353 0.191369 -0.093072
v 0.355618 0.224296 -0.094599
v 0.310343 0.244652 -0.090603
v 0.282353 0.191369 -0.126928
v 0.355618 0.224296 -0.125401
v 0.310343 0.244652 -0.129397
v 0.502137 0.290151 -0.112470
v 0.502137 0.290151 -0.107530
v 0.530122 0.343434 -0.110000
v 0.146528 0.450000 -0.081084
v 0.219792 0.417073 -0.082611
v -0.146528 0.450000 -0.081084
v -0.219792 0.417073 -0.082611
v 0.219792 0.482927 -0.082611
v -0.219792 0.482927 -0.082611
v 0.146528 0.450000 -0.138916
v 0.219792 0.417073 -0.137389
v -0.146528 0.450000 -0.138916
v -0.219792 0.417073 -0.137389
v 0.219792 0.482927 -0.137389
v -0.219792 0.482927 -0.137389
v -0.372055 1.190950 0.000000
v -0.287945 1.190950 0.000000
v -0.372055 -1.190950 0.000000
v -0.287945 -1.190950 0.000000
v -0.330000 -0.735961 0.017014
v -0.330000 0.735961 0.017014
v -0.330000 -0.735961 -0.017014
v -0.330000 0.735961 -0.017014
v -0.261946 0.000000 -0.010514
v -0.261946 0.000000 0.010514
v -0.398054 0.000000 -0.010514
v -0.398054 0.000000 0.010514
v -0.330000 1.400000 0.000000
v -0.354719 1.132619 0.010000
v -0.354719 1.132619 -0.010000
v -0.394721 0.700028 -0.006180
v -0.394721 0.700028 0.006180
v -0.305281 1.132619 0.010000
v -0.305281 1.132619 -0.010000
v -0.265279 0.700028 -0.006180
v -0.265279 0.700028 0.006180
v -0.330000 -1.400000 0.000000
v -0.354719 -1.132619 0.010000
v -0.354719 -1.132619 -0.010000
v -0.394721 -0.700028 -0.006180
v -0.394721 -0.700028 0.006180
v -0.305281 -1.132619 0.010000
v -0.305281 -1.132619 -0.010000
v -0.265279 -0.700028 -0.006180
v -0.265279 -0.700028 0.006180
v -0.330000 0.000000 0.020000
v -0.289998 -0.432591 0.016180
v -0.370002 -0.432591 0.016180
v -0.289998 0.432591 0.016180
v -0.370002 0.432591 0.016180
v -0.330000 0.000000 -0.020000
v -0.289998 -0.432591 -0.016180
v -0.370002 -0.432591 -0.016180
v -0.289998 0.432591 -0.016180
v -0.370002 0.432591 -0.016180
v -0.250000 0.000000 0.000000
v -0.410000 0.000000 0.000000
v -0.351859 1.346724 0.000000
v -0.364708 1.207756 0.005198
v -0.364708 1.207756 -0.005198
v -0.385501 0.982902 -0.003212
v -0.385501 0.982902 0.003212
v -0.308141 1.346724 0.000000
v -0.295292 1.207756 0.005198
v -0.295292 1.207756 -0.005198
v -0.274499 0.982902 -0.003212
v -0.274499 0.982902 0.003212
v -0.351859 -1.346724 0.000000
v -0.364708 -1.207756 0.005198
v -0.364708 -1.207756 -0.005198
v -0.385501 -0.982902 -0.003212
v -0.385501 -0.982902 0.003212
v -0.308141 -1.346724 0.000000
v -0.295292 -1.207756 0.005198
v -0.295292 -1.207756 -0.005198
v -0.274499 -0.982902 -0.003212
v -0.274499 -0.982902 0.003212
v -0.342849 -0.971260 0.014041
v -0.317151 -0.971260 0.014041
v -0.330000 -0.382538 0.019239
v -0.309208 -0.607395 0.017254
v -0.350792 -0.607395 0.017254
v -0.342849 0.971260 0.014041
v -0.317151 0.971260 0.014041
v -0.330000 0.382538 0.019239
v -0.309208 0.607395 0.017254
v -0.350792 0.607395 0.017254
v -0.342849 -0.971260 -0.014041
v -0.317151 -0.971260 -0.014041
v -0.330000 -0.382538 -0.019239
v -0.309208 -0.607395 -0.017254
v -0.350792 -0.607395 -0.017254
v -0.342849 0.971260 -0.014041
v -0.317151 0.971260 -0.014041
v -0.330000 0.382538 -0.019239
v -0.309208 0.607395 -0.017254
v -0.350792 0.607395 -0.017254
v -0.260985 0.363864 -0.008677
v -0.260985 -0.363864 -0.008677
v -0.273834 -0.224854 -0.013875
v -0.273834 0.224854 -0.013875
v -0.253044 0.000000 -0.005465
v -0.260985 0.363864 0.008677
v -0.260985 -0.363864 0.008677
v -0.273834 -0.224854 0.013875
v -0.273834 0.224854 0.013875
v -0.253044 0.000000 0.005465
v -0.399015 0.363864 -0.008677
v -0.399015 -0.363864 -0.008677
v -0.386166 -0.224854 -0.013875
v -0.386166 0.224854 -0.013875
v -0.406956 0.000000 -0.005465
v -0.399015 0.363864 0.008677
v -0.399015 -0.363864 0.008677
v -0.386166 -0.224854 0.013875
v -0.386166 0.224854 0.013875
v -0.406956 0.000000 0.005465
v -0.342996 1.331478 0.005258
v -0.342996 1.331478 -0.005258
v -0.317004 1.331478 0.005258
v -0.317004 1.331478 -0.005258
v -0.377022 0.963483 0.008506
v -0.330000 1.190896 0.010515
v -0.364026 0.822882 0.013764
v -0.377022 0.963483 -0.008506
v -0.330000 1.190896 -0.010515
v -0.364026 0.822882 -0.013764
v -0.398051 0.736047 0.000000
v -0.385056 0.595455 -0.011755
v -0.406084 0.368027 -0.003249
v -0.385056 0.595455 0.011755
v -0.406084 0.368027 0.003249
v -0.282978 0.963483 0.008506
v -0.295974 0.822882 0.013764
v -0.282978 0.963483 -0.008506
v -0.295974 0.822882 -0.013764
v -0.261949 0.736047 0.000000
v -0.274944 0.595455 -0.011755
v -0.253916 0.368027 -0.003249
v -0.274944 0.595455 0.011755
v -0.253916 0.368027 0.003249
v -0.342996 -1.331478 0.005258
v -0.342996 -1.331478 -0.005258
v -0.317004 -1.331478 0.005258
v -0.317004 -1.331478 -0.005258
v -0.377022 -0.963483 0.008506
v -0.330000 -1.190896 0.010515
v -0.364026 -0.822882 0.013764
v -0.377022 -0.963483 -0.008506
v -0.330000 -1.190896 -0.010515
v -0.364026 -0.822882 -0.013764
v -0.398051 -0.736047 0.000000
v -0.385056 -0.595455 -0.011755
v -0.406084 -0.368027 -0.003249
v -0.385056 -0.595455 0.011755
v -0.406084 -0.368027 0.003249
v -0.282978 -0.963483 0.008506
v -0.295974 -0.822882 0.013764
v -0.282978 -0.963483 -0.008506
v -0.295974 -0.822882 -0.013764
v -0.261949 -0.736047 0.000000
v -0.274944 -0.595455 -0.011755
v -0.253916 -0.368027 -0.003249
v -0.274944 -0.595455 0.011755
v -0.253916 -0.368027 0.003249
v -0.308970 -0.227427 0.019021
v -0.351030 -0.227427 0.019021
v -0.308970 0.227427 0.019021
v -0.351030 0.227427 0.019021
v -0.287940 0.000000 0.017013
v -0.372060 0.000000 0.017013
v -0.308970 -0.227427 -0.019021
v -0.351030 -0.227427 -0.019021
v -0.308970 0.227427 -0.019021
v -0.351030 0.227427 -0.019021
v -0.287940 0.000000 -0.017013
v -0.372060 0.000000 -0.017013
v -0.362266 1.281083 0.000000
v -0.368752 1.210931 0.002624
v -0.368752 1.210931 -0.002624
v -0.379249 1.097419 -0.001622
v -0.379249 1.097419 0.001622
v -0.297734 1.281083 0.000000
v -0.291248 1.210931 0.002624
v -0.291248 1.210931 -0.002624
v -0.280751 1.097419 -0.001622
v -0.280751 1.097419 0.001622
v -0.362266 -1.281083 0.000000
v -0.368752 -1.210931 0.002624
v -0.368752 -1.210931 -0.002624
v -0.379249 -1.097419 -0.001622
v -0.379249 -1.097419 0.001622
v -0.297734 -1.281083 0.000000
v -0.291248 -1.210931 0.002624
v -0.291248 -1.210931 -0.002624
v -0.280751 -1.097419 -0.001622
v -0.280751 -1.097419 0.001622
v -0.336486 -0.861851 0.015677
v -0.323514 -0.861851 0.015677
v -0.330000 -0.564647 0.018301
v -0.319504 -0.678163 0.017299
v -0.340496 -0.678163 0.017299
v -0.336486 0.861851 0.015677
v -0.323514 0.861851 0.015677
v -0.330000 0.564647 0.018301
v -0.319504 0.678163 0.017299
v -0.340496 0.678163 0.017299
v -0.336486 -0.861851 -0.015677
v -0.323514 -0.861851 -0.015677
v -0.330000 -0.564647 -0.018301
v -0.319504 -0.678163 -0.017299
v -0.340496 -0.678163 -0.017299
v -0.336486 0.861851 -0.015677
v -0.323514 0.861851 -0.015677
v -0.330000 0.564647 -0.018301
v -0.319504 0.678163 -0.017299
v -0.340496 0.678163 -0.017299
v -0.260804 0.183688 -0.009688
v -0.260804 -0.183688 -0.009688
v -0.267290 -0.113512 -0.012312
v -0.267290 0.113512 -0.012312
v -0.256795 0.000000 -0.008066
v -0.260804 0.183688 0.009688
v -0.260804 -0.183688 0.009688
v -0.267290 -0.113512 0.012312
v -0.267290 0.113512 0.012312
v -0.256795 0.000000 0.008066
v -0.399196 0.183688 -0.009688
v -0.399196 -0.183688 -0.009688
v -0.392710 -0.113512 -0.012312
v -0.392710 0.113512 -0.012312
v -0.403205 0.000000 -0.008066
v -0.399196 0.183688 0.009688
v -0.399196 -0.183688 0.009688
v -0.392710 -0.113512 0.012312
v -0.392710 0.113512 0.012312
v -0.403205 0.000000 0.008066
v -0.341035 1.386617 0.000000
v -0.318965 1.386617 0.000000
v -0.336579 1.382763 0.002662
v -0.336579 1.382763 -0.002662
v -0.323421 1.382763 0.002662
v -0.323421 1.382763 -0.002662
v -0.360001 1.181484 0.007673
v -0.348965 1.062095 0.012137
v -0.349093 1.247406 0.007724
v -0.366318 1.061116 0.009369
v -0.342514 1.176237 0.010386
v -0.359739 0.989939 0.012030
v -0.360001 1.181484 -0.007673
v -0.348965 1.062095 -0.012137
v -0.349093 1.247406 -0.007724
v -0.366318 1.061116 -0.009369
v -0.342514 1.176237 -0.010386
v -0.359739 0.989939 -0.012030
v -0.390691 0.849588 -0.004741
v -0.397513 0.537081 -0.007500
v -0.386568 0.842124 -0.007435
v -0.397214 0.726987 -0.003128
v -0.390635 0.655816 -0.009079
v -0.401280 0.540685 -0.004773
v -0.390691 0.849588 0.004741
v -0.397513 0.537081 0.007500
v -0.386568 0.842124 0.007435
v -0.397214 0.726987 0.003128
v -0.390635 0.655816 0.009079
v -0.401280 0.540685 0.004773
v -0.299999 1.181484 0.007673
v -0.311035 1.062095 0.012137
v -0.310907 1.247406 0.007724
v -0.317486 1.176237 0.010386
v -0.293682 1.061116 0.009369
v -0.300261 0.989939 0.012030
v -0.299999 1.181484 -0.007673
v -0.311035 1.062095 -0.012137
v -0.310907 1.247406 -0.007724
v -0.317486 1.176237 -0.010386
v -0.293682 1.061116 -0.009369
v -0.300261 0.989939 -0.012030
v -0.269309 0.849588 -0.004741
v -0.262487 0.537081 -0.007500
v -0.273432 0.842124 -0.007435
v -0.262786 0.726987 -0.003128
v -0.269365 0.655816 -0.009079
v -0.258720 0.540685 -0.004773
v -0.269309 0.849588 0.004741
v -0.262487 0.537081 0.007500
v -0.273432 0.842124 0.007435
v -0.262786 0.726987 0.003128
v -0.269365 0.655816 0.009079
v -0.258720 0.540685 0.004773
v -0.341035 -1.386617 0.000000
v -0.318965 -1.386617 0.000000
v -0.336579 -1.382763 0.002662
v -0.336579 -1.382763 -0.002662
v -0.323421 -1.382763 0.002662
v -0.323421 -1.382763 -0.002662
v -0.360001 -1.181484 0.007673
v -0.348965 -1.062095 0.012137
v -0.349093 -1.247406 0.007724
v -0.366318 -1.061116 0.009369
v -0.342514 -1.176237 0.010386
v -0.359739 -0.989939 0.012030
v -0.360001 -1.181484 -0.007673
v -0.348965 -1.062095 -0.012137
v -0.349093 -1.247406 -0.007724
v -0.366318 -1.061116 -0.009369
v -0.342514 -1.176237 -0.010386
v -0.359739 -0.989939 -0.012030
v -0.390691 -0.849588 -0.004741
v -0.397513 -0.537081 -0.007500
v -0.386568 -0.842124 -0.007435
v -0.397214 -0.726987 -0.003128
v -0.390635 -0.655816 -0.009079
v -0.401280 -0.540685 -0.004773
v -0.390691 -0.849588 0.004741
v -0.397513 -0.537081 0.007500
v -0.386568 -0.842124 0.007435
v -0.397214 -0.726987 0.003128
v -0.390635 -0.655816 0.009079
v -0.401280 -0.540685 0.004773
v -0.299999 -1.181484 0.007673
v -0.311035 -1.062095 0.012137
v -0.310907 -1.247406 0.007724
v -0.317486 -1.176237 0.010386
v -0.293682 -1.061116 0.009369
v -0.300261 -0.989939 0.012030
v -0.299999 -1.181484 -0.007673
v -0.311035 -1.062095 -0.012137
v -0.310907 -1.247406 -0.007724
v -0.317486 -1.176237 -0.010386
v -0.293682 -1.061116 -0.009369
v -0.300261 -0.989939 -0.012030
v -0.269309 -0.849588 -0.004741
v -0.262487 -0.537081 -0.007500
v -0.273432 -0.842124 -0.007435
v -0.262786 -0.726987 -0.003128
v -0.269365 -0.655816 -0.009079
v -0.258720 -0.540685 -0.004773
v -0.269309 -0.849588 0.004741
v -0.262487 -0.537081 0.007500
v -0.273432 -0.842124 0.007435
v -0.262786 -0.726987 0.003128
v -0.269365 -0.655816 0.009079
v -0.258720 -0.540685 0.004773
v -0.330000 -0.193115 0.019809
v -0.330000 0.193115 0.019809
v -0.319354 -0.115131 0.019754
v -0.340646 -0.115131 0.019754
v -0.319354 0.115131 0.019754
v -0.340646 0.115131 0.019754
v -0.299310 -0.525013 0.016878
v -0.281452 -0.331896 0.015173
v -0.292525 -0.635562 0.015159
v -0.281879 -0.520431 0.014142
v -0.299104 -0.334122 0.017820
v -0.288458 -0.218991 0.016803
v -0.360690 -0.525013 0.016878
v -0.378548 -0.331896 0.015173
v -0.367475 -0.635562 0.015159
v -0.378121 -0.520431 0.014142
v -0.360896 -0.334122 0.017820
v -0.371542 -0.218991 0.016803
v -0.299310 0.525013 0.016878
v -0.281452 0.331896 0.015173
v -0.292525 0.635562 0.015159
v -0.281879 0.520431 0.014142
v -0.299104 0.334122 0.017820
v -0.288458 0.218991 0.016803
v -0.360690 0.525013 0.016878
v -0.378548 0.331896 0.015173
v -0.367475 0.635562 0.015159
v -0.378121 0.520431 0.014142
v -0.360896 0.334122 0.017820
v -0.371542 0.218991 0.016803
v -0.330000 -0.193115 -0.019809
v -0.330000 0.193115 -0.019809
v -0.319354 -0.115131 -0.019754
v -0.340646 -0.115131 -0.019754
v -0.319354 0.115131 -0.019754
v -0.340646 0.115131 -0.019754
v -0.299310 -0.525013 -0.016878
v -0.281452 -0.331896 -0.015173
v -0.292525 -0.635562 -0.015159
v -0.281879 -0.520431 -0.014142
v -0.299104 -0.334122 -0.017820
v -0.288458 -0.218991 -0.016803
v -0.360690 -0.525013 -0.016878
v -0.378548 -0.331896 -0.015173
v -0.367475 -0.635562 -0.015159
v -0.378121 -0.520431 -0.014142
v -0.360896 -0.334122 -0.017820
v -0.371542 -0.218991 -0.016803
v -0.299310 0.525013 -0.016878
v -0.281452 0.331896 -0.015173
v -0.292525 0.635562 -0.015159
v -0.281879 0.520431 -0.014142
v -0.299104 0.334122 -0.017820
v -0.288458 0.218991 -0.016803
v -0.360690 0.525013 -0.016878
v -0.378548 0.331896 -0.015173
v -0.367475 0.635562 -0.015159
v -0.378121 0.520431 -0.014142
v -0.360896 0.334122 -0.017820
v -0.371542 0.218991 -0.016803
v -0.250765 0.000000 -0.002759
v -0.250765 0.000000 0.002759
v -0.250985 0.186307 -0.001645
v -0.250985 0.186307 0.001645
v -0.250985 -0.186307 -0.001645
v -0.250985 -0.186307 0.001645
v -0.409235 0.000000 -0.002759
v -0.409235 0.000000 0.002759
v -0.409015 0.186307 -0.001645
v -0.409015 0.186307 0.001645
v -0.409015 -0.186307 -0.001645
v -0.409015 -0.186307 0.001645
v -0.358656 1.294042 0.002633
v -0.358656 1.294042 -0.002633
v -0.347608 1.352955 0.002656
v -0.347608 1.352955 -0.002656
v -0.375698 1.109738 0.004260
v -0.354099 1.282749 0.005282
v -0.371288 1.096851 0.006923
v -0.375698 1.109738 -0.004260
v -0.354099 1.282749 -0.005282
v -0.371288 1.096851 -0.006923
v -0.386231 0.995830 0.000000
v -0.381792 0.983261 -0.005920
v -0.392415 0.868366 -0.001623
v -0.381792 0.983261 0.005920
v -0.392415 0.868366 0.001623
v -0.301344 1.294042 0.002633
v -0.301344 1.294042 -0.002633
v -0.312392 1.352955 0.002656
v -0.312392 1.352955 -0.002656
v -0.284302 1.109738 0.004260
v -0.305901 1.282749 0.005282
v -0.288712 1.096851 0.006923
v -0.284302 1.109738 -0.004260
v -0.305901 1.282749 -0.005282
v -0.288712 1.096851 -0.006923
v -0.273769 0.995830 0.000000
v -0.278208 0.983261 -0.005920
v -0.267585 0.868366 -0.001623
v -0.278208 0.983261 0.005920
v -0.267585 0.868366 0.001623
v -0.358656 -1.294042 0.002633
v -0.358656 -1.294042 -0.002633
v -0.347608 -1.352955 0.002656
v -0.347608 -1.352955 -0.002656
v -0.375698 -1.109738 0.004260
v -0.354099 -1.282749 0.005282
v -0.371288 -1.096851 0.006923
v -0.375698 -1.109738 -0.004260
v -0.354099 -1.282749 -0.005282
v -0.371288 -1.096851 -0.006923
v -0.386231 -0.995830 0.000000
v -0.381792 -0.983261 -0.005920
v -0.392415 -0.868366 -0.001623
v -0.381792 -0.983261 0.005920
v -0.392415 -0.868366 0.001623
v -0.301344 -1.294042 0.002633
v -0.301344 -1.294042 -0.002633
v -0.312392 -1.352955 0.002656
v -0.312392 -1.352955 -0.002656
v -0.284302 -1.109738 0.004260
v -0.305901 -1.282749 0.005282
v -0.288712 -1.096851 0.006923
v -0.284302 -1.109738 -0.004260
v -0.305901 -1.282749 -0.005282
v -0.288712 -1.096851 -0.006923
v -0.273769 -0.995830 0.000000
v -0.278208 -0.983261 -0.005920
v -0.267585 -0.868366 -0.001623
v -0.278208 -0.983261 0.005920
v -0.267585 -0.868366 0.001623
v -0.330000 -0.984034 0.014226
v -0.347042 -0.799712 0.015853
v -0.336491 -1.092263 0.012405
v -0.353680 -0.906352 0.014047
v -0.312958 -0.799712 0.015853
v -0.323509 -1.092263 0.012405
v -0.306320 -0.906352 0.014047
v -0.319467 -0.501478 0.018486
v -0.340533 -0.501478 0.018486
v -0.319376 -0.308137 0.019328
v -0.340624 -0.308137 0.019328
v -0.302307 -0.722537 0.015669
v -0.308873 -0.421728 0.018325
v -0.357693 -0.722537 0.015669
v -0.351127 -0.421728 0.018325
v -0.330000 0.984034 0.014226
v -0.347042 0.799712 0.015853
v -0.336491 1.092263 0.012405
v -0.353680 0.906352 0.014047
v -0.312958 0.799712 0.015853
v -0.323509 1.092263 0.012405
v -0.306320 0.906352 0.014047
v -0.319467 0.501478 0.018486
v -0.340533 0.501478 0.018486
v -0.319376 0.308137 0.019328
v -0.340624 0.308137 0.019328
v -0.302307 0.722537 0.015669
v -0.308873 0.421728 0.018325
v -0.357693 0.722537 0.015669
v -0.351127 0.421728 0.018325
v -0.330000 -0.984034 -0.014226
v -0.347042 -0.799712 -0.015853
v -0.336491 -1.092263 -0.012405
v -0.353680 -0.906352 -0.014047
v -0.312958 -0.799712 -0.015853
v -0.323509 -1.092263 -0.012405
v -0.306320 -0.906352 -0.014047
v -0.319467 -0.501478 -0.018486
v -0.340533 -0.501478 -0.018486
v -0.319376 -0.308137 -0.019328
v -0.340624 -0.308137 -0.019328
v -0.302307 -0.722537 -0.015669
v -0.308873 -0.421728 -0.018325
v -0.357693 -0.722537 -0.015669
v -0.351127 -0.421728 -0.018325
v -0.330000 0.984034 -0.014226
v -0.347042 0.799712 -0.015853
v -0.336491 1.092263 -0.012405
v -0.353680 0.906352 -0.014047
v -0.312958 0.799712 -0.015853
v -0.323509 1.092263 -0.012405
v -0.306320 0.906352 -0.014047
v -0.319467 0.501478 -0.018486
v -0.340533 0.501478 -0.018486
v -0.319376 0.308137 -0.019328
v -0.340624 0.308137 -0.019328
v -0.302307 0.722537 -0.015669
v -0.308873 0.421728 -0.018325
v -0.357693 0.722537 -0.015669
v -0.351127 0.421728 -0.018325
v -0.266586 0.298232 -0.011424
v -0.256055 0.184325 -0.007164
v -0.267323 0.484622 -0.010322
v -0.256700 0.369731 -0.006025
v -0.266586 -0.298232 -0.011424
v -0.256055 -0.184325 -0.007164
v -0.267323 -0.484622 -0.010322
v -0.256700 -0.369731 -0.006025
v -0.273095 0.000000 -0.014058
v -0.273814 -0.414398 -0.012948
v -0.280379 -0.113590 -0.015604
v -0.273814 0.414398 -0.012948
v -0.280379 0.113590 -0.015604
v -0.252688 0.185917 -0.004402
v -0.252688 -0.185917 -0.004402
v -0.266586 0.298232 0.011424
v -0.256055 0.184325 0.007164
v -0.267323 0.484622 0.010322
v -0.256700 0.369731 0.006025
v -0.266586 -0.298232 0.011424
v -0.256055 -0.184325 0.007164
v -0.267323 -0.484622 0.010322
v -0.256700 -0.369731 0.006025
v -0.273095 0.000000 0.014058
v -0.273814 -0.414398 0.012948
v -0.280379 -0.113590 0.015604
v -0.273814 0.414398 0.012948
v -0.280379 0.113590 0.015604
v -0.252688 0.185917 0.004402
v -0.252688 -0.185917 0.004402
v -0.393414 0.298232 -0.011424
v -0.403945 0.184325 -0.007164
v -0.392677 0.484622 -0.010322
v -0.403300 0.369731 -0.006025
v -0.393414 -0.298232 -0.011424
v -0.403945 -0.184325 -0.007164
v -0.392677 -0.484622 -0.010322
v -0.403300 -0.369731 -0.006025
v -0.386905 0.000000 -0.014058
v -0.386186 -0.414398 -0.012948
v -0.379621 -0.113590 -0.015604
v -0.386186 0.414398 -0.012948
v -0.379621 0.113590 -0.015604
v -0.407312 0.185917 -0.004402
v -0.407312 -0.185917 -0.004402
v -0.393414 0.298232 0.011424
v -0.403945 0.184325 0.007164
v -0.392677 0.484622 0.010322
v -0.403300 0.369731 0.006025
v -0.393414 -0.298232 0.011424
v -0.403945 -0.184325 0.007164
v -0.392677 -0.484622 0.010322
v -0.403300 -0.369731 0.006025
v -0.386905 0.000000 0.014058
v -0.386186 -0.414398 0.012948
v -0.379621 -0.113590 0.015604
v -0.386186 0.414398 0.012948
v -0.379621 0.113590 0.015604
v -0.407312 0.185917 0.004402
v -0.407312 -0.185917 0.004402
v -0.330000 1.349402 0.005328
v -0.336585 1.278168 0.007992
v -0.330000 1.349402 -0.005328
v -0.336585 1.278168 -0.007992
v -0.323415 1.278168 0.007992
v -0.323415 1.278168 -0.007992
v -0.371070 0.905209 0.011285
v -0.381726 0.789964 0.010267
v -0.375141 0.718717 0.012932
v -0.371070 0.905209 -0.011285
v -0.381726 0.789964 -0.010267
v -0.375141 0.718717 -0.012932
v -0.403038 0.559470 -0.001646
v -0.403038 0.559470 0.001646
v -0.407109 0.372981 0.000000
v -0.288930 0.905209 0.011285
v -0.278274 0.789964 0.010267
v -0.284859 0.718717 0.012932
v -0.288930 0.905209 -0.011285
v -0.278274 0.789964 -0.010267
v -0.284859 0.718717 -0.012932
v -0.256962 0.559470 -0.001646
v -0.256962 0.559470 0.001646
v -0.252891 0.372981 0.000000
v -0.330000 -1.349402 0.005328
v -0.336585 -1.278168 0.007992
v -0.330000 -1.349402 -0.005328
v -0.336585 -1.278168 -0.007992
v -0.323415 -1.278168 0.007992
v -0.323415 -1.278168 -0.007992
v -0.371070 -0.905209 0.011285
v -0.381726 -0.789964 0.010267
v -0.375141 -0.718717 0.012932
v -0.371070 -0.905209 -0.011285
v -0.381726 -0.789964 -0.010267
v -0.375141 -0.718717 -0.012932
v -0.403038 -0.559470 -0.001646
v -0.403038 -0.559470 0.001646
v -0.407109 -0.372981 0.000000
v -0.288930 -0.905209 0.011285
v -0.278274 -0.789964 0.010267
v -0.284859 -0.718717 0.012932
v -0.288930 -0.905209 -0.011285
v -0.278274 -0.789964 -0.010267
v -0.284859 -0.718717 -0.012932
v -0.256962 -0.559470 -0.001646
v -0.256962 -0.559470 0.001646
v -0.252891 -0.372981 0.000000
v -0.308687 0.000000 0.019277
v -0.298030 -0.115244 0.018260
v -0.351313 0.000000 0.019277
v -0.361970 -0.115244 0.018260
v -0.298030 0.115244 0.018260
v -0.361970 0.115244 0.018260
v -0.308687 0.000000 -0.019277
v -0.298030 -0.115244 -0.018260
v -0.351313 0.000000 -0.019277
v -0.361970 -0.115244 -0.018260
v -0.298030 0.115244 -0.018260
v -0.361970 0.115244 -0.018260
v 0.287945 1.190950 0.000000
v 0.372055 1.190950 0.000000
v 0.287945 -1.190950 0.000000
v 0.372055 -1.190950 0.000000
v 0.330000 -0.735961 0.017014
v 0.330000 0.735961 0.017014
v 0.330000 -0.735961 -0.017014
v 0.330000 0.735961 -0.017014
v 0.398054 0.000000 -0.010514
v 0.398054 0.000000 0.010514
v 0.261946 0.000000 -0.010514
v 0.261946 0.000000 0.010514
v 0.330000 1.400000 0.000000
v 0.305281 1.132619 0.010000
v 0.305281 1.132619 -0.010000
v 0.265279 0.700028 -0.006180
v 0.265279 0.700028 0.006180
v 0.354719 1.132619 0.010000
v 0.354719 1.132619 -0.010000
v 0.394721 0.700028 -0.006180
v 0.394721 0.700028 0.006180
v 0.330000 -1.400000 0.000000
v 0.305281 -1.132619 0.010000
v 0.305281 -1.132619 -0.010000
v 0.265279 -0.700028 -0.006180
v 0.265279 -0.700028 0.006180
v 0.354719 -1.132619 0.010000
v 0.354719 -1.132619 -0.010000
v 0.394721 -0.700028 -0.006180
v 0.394721 -0.700028 0.006180
v 0.330000 0.000000 0.020000
v 0.370002 -0.432591 0.016180
v 0.289998 -0.432591 0.016180
v 0.370002 0.432591 0.016180
v 0.289998 0.432591 0.016180
v 0.330000 0.000000 -0.020000
v 0.370002 -0.432591 -0.016180
v 0.289998 -0.432591 -0.016180
v 0.370002 0.432591 -0.016180
v 0.289998 0.432591 -0.016180
v 0.410000 0.000000 0.000000
v 0.250000 0.000000 0.000000
v 0.308141 1.346724 0.000000
v 0.295292 1.207756 0.005198
v 0.295292 1.207756 -0.005198
v 0.274499 0.982902 -0.003212
v 0.274499 0.982902 0.003212
v 0.351859 1.346724 0.000000
v 0.364708 1.207756 0.005198
v 0.364708 1.207756 -0.005198
v 0.385501 0.982902 -0.003212
v 0.385501 0.982902 0.003212
v 0.308141 -1.346724 0.000000
v 0.295292 -1.207756 0.005198
v 0.295292 -1.207756 -0.005198
v 0.274499 -0.982902 -0.003212
v 0.274499 -0.982902 0.003212
v 0.351859 -1.346724 0.000000
v 0.364708 -1.207756 0.005198
v 0.364708 -1.207756 -0.005198
v 0.385501 -0.982902 -0.003212
v 0.385501 -0.982902 0.003212
v 0.317151 -0.971260 0.014041
v 0.342849 -0.971260 0.014041
v 0.330000 -0.382538 0.019239
v 0.350792 -0.607395 0.017254
v 0.309208 -0.607395 0.017254
v 0.317151 0.971260 0.014041
v 0.342849 0.971260 0.014041
v 0.330000 0.382538 0.019239
v 0.350792 0.607395 0.017254
v 0.309208 0.607395 0.017254
v 0.317151 -0.971260 -0.014041
v 0.342849 -0.971260 -0.014041
v 0.330000 -0.382538 -0.019239
v 0.350792 -0.607395 -0.017254
v 0.309208 -0.607395 -0.017254
v 0.317151 0.971260 -0.014041
v 0.342849 0.971260 -0.014041
v 0.330000 0.382538 -0.019239
v 0.350792 0.607395 -0.017254
v 0.309208 0.607395 -0.017254
v 0.399015 0.363864 -0.008677
v 0.399015 -0.363864 -0.008677
v 0.386166 -0.224854 -0.013875
v 0.386166 0.224854 -0.013875
v 0.406956 0.000000 -0.005465
v 0.399015 0.363864 0.008677
v 0.399015 -0.363864 0.008677
v 0.386166 -0.224854 0.013875
v 0.386166 0.224854 0.013875
v 0.406956 0.000000 0.005465
v 0.260985 0.363864 -0.008677
v 0.260985 -0.363864 -0.008677
v 0.273834 -0.224854 -0.013875
v 0.273834 0.224854 -0.013875
v 0.253044 0.000000 -0.005465
v 0.260985 0.363864 0.008677
v 0.260985 -0.363864 0.008677
v 0.273834 -0.224854 0.013875
v 0.273834 0.224854 0.013875
v 0.253044 0.000000 0.005465
v 0.317004 1.331478 0.005258
v 0.317004 1.331478 -0.005258
v 0.342996 1.331478 0.005258
v 0.342996 1.331478 -0.005258
v 0.282978 0.963483 0.008506
v 0.330000 1.190896 0.010515
v 0.295974 0.822882 0.013764
v 0.282978 0.963483 -0.008506
v 0.330000 1.190896 -0.010515
v 0.295974 0.822882 -0.013764
v 0.261949 0.736047 0.000000
v 0.274944 0.595455 -0.011755
v 0.253916 0.368027 -0.003249
v 0.274944 0.595455 0.011755
v 0.253916 0.368027 0.003249
v 0.377022 0.963483 0.008506
v 0.364026 0.822882 0.013764
v 0.377022 0.963483 -0.008506
v 0.364026 0.822882 -0.013764
v 0.398051 0.736047 0.000000
v 0.385056 0.595455 -0.011755
v 0.406084 0.368027 -0.003249
v 0.385056 0.595455 0.011755
v 0.406084 0.368027 0.003249
v 0.317004 -1.331478 0.005258
v 0.317004 -1.331478 -0.005258
v 0.342996 -1.331478 0.005258
v 0.342996 -1.331478 -0.005258
v 0.282978 -0.963483 0.008506
v 0.330000 -1.190896 0.010515
v 0.295974 -0.822882 0.013764
v 0.282978 -0.963483 -0.008506
v 0.330000 -1.190896 -0.010515
v 0.295974 -0.822882 -0.013764
v 0.261949 -0.736047 0.000000
v 0.274944 -0.595455 -0.011755
v 0.253916 -0.368027 -0.003249
v 0.274944 -0.595455 0.011755
v 0.253916 -0.368027 0.003249
v 0.377022 -0.963483 0.008506
v 0.364026 -0.822882 0.013764
v 0.377022 -0.963483 -0.008506
v 0.364026 -0.822882 -0.013764
v 0.398051 -0.736047 0.000000
v 0.385056 -0.595455 -0.011755
v 0.406084 -0.368027 -0.003249
v 0.385056 -0.595455 0.011755
v 0.406084 -0.368027 0.003249
v 0.351030 -0.227427 0.019021
v 0.308970 -0.227427 0.019021
v 0.351030 0.227427 0.019021
v 0.308970 0.227427 0.019021
v 0.372060 0.000000 0.017013
v 0.287940 0.000000 0.017013
v 0.351030 -0.227427 -0.019021
v 0.308970 -0.227427 -0.019021
v 0.351030 0.227427 -0.019021
v 0.308970 0.227427 -0.019021
v 0.372060 0.000000 -0.017013
v 0.287940 0.000000 -0.017013
v 0.297734 1.281083 0.000000
v 0.291248 1.210931 0.002624
v 0.291248 1.210931 -0.002624
v 0.280751 1.097419 -0.001622
v 0.280751 1.097419 0.001622
v 0.362266 1.281083 0.000000
v 0.368752 1.210931 0.002624
v 0.368752 1.210931 -0.002624
v 0.379249 1.097419 -0.001622
v 0.379249 1.097419 0.001622
v 0.297734 -1.281083 0.000000
v 0.291248 -1.210931 0.002624
v 0.291248 -1.210931 -0.002624
v 0.280751 -1.097419 -0.001622
v 0.280751 -1.097419 0.001622
v 0.362266 -1.281083 0.000000
v 0.368752 -1.210931 0.002624
v 0.368752 -1.210931 -0.002624
v 0.379249 -1.097419 -0.001622
v 0.379249 -1.097419 0.001622
v 0.323514 -0.861851 0.015677
v 0.336486 -0.861851 0.015677
v 0.330000 -0.564647 0.018301
v 0.340496 -0.678163 0.017299
v 0.319504 -0.678163 0.017299
v 0.323514 0.861851 0.015677
v 0.336486 0.861851 0.015677
v 0.330000 0.564647 0.018301
v 0.340496 0.678163 0.017299
v 0.319504 0.678163 0.017299
v 0.323514 -0.861851 -0.015677
v 0.336486 -0.861851 -0.015677
v 0.330000 -0.564647 -0.018301
v 0.340496 -0.678163 -0.017299
v 0.319504 -0.678163 -0.017299
v 0.323514 0.861851 -0.015677
v 0.336486 0.861851 -0.015677
v 0.330000 0.564647 -0.018301
v 0.340496 0.678163 -0.017299
v 0.319504 0.678163 -0.017299
v 0.399196 0.183688 -0.009688
v 0.399196 -0.183688 -0.009688
v 0.392710 -0.113512 -0.012312
v 0.392710 0.113512 -0.012312
v 0.403205 0.000000 -0.008066
v 0.399196 0.183688 0.009688
v 0.399196 -0.183688 0.009688
v 0.392710 -0.113512 0.012312
v 0.392710 0.113512 0.012312
v 0.403205 0.000000 0.008066
v 0.260804 0.183688 -0.009688
v 0.260804 -0.183688 -0.009688
v 0.267290 -0.113512 -0.012312
v 0.267290 0.113512 -0.012312
v 0.256795 0.000000 -0.008066
v 0.260804 0.183688 0.009688
v 0.260804 -0.183688 0.009688
v 0.267290 -0.113512 0.012312
v 0.267290 0.113512 0.012312
v 0.256795 0.000000 0.008066
v 0.318965 1.386617 0.000000
v 0.341035 1.386617 0.000000
v 0.323421 1.382763 0.002662
v 0.323421 1.382763 -0.002662
v 0.336579 1.382763 0.002662
v 0.336579 1.382763 -0.002662
v 0.299999 1.181484 0.007673
v 0.311035 1.062095 0.012137
v 0.310907 1.247406 0.007724
v 0.293682 1.061116 0.009369
v 0.317486 1.176237 0.010386
v 0.300261 0.989939 0.012030
v 0.299999 1.181484 -0.007673
v 0.311035 1.062095 -0.012137
v 0.310907 1.247406 -0.007724
v 0.293682 1.061116 -0.009369
v 0.317486 1.176237 -0.010386
v 0.300261 0.989939 -0.012030
v 0.269309 0.849588 -0.004741
v 0.262487 0.537081 -0.007500
v 0.273432 0.842124 -0.007435
v 0.262786 0.726987 -0.003128
v 0.269365 0.655816 -0.009079
v 0.258720 0.540685 -0.004773
v 0.269309 0.849588 0.004741
v 0.262487 0.537081 0.007500
v 0.273432 0.842124 0.007435
v 0.262786 0.726987 0.003128
v 0.269365 0.655816 0.009079
v 0.258720 0.540685 0.004773
v 0.360001 1.181484 0.007673
v 0.348965 1.062095 0.012137
v 0.349093 1.247406 0.007724
v 0.342514 1.176237 0.010386
v 0.366318 1.061116 0.009369
v 0.359739 0.989939 0.012030
v 0.360001 1.181484 -0.007673
v 0.348965 1.062095 -0.012137
v 0.349093 1.247406 -0.007724
v 0.342514 1.176237 -0.010386
v 0.366318 1.061116 -0.009369
v 0.359739 0.989939 -0.012030
v 0.390691 0.849588 -0.004741
v 0.397513 0.537081 -0.007500
v 0.386568 0.842124 -0.007435
v 0.397214 0.726987 -0.003128
v 0.390635 0.655816 -0.009079
v 0.401280 0.540685 -0.004773
v 0.390691 0.849588 0.004741
v 0.397513 0.537081 0.007500
v 0.386568 0.842124 0.007435
v 0.397214 0.726987 0.003128
v 0.390635 0.655816 0.009079
v 0.401280 0.540685 0.004773
v 0.318965 -1.386617 0.000000
v 0.341035 -1.386617 0.000000
v 0.323421 -1.382763 0.002662
v 0.323421 -1.382763 -0.002662
v 0.336579 -1.382763 0.002662
v 0.336579 -1.382763 -0.002662
v 0.299999 -1.181484 0.007673
v 0.311035 -1.062095 0.012137
v 0.310907 -1.247406 0.007724
v 0.293682 -1.061116 0.009369
v 0.317486 -1.176237 0.010386
v 0.300261 -0.989939 0.012030
v 0.299999 -1.181484 -0.007673
v 0.311035 -1.062095 -0.012137
v 0.310907 -1.247406 -0.007724
v 0.293682 -1.061116 -0.009369
v 0.317486 -1.176237 -0.010386
v 0.300261 -0.989939 -0.012030
v 0.269309 -0.849588 -0.004741
v 0.262487 -0.537081 -0.007500
v 0.273432 -0.842124 -0.007435
v 0.262786 -0.726987 -0.003128
v 0.269365 -0.655816 -0.009079
v 0.258720 -0.540685 -0.004773
v 0.269309 -0.849588 0.004741
v 0.262487 -0.537081 0.007500
v 0.273432 -0.842124 0.007435
v 0.262786 -0.726987 0.003128
v 0.269365 -0.655816 0.009079
v 0.258720 -0.540685 0.004773
v 0.360001 -1.181484 0.007673
v 0.348965 -1.062095 0.012137
v 0.349093 -1.247406 0.007724
v 0.342514 -1.176237 0.010386
v 0.366318 -1.061116 0.009369
v 0.359739 -0.989939 0.012030
v 0.360001 -1.181484 -0.007673
v 0.348965 -1.062095 -0.012137
v 0.349093 -1.247406 -0.007724
v 0.342514 -1.176237 -0.010386
v 0.366318 -1.061116 -0.009369
v 0.359739 -0.989939 -0.012030
v 0.390691 -0.849588 -0.004741
v 0.397513 -0.537081 -0.007500
v 0.386568 -0.842124 -0.007435
v 0.397214 -0.726987 -0.003128
v 0.390635 -0.655816 -0.009079
v 0.401280 -0.540685 -0.004773
v 0.390691 -0.849588 0.004741
v 0.397513 -0.537081 0.007500
v 0.386568 -0.842124 0.007435
v 0.397214 -0.726987 0.003128
v 0.390635 -0.655816 0.009079
v 0.401280 -0.540685 0.004773
v 0.330000 -0.193115 0.019809
v 0.330000 0.193115 0.019809
v 0.340646 -0.115131 0.019754
v 0.319354 -0.115131 0.019754
v 0.340646 0.115131 0.019754
v 0.319354 0.115131 0.019754
v 0.360690 -0.525013 0.016878
v 0.378548 -0.331896 0.015173
v 0.367475 -0.635562 0.015159
v 0.378121 -0.520431 0.014142
v 0.360896 -0.334122 0.017820
v 0.371542 -0.218991 0.016803
v 0.299310 -0.525013 0.016878
v 0.281452 -0.331896 0.015173
v 0.292525 -0.635562 0.015159
v 0.281879 -0.520431 0.014142
v 0.299104 -0.334122 0.017820
v 0.288458 -0.218991 0.016803
v 0.360690 0.525013 0.016878
v 0.378548 0.331896 0.015173
v 0.367475 0.635562 0.015159
v 0.378121 0.520431 0.014142
v 0.360896 0.334122 0.017820
v 0.371542 0.218991 0.016803
v 0.299310 0.525013 0.016878
v 0.281452 0.331896 0.015173
v 0.292525 0.635562 0.015159
v 0.281879 0.520431 0.014142
v 0.299104 0.334122 0.017820
v 0.288458 0.218991 0.016803
v 0.330000 -0.193115 -0.019809
v 0.330000 0.193115 -0.019809
v 0.340646 -0.115131 -0.019754
v 0.319354 -0.115131 -0.019754
v 0.340646 0.115131 -0.019754
v 0.319354 0.115131 -0.019754
v 0.360690 -0.525013 -0.016878
v 0.378548 -0.331896 -0.015173
v 0.367475 -0.635562 -0.015159
v 0.378121 -0.520431 -0.014142
v 0.360896 -0.334122 -0.017820
v 0.371542 -0.218991 -0.016803
v 0.299310 -0.525013 -0.016878
v 0.281452 -0.331896 -0.015173
v 0.292525 -0.635562 -0.015159
v 0.281879 -0.520431 -0.014142
v 0.299104 -0.334122 -0.017820
v 0.288458 -0.218991 -0.016803
v 0.360690 0.525013 -0.016878
v 0.378548 0.331896 -0.015173
v 0.367475 0.635562 -0.015159
v 0.378121 0.520431 -0.014142
v 0.360896 0.334122 -0.017820
v 0.371542 0.218991 -0.016803
v 0.299310 0.525013 -0.016878
v 0.281452 0.331896 -0.015173
v 0.292525 0.635562 -0.015159
v 0.281879 0.520431 -0.014142
v 0.299104 0.334122 -0.017820
v 0.288458 0.218991 -0.016803
v 0.409235 0.000000 -0.002759
v 0.409235 0.000000 0.002759
v 0.409015 0.186307 -0.001645
v 0.409015 0.186307 0.001645
v 0.409015 -0.186307 -0.001645
v 0.409015 -0.186307 0.001645
v 0.250765 0.000000 -0.002759
v 0.250765 0.000000 0.002759
v 0.250985 0.186307 -0.001645
v 0.250985 0.186307 0.001645
v 0.250985 -0.186307 -0.001645
v 0.250985 -0.186307 0.001645
v 0.301344 1.294042 0.002633
v 0.301344 1.294042 -0.002633
v 0.312392 1.352955 0.002656
v 0.312392 1.352955 -0.002656
v 0.284302 1.109738 0.004260
v 0.305901 1.282749 0.005282
v 0.288712 1.096851 0.006923
v 0.284302 1.109738 -0.004260
v 0.305901 1.282749 -0.005282
v 0.288712 1.096851 -0.006923
v 0.273769 0.995830 0.000000
v 0.278208 0.983261 -0.005920
v 0.267585 0.868366 -0.001623
v 0.278208 0.983261 0.005920
v 0.267585 0.868366 0.001623
v 0.358656 1.294042 0.002633
v 0.358656 1.294042 -0.002633
v 0.347608 1.352955 0.002656
v 0.347608 1.352955 -0.002656
v 0.375698 1.109738 0.004260
v 0.354099 1.282749 0.005282
v 0.371288 1.096851 0.006923
v 0.375698 1.109738 -0.004260
v 0.354099 1.282749 -0.005282
v 0.371288 1.096851 -0.006923
v 0.386231 0.995830 0.000000
v 0.381792 0.983261 -0.005920
v 0.392415 0.868366 -0.001623
v 0.381792 0.983261 0.005920
v 0.392415 0.868366 0.001623
v 0.301344 -1.294042 0.002633
v 0.301344 -1.294042 -0.002633
v 0.312392 -1.352955 0.002656
v 0.312392 -1.352955 -0.002656
v 0.284302 -1.109738 0.004260
v 0.305901 -1.282749 0.005282
v 0.288712 -1.096851 0.006923
v 0.284302 -1.109738 -0.004260
v 0.305901 -1.282749 -0.005282
v 0.288712 -1.096851 -0.006923
v 0.273769 -0.995830 0.000000
v 0.278208 -0.983261 -0.005920
v 0.267585 -0.868366 -0.001623
v 0.278208 -0.983261 0.005920
v 0.267585 -0.868366 0.001623
v 0.358656 -1.294042 0.002633
v 0.358656 -1.294042 -0.002633
v 0.347608 -1.352955 0.002656
v 0.347608 -1.352955 -0.002656
v 0.375698 -1.109738 0.004260
v 0.354099 -1.282749 0.005282
v 0.371288 -1.096851 0.006923
v 0.375698 -1.109738 -0.004260
v 0.354099 -1.282749 -0.005282
v 0.371288 -1.096851 -0.006923
v 0.386231 -0.995830 0.000000
v 0.381792 -0.983261 -0.005920
v 0.392415 -0.868366 -0.001623
v 0.381792 -0.983261 0.005920
v 0.392415 -0.868366 0.001623
v 0.330000 -0.984034 0.014226
v 0.312958 -0.799712 0.015853
v 0.323509 -1.092263 0.012405
v 0.306320 -0.906352 0.014047
v 0.347042 -0.799712 0.015853
v 0.336491 -1.092263 0.012405
v 0.353680 -0.906352 0.014047
v 0.340533 -0.501478 0.018486
v 0.319467 -0.501478 0.018486
v 0.340624 -0.308137 0.019328
v 0.319376 -0.308137 0.019328
v 0.357693 -0.722537 0.015669
v 0.351127 -0.421728 0.018325
v 0.302307 -0.722537 0.015669
v 0.308873 -0.421728 0.018325
v 0.330000 0.984034 0.014226
v 0.312958 0.799712 0.015853
v 0.323509 1.092263 0.012405
v 0.306320 0.906352 0.014047
v 0.347042 0.799712 0.015853
v 0.336491 1.092263 0.012405
v 0.353680 0.906352 0.014047
v 0.340533 0.501478 0.018486
v 0.319467 0.501478 0.018486
v 0.340624 0.308137 0.019328
v 0.319376 0.308137 0.019328
v 0.357693 0.722537 0.015669
v 0.351127 0.421728 0.018325
v 0.302307 0.722537 0.015669
v 0.308873 0.421728 0.018325
v 0.330000 -0.984034 -0.014226
v 0.312958 -0.799712 -0.015853
v 0.323509 -1.092263 -0.012405
v 0.306320 -0.906352 -0.014047
v 0.347042 -0.799712 -0.015853
v 0.336491 -1.092263 -0.012405
v 0.353680 -0.906352 -0.014047
v 0.340533 -0.501478 -0.018486
v 0.319467 -0.501478 -0.018486
v 0.340624 -0.308137 -0.019328
v 0.319376 -0.308137 -0.019328
v 0.357693 -0.722537 -0.015669
v 0.351127 -0.421728 -0.018325
v 0.302307 -0.722537 -0.015669
v 0.308873 -0.421728 -0.018325
v 0.330000 0.984034 -0.014226
v 0.312958 0.799712 -0.015853
v 0.323509 1.092263 -0.012405
v 0.306320 0.906352 -0.014047
v 0.347042 0.799712 -0.015853
v 0.336491 1.092263 -0.012405
v 0.353680 0.906352 -0.014047
v 0.340533 0.501478 -0.018486
v 0.319467 0.501478 -0.018486
v 0.340624 0.308137 -0.019328
v 0.319376 0.308137 -0.019328
v 0.357693 0.722537 -0.015669
v 0.351127 0.421728 -0.018325
v 0.302307 0.722537 -0.015669
v 0.308873 0.421728 -0.018325
v 0.393414 0.298232 -0.011424
v 0.403945 0.184325 -0.007164
v 0.392677 0.484622 -0.010322
v 0.403300 0.369731 -0.006025
v 0.393414 -0.298232 -0.011424
v 0.403945 -0.184325 -0.007164
v 0.392677 -0.484622 -0.010322
v 0.403300 -0.369731 -0.006025
v 0.386905 0.000000 -0.014058
v 0.386186 -0.414398 -0.012948
v 0.379621 -0.113590 -0.015604
v 0.386186 0.414398 -0.012948
v 0.379621 0.113590 -0.015604
v 0.407312 0.185917 -0.004402
v 0.407312 -0.185917 -0.004402
v 0.393414 0.298232 0.011424
v 0.403945 0.184325 0.007164
v 0.392677 0.484622 0.010322
v 0.403300 0.369731 0.006025
v 0.393414 -0.298232 0.011424
v 0.403945 -0.184325 0.007164
v 0.392677 -0.484622 0.010322
v 0.403300 -0.369731 0.006025
v 0.386905 0.000000 0.014058
v 0.386186 -0.414398 0.012948
v 0.379621 -0.113590 0.015604
v 0.386186 0.414398 0.012948
v 0.379621 0.113590 0.015604
v 0.407312 0.185917 0.004402
v 0.407312 -0.185917 0.004402
v 0.266586 0.298232 -0.011424
v 0.256055 0.184325 -0.007164
v 0.267323 0.484622 -0.010322
v 0.256700 0.369731 -0.006025
v 0.266586 -0.298232 -0.011424
v 0.256055 -0.184325 -0.007164
v 0.267323 -0.484622 -0.010322
v 0.256700 -0.369731 -0.006025
v 0.273095 0.000000 -0.014058
v 0.273814 -0.414398 -0.012948
v 0.280379 -0.113590 -0.015604
v 0.273814 0.414398 -0.012948
v 0.280379 0.113590 -0.015604
v 0.252688 0.185917 -0.004402
v 0.252688 -0.185917 -0.004402
v 0.266586 0.298232 0.011424
v 0.256055 0.184325 0.007164
v 0.267323 0.484622 0.010322
v 0.256700 0.369731 0.006025
v 0.266586 -0.298232 0.011424
v 0.256055 -0.184325 0.007164
v 0.267323 -0.484622 0.010322
v 0.256700 -0.369731 0.006025
v 0.273095 0.000000 0.014058
v 0.273814 -0.414398 0.012948
v 0.280379 -0.113590 0.015604
v 0.273814 0.414398 0.012948
v 0.280379 0.113590 0.015604
v 0.252688 0.185917 0.004402
v 0.252688 -0.185917 0.004402
v 0.330000 1.349402 0.005328
v 0.323415 1.278168 0.007992
v 0.330000 1.349402 -0.005328
v 0.323415 1.278168 -0.007992
v 0.336585 1.278168 0.007992
v 0.336585 1.278168 -0.007992
v 0.288930 0.905209 0.011285
v 0.278274 0.789964 0.010267
v 0.284859 0.718717 0.012932
v 0.288930 0.905209 -0.011285
v 0.278274 0.789964 -0.010267
v 0.284859 0.718717 -0.012932
v 0.256962 0.559470 -0.001646
v 0.256962 0.559470 0.001646
v 0.252891 0.372981 0.000000
v 0.371070 0.905209 0.011285
v 0.381726 0.789964 0.010267
v 0.375141 0.718717 0.012932
v 0.371070 0.905209 -0.011285
v 0.381726 0.789964 -0.010267
v 0.375141 0.718717 -0.012932
v 0.403038 0.559470 -0.001646
v 0.403038 0.559470 0.001646
v 0.407109 0.372981 0.000000
v 0.330000 -1.349402 0.005328
v 0.323415 -1.278168 0.007992
v 0.330000 -1.349402 -0.005328
v 0.323415 -1.278168 -0.007992
v 0.336585 -1.278168 0.007992
v 0.336585 -1.278168 -0.007992
v 0.288930 -0.905209 0.011285
v 0.278274 -0.789964 0.010267
v 0.284859 -0.718717 0.012932
v 0.288930 -0.905209 -0.011285
v 0.278274 -0.789964 -0.010267
v 0.284859 -0.718717 -0.012932
v 0.256962 -0.559470 -0.001646
v 0.256962 -0.559470 0.001646
v 0.252891 -0.372981 0.000000
v 0.371070 -0.905209 0.011285
v 0.381726 -0.789964 0.010267
v 0.375141 -0.718717 0.012932
v 0.371070 -0.905209 -0.011285
v 0.381726 -0.789964 -0.010267
v 0.375141 -0.718717 -0.012932
v 0.403038 -0.559470 -0.001646
v 0.403038 -0.559470 0.001646
v 0.407109 -0.372981 0.000000
v 0.351313 0.000000 0.019277
v 0.361970 -0.115244 0.018260
v 0.308687 0.000000 0.019277
v 0.298030 -0.115244 0.018260
v 0.361970 0.115244 0.018260
v 0.298030 0.115244 0.018260
v 0.351313 0.000000 -0.019277
v 0.361970 -0.115244 -0.018260
v 0.308687 0.000000 -0.019277
v 0.298030 -0.115244 -0.018260
v 0.361970 0.115244 -0.018260
v 0.298030 0.115244 -0.018260
v -0.286798 0.862670 0.000000
v -0.213202 0.862670 0.000000
v -0.286798 0.437330 0.000000
v -0.213202 0.437330 0.000000
v -0.250000 0.518578 0.017014
v -0.250000 0.781422 0.017014
v -0.250000 0.518578 -0.017014
v -0.250000 0.781422 -0.017014
v -0.190453 0.650000 -0.010514
v -0.190453 0.650000 0.010514
v -0.309547 0.650000 -0.010514
v -0.309547 0.650000 0.010514
v -0.250000 0.900000 0.000000
v -0.271630 0.852253 0.010000
v -0.271630 0.852253 -0.010000
v -0.306631 0.775005 -0.006180
v -0.306631 0.775005 0.006180
v -0.228370 0.852253 0.010000
v -0.228370 0.852253 -0.010000
v -0.193369 0.775005 -0.006180
v -0.193369 0.775005 0.006180
v -0.250000 0.400000 0.000000
v -0.271630 0.447747 0.010000
v -0.271630 0.447747 -0.010000
v -0.306631 0.524995 -0.006180
v -0.306631 0.524995 0.006180
v -0.228370 0.447747 0.010000
v -0.228370 0.447747 -0.010000
v -0.193369 0.524995 -0.006180
v -0.193369 0.524995 0.006180
v -0.250000 0.650000 0.020000
v -0.214999 0.572752 0.016180
v -0.285001 0.572752 0.016180
v -0.214999 0.727248 0.016180
v -0.285001 0.727248 0.016180
v -0.250000 0.650000 -0.020000
v -0.214999 0.572752 -0.016180
v -0.285001 0.572752 -0.016180
v -0.214999 0.727248 -0.016180
v -0.285001 0.727248 -0.016180
v -0.180000 0.650000 0.000000
v -0.320000 0.650000 0.000000
v -0.269127 0.890486 0.000000
v -0.280370 0.865671 0.005198
v -0.280370 0.865671 -0.005198
v -0.298563 0.825518 -0.003212
v -0.298563 0.825518 0.003212
v -0.230873 0.890486 0.000000
v -0.219630 0.865671 0.005198
v -0.219630 0.865671 -0.005198
v -0.201437 0.825518 -0.003212
v -0.201437 0.825518 0.003212
v -0.269127 0.409514 0.000000
v -0.280370 0.434329 0.005198
v -0.280370 0.434329 -0.005198
v -0.298563 0.474482 -0.003212
v -0.298563 0.474482 0.003212
v -0.230873 0.409514 0.000000
v -0.219630 0.434329 0.005198
v -0.219630 0.434329 -0.005198
v -0.201437 0.474482 -0.003212
v -0.201437 0.474482 0.003212
v -0.261243 0.476561 0.014041
v -0.238757 0.476561 0.014041
v -0.250000 0.581690 0.019239
v -0.231807 0.541537 0.017254
v -0.268193 0.541537 0.017254
v -0.261243 0.823439 0.014041
v -0.238757 0.823439 0.014041
v -0.250000 0.718310 0.019239
v -0.231807 0.758463 0.017254
v -0.268193 0.758463 0.017254
v -0.261243 0.476561 -0.014041
v -0.238757 0.476561 -0.014041
v -0.250000 0.581690 -0.019239
v -0.231807 0.541537 -0.017254
v -0.268193 0.541537 -0.017254
v -0.261243 0.823439 -0.014041
v -0.238757 0.823439 -0.014041
v -0.250000 0.718310 -0.019239
v -0.231807 0.758463 -0.017254
v -0.268193 0.758463 -0.017254
v -0.189612 0.714976 -0.008677
v -0.189612 0.585024 -0.008677
v -0.200855 0.609847 -0.013875
v -0.200855 0.690152 -0.013875
v -0.182664 0.650000 -0.005465
v -0.189612 0.714976 0.008677
v -0.189612 0.585024 0.008677
v -0.200855 0.609847 0.013875
v -0.200855 0.690152 0.013875
v -0.182664 0.650000 0.005465
v -0.310388 0.714976 -0.008677
v -0.310388 0.585024 -0.008677
v -0.299145 0.609847 -0.013875
v -0.299145 0.690152 -0.013875
v -0.317336 0.650000 -0.005465
v -0.310388 0.714976 0.008677
v -0.310388 0.585024 0.008677
v -0.299145 0.609847 0.013875
v -0.299145 0.690152 0.013875
v -0.317336 0.650000 0.005465
v -0.261371 0.887764 0.005258
v -0.261371 0.887764 -0.005258
v -0.238629 0.887764 0.005258
v -0.238629 0.887764 -0.005258
v -0.291144 0.822050 0.008506
v -0.250000 0.862660 0.010515
v -0.279773 0.796943 0.013764
v -0.291144 0.822050 -0.008506
v -0.250000 0.862660 -0.010515
v -0.279773 0.796943 -0.013764
v -0.309545 0.781437 0.000000
v -0.298174 0.756331 -0.011755
v -0.316574 0.715719 -0.003249
v -0.298174 0.756331 0.011755
v -0.316574 0.715719 0.003249
v -0.208856 0.822050 0.008506
v -0.220227 0.796943 0.013764
v -0.208856 0.822050 -0.008506
v -0.220227 0.796943 -0.013764
v -0.190455 0.781437 0.000000
v -0.201826 0.756331 -0.011755
v -0.183426 0.715719 -0.003249
v -0.201826 0.756331 0.011755
v -0.183426 0.715719 0.003249
v -0.261371 0.412236 0.005258
v -0.261371 0.412236 -0.005258
v -0.238629 0.412236 0.005258
v -0.238629 0.412236 -0.005258
v -0.291144 0.477950 0.008506
v -0.250000 0.437340 0.010515
v -0.279773 0.503057 0.013764
v -0.291144 0.477950 -0.008506
v -0.250000 0.437340 -0.010515
v -0.279773 0.503057 -0.013764
v -0.309545 0.518563 0.000000
v -0.298174 0.543669 -0.011755
v -0.316574 0.584281 -0.003249
v -0.298174 0.543669 0.011755
v -0.316574 0.584281 0.003249
v -0.208856 0.477950 0.008506
v -0.220227 0.503057 0.013764
v -0.208856 0.477950 -0.008506
v -0.220227 0.503057 -0.013764
v -0.190455 0.518563 0.000000
v -0.201826 0.543669 -0.011755
v -0.183426 0.584281 -0.003249
v -0.201826 0.543669 0.011755
v -0.183426 0.584281 0.003249
v -0.231599 0.609388 0.019021
v -0.268401 0.609388 0.019021
v -0.231599 0.690612 0.019021
v -0.268401 0.690612 0.019021
v -0.213198 0.650000 0.017013
v -0.286802 0.650000 0.017013
v -0.231599 0.609388 -0.019021
v -0.268401 0.609388 -0.019021
v -0.231599 0.690612 -0.019021
v -0.268401 0.690612 -0.019021
v -0.213198 0.650000 -0.017013
v -0.286802 0.650000 -0.017013
v -0.278232 0.878765 0.000000
v -0.283908 0.866238 0.002624
v -0.283908 0.866238 -0.002624
v -0.293093 0.845968 -0.001622
v -0.293093 0.845968 0.001622
v -0.221768 0.878765 0.000000
v -0.216092 0.866238 0.002624
v -0.216092 0.866238 -0.002624
v -0.206907 0.845968 -0.001622
v -0.206907 0.845968 0.001622
v -0.278232 0.421235 0.000000
v -0.283908 0.433762 0.002624
v -0.283908 0.433762 -0.002624
v -0.293093 0.454032 -0.001622
v -0.293093 0.454032 0.001622
v -0.221768 0.421235 0.000000
v -0.216092 0.433762 0.002624
v -0.216092 0.433762 -0.002624
v -0.206907 0.454032 -0.001622
v -0.206907 0.454032 0.001622
v -0.255676 0.496098 0.015677
v -0.244324 0.496098 0.015677
v -0.250000 0.549170 0.018301
v -0.240816 0.528899 0.017299
v -0.259184 0.528899 0.017299
v -0.255676 0.803902 0.015677
v -0.244324 0.803902 0.015677
v -0.250000 0.750830 0.018301
v -0.240816 0.771100 0.017299
v -0.259184 0.771100 0.017299
v -0.255676 0.496098 -0.015677
v -0.244324 0.496098 -0.015677
v -0.250000 0.549170 -0.018301
v -0.240816 0.528899 -0.017299
v -0.259184 0.528899 -0.017299
v -0.255676 0.803902 -0.015677
v -0.244324 0.803902 -0.015677
v -0.250000 0.750830 -0.018301
v -0.240816 0.771100 -0.017299
v -0.259184 0.771100 -0.017299
v -0.189453 0.682801 -0.009688
v -0.189453 0.617198 -0.009688
v -0.195129 0.629730 -0.012312
v -0.195129 0.670270 -0.012312
v -0.185946 0.650000 -0.008066
v -0.189453 0.682801 0.009688
v -0.189453 0.617198 0.009688
v -0.195129 0.629730 0.012312
v -0.195129 0.670270 0.012312
v -0.185946 0.650000 0.008066
v -0.310547 0.682801 -0.009688
v -0.310547 0.617198 -0.009688
v -0.304871 0.629730 -0.012312
v -0.304871 0.670270 -0.012312
v -0.314054 0.650000 -0.008066
v -0.310547 0.682801 0.009688
v -0.310547 0.617198 0.009688
v -0.304871 0.629730 0.012312
v -0.304871 0.670270 0.012312
v -0.314054 0.650000 0.008066
v -0.259656 0.897610 0.000000
v -0.240344 0.897610 0.000000
v -0.255757 0.896922 0.002662
v -0.255757 0.896922 -0.002662
v -0.244243 0.896922 0.002662
v -0.244243 0.896922 -0.002662
v -0.276251 0.860979 0.007673
v -0.266595 0.839660 0.012137
v -0.266706 0.872751 0.007724
v -0.281778 0.839485 0.009369
v -0.260950 0.860042 0.010386
v -0.276022 0.826775 0.012030
v -0.276251 0.860979 -0.007673
v -0.266595 0.839660 -0.012137
v -0.266706 0.872751 -0.007724
v -0.281778 0.839485 -0.009369
v -0.260950 0.860042 -0.010386
v -0.276022 0.826775 -0.012030
v -0.303105 0.801712 -0.004741
v -0.309074 0.745907 -0.007500
v -0.299497 0.800379 -0.007435
v -0.308812 0.779819 -0.003128
v -0.303056 0.767110 -0.009079
v -0.312370 0.746551 -0.004773
v -0.303105 0.801712 0.004741
v -0.309074 0.745907 0.007500
v -0.299497 0.800379 0.007435
v -0.308812 0.779819 0.003128
v -0.303056 0.767110 0.009079
v -0.312370 0.746551 0.004773
v -0.223749 0.860979 0.007673
v -0.233405 0.839660 0.012137
v -0.233294 0.872751 0.007724
v -0.239050 0.860042 0.010386
v -0.218222 0.839485 0.009369
v -0.223978 0.826775 0.012030
v -0.223749 0.860979 -0.007673
v -0.233405 0.839660 -0.012137
v -0.233294 0.872751 -0.007724
v -0.239050 0.860042 -0.010386
v -0.218222 0.839485 -0.009369
v -0.223978 0.826775 -0.012030
v -0.196895 0.801712 -0.004741
v -0.190926 0.745907 -0.007500
v -0.200503 0.800379 -0.007435
v -0.191188 0.779819 -0.003128
v -0.196944 0.767110 -0.009079
v -0.187630 0.746551 -0.004773
v -0.196895 0.801712 0.004741
v -0.190926 0.745907 0.007500
v -0.200503 0.800379 0.007435
v -0.191188 0.779819 0.003128
v -0.196944 0.767110 0.009079
v -0.187630 0.746551 0.004773
v -0.259656 0.402390 0.000000
v -0.240344 0.402390 0.000000
v -0.255757 0.403078 0.002662
v -0.255757 0.403078 -0.002662
v -0.244243 0.403078 0.002662
v -0.244243 0.403078 -0.002662
v -0.276251 0.439021 0.007673
v -0.266595 0.460340 0.012137
v -0.266706 0.427249 0.007724
v -0.281778 0.460515 0.009369
v -0.260950 0.439958 0.010386
v -0.276022 0.473225 0.012030
v -0.276251 0.439021 -0.007673
v -0.266595 0.460340 -0.012137
v -0.266706 0.427249 -0.007724
v -0.281778 0.460515 -0.009369
v -0.260950 0.439958 -0.010386
v -0.276022 0.473225 -0.012030
v -0.303105 0.498288 -0.004741
v -0.309074 0.554093 -0.007500
v -0.299497 0.499621 -0.007435
v -0.308812 0.520181 -0.003128
v -0.303056 0.532890 -0.009079
v -0.312370 0.553449 -0.004773
v -0.303105 0.498288 0.004741
v -0.309074 0.554093 0.007500
v -0.299497 0.499621 0.007435
v -0.308812 0.520181 0.003128
v -0.303056 0.532890 0.009079
v -0.312370 0.553449 0.004773
v -0.223749 0.439021 0.007673
v -0.233405 0.460340 0.012137
v -0.233294 0.427249 0.007724
v -0.239050 0.439958 0.010386
v -0.218222 0.460515 0.009369
v -0.223978 0.473225 0.012030
v -0.223749 0.439021 -0.007673
v -0.233405 0.460340 -0.012137
v -0.233294 0.427249 -0.007724
v -0.239050 0.439958 -0.010386
v -0.218222 0.460515 -0.009369
v -0.223978 0.473225 -0.012030
v -0.196895 0.498288 -0.004741
v -0.190926 0.554093 -0.007500
v -0.200503 0.499621 -0.007435
v -0.191188 0.520181 -0.003128
v -0.196944 0.532890 -0.009079
v -0.187630 0.553449 -0.004773
v -0.196895 0.498288 0.004741
v -0.190926 0.554093 0.007500
v -0.200503 0.499621 0.007435
v -0.191188 0.520181 0.003128
v -0.196944 0.532890 0.009079
v -0.187630 0.553449 0.004773
v -0.250000 0.615515 0.019809
v -0.250000 0.684485 0.019809
v -0.240685 0.629441 0.019754
v -0.259315 0.629441 0.019754
v -0.240685 0.670559 0.019754
v -0.259315 0.670559 0.019754
v -0.223146 0.556248 0.016878
v -0.207521 0.590733 0.015173
v -0.217209 0.536507 0.015159
v -0.207894 0.557066 0.014142
v -0.222966 0.590335 0.017820
v -0.213651 0.610894 0.016803
v -0.276854 0.556248 0.016878
v -0.292479 0.590733 0.015173
v -0.282791 0.536507 0.015159
v -0.292106 0.557066 0.014142
v -0.277034 0.590335 0.017820
v -0.286349 0.610894 0.016803
v -0.223146 0.743752 0.016878
v -0.207521 0.709267 0.015173
v -0.217209 0.763493 0.015159
v -0.207894 0.742934 0.014142
v -0.222966 0.709665 0.017820
v -0.213651 0.689106 0.016803
v -0.276854 0.743752 0.016878
v -0.292479 0.709267 0.015173
v -0.282791 0.763493 0.015159
v -0.292106 0.742934 0.014142
v -0.277034 0.709665 0.017820
v -0.286349 0.689106 0.016803
v -0.250000 0.615515 -0.019809
v -0.250000 0.684485 -0.019809
v -0.240685 0.629441 -0.019754
v -0.259315 0.629441 -0.019754
v -0.240685 0.670559 -0.019754
v -0.259315 0.670559 -0.019754
v -0.223146 0.556248 -0.016878
v -0.207521 0.590733 -0.015173
v -0.217209 0.536507 -0.015159
v -0.207894 0.557066 -0.014142
v -0.222966 0.590335 -0.017820
v -0.213651 0.610894 -0.016803
v -0.276854 0.556248 -0.016878
v -0.292479 0.590733 -0.015173
v -0.282791 0.536507 -0.015159
v -0.292106 0.557066 -0.014142
v -0.277034 0.590335 -0.017820
v -0.286349 0.610894 -0.016803
v -0.223146 0.743752 -0.016878
v -0.207521 0.709267 -0.015173
v -0.217209 0.763493 -0.015159
v -0.207894 0.742934 -0.014142
v -0.222966 0.709665 -0.017820
v -0.213651 0.689106 -0.016803
v -0.276854 0.743752 -0.016878
v -0.292479 0.709267 -0.015173
v -0.282791 0.763493 -0.015159
v -0.292106 0.742934 -0.014142
v -0.277034 0.709665 -0.017820
v -0.286349 0.689106 -0.016803
v -0.180669 0.650000 -0.002759
v -0.180669 0.650000 0.002759
v -0.180862 0.683269 -0.001645
v -0.180862 0.683269 0.001645
v -0.180862 0.616731 -0.001645
v -0.180862 0.616731 0.001645
v -0.319331 0.650000 -0.002759
v -0.319331 0.650000 0.002759
v -0.319138 0.683269 -0.001645
v -0.319138 0.683269 0.001645
v -0.319138 0.616731 -0.001645
v -0.319138 0.616731 0.001645
v -0.275074 0.881079 0.002633
v -0.275074 0.881079 -0.002633
v -0.265407 0.891599 0.002656
v -0.265407 0.891599 -0.002656
v -0.289986 0.848168 0.004260
v -0.271086 0.879062 0.005282
v -0.286127 0.845866 0.006923
v -0.289986 0.848168 -0.004260
v -0.271086 0.879062 -0.005282
v -0.286127 0.845866 -0.006923
v -0.299202 0.827827 0.000000
v -0.295318 0.825582 -0.005920
v -0.304613 0.805065 -0.001623
v -0.295318 0.825582 0.005920
v -0.304613 0.805065 0.001623
v -0.224926 0.881079 0.002633
v -0.224926 0.881079 -0.002633
v -0.234593 0.891599 0.002656
v -0.234593 0.891599 -0.002656
v -0.210014 0.848168 0.004260
v -0.228914 0.879062 0.005282
v -0.213873 0.845866 0.006923
v -0.210014 0.848168 -0.004260
v -0.228914 0.879062 -0.005282
v -0.213873 0.845866 -0.006923
v -0.200798 0.827827 0.000000
v -0.204682 0.825582 -0.005920
v -0.195387 0.805065 -0.001623
v -0.204682 0.825582 0.005920
v -0.195387 0.805065 0.001623
v -0.275074 0.418921 0.002633
v -0.275074 0.418921 -0.002633
v -0.265407 0.408401 0.002656
v -0.265407 0.408401 -0.002656
v -0.289986 0.451832 0.004260
v -0.271086 0.420938 0.005282
v -0.286127 0.454134 0.006923
v -0.289986 0.451832 -0.004260
v -0.271086 0.420938 -0.005282
v -0.286127 0.454134 -0.006923
v -0.299202 0.472173 0.000000
v -0.295318 0.474418 -0.005920
v -0.304613 0.494935 -0.001623
v -0.295318 0.474418 0.005920
v -0.304613 0.494935 0.001623
v -0.224926 0.418921 0.002633
v -0.224926 0.418921 -0.002633
v -0.234593 0.408401 0.002656
v -0.234593 0.408401 -0.002656
v -0.210014 0.451832 0.004260
v -0.228914 0.420938 0.005282
v -0.213873 0.454134 0.006923
v -0.210014 0.451832 -0.004260
v -0.228914 0.420938 -0.005282
v -0.213873 0.454134 -0.006923
v -0.200798 0.472173 0.000000
v -0.204682 0.474418 -0.005920
v -0.195387 0.494935 -0.001623
v -0.204682 0.474418 0.005920
v -0.195387 0.494935 0.001623
v -0.250000 0.474280 0.014226
v -0.264912 0.507194 0.015853
v -0.255680 0.454953 0.012405
v -0.270720 0.488151 0.014047
v -0.235088 0.507194 0.015853
v -0.244320 0.454953 0.012405
v -0.229280 0.488151 0.014047
v -0.240784 0.560450 0.018486
v -0.259216 0.560450 0.018486
v -0.240704 0.594975 0.019328
v -0.259296 0.594975 0.019328
v -0.225769 0.520975 0.015669
v -0.231513 0.574691 0.018325
v -0.274231 0.520975 0.015669
v -0.268487 0.574691 0.018325
v -0.250000 0.825720 0.014226
v -0.264912 0.792806 0.015853
v -0.255680 0.845047 0.012405
v -0.270720 0.811848 0.014047
v -0.235088 0.792806 0.015853
v -0.244320 0.845047 0.012405
v -0.229280 0.811848 0.014047
v -0.240784 0.739550 0.018486
v -0.259216 0.739550 0.018486
v -0.240704 0.705025 0.019328
v -0.259296 0.705025 0.019328
v -0.225769 0.779024 0.015669
v -0.231513 0.725309 0.018325
v -0.274231 0.779024 0.015669
v -0.268487 0.725309 0.018325
v -0.250000 0.474280 -0.014226
v -0.264912 0.507194 -0.015853
v -0.255680 0.454953 -0.012405
v -0.270720 0.488151 -0.014047
v -0.235088 0.507194 -0.015853
v -0.244320 0.454953 -0.012405
v -0.229280 0.488151 -0.014047
v -0.240784 0.560450 -0.018486
v -0.259216 0.560450 -0.018486
v -0.240704 0.594975 -0.019328
v -0.259296 0.594975 -0.019328
v -0.225769 0.520975 -0.015669
v -0.231513 0.574691 -0.018325
v -0.274231 0.520975 -0.015669
v -0.268487 0.574691 -0.018325
v -0.250000 0.825720 -0.014226
v -0.264912 0.792806 -0.015853
v -0.255680 0.845047 -0.012405
v -0.270720 0.811848 -0.014047
v -0.235088 0.792806 -0.015853
v -0.244320 0.845047 -0.012405
v -0.229280 0.811848 -0.014047
v -0.240784 0.739550 -0.018486
v -0.259216 0.739550 -0.018486
v -0.240704 0.705025 -0.019328
v -0.259296 0.705025 -0.019328
v -0.225769 0.779024 -0.015669
v -0.231513 0.725309 -0.018325
v -0.274231 0.779024 -0.015669
v -0.268487 0.725309 -0.018325
v -0.194513 0.703256 -0.011424
v -0.185298 0.682915 -0.007164
v -0.195157 0.736540 -0.010322
v -0.185863 0.716023 -0.006025
v -0.194513 0.596744 -0.011424
v -0.185298 0.617085 -0.007164
v -0.195157 0.563460 -0.010322
v -0.185863 0.583977 -0.006025
v -0.200209 0.650000 -0.014058
v -0.200837 0.576000 -0.012948
v -0.206582 0.629716 -0.015604
v -0.200837 0.724000 -0.012948
v -0.206582 0.670284 -0.015604
v -0.182352 0.683199 -0.004402
v -0.182352 0.616800 -0.004402
v -0.194513 0.703256 0.011424
v -0.185298 0.682915 0.007164
v -0.195157 0.736540 0.010322
v -0.185863 0.716023 0.006025
v -0.194513 0.596744 0.011424
v -0.185298 0.617085 0.007164
v -0.195157 0.563460 0.010322
v -0.185863 0.583977 0.006025
v -0.200209 0.650000 0.014058
v -0.200837 0.576000 0.012948
v -0.206582 0.629716 0.015604
v -0.200837 0.724000 0.012948
v -0.206582 0.670284 0.015604
v -0.182352 0.683199 0.004402
v -0.182352 0.616800 0.004402
v -0.305487 0.703256 -0.011424
v -0.314702 0.682915 -0.007164
v -0.304843 0.736540 -0.010322
v -0.314137 0.716023 -0.006025
v -0.305487 0.596744 -0.011424
v -0.314702 0.617085 -0.007164
v -0.304843 0.563460 -0.010322
v -0.314137 0.583977 -0.006025
v -0.299791 0.650000 -0.014058
v -0.299163 0.576000 -0.012948
v -0.293418 0.629716 -0.015604
v -0.299163 0.724000 -0.012948
v -0.293418 0.670284 -0.015604
v -0.317648 0.683199 -0.004402
v -0.317648 0.616800 -0.004402
v -0.305487 0.703256 0.011424
v -0.314702 0.682915 0.007164
v -0.304843 0.736540 0.010322
v -0.314137 0.716023 0.006025
v -0.305487 0.596744 0.011424
v -0.314702 0.617085 0.007164
v -0.304843 0.563460 0.010322
v -0.314137 0.583977 0.006025
v -0.299791 0.650000 0.014058
v -0.299163 0.576000 0.012948
v -0.293418 0.629716 0.015604
v -0.299163 0.724000 0.012948
v -0.293418 0.670284 0.015604
v -0.317648 0.683199 0.004402
v -0.317648 0.616800 0.004402
v -0.250000 0.890965 0.005328
v -0.255762 0.878244 0.007992
v -0.250000 0.890965 -0.005328
v -0.255762 0.878244 -0.007992
v -0.244238 0.878244 0.007992
v -0.244238 0.878244 -0.007992
v -0.285936 0.811644 0.011285
v -0.295260 0.791065 0.010267
v -0.289498 0.778342 0.012932
v -0.285936 0.811644 -0.011285
v -0.295260 0.791065 -0.010267
v -0.289498 0.778342 -0.012932
v -0.313908 0.749905 -0.001646
v -0.313908 0.749905 0.001646
v -0.317470 0.716604 0.000000
v -0.214064 0.811644 0.011285
v -0.204740 0.791065 0.010267
v -0.210502 0.778342 0.012932
v -0.214064 0.811644 -0.011285
v -0.204740 0.791065 -0.010267
v -0.210502 0.778342 -0.012932
v -0.186092 0.749905 -0.001646
v -0.186092 0.749905 0.001646
v -0.182530 0.716604 0.000000
v -0.250000 0.409035 0.005328
v -0.255762 0.421756 0.007992
v -0.250000 0.409035 -0.005328
v -0.255762 0.421756 -0.007992
v -0.244238 0.421756 0.007992
v -0.244238 0.421756 -0.007992
v -0.285936 0.488356 0.011285
v -0.295260 0.508935 0.010267
v -0.289498 0.521658 0.012932
v -0.285936 0.488356 -0.011285
v -0.295260 0.508935 -0.010267
v -0.289498 0.521658 -0.012932
v -0.313908 0.550095 -0.001646
v -0.313908 0.550095 0.001646
v -0.317470 0.583396 0.000000
v -0.214064 0.488356 0.011285
v -0.204740 0.508935 0.010267
v -0.210502 0.521658 0.012932
v -0.214064 0.488356 -0.011285
v -0.204740 0.508935 -0.010267
v -0.210502 0.521658 -0.012932
v -0.186092 0.550095 -0.001646
v -0.186092 0.550095 0.001646
v -0.182530 0.583396 0.000000
v -0.231351 0.650000 0.019277
v -0.222027 0.629421 0.018260
v -0.268649 0.650000 0.019277
v -0.277973 0.629421 0.018260
v -0.222027 0.670579 0.018260
v -0.277973 0.670579 0.018260
v -0.231351 0.650000 -0.019277
v -0.222027 0.629421 -0.018260
v -0.268649 0.650000 -0.019277
v -0.277973 0.629421 -0.018260
v -0.222027 0.670579 -0.018260
v -0.277973 0.670579 -0.018260
v 0.213202 0.862670 0.000000
v 0.286798 0.862670 0.000000
v 0.213202 0.437330 0.000000
v 0.286798 0.437330 0.000000
v 0.250000 0.518578 0.017014
v 0.250000 0.781422 0.017014
v 0.250000 0.518578 -0.017014
v 0.250000 0.781422 -0.017014
v 0.309547 0.650000 -0.010514
v 0.309547 0.650000 0.010514
v 0.190453 0.650000 -0.010514
v 0.190453 0.650000 0.010514
v 0.250000 0.900000 0.000000
v 0.228370 0.852253 0.010000
v 0.228370 0.852253 -0.010000
v 0.193369 0.775005 -0.006180
v 0.193369 0.775005 0.006180
v 0.271630 0.852253 0.010000
v 0.271630 0.852253 -0.010000
v 0.306631 0.775005 -0.006180
v 0.306631 0.775005 0.006180
v 0.250000 0.400000 0.000000
v 0.228370 0.447747 0.010000
v 0.228370 0.447747 -0.010000
v 0.193369 0.524995 -0.006180
v 0.193369 0.524995 0.006180
v 0.271630 0.447747 0.010000
v 0.271630 0.447747 -0.010000
v 0.306631 0.524995 -0.006180
v 0.306631 0.524995 0.006180
v 0.250000 0.650000 0.020000
v 0.285001 0.572752 0.016180
v 0.214999 0.572752 0.016180
v 0.285001 0.727248 0.016180
v 0.214999 0.727248 0.016180
v 0.250000 0.650000 -0.020000
v 0.285001 0.572752 -0.016180
v 0.214999 0.572752 -0.016180
v 0.285001 0.727248 -0.016180
v 0.214999 0.727248 -0.016180
v 0.320000 0.650000 0.000000
v 0.180000 0.650000 0.000000
v 0.230873 0.890486 0.000000
v 0.219630 0.865671 0.005198
v 0.219630 0.865671 -0.005198
v 0.201437 0.825518 -0.003212
v 0.201437 0.825518 0.003212
v 0.269127 0.890486 0.000000
v 0.280370 0.865671 0.005198
v 0.280370 0.865671 -0.005198
v 0.298563 0.825518 -0.003212
v 0.298563 0.825518 0.003212
v 0.230873 0.409514 0.000000
v 0.219630 0.434329 0.005198
v 0.219630 0.434329 -0.005198
v 0.201437 0.474482 -0.003212
v 0.201437 0.474482 0.003212
v 0.269127 0.409514 0.000000
v 0.280370 0.434329 0.005198
v 0.280370 0.434329 -0.005198
v 0.298563 0.474482 -0.003212
v 0.298563 0.474482 0.003212
v 0.238757 0.476561 0.014041
v 0.261243 0.476561 0.014041
v 0.250000 0.581690 0.019239
v 0.268193 0.541537 0.017254
v 0.231807 0.541537 0.017254
v 0.238757 0.823439 0.014041
v 0.261243 0.823439 0.014041
v 0.250000 0.718310 0.019239
v 0.268193 0.758463 0.017254
v 0.231807 0.758463 0.017254
v 0.238757 0.476561 -0.014041
v 0.261243 0.476561 -0.014041
v 0.250000 0.581690 -0.019239
v 0.268193 0.541537 -0.017254
v 0.231807 0.541537 -0.017254
v 0.238757 0.823439 -0.014041
v 0.261243 0.823439 -0.014041
v 0.250000 0.718310 -0.019239
v 0.268193 0.758463 -0.017254
v 0.231807 0.758463 -0.017254
v 0.310388 0.714976 -0.008677
v 0.310388 0.585024 -0.008677
v 0.299145 0.609847 -0.013875
v 0.299145 0.690152 -0.013875
v 0.317336 0.650000 -0.005465
v 0.310388 0.714976 0.008677
v 0.310388 0.585024 0.008677
v 0.299145 0.609847 0.013875
v 0.299145 0.690152 0.013875
v 0.317336 0.650000 0.005465
v 0.189612 0.714976 -0.008677
v 0.189612 0.585024 -0.008677
v 0.200855 0.609847 -0.013875
v 0.200855 0.690152 -0.013875
v 0.182664 0.650000 -0.005465
v 0.189612 0.714976 0.008677
v 0.189612 0.585024 0.008677
v 0.200855 0.609847 0.013875
v 0.200855 0.690152 0.013875
v 0.182664 0.650000 0.005465
v 0.238629 0.887764 0.005258
v 0.238629 0.887764 -0.005258
v 0.261371 0.887764 0.005258
v 0.261371 0.887764 -0.005258
v 0.208856 0.822050 0.008506
v 0.250000 0.862660 0.010515
v 0.220227 0.796943 0.013764
v 0.208856 0.822050 -0.008506
v 0.250000 0.862660 -0.010515
v 0.220227 0.796943 -0.013764
v 0.190455 0.781437 0.000000
v 0.201826 0.756331 -0.011755
v 0.183426 0.715719 -0.003249
v 0.201826 0.756331 0.011755
v 0.183426 0.715719 0.003249
v 0.291144 0.822050 0.008506
v 0.279773 0.796943 0.013764
v 0.291144 0.822050 -0.008506
v 0.279773 0.796943 -0.013764
v 0.309545 0.781437 0.000000
v 0.298174 0.756331 -0.011755
v 0.316574 0.715719 -0.003249
v 0.298174 0.756331 0.011755
v 0.316574 0.715719 0.003249
v 0.238629 0.412236 0.005258
v 0.238629 0.412236 -0.005258
v 0.261371 0.412236 0.005258
v 0.261371 0.412236 -0.005258
v 0.208856 0.477950 0.008506
v 0.250000 0.437340 0.010515
v 0.220227 0.503057 0.013764
v 0.208856 0.477950 -0.008506
v 0.250000 0.437340 -0.010515
v 0.220227 0.503057 -0.013764
v 0.190455 0.518563 0.000000
v 0.201826 0.543669 -0.011755
v 0.183426 0.584281 -0.003249
v 0.201826 0.543669 0.011755
v 0.183426 0.584281 0.003249
v 0.291144 0.477950 0.008506
v 0.279773 0.503057 0.013764
v 0.291144 0.477950 -0.008506
v 0.279773 0.503057 -0.013764
v 0.309545 0.518563 0.000000
v 0.298174 0.543669 -0.011755
v 0.316574 0.584281 -0.003249
v 0.298174 0.543669 0.011755
v 0.316574 0.584281 0.003249
v 0.268401 0.609388 0.019021
v 0.231599 0.609388 0.019021
v 0.268401 0.690612 0.019021
v 0.231599 0.690612 0.019021
v 0.286802 0.650000 0.017013
v 0.213198 0.650000 0.017013
v 0.268401 0.609388 -0.019021
v 0.231599 0.609388 -0.019021
v 0.268401 0.690612 -0.019021
v 0.231599 0.690612 -0.019021
v 0.286802 0.650000 -0.017013
v 0.213198 0.650000 -0.017013
v 0.221768 0.878765 0.000000
v 0.216092 0.866238 0.002624
v 0.216092 0.866238 -0.002624
v 0.206907 0.845968 -0.001622
v 0.206907 0.845968 0.001622
v 0.278232 0.878765 0.000000
v 0.283908 0.866238 0.002624
v 0.283908 0.866238 -0.002624
v 0.293093 0.845968 -0.001622
v 0.293093 0.845968 0.001622
v 0.221768 0.421235 0.000000
v 0.216092 0.433762 0.002624
v 0.216092 0.433762 -0.002624
v 0.206907 0.454032 -0.001622
v 0.206907 0.454032 0.001622
v 0.278232 0.421235 0.000000
v 0.283908 0.433762 0.002624
v 0.283908 0.433762 -0.002624
v 0.293093 0.454032 -0.001622
v 0.293093 0.454032 0.001622
v 0.244324 0.496098 0.015677
v 0.255676 0.496098 0.015677
v 0.250000 0.549170 0.018301
v 0.259184 0.528899 0.017299
v 0.240816 0.528899 0.017299
v 0.244324 0.803902 0.015677
v 0.255676 0.803902 0.015677
v 0.250000 0.750830 0.018301
v 0.259184 0.771100 0.017299
v 0.240816 0.771100 0.017299
v 0.244324 0.496098 -0.015677
v 0.255676 0.496098 -0.015677
v 0.250000 0.549170 -0.018301
v 0.259184 0.528899 -0.017299
v 0.240816 0.528899 -0.017299
v 0.244324 0.803902 -0.015677
v 0.255676 0.803902 -0.015677
v 0.250000 0.750830 -0.018301
v 0.259184 0.771100 -0.017299
v 0.240816 0.771100 -0.017299
v 0.310547 0.682801 -0.009688
v 0.310547 0.617198 -0.009688
v 0.304871 0.629730 -0.012312
v 0.304871 0.670270 -0.012312
v 0.314054 0.650000 -0.008066
v 0.310547 0.682801 0.009688
v 0.310547 0.617198 0.009688
v 0.304871 0.629730 0.012312
v 0.304871 0.670270 0.012312
v 0.314054 0.650000 0.008066
v 0.189453 0.682801 -0.009688
v 0.189453 0.617198 -0.009688
v 0.195129 0.629730 -0.012312
v 0.195129 0.670270 -0.012312
v 0.185946 0.650000 -0.008066
v 0.189453 0.682801 0.009688
v 0.189453 0.617198 0.009688
v 0.195129 0.629730 0.012312
v 0.195129 0.670270 0.012312
v 0.185946 0.650000 0.008066
v 0.240344 0.897610 0.000000
v 0.259656 0.897610 0.000000
v 0.244243 0.896922 0.002662
v 0.244243 0.896922 -0.002662
v 0.255757 0.896922 0.002662
v 0.255757 0.896922 -0.002662
v 0.223749 0.860979 0.007673
v 0.233405 0.839660 0.012137
v 0.233294 0.872751 0.007724
v 0.218222 0.839485 0.009369
v 0.239050 0.860042 0.010386
v 0.223978 0.826775 0.012030
v 0.223749 0.860979 -0.007673
v 0.233405 0.839660 -0.012137
v 0.233294 0.872751 -0.007724
v 0.218222 0.839485 -0.009369
v 0.239050 0.860042 -0.010386
v 0.223978 0.826775 -0.012030
v 0.196895 0.801712 -0.004741
v 0.190926 0.745907 -0.007500
v 0.200503 0.800379 -0.007435
v 0.191188 0.779819 -0.003128
v 0.196944 0.767110 -0.009079
v 0.187630 0.746551 -0.004773
v 0.196895 0.801712 0.004741
v 0.190926 0.745907 0.007500
v 0.200503 0.800379 0.007435
v 0.191188 0.779819 0.003128
v 0.196944 0.767110 0.009079
v 0.187630 0.746551 0.004773
v 0.276251 0.860979 0.007673
v 0.266595 0.839660 0.012137
v 0.266706 0.872751 0.007724
v 0.260950 0.860042 0.010386
v 0.281778 0.839485 0.009369
v 0.276022 0.826775 0.012030
v 0.276251 0.860979 -0.007673
v 0.266595 0.839660 -0.012137
v 0.266706 0.872751 -0.007724
v 0.260950 0.860042 -0.010386
v 0.281778 0.839485 -0.009369
v 0.276022 0.826775 -0.012030
v 0.303105 0.801712 -0.004741
v 0.309074 0.745907 -0.007500
v 0.299497 0.800379 -0.007435
v 0.308812 0.779819 -0.003128
v 0.303056 0.767110 -0.009079
v 0.312370 0.746551 -0.004773
v 0.303105 0.801712 0.004741
v 0.309074 0.745907 0.007500
v 0.299497 0.800379 0.007435
v 0.308812 0.779819 0.003128
v 0.303056 0.767110 0.009079
v 0.312370 0.746551 0.004773
v 0.240344 0.402390 0.000000
v 0.259656 0.402390 0.000000
v 0.244243 0.403078 0.002662
v 0.244243 0.403078 -0.002662
v 0.255757 0.403078 0.002662
v 0.255757 0.403078 -0.002662
v 0.223749 0.439021 0.007673
v 0.233405 0.460340 0.012137
v 0.233294 0.427249 0.007724
v 0.218222 0.460515 0.009369
v 0.239050 0.439958 0.010386
v 0.223978 0.473225 0.012030
v 0.223749 0.439021 -0.007673
v 0.233405 0.460340 -0.012137
v 0.233294 0.427249 -0.007724
v 0.218222 0.460515 -0.009369
v 0.239050 0.439958 -0.010386
v 0.223978 0.473225 -0.012030
v 0.196895 0.498288 -0.004741
v 0.190926 0.554093 -0.007500
v 0.200503 0.499621 -0.007435
v 0.191188 0.520181 -0.003128
v 0.196944 0.532890 -0.009079
v 0.187630 0.553449 -0.004773
v 0.196895 0.498288 0.004741
v 0.190926 0.554093 0.007500
v 0.200503 0.499621 0.007435
v 0.191188 0.520181 0.003128
v 0.196944 0.532890 0.009079
v 0.187630 0.553449 0.004773
v 0.276251 0.439021 0.007673
v 0.266595 0.460340 0.012137
v 0.266706 0.427249 0.007724
v 0.260950 0.439958 0.010386
v 0.281778 0.460515 0.009369
v 0.276022 0.473225 0.012030
v 0.276251 0.439021 -0.007673
v 0.266595 0.460340 -0.012137
v 0.266706 0.427249 -0.007724
v 0.260950 0.439958 -0.010386
v 0.281778 0.460515 -0.009369
v 0.276022 0.473225 -0.012030
v 0.303105 0.498288 -0.004741
v 0.309074 0.554093 -0.007500
v 0.299497 0.499621 -0.007435
v 0.308812 0.520181 -0.003128
v 0.303056 0.532890 -0.009079
v 0.312370 0.553449 -0.004773
v 0.303105 0.498288 0.004741
v 0.309074 0.554093 0.007500
v 0.299497 0.499621 0.007435
v 0.308812 0.520181 0.003128
v 0.303056 0.532890 0.009079
v 0.312370 0.553449 0.004773
v 0.250000 0.615515 0.019809
v 0.250000 0.684485 0.019809
v 0.259315 0.629441 0.019754
v 0.240685 0.629441 0.019754
v 0.259315 0.670559 0.019754
v 0.240685 0.670559 0.019754
v 0.276854 0.556248 0.016878
v 0.292479 0.590733 0.015173
v 0.282791 0.536507 0.015159
v 0.292106 0.557066 0.014142
v 0.277034 0.590335 0.017820
v 0.286349 0.610894 0.016803
v 0.223146 0.556248 0.016878
v 0.207521 0.590733 0.015173
v 0.217209 0.536507 0.015159
v 0.207894 0.557066 0.014142
v 0.222966 0.590335 0.017820
v 0.213651 0.610894 0.016803
v 0.276854 0.743752 0.016878
v 0.292479 0.709267 0.015173
v 0.282791 0.763493 0.015159
v 0.292106 0.742934 0.014142
v 0.277034 0.709665 0.017820
v 0.286349 0.689106 0.016803
v 0.223146 0.743752 0.016878
v 0.207521 0.709267 0.015173
v 0.217209 0.763493 0.015159
v 0.207894 0.742934 0.014142
v 0.222966 0.709665 0.017820
v 0.213651 0.689106 0.016803
v 0.250000 0.615515 -0.019809
v 0.250000 0.684485 -0.019809
v 0.259315 0.629441 -0.019754
v 0.240685 0.629441 -0.019754
v 0.259315 0.670559 -0.019754
v 0.240685 0.670559 -0.019754
v 0.276854 0.556248 -0.016878
v 0.292479 0.590733 -0.015173
v 0.282791 0.536507 -0.015159
v 0.292106 0.557066 -0.014142
v 0.277034 0.590335 -0.017820
v 0.286349 0.610894 -0.016803
v 0.223146 0.556248 -0.016878
v 0.207521 0.590733 -0.015173
v 0.217209 0.536507 -0.015159
v 0.207894 0.557066 -0.014142
v 0.222966 0.590335 -0.017820
v 0.213651 0.610894 -0.016803
v 0.276854 0.743752 -0.016878
v 0.292479 0.709267 -0.015173
v 0.282791 0.763493 -0.015159
v 0.292106 0.742934 -0.014142
v 0.277034 0.709665 -0.017820
v 0.286349 0.689106 -0.016803
v 0.223146 0.743752 -0.016878
v 0.207521 0.709267 -0.015173
v 0.217209 0.763493 -0.015159
v 0.207894 0.742934 -0.014142
v 0.222966 0.709665 -0.017820
v 0.213651 0.689106 -0.016803
v 0.319331 0.650000 -0.002759
v 0.319331 0.650000 0.002759
v 0.319138 0.683269 -0.001645
v 0.319138 0.683269 0.001645
v 0.319138 0.616731 -0.001645
v 0.319138 0.616731 0.001645
v 0.180669 0.650000 -0.002759
v 0.180669 0.650000 0.002759
v 0.180862 0.683269 -0.001645
v 0.180862 0.683269 0.001645
v 0.180862 0.616731 -0.001645
v 0.180862 0.616731 0.001645
v 0.224926 0.881079 0.002633
v 0.224926 0.881079 -0.002633
v 0.234593 0.891599 0.002656
v 0.234593 0.891599 -0.002656
v 0.210014 0.848168 0.004260
v 0.228914 0.879062 0.005282
v 0.213873 0.845866 0.006923
v 0.210014 0.848168 -0.004260
v 0.228914 0.879062 -0.005282
v 0.213873 0.845866 -0.006923
v 0.200798 0.827827 0.000000
v 0.204682 0.825582 -0.005920
v 0.195387 0.805065 -0.001623
v 0.204682 0.825582 0.005920
v 0.195387 0.805065 0.001623
v 0.275074 0.881079 0.002633
v 0.275074 0.881079 -0.002633
v 0.265407 0.891599 0.002656
v 0.265407 0.891599 -0.002656
v 0.289986 0.848168 0.004260
v 0.271086 0.879062 0.005282
v 0.286127 0.845866 0.006923
v 0.289986 0.848168 -0.004260
v 0.271086 0.879062 -0.005282
v 0.286127 0.845866 -0.006923
v 0.299202 0.827827 0.000000
v 0.295318 0.825582 -0.005920
v 0.304613 0.805065 -0.001623
v 0.295318 0.825582 0.005920
v 0.304613 0.805065 0.001623
v 0.224926 0.418921 0.002633
v 0.224926 0.418921 -0.002633
v 0.234593 0.408401 0.002656
v 0.234593 0.408401 -0.002656
v 0.210014 0.451832 0.004260
v 0.228914 0.420938 0.005282
v 0.213873 0.454134 0.006923
v 0.210014 0.451832 -0.004260
v 0.228914 0.420938 -0.005282
v 0.213873 0.454134 -0.006923
v 0.200798 0.472173 0.000000
v 0.204682 0.474418 -0.005920
v 0.195387 0.494935 -0.001623
v 0.204682 0.474418 0.005920
v 0.195387 0.494935 0.001623
v 0.275074 0.418921 0.002633
v 0.275074 0.418921 -0.002633
v 0.265407 0.408401 0.002656
v 0.265407 0.408401 -0.002656
v 0.289986 0.451832 0.004260
v 0.271086 0.420938 0.005282
v 0.286127 0.454134 0.006923
v 0.289986 0.451832 -0.004260
v 0.271086 0.420938 -0.005282
v 0.286127 0.454134 -0.006923
v 0.299202 0.472173 0.000000
v 0.295318 0.474418 -0.005920
v 0.304613 0.494935 -0.001623
v 0.295318 0.474418 0.005920
v 0.304613 0.494935 0.001623
v 0.250000 0.474280 0.014226
v 0.235088 0.507194 0.015853
v 0.244320 0.454953 0.012405
v 0.229280 0.488151 0.014047
v 0.264912 0.507194 0.015853
v 0.255680 0.454953 0.012405
v 0.270720 0.488151 0.014047
v 0.259216 0.560450 0.018486
v 0.240784 0.560450 0.018486
v 0.259296 0.594975 0.019328
v 0.240704 0.594975 0.019328
v 0.274231 0.520975 0.015669
v 0.268487 0.574691 0.018325
v 0.225769 0.520975 0.015669
v 0.231513 0.574691 0.018325
v 0.250000 0.825720 0.014226
v 0.235088 0.792806 0.015853
v 0.244320 0.845047 0.012405
v 0.229280 0.811848 0.014047
v 0.264912 0.792806 0.015853
v 0.255680 0.845047 0.012405
v 0.270720 0.811848 0.014047
v 0.259216 0.739550 0.018486
v 0.240784 0.739550 0.018486
v 0.259296 0.705025 0.019328
v 0.240704 0.705025 0.019328
v 0.274231 0.779024 0.015669
v 0.268487 0.725309 0.018325
v 0.225769 0.779024 0.015669
v 0.231513 0.725309 0.018325
v 0.250000 0.474280 -0.014226
v 0.235088 0.507194 -0.015853
v 0.244320 0.454953 -0.012405
v 0.229280 0.488151 -0.014047
v 0.264912 0.507194 -0.015853
v 0.255680 0.454953 -0.012405
v 0.270720 0.488151 -0.014047
v 0.259216 0.560450 -0.018486
v 0.240784 0.560450 -0.018486
v 0.259296 0.594975 -0.019328
v 0.240704 0.594975 -0.019328
v 0.274231 0.520975 -0.015669
v 0.268487 0.574691 -0.018325
v 0.225769 0.520975 -0.015669
v 0.231513 0.574691 -0.018325
v 0.250000 0.825720 -0.014226
v 0.235088 0.792806 -0.015853
v 0.244320 0.845047 -0.012405
v 0.229280 0.811848 -0.014047
v 0.264912 0.792806 -0.015853
v 0.255680 0.845047 -0.012405
v 0.270720 0.811848 -0.014047
v 0.259216 0.739550 -0.018486
v 0.240784 0.739550 -0.018486
v 0.259296 0.705025 -0.019328
v 0.240704 0.705025 -0.019328
v 0.274231 0.779024 -0.015669
v 0.268487 0.725309 -0.018325
v 0.225769 0.779024 -0.015669
v 0.231513 0.725309 -0.018325
v 0.305487 0.703256 -0.011424
v 0.314702 0.682915 -0.007164
v 0.304843 0.736540 -0.010322
v 0.314137 0.716023 -0.006025
v 0.305487 0.596744 -0.011424
v 0.314702 0.617085 -0.007164
v 0.304843 0.563460 -0.010322
v 0.314137 0.583977 -0.006025
v 0.299791 0.650000 -0.014058
v 0.299163 0.576000 -0.012948
v 0.293418 0.629716 -0.015604
v 0.299163 0.724000 -0.012948
v 0.293418 0.670284 -0.015604
v 0.317648 0.683199 -0.004402
v 0.317648 0.616800 -0.004402
v 0.305487 0.703256 0.011424
v 0.314702 0.682915 0.007164
v 0.304843 0.736540 0.010322
v 0.314137 0.716023 0.006025
v 0.305487 0.596744 0.011424
v 0.314702 0.617085 0.007164
v 0.304843 0.563460 0.010322
v 0.314137 0.583977 0.006025
v 0.299791 0.650000 0.014058
v 0.299163 0.576000 0.012948
v 0.293418 0.629716 0.015604
v 0.299163 0.724000 0.012948
v 0.293418 0.670284 0.015604
v 0.317648 0.683199 0.004402
v 0.317648 0.616800 0.004402
v 0.194513 0.703256 -0.011424
v 0.185298 0.682915 -0.007164
v 0.195157 0.736540 -0.010322
v 0.185863 0.716023 -0.006025
v 0.194513 0.596744 -0.011424
v 0.185298 0.617085 -0.007164
v 0.195157 0.563460 -0.010322
v 0.185863 0.583977 -0.006025
v 0.200209 0.650000 -0.014058
v 0.200837 0.576000 -0.012948
v 0.206582 0.629716 -0.015604
v 0.200837 0.724000 -0.012948
v 0.206582 0.670284 -0.015604
v 0.182352 0.683199 -0.004402
v 0.182352 0.616800 -0.004402
v 0.194513 0.703256 0.011424
v 0.185298 0.682915 0.007164
v 0.195157 0.736540 0.010322
v 0.185863 0.716023 0.006025
v 0.194513 0.596744 0.011424
v 0.185298 0.617085 0.007164
v 0.195157 0.563460 0.010322
v 0.185863 0.583977 0.006025
v 0.200209 0.650000 0.014058
v 0.200837 0.576000 0.012948
v 0.206582 0.629716 0.015604
v 0.200837 0.724000 0.012948
v 0.206582 0.670284 0.015604
v 0.182352 0.683199 0.004402
v 0.182352 0.616800 0.004402
v 0.250000 0.890965 0.005328
v 0.244238 0.878244 0.007992
v 0.250000 0.890965 -0.005328
v 0.244238 0.878244 -0.007992
v 0.255762 0.878244 0.007992
v 0.255762 0.878244 -0.007992
v 0.214064 0.811644 0.011285
v 0.204740 0.791065 0.010267
v 0.210502 0.778342 0.012932
v 0.214064 0.811644 -0.011285
v 0.204740 0.791065 -0.010267
v 0.210502 0.778342 -0.012932
v 0.186092 0.749905 -0.001646
v 0.186092 0.749905 0.001646
v 0.182530 0.716604 0.000000
v 0.285936 0.811644 0.011285
v 0.295260 0.791065 0.010267
v 0.289498 0.778342 0.012932
v 0.285936 0.811644 -0.011285
v 0.295260 0.791065 -0.010267
v 0.289498 0.778342 -0.012932
v 0.313908 0.749905 -0.001646
v 0.313908 0.749905 0.001646
v 0.317470 0.716604 0.000000
v 0.250000 0.409035 0.005328
v 0.244238 0.421756 0.007992
v 0.250000 0.409035 -0.005328
v 0.244238 0.421756 -0.007992
v 0.255762 0.421756 0.007992
v 0.255762 0.421756 -0.007992
v 0.214064 0.488356 0.011285
v 0.204740 0.508935 0.010267
v 0.210502 0.521658 0.012932
v 0.214064 0.488356 -0.011285
v 0.204740 0.508935 -0.010267
v 0.210502 0.521658 -0.012932
v 0.186092 0.550095 -0.001646
v 0.186092 0.550095 0.001646
v 0.182530 0.583396 0.000000
v 0.285936 0.488356 0.011285
v 0.295260 0.508935 0.010267
v 0.289498 0.521658 0.012932
v 0.285936 0.488356 -0.011285
v 0.295260 0.508935 -0.010267
v 0.289498 0.521658 -0.012932
v 0.313908 0.550095 -0.001646
v 0.313908 0.550095 0.001646
v 0.317470 0.583396 0.000000
v 0.268649 0.650000 0.019277
v 0.277973 0.629421 0.018260
v 0.231351 0.650000 0.019277
v 0.222027 0.629421 0.018260
v 0.277973 0.670579 0.018260
v 0.222027 0.670579 0.018260
v 0.268649 0.650000 -0.019277
v 0.277973 0.629421 -0.018260
v 0.231351 0.650000 -0.019277
v 0.222027 0.629421 -0.018260
v 0.277973 0.670579 -0.018260
v 0.222027 0.670579 -0.018260
v -0.063082 0.877737 -0.110000
v 0.063082 0.877737 -0.110000
v -0.063082 0.282263 -0.110000
v 0.063082 0.282263 -0.110000
v 0.000000 0.396010 -0.092986
v 0.000000 0.763990 -0.092986
v 0.000000 0.396010 -0.127014
v 0.000000 0.763990 -0.127014
v 0.102081 0.580000 -0.120514
v 0.102081 0.580000 -0.099486
v -0.102081 0.580000 -0.120514
v -0.102081 0.580000 -0.099486
v 0.000000 0.930000 -0.110000
v -0.037079 0.863155 -0.100000
v -0.037079 0.863155 -0.120000
v -0.097082 0.755007 -0.116180
v -0.097082 0.755007 -0.103820
v 0.037079 0.863155 -0.100000
v 0.037079 0.863155 -0.120000
v 0.097082 0.755007 -0.116180
v 0.097082 0.755007 -0.103820
v 0.000000 0.230000 -0.110000
v -0.037079 0.296845 -0.100000
v -0.037079 0.296845 -0.120000
v -0.097082 0.404993 -0.116180
v -0.097082 0.404993 -0.103820
v 0.037079 0.296845 -0.100000
v 0.037079 0.296845 -0.120000
v 0.097082 0.404993 -0.116180
v 0.097082 0.404993 -0.103820
v 0.000000 0.580000 -0.090000
v 0.060002 0.471852 -0.093820
v -0.060002 0.471852 -0.093820
v 0.060002 0.688148 -0.093820
v -0.060002 0.688148 -0.093820
v 0.000000 0.580000 -0.130000
v 0.060002 0.471852 -0.126180
v -0.060002 0.471852 -0.126180
v 0.060002 0.688148 -0.126180
v -0.060002 0.688148 -0.126180
v 0.120000 0.580000 -0.110000
v -0.120000 0.580000 -0.110000
v -0.032789 0.916681 -0.110000
v -0.052062 0.881939 -0.104802
v -0.052062 0.881939 -0.115198
v -0.083251 0.825725 -0.113212
v -0.083251 0.825725 -0.106788
v 0.032789 0.916681 -0.110000
v 0.052062 0.881939 -0.104802
v 0.052062 0.881939 -0.115198
v 0.083251 0.825725 -0.113212
v 0.083251 0.825725 -0.106788
v -0.032789 0.243319 -0.110000
v -0.052062 0.278061 -0.104802
v -0.052062 0.278061 -0.115198
v -0.083251 0.334275 -0.113212
v -0.083251 0.334275 -0.106788
v 0.032789 0.243319 -0.110000
v 0.052062 0.278061 -0.104802
v 0.052062 0.278061 -0.115198
v 0.083251 0.334275 -0.113212
v 0.083251 0.334275 -0.106788
v -0.019273 0.337185 -0.095959
v 0.019273 0.337185 -0.095959
v 0.000000 0.484366 -0.090761
v 0.031188 0.428151 -0.092746
v -0.031188 0.428151 -0.092746
v -0.019273 0.822815 -0.095959
v 0.019273 0.822815 -0.095959
v 0.000000 0.675634 -0.090761
v 0.031188 0.731849 -0.092746
v -0.031188 0.731849 -0.092746
v -0.019273 0.337185 -0.124041
v 0.019273 0.337185 -0.124041
v 0.000000 0.484366 -0.129239
v 0.031188 0.428151 -0.127254
v -0.031188 0.428151 -0.127254
v -0.019273 0.822815 -0.124041
v 0.019273 0.822815 -0.124041
v 0.000000 0.675634 -0.129239
v 0.031188 0.731849 -0.127254
v -0.031188 0.731849 -0.127254
v 0.103522 0.670966 -0.118677
v 0.103522 0.489034 -0.118677
v 0.084249 0.523786 -0.123875
v 0.084249 0.636213 -0.123875
v 0.115433 0.580000 -0.115465
v 0.103522 0.670966 -0.101323
v 0.103522 0.489034 -0.101323
v 0.084249 0.523786 -0.096125
v 0.084249 0.636213 -0.096125
v 0.115433 0.580000 -0.104535
v -0.103522 0.670966 -0.118677
v -0.103522 0.489034 -0.118677
v -0.084249 0.523786 -0.123875
v -0.084249 0.636213 -0.123875
v -0.115433 0.580000 -0.115465
v -0.103522 0.670966 -0.101323
v -0.103522 0.489034 -0.101323
v -0.084249 0.523786 -0.096125
v -0.084249 0.636213 -0.096125
v -0.115433 0.580000 -0.104535
v -0.019494 0.912869 -0.104742
v -0.019494 0.912869 -0.115258
v 0.019494 0.912869 -0.104742
v 0.019494 0.912869 -0.115258
v -0.070533 0.820871 -0.101494
v 0.000000 0.877724 -0.099485
v -0.051039 0.785720 -0.096236
v -0.070533 0.820871 -0.118506
v 0.000000 0.877724 -0.120515
v -0.051039 0.785720 -0.123764
v -0.102077 0.764012 -0.110000
v -0.082584 0.728864 -0.121755
v -0.114127 0.672007 -0.113249
v -0.082584 0.728864 -0.098245
v -0.114127 0.672007 -0.106751
v 0.070533 0.820871 -0.101494
v 0.051039 0.785720 -0.096236
v 0.070533 0.820871 -0.118506
v 0.051039 0.785720 -0.123764
v 0.102077 0.764012 -0.110000
v 0.082584 0.728864 -0.121755
v 0.114127 0.672007 -0.113249
v 0.082584 0.728864 -0.098245
v 0.114127 0.672007 -0.106751
v -0.019494 0.247131 -0.104742
v -0.019494 0.247131 -0.115258
v 0.019494 0.247131 -0.104742
v 0.019494 0.247131 -0.115258
v -0.070533 0.339129 -0.101494
v 0.000000 0.282276 -0.099485
v -0.051039 0.374279 -0.096236
v -0.070533 0.339129 -0.118506
v 0.000000 0.282276 -0.120515
v -0.051039 0.374279 -0.123764
v -0.102077 0.395988 -0.110000
v -0.082584 0.431136 -0.121755
v -0.114127 0.487993 -0.113249
v -0.082584 0.431136 -0.098245
v -0.114127 0.487993 -0.106751
v 0.070533 0.339129 -0.101494
v 0.051039 0.374279 -0.096236
v 0.070533 0.339129 -0.118506
v 0.051039 0.374279 -0.123764
v 0.102077 0.395988 -0.110000
v 0.082584 0.431136 -0.121755
v 0.114127 0.487993 -0.113249
v 0.082584 0.431136 -0.098245
v 0.114127 0.487993 -0.106751
v 0.031545 0.523143 -0.090979
v -0.031545 0.523143 -0.090979
v 0.031545 0.636857 -0.090979
v -0.031545 0.636857 -0.090979
v 0.063090 0.580000 -0.092987
v -0.063090 0.580000 -0.092987
v 0.031545 0.523143 -0.129021
v -0.031545 0.523143 -0.129021
v 0.031545 0.636857 -0.129021
v -0.031545 0.636857 -0.129021
v 0.063090 0.580000 -0.127013
v -0.063090 0.580000 -0.127013
v -0.048398 0.900271 -0.110000
v -0.058128 0.882733 -0.107376
v -0.058128 0.882733 -0.112624
v -0.073873 0.854355 -0.111622
v -0.073873 0.854355 -0.108378
v 0.048398 0.900271 -0.110000
v 0.058128 0.882733 -0.107376
v 0.058128 0.882733 -0.112624
v 0.073873 0.854355 -0.111622
v 0.073873 0.854355 -0.108378
v -0.048398 0.259729 -0.110000
v -0.058128 0.277267 -0.107376
v -0.058128 0.277267 -0.112624
v -0.073873 0.305645 -0.111622
v -0.073873 0.305645 -0.108378
v 0.048398 0.259729 -0.110000
v 0.058128 0.277267 -0.107376
v 0.058128 0.277267 -0.112624
v 0.073873 0.305645 -0.111622
v 0.073873 0.305645 -0.108378
v -0.009730 0.364537 -0.094323
v 0.009730 0.364537 -0.094323
v 0.000000 0.438838 -0.091699
v 0.015745 0.410459 -0.092701
v -0.015745 0.410459 -0.092701
v -0.009730 0.795463 -0.094323
v 0.009730 0.795463 -0.094323
v 0.000000 0.721162 -0.091699
v 0.015745 0.749541 -0.092701
v -0.015745 0.749541 -0.092701
v -0.009730 0.364537 -0.125677
v 0.009730 0.364537 -0.125677
v 0.000000 0.438838 -0.128301
v 0.015745 0.410459 -0.127299
v -0.015745 0.410459 -0.127299
v -0.009730 0.795463 -0.125677
v 0.009730 0.795463 -0.125677
v 0.000000 0.721162 -0.128301
v 0.015745 0.749541 -0.127299
v -0.015745 0.749541 -0.127299
v 0.103794 0.625922 -0.119688
v 0.103794 0.534078 -0.119688
v 0.094064 0.551622 -0.122312
v 0.094064 0.608378 -0.122312
v 0.109807 0.580000 -0.118066
v 0.103794 0.625922 -0.100312
v 0.103794 0.534078 -0.100312
v 0.094064 0.551622 -0.097688
v 0.094064 0.608378 -0.097688
v 0.109807 0.580000 -0.101934
v -0.103794 0.625922 -0.119688
v -0.103794 0.534078 -0.119688
v -0.094064 0.551622 -0.122312
v -0.094064 0.608378 -0.122312
v -0.109807 0.580000 -0.118066
v -0.103794 0.625922 -0.100312
v -0.103794 0.534078 -0.100312
v -0.094064 0.551622 -0.097688
v -0.094064 0.608378 -0.097688
v -0.109807 0.580000 -0.101934
v -0.016553 0.926654 -0.110000
v 0.016553 0.926654 -0.110000
v -0.009868 0.925691 -0.107338
v -0.009868 0.925691 -0.112662
v 0.009868 0.925691 -0.107338
v 0.009868 0.925691 -0.112662
v -0.045001 0.875371 -0.102327
v -0.028448 0.845524 -0.097863
v -0.028639 0.891852 -0.102276
v -0.054477 0.845279 -0.100631
v -0.018771 0.874059 -0.099614
v -0.044608 0.827485 -0.097970
v -0.045001 0.875371 -0.117673
v -0.028448 0.845524 -0.122137
v -0.028639 0.891852 -0.117724
v -0.054477 0.845279 -0.119369
v -0.018771 0.874059 -0.120386
v -0.044608 0.827485 -0.122030
v -0.091037 0.792397 -0.114741
v -0.101270 0.714270 -0.117500
v -0.084852 0.790531 -0.117435
v -0.100820 0.761747 -0.113128
v -0.090953 0.743954 -0.119079
v -0.106921 0.715171 -0.114773
v -0.091037 0.792397 -0.105259
v -0.101270 0.714270 -0.102500
v -0.084852 0.790531 -0.102565
v -0.100820 0.761747 -0.106872
v -0.090953 0.743954 -0.100921
v -0.106921 0.715171 -0.105227
v 0.045001 0.875371 -0.102327
v 0.028448 0.845524 -0.097863
v 0.028639 0.891852 -0.102276
v 0.018771 0.874059 -0.099614
v 0.054477 0.845279 -0.100631
v 0.044608 0.827485 -0.097970
v 0.045001 0.875371 -0.117673
v 0.028448 0.845524 -0.122137
v 0.028639 0.891852 -0.117724
v 0.018771 0.874059 -0.120386
v 0.054477 0.845279 -0.119369
v 0.044608 0.827485 -0.122030
v 0.091037 0.792397 -0.114741
v 0.101270 0.714270 -0.117500
v 0.084852 0.790531 -0.117435
v 0.100820 0.761747 -0.113128
v 0.090953 0.743954 -0.119079
v 0.106921 0.715171 -0.114773
v 0.091037 0.792397 -0.105259
v 0.101270 0.714270 -0.102500
v 0.084852 0.790531 -0.102565
v 0.100820 0.761747 -0.106872
v 0.090953 0.743954 -0.100921
v 0.106921 0.715171 -0.105227
v -0.016553 0.233346 -0.110000
v 0.016553 0.233346 -0.110000
v -0.009868 0.234309 -0.107338
v -0.009868 0.234309 -0.112662
v 0.009868 0.234309 -0.107338
v 0.009868 0.234309 -0.112662
v -0.045001 0.284629 -0.102327
v -0.028448 0.314476 -0.097863
v -0.028639 0.268148 -0.102276
v -0.054477 0.314721 -0.100631
v -0.018771 0.285941 -0.099614
v -0.044608 0.332515 -0.097970
v -0.045001 0.284629 -0.117673
v -0.028448 0.314476 -0.122137
v -0.028639 0.268148 -0.117724
v -0.054477 0.314721 -0.119369
v -0.018771 0.285941 -0.120386
v -0.044608 0.332515 -0.122030
v -0.091037 0.367603 -0.114741
v -0.101270 0.445730 -0.117500
v -0.084852 0.369469 -0.117435
v -0.100820 0.398253 -0.113128
v -0.090953 0.416046 -0.119079
v -0.106921 0.444829 -0.114773
v -0.091037 0.367603 -0.105259
v -0.101270 0.445730 -0.102500
v -0.084852 0.369469 -0.102565
v -0.100820 0.398253 -0.106872
v -0.090953 0.416046 -0.100921
v -0.106921 0.444829 -0.105227
v 0.045001 0.284629 -0.102327
v 0.028448 0.314476 -0.097863
v 0.028639 0.268148 -0.102276
v 0.018771 0.285941 -0.099614
v 0.054477 0.314721 -0.100631
v 0.044608 0.332515 -0.097970
v 0.045001 0.284629 -0.117673
v 0.028448 0.314476 -0.122137
v 0.028639 0.268148 -0.117724
v 0.018771 0.285941 -0.120386
v 0.054477 0.314721 -0.119369
v 0.044608 0.332515 -0.122030
v 0.091037 0.367603 -0.114741
v 0.101270 0.445730 -0.117500
v 0.084852 0.369469 -0.117435
v 0.100820 0.398253 -0.113128
v 0.090953 0.416046 -0.119079
v 0.106921 0.444829 -0.114773
v 0.091037 0.367603 -0.105259
v 0.101270 0.445730 -0.102500
v 0.084852 0.369469 -0.102565
v 0.100820 0.398253 -0.106872
v 0.090953 0.416046 -0.100921
v 0.106921 0.444829 -0.105227
v 0.000000 0.531721 -0.090191
v 0.000000 0.628279 -0.090191
v 0.015969 0.551217 -0.090246
v -0.015969 0.551217 -0.090246
v 0.015969 0.608783 -0.090246
v -0.015969 0.608783 -0.090246
v 0.046036 0.448747 -0.093122
v 0.072822 0.497026 -0.094827
v 0.056213 0.421110 -0.094841
v 0.072182 0.449892 -0.095858
v 0.046344 0.496469 -0.092180
v 0.062313 0.525252 -0.093197
v -0.046036 0.448747 -0.093122
v -0.072822 0.497026 -0.094827
v -0.056213 0.421110 -0.094841
v -0.072182 0.449892 -0.095858
v -0.046344 0.496469 -0.092180
v -0.062313 0.525252 -0.093197
v 0.046036 0.711253 -0.093122
v 0.072822 0.662974 -0.094827
v 0.056213 0.738890 -0.094841
v 0.072182 0.710108 -0.095858
v 0.046344 0.663531 -0.092180
v 0.062313 0.634748 -0.093197
v -0.046036 0.711253 -0.093122
v -0.072822 0.662974 -0.094827
v -0.056213 0.738890 -0.094841
v -0.072182 0.710108 -0.095858
v -0.046344 0.663531 -0.092180
v -0.062313 0.634748 -0.093197
v 0.000000 0.531721 -0.129809
v 0.000000 0.628279 -0.129809
v 0.015969 0.551217 -0.129754
v -0.015969 0.551217 -0.129754
v 0.015969 0.608783 -0.129754
v -0.015969 0.608783 -0.129754
v 0.046036 0.448747 -0.126878
v 0.072822 0.497026 -0.125173
v 0.056213 0.421110 -0.125159
v 0.072182 0.449892 -0.124142
v 0.046344 0.496469 -0.127820
v 0.062313 0.525252 -0.126803
v -0.046036 0.448747 -0.126878
v -0.072822 0.497026 -0.125173
v -0.056213 0.421110 -0.125159
v -0.072182 0.449892 -0.124142
v -0.046344 0.496469 -0.127820
v -0.062313 0.525252 -0.126803
v 0.046036 0.711253 -0.126878
v 0.072822 0.662974 -0.125173
v 0.056213 0.738890 -0.125159
v 0.072182 0.710108 -0.124142
v 0.046344 0.663531 -0.127820
v 0.062313 0.634748 -0.126803
v -0.046036 0.711253 -0.126878
v -0.072822 0.662974 -0.125173
v -0.056213 0.738890 -0.125159
v -0.072182 0.710108 -0.124142
v -0.046344 0.663531 -0.127820
v -0.062313 0.634748 -0.126803
v 0.118853 0.580000 -0.112759
v 0.118853 0.580000 -0.107241
v 0.118523 0.626577 -0.111645
v 0.118523 0.626577 -0.108355
v 0.118523 0.533423 -0.111645
v 0.118523 0.533423 -0.108355
v -0.118853 0.580000 -0.112759
v -0.118853 0.580000 -0.107241
v -0.118523 0.626577 -0.111645
v -0.118523 0.626577 -0.108355
v -0.118523 0.533423 -0.111645
v -0.118523 0.533423 -0.108355
v -0.042984 0.903510 -0.107367
v -0.042984 0.903510 -0.112633
v -0.026412 0.918239 -0.107344
v -0.026412 0.918239 -0.112656
v -0.068547 0.857435 -0.105740
v -0.036148 0.900687 -0.104718
v -0.061932 0.854213 -0.103077
v -0.068547 0.857435 -0.114260
v -0.036148 0.900687 -0.115282
v -0.061932 0.854213 -0.116923
v -0.084346 0.828957 -0.110000
v -0.077687 0.825815 -0.115920
v -0.093622 0.797092 -0.111623
v -0.077687 0.825815 -0.104080
v -0.093622 0.797092 -0.108377
v 0.042984 0.903510 -0.107367
v 0.042984 0.903510 -0.112633
v 0.026412 0.918239 -0.107344
v 0.026412 0.918239 -0.112656
v 0.068547 0.857435 -0.105740
v 0.036148 0.900687 -0.104718
v 0.061932 0.854213 -0.103077
v 0.068547 0.857435 -0.114260
v 0.036148 0.900687 -0.115282
v 0.061932 0.854213 -0.116923
v 0.084346 0.828957 -0.110000
v 0.077687 0.825815 -0.115920
v 0.093622 0.797092 -0.111623
v 0.077687 0.825815 -0.104080
v 0.093622 0.797092 -0.108377
v -0.042984 0.256490 -0.107367
v -0.042984 0.256490 -0.112633
v -0.026412 0.241761 -0.107344
v -0.026412 0.241761 -0.112656
v -0.068547 0.302565 -0.105740
v -0.036148 0.259313 -0.104718
v -0.061932 0.305787 -0.103077
v -0.068547 0.302565 -0.114260
v -0.036148 0.259313 -0.115282
v -0.061932 0.305787 -0.116923
v -0.084346 0.331043 -0.110000
v -0.077687 0.334185 -0.115920
v -0.093622 0.362908 -0.111623
v -0.077687 0.334185 -0.104080
v -0.093622 0.362908 -0.108377
v 0.042984 0.256490 -0.107367
v 0.042984 0.256490 -0.112633
v 0.026412 0.241761 -0.107344
v 0.026412 0.241761 -0.112656
v 0.068547 0.302565 -0.105740
v 0.036148 0.259313 -0.104718
v 0.061932 0.305787 -0.103077
v 0.068547 0.302565 -0.114260
v 0.036148 0.259313 -0.115282
v 0.061932 0.305787 -0.116923
v 0.084346 0.331043 -0.110000
v 0.077687 0.334185 -0.115920
v 0.093622 0.362908 -0.111623
v 0.077687 0.334185 -0.104080
v 0.093622 0.362908 -0.108377
v 0.000000 0.333991 -0.095774
v -0.025563 0.380072 -0.094147
v -0.009736 0.306934 -0.097595
v -0.035520 0.353412 -0.095953
v 0.025563 0.380072 -0.094147
v 0.009736 0.306934 -0.097595
v 0.035520 0.353412 -0.095953
v 0.015799 0.454630 -0.091514
v -0.015799 0.454630 -0.091514
v 0.015936 0.502966 -0.090672
v -0.015936 0.502966 -0.090672
v 0.041539 0.399366 -0.094331
v 0.031691 0.474568 -0.091675
v -0.041539 0.399366 -0.094331
v -0.031691 0.474568 -0.091675
v 0.000000 0.826009 -0.095774
v -0.025563 0.779928 -0.094147
v -0.009736 0.853066 -0.097595
v -0.035520 0.806588 -0.095953
v 0.025563 0.779928 -0.094147
v 0.009736 0.853066 -0.097595
v 0.035520 0.806588 -0.095953
v 0.015799 0.705369 -0.091514
v -0.015799 0.705369 -0.091514
v 0.015936 0.657034 -0.090672
v -0.015936 0.657034 -0.090672
v 0.041539 0.760634 -0.094331
v 0.031691 0.685432 -0.091675
v -0.041539 0.760634 -0.094331
v -0.031691 0.685432 -0.091675
v 0.000000 0.333991 -0.124226
v -0.025563 0.380072 -0.125853
v -0.009736 0.306934 -0.122405
v -0.035520 0.353412 -0.124047
v 0.025563 0.380072 -0.125853
v 0.009736 0.306934 -0.122405
v 0.035520 0.353412 -0.124047
v 0.015799 0.454630 -0.128486
v -0.015799 0.454630 -0.128486
v 0.015936 0.502966 -0.129328
v -0.015936 0.502966 -0.129328
v 0.041539 0.399366 -0.125669
v 0.031691 0.474568 -0.128325
v -0.041539 0.399366 -0.125669
v -0.031691 0.474568 -0.128325
v 0.000000 0.826009 -0.124226
v -0.025563 0.779928 -0.125853
v -0.009736 0.853066 -0.122405
v -0.035520 0.806588 -0.124047
v 0.025563 0.779928 -0.125853
v 0.009736 0.853066 -0.122405
v 0.035520 0.806588 -0.124047
v 0.015799 0.705369 -0.128486
v -0.015799 0.705369 -0.128486
v 0.015936 0.657034 -0.129328
v -0.015936 0.657034 -0.129328
v 0.041539 0.760634 -0.125669
v 0.031691 0.685432 -0.128325
v -0.041539 0.760634 -0.125669
v -0.031691 0.685432 -0.128325
v 0.095120 0.654558 -0.121424
v 0.110918 0.626081 -0.117164
v 0.094016 0.701155 -0.120322
v 0.109950 0.672433 -0.116025
v 0.095120 0.505442 -0.121424
v 0.110918 0.533919 -0.117164
v 0.094016 0.458845 -0.120322
v 0.109950 0.487567 -0.116025
v 0.085357 0.580000 -0.124058
v 0.084279 0.476401 -0.122948
v 0.074431 0.551602 -0.125604
v 0.084279 0.683599 -0.122948
v 0.074431 0.608398 -0.125604
v 0.115968 0.626479 -0.114402
v 0.115968 0.533521 -0.114402
v 0.095120 0.654558 -0.098576
v 0.110918 0.626081 -0.102836
v 0.094016 0.701155 -0.099678
v 0.109950 0.672433 -0.103975
v 0.095120 0.505442 -0.098576
v 0.110918 0.533919 -0.102836
v 0.094016 0.458845 -0.099678
v 0.109950 0.487567 -0.103975
v 0.085357 0.580000 -0.095942
v 0.084279 0.476401 -0.097052
v 0.074431 0.551602 -0.094396
v 0.084279 0.683599 -0.097052
v 0.074431 0.608398 -0.094396
v 0.115968 0.626479 -0.105598
v 0.115968 0.533521 -0.105598
v -0.095120 0.654558 -0.121424
v -0.110918 0.626081 -0.117164
v -0.094016 0.701155 -0.120322
v -0.109950 0.672433 -0.116025
v -0.095120 0.505442 -0.121424
v -0.110918 0.533919 -0.117164
v -0.094016 0.458845 -0.120322
v -0.109950 0.487567 -0.116025
v -0.085357 0.580000 -0.124058
v -0.084279 0.476401 -0.122948
v -0.074431 0.551602 -0.125604
v -0.084279 0.683599 -0.122948
v -0.074431 0.608398 -0.125604
v -0.115968 0.626479 -0.114402
v -0.115968 0.533521 -0.114402
v -0.095120 0.654558 -0.098576
v -0.110918 0.626081 -0.102836
v -0.094016 0.701155 -0.099678
v -0.109950 0.672433 -0.103975
v -0.095120 0.505442 -0.098576
v -0.110918 0.533919 -0.102836
v -0.094016 0.458845 -0.099678
v -0.109950 0.487567 -0.103975
v -0.085357 0.580000 -0.095942
v -0.084279 0.476401 -0.097052
v -0.074431 0.551602 -0.094396
v -0.084279 0.683599 -0.097052
v -0.074431 0.608398 -0.094396
v -0.115968 0.626479 -0.105598
v -0.115968 0.533521 -0.105598
v 0.000000 0.917350 -0.104672
v -0.009878 0.899542 -0.102008
v 0.000000 0.917350 -0.115328
v -0.009878 0.899542 -0.117992
v 0.009878 0.899542 -0.102008
v 0.009878 0.899542 -0.117992
v -0.061604 0.806302 -0.098715
v -0.077589 0.777491 -0.099733
v -0.067711 0.759679 -0.097068
v -0.061604 0.806302 -0.121285
v -0.077589 0.777491 -0.120267
v -0.067711 0.759679 -0.122932
v -0.109557 0.719867 -0.111646
v -0.109557 0.719867 -0.108354
v -0.115663 0.673245 -0.110000
v 0.061604 0.806302 -0.098715
v 0.077589 0.777491 -0.099733
v 0.067711 0.759679 -0.097068
v 0.061604 0.806302 -0.121285
v 0.077589 0.777491 -0.120267
v 0.067711 0.759679 -0.122932
v 0.109557 0.719867 -0.111646
v 0.109557 0.719867 -0.108354
v 0.115663 0.673245 -0.110000
v 0.000000 0.242650 -0.104672
v -0.009878 0.260458 -0.102008
v 0.000000 0.242650 -0.115328
v -0.009878 0.260458 -0.117992
v 0.009878 0.260458 -0.102008
v 0.009878 0.260458 -0.117992
v -0.061604 0.353698 -0.098715
v -0.077589 0.382509 -0.099733
v -0.067711 0.400321 -0.097068
v -0.061604 0.353698 -0.121285
v -0.077589 0.382509 -0.120267
v -0.067711 0.400321 -0.122932
v -0.109557 0.440133 -0.111646
v -0.109557 0.440133 -0.108354
v -0.115663 0.486755 -0.110000
v 0.061604 0.353698 -0.098715
v 0.077589 0.382509 -0.099733
v 0.067711 0.400321 -0.097068
v 0.061604 0.353698 -0.121285
v 0.077589 0.382509 -0.120267
v 0.067711 0.400321 -0.122932
v 0.109557 0.440133 -0.111646
v 0.109557 0.440133 -0.108354
v 0.115663 0.486755 -0.110000
v 0.031970 0.580000 -0.090723
v 0.047955 0.551189 -0.091740
v -0.031970 0.580000 -0.090723
v -0.047955 0.551189 -0.091740
v 0.047955 0.608811 -0.091740
v -0.047955 0.608811 -0.091740
v 0.031970 0.580000 -0.129277
v 0.047955 0.551189 -0.128260
v -0.031970 0.580000 -0.129277
v -0.047955 0.551189 -0.128260
v 0.047955 0.608811 -0.128260
v -0.047955 0.608811 -0.128260
f 1 167 164
f 1 164 163
f 1 163 165
f 1 165 166
f 1 166 167
f 2 169 172
f 6 192 190
f 12 222 219
f 11 216 215
f 8 199 201
f 4 182 179
f 4 179 178
f 4 178 180
f 4 180 181
f 4 181 182
f 5 186 185
f 3 174 177
f 7 193 197
f 9 205 206
f 10 212 208
f 12 221 218
f 6 189 188
f 2 170 168
f 8 202 198
f 11 217 213
f 6 191 189
f 12 220 221
f 11 214 217
f 8 200 202
f 2 171 170
f 10 210 209
f 5 183 184
f 3 175 173
f 7 196 194
f 9 207 204
f 10 211 210
f 5 187 183
f 3 176 175
f 7 195 196
f 9 203 207
f 6 188 192
f 2 168 169
f 8 198 199
f 11 213 216
f 12 218 222
f 10 208 211
f 5 185 187
f 3 177 176
f 7 197 195
f 9 206 203
f 5 184 186
f 3 173 174
f 7 194 193
f 9 204 205
f 10 209 212
f 6 190 191
f 12 219 220
f 11 215 214
f 8 201 200
f 2 172 171
f 35 357 358
f 18 255 256
f 19 262 261
f 40 388 387
f 42 400 399
f 34 352 351
f 33 347 348
f 25 298 300
f 36 364 366
f 20 269 267
f 32 339 340
f 23 285 287
f 24 293 291
f 37 370 369
f 41 396 395
f 34 353 354
f 33 346 345
f 25 299 297
f 36 365 363
f 20 268 270
f 17 249 247
f 14 231 229
f 13 226 223
f 15 238 235
f 16 244 241
f 18 257 253
f 35 359 355
f 42 402 398
f 40 390 386
f 19 264 260
f 30 327 325
f 27 309 307
f 22 282 278
f 28 317 313
f 29 322 319
f 32 341 337
f 23 286 283
f 24 294 290
f 37 372 368
f 41 394 392
f 35 358 356
f 18 256 254
f 19 261 259
f 40 387 385
f 42 399 397
f 34 351 349
f 33 348 344
f 25 300 296
f 36 366 362
f 20 267 265
f 32 340 338
f 23 287 284
f 24 291 289
f 37 369 367
f 41 395 391
f 34 354 350
f 33 345 343
f 25 297 295
f 36 363 361
f 20 270 266
f 14 234 230
f 13 227 224
f 15 239 236
f 16 245 242
f 17 252 248
f 21 275 272
f 31 334 331
f 26 304 301
f 38 377 373
f 39 382 380
f 27 312 308
f 22 279 277
f 28 316 314
f 29 323 320
f 30 330 326
f 31 335 332
f 26 305 302
f 38 376 374
f 39 383 379
f 21 274 271
f 14 232 234
f 13 225 227
f 15 237 239
f 16 243 245
f 17 250 252
f 21 273 275
f 31 336 334
f 26 306 304
f 38 378 377
f 39 381 382
f 27 311 312
f 22 281 279
f 28 315 316
f 29 321 323
f 30 328 330
f 31 333 335
f 26 303 305
f 38 375 376
f 39 384 383
f 21 276 274
f 14 229 232
f 13 223 225
f 15 235 237
f 16 241 243
f 17 247 250
f 21 271 273
f 31 332 336
f 26 302 306
f 38 374 378
f 39 379 381
f 27 307 311
f 22 278 281
f 28 313 315
f 29 319 321
f 30 325 328
f 31 331 333
f 26 301 303
f 38 373 375
f 39 380 384
f 21 272 276
f 17 248 251
f 14 230 233
f 13 224 228
f 15 236 240
f 16 242 246
f 18 254 258
f 35 356 360
f 42 397 401
f 40 385 389
f 19 259 263
f 30 326 329
f 27 308 310
f 22 277 280
f 28 314 318
f 29 320 324
f 32 338 342
f 23 284 288
f 24 289 292
f 37 367 371
f 41 391 393
f 35 355 357
f 18 253 255
f 19 260 262
f 40 386 388
f 42 398 400
f 34 350 352
f 33 343 347
f 25 295 298
f 36 361 364
f 20 266 269
f 32 337 339
f 23 283 285
f 24 290 293
f 37 368 370
f 41 392 396
f 34 349 353
f 33 344 346
f 25 296 299
f 36 362 365
f 20 265 268
f 17 251 249
f 14 233 231
f 13 228 226
f 15 240 238
f 16 246 244
f 18 258 257
f 35 360 359
f 42 401 402
f 40 389 390
f 19 263 264
f 30 329 327
f 27 310 309
f 22 280 282
f 28 318 317
f 29 324 322
f 32 342 341
f 23 288 286
f 24 292 294
f 37 371 372
f 41 393 394
f 107 409 416
f 103 405 408
f 104 411 406
f 110 414 412
f 113 417 415
f 118 431 424
f 154 488 492
f 141 575 582
f 162 563 565
f 121 519 514
f 142 454 461
f 129 450 453
f 130 456 451
f 144 459 457
f 146 462 460
f 151 472 475
f 131 446 439
f 136 506 496
f 161 535 533
f 126 541 551
f 116 570 579
f 108 480 483
f 106 421 426
f 112 511 521
f 115 556 566
f 119 484 489
f 156 580 578
f 139 567 560
f 160 522 518
f 120 427 429
f 149 544 547
f 132 468 465
f 128 436 441
f 145 499 504
f 148 530 537
f 155 548 550
f 133 466 476
f 134 442 444
f 157 505 502
f 124 536 526
f 109 491 481
f 105 423 420
f 111 513 510
f 114 564 555
f 117 581 571
f 125 549 540
f 152 477 473
f 137 445 447
f 158 503 507
f 123 525 534
f 143 474 469
f 127 438 435
f 135 495 498
f 147 532 529
f 150 552 545
f 153 490 487
f 140 577 574
f 138 559 562
f 159 517 520
f 122 430 432
f 107 590 589
f 103 584 583
f 104 585 586
f 110 592 593
f 113 595 596
f 118 598 599
f 154 636 633
f 141 621 620
f 162 642 640
f 121 601 603
f 142 623 622
f 129 611 607
f 130 609 612
f 144 625 626
f 146 628 629
f 151 632 631
f 131 613 614
f 136 616 618
f 161 638 641
f 126 606 605
f 47 407 167
f 44 403 164
f 43 404 163
f 45 410 165
f 46 413 166
f 49 422 169
f 72 486 192
f 102 573 222
f 96 561 216
f 79 512 199
f 62 452 182
f 59 448 179
f 58 449 178
f 60 455 180
f 61 458 181
f 66 470 186
f 54 437 174
f 73 494 193
f 85 531 205
f 92 539 212
f 101 568 221
f 69 478 189
f 50 419 170
f 82 509 202
f 97 554 217
f 71 482 191
f 100 576 220
f 94 558 214
f 80 516 200
f 51 425 171
f 90 542 210
f 63 463 183
f 55 434 175
f 76 497 196
f 87 528 207
f 91 546 211
f 67 464 187
f 56 440 176
f 75 500 195
f 83 524 203
f 68 479 188
f 48 418 168
f 78 508 198
f 93 553 213
f 98 569 218
f 88 538 208
f 65 471 185
f 57 443 177
f 77 501 197
f 86 523 206
f 64 467 184
f 53 433 173
f 74 493 194
f 84 527 204
f 89 543 209
f 70 485 190
f 99 572 219
f 95 557 215
f 81 515 201
f 52 428 172
f 109 591 357
f 105 587 255
f 111 588 262
f 114 594 388
f 117 597 400
f 125 600 352
f 152 634 347
f 137 619 298
f 158 639 364
f 123 602 269
f 143 624 339
f 127 608 285
f 135 610 293
f 147 627 370
f 150 630 396
f 153 635 353
f 140 615 346
f 138 617 299
f 159 637 365
f 122 604 268
f 107 416 249
f 103 408 231
f 104 406 226
f 110 412 238
f 113 415 244
f 118 424 257
f 154 492 359
f 141 582 402
f 162 565 390
f 121 514 264
f 142 461 327
f 129 453 309
f 130 451 282
f 144 457 317
f 146 460 322
f 151 475 341
f 131 439 286
f 136 496 294
f 161 533 372
f 126 551 394
f 116 579 358
f 108 483 256
f 106 426 261
f 112 521 387
f 115 566 399
f 119 489 351
f 156 578 348
f 139 560 300
f 160 518 366
f 120 429 267
f 149 547 340
f 132 465 287
f 128 441 291
f 145 504 369
f 148 537 395
f 155 550 354
f 133 476 345
f 134 444 297
f 157 502 363
f 124 526 270
f 109 481 234
f 105 420 227
f 111 510 239
f 114 555 245
f 117 571 252
f 125 540 275
f 152 473 334
f 137 447 304
f 158 507 377
f 123 534 382
f 143 469 312
f 127 435 279
f 135 498 316
f 147 529 323
f 150 545 330
f 153 487 335
f 140 574 305
f 138 562 376
f 159 520 383
f 122 432 274
f 107 589 232
f 103 583 225
f 104 586 237
f 110 593 243
f 113 596 250
f 118 599 273
f 154 633 336
f 141 620 306
f 162 640 378
f 121 603 381
f 142 622 311
f 129 607 281
f 130 612 315
f 144 626 321
f 146 629 328
f 151 631 333
f 131 614 303
f 136 618 375
f 161 641 384
f 126 605 276
f 44 409 229
f 43 405 223
f 45 411 235
f 46 414 241
f 47 417 247
f 52 431 271
f 70 488 332
f 99 575 302
f 95 563 374
f 81 519 379
f 59 454 307
f 58 450 278
f 60 456 313
f 61 459 319
f 62 462 325
f 65 472 331
f 57 446 301
f 77 506 373
f 86 535 380
f 88 541 272
f 98 570 248
f 68 480 230
f 48 421 224
f 78 511 236
f 93 556 242
f 69 484 254
f 101 580 356
f 97 567 397
f 82 522 385
f 50 427 259
f 89 544 326
f 64 468 308
f 53 436 277
f 74 499 314
f 84 530 320
f 90 548 338
f 63 466 284
f 55 442 289
f 76 505 367
f 87 536 391
f 72 491 355
f 49 423 253
f 79 513 260
f 96 564 386
f 102 581 398
f 91 549 350
f 67 477 343
f 56 445 295
f 75 503 361
f 83 525 266
f 66 474 337
f 54 438 283
f 73 495 290
f 85 532 368
f 92 552 392
f 71 490 349
f 100 577 344
f 94 559 296
f 80 517 362
f 51 430 265
f 116 590 251
f 108 584 233
f 106 585 228
f 112 592 240
f 115 595 246
f 119 598 258
f 156 636 360
f 139 621 401
f 160 642 389
f 120 601 263
f 149 623 329
f 132 611 310
f 128 609 280
f 145 625 318
f 148 628 324
f 155 632 342
f 133 613 288
f 134 616 292
f 157 638 371
f 124 606 393
f 44 407 409
f 43 403 405
f 45 404 411
f 46 410 414
f 47 413 417
f 52 422 431
f 70 486 488
f 99 573 575
f 95 561 563
f 81 512 519
f 59 452 454
f 58 448 450
f 60 449 456
f 61 455 459
f 62 458 462
f 65 470 472
f 57 437 446
f 77 494 506
f 86 531 535
f 88 539 541
f 98 568 570
f 68 478 480
f 48 419 421
f 78 509 511
f 93 554 556
f 69 482 484
f 101 576 580
f 97 558 567
f 82 516 522
f 50 425 427
f 89 542 544
f 64 463 468
f 53 434 436
f 74 497 499
f 84 528 530
f 90 546 548
f 63 464 466
f 55 440 442
f 76 500 505
f 87 524 536
f 72 479 491
f 49 418 423
f 79 508 513
f 96 553 564
f 102 569 581
f 91 538 549
f 67 471 477
f 56 443 445
f 75 501 503
f 83 523 525
f 66 467 474
f 54 433 438
f 73 493 495
f 85 527 532
f 92 543 552
f 71 485 490
f 100 572 577
f 94 557 559
f 80 515 517
f 51 428 430
f 116 591 590
f 108 587 584
f 106 588 585
f 112 594 592
f 115 597 595
f 119 600 598
f 156 634 636
f 139 619 621
f 160 639 642
f 120 602 601
f 149 624 623
f 132 608 611
f 128 610 609
f 145 627 625
f 148 630 628
f 155 635 632
f 133 615 613
f 134 617 616
f 157 637 638
f 124 604 606
f 44 164 407
f 43 163 403
f 45 165 404
f 46 166 410
f 47 167 413
f 52 172 422
f 70 190 486
f 99 219 573
f 95 215 561
f 81 201 512
f 59 179 452
f 58 178 448
f 60 180 449
f 61 181 455
f 62 182 458
f 65 185 470
f 57 177 437
f 77 197 494
f 86 206 531
f 88 208 539
f 98 218 568
f 68 188 478
f 48 168 419
f 78 198 509
f 93 213 554
f 69 189 482
f 101 221 576
f 97 217 558
f 82 202 516
f 50 170 425
f 89 209 542
f 64 184 463
f 53 173 434
f 74 194 497
f 84 204 528
f 90 210 546
f 63 183 464
f 55 175 440
f 76 196 500
f 87 207 524
f 72 192 479
f 49 169 418
f 79 199 508
f 96 216 553
f 102 222 569
f 91 211 538
f 67 187 471
f 56 176 443
f 75 195 501
f 83 203 523
f 66 186 467
f 54 174 433
f 73 193 493
f 85 205 527
f 92 212 543
f 71 191 485
f 100 220 572
f 94 214 557
f 80 200 515
f 51 171 428
f 116 358 591
f 108 256 587
f 106 261 588
f 112 387 594
f 115 399 597
f 119 351 600
f 156 348 634
f 139 300 619
f 160 366 639
f 120 267 602
f 149 340 624
f 132 287 608
f 128 291 610
f 145 369 627
f 148 395 630
f 155 354 635
f 133 345 615
f 134 297 617
f 157 363 637
f 124 270 604
f 47 247 416
f 44 229 408
f 43 223 406
f 45 235 412
f 46 241 415
f 49 253 424
f 72 355 492
f 102 398 582
f 96 386 565
f 79 260 514
f 62 325 461
f 59 307 453
f 58 278 451
f 60 313 457
f 61 319 460
f 66 337 475
f 54 283 439
f 73 290 496
f 85 368 533
f 92 392 551
f 101 356 579
f 69 254 483
f 50 259 426
f 82 385 521
f 97 397 566
f 71 349 489
f 100 344 578
f 94 296 560
f 80 362 518
f 51 265 429
f 90 338 547
f 63 284 465
f 55 289 441
f 76 367 504
f 87 391 537
f 91 350 550
f 67 343 476
f 56 295 444
f 75 361 502
f 83 266 526
f 68 230 481
f 48 224 420
f 78 236 510
f 93 242 555
f 98 248 571
f 88 272 540
f 65 331 473
f 57 301 447
f 77 373 507
f 86 380 534
f 64 308 469
f 53 277 435
f 74 314 498
f 84 320 529
f 89 326 545
f 70 332 487
f 99 302 574
f 95 374 562
f 81 379 520
f 52 271 432
f 109 234 589
f 105 227 583
f 111 239 586
f 114 245 593
f 117 252 596
f 125 275 599
f 152 334 633
f 137 304 620
f 158 377 640
f 123 382 603
f 143 312 622
f 127 279 607
f 135 316 612
f 147 323 626
f 150 330 629
f 153 335 631
f 140 305 614
f 138 376 618
f 159 383 641
f 122 274 605
f 107 232 409
f 103 225 405
f 104 237 411
f 110 243 414
f 113 250 417
f 118 273 431
f 154 336 488
f 141 306 575
f 162 378 563
f 121 381 519
f 142 311 454
f 129 281 450
f 130 315 456
f 144 321 459
f 146 328 462
f 151 333 472
f 131 303 446
f 136 375 506
f 161 384 535
f 126 276 541
f 116 251 570
f 108 233 480
f 106 228 421
f 112 240 511
f 115 246 556
f 119 258 484
f 156 360 580
f 139 401 567
f 160 389 522
f 120 263 427
f 149 329 544
f 132 310 468
f 128 280 436
f 145 318 499
f 148 324 530
f 155 342 548
f 133 288 466
f 134 292 442
f 157 371 505
f 124 393 536
f 109 357 491
f 105 255 423
f 111 262 513
f 114 388 564
f 117 400 581
f 125 352 549
f 152 347 477
f 137 298 445
f 158 364 503
f 123 269 525
f 143 339 474
f 127 285 438
f 135 293 495
f 147 370 532
f 150 396 552
f 153 353 490
f 140 346 577
f 138 299 559
f 159 365 517
f 122 268 430
f 107 249 590
f 103 231 584
f 104 226 585
f 110 238 592
f 113 244 595
f 118 257 598
f 154 359 636
f 141 402 621
f 162 390 642
f 121 264 601
f 142 327 623
f 129 309 611
f 130 282 609
f 144 317 625
f 146 322 628
f 151 341 632
f 131 286 613
f 136 294 616
f 161 372 638
f 126 394 606
f 47 416 407
f 44 408 403
f 43 406 404
f 45 412 410
f 46 415 413
f 49 424 422
f 72 492 486
f 102 582 573
f 96 565 561
f 79 514 512
f 62 461 452
f 59 453 448
f 58 451 449
f 60 457 455
f 61 460 458
f 66 475 470
f 54 439 437
f 73 496 494
f 85 533 531
f 92 551 539
f 101 579 568
f 69 483 478
f 50 426 419
f 82 521 509
f 97 566 554
f 71 489 482
f 100 578 576
f 94 560 558
f 80 518 516
f 51 429 425
f 90 547 542
f 63 465 463
f 55 441 434
f 76 504 497
f 87 537 528
f 91 550 546
f 67 476 464
f 56 444 440
f 75 502 500
f 83 526 524
f 68 481 479
f 48 420 418
f 78 510 508
f 93 555 553
f 98 571 569
f 88 540 538
f 65 473 471
f 57 447 443
f 77 507 501
f 86 534 523
f 64 469 467
f 53 435 433
f 74 498 493
f 84 529 527
f 89 545 543
f 70 487 485
f 99 574 572
f 95 562 557
f 81 520 515
f 52 432 428
f 109 589 591
f 105 583 587
f 111 586 588
f 114 593 594
f 117 596 597
f 125 599 600
f 152 633 634
f 137 620 619
f 158 640 639
f 123 603 602
f 143 622 624
f 127 607 608
f 135 612 610
f 147 626 627
f 150 629 630
f 153 631 635
f 140 614 615
f 138 618 617
f 159 641 637
f 122 605 604
f 407 164 167
f 403 163 164
f 404 165 163
f 410 166 165
f 413 167 166
f 422 172 169
f 486 190 192
f 573 219 222
f 561 215 216
f 512 201 199
f 452 179 182
f 448 178 179
f 449 180 178
f 455 181 180
f 458 182 181
f 470 185 186
f 437 177 174
f 494 197 193
f 531 206 205
f 539 208 212
f 568 218 221
f 478 188 189
f 419 168 170
f 509 198 202
f 554 213 217
f 482 189 191
f 576 221 220
f 558 217 214
f 516 202 200
f 425 170 171
f 542 209 210
f 463 184 183
f 434 173 175
f 497 194 196
f 528 204 207
f 546 210 211
f 464 183 187
f 440 175 176
f 500 196 195
f 524 207 203
f 479 192 188
f 418 169 168
f 508 199 198
f 553 216 213
f 569 222 218
f 538 211 208
f 471 187 185
f 443 176 177
f 501 195 197
f 523 203 206
f 467 186 184
f 433 174 173
f 493 193 194
f 527 205 204
f 543 212 209
f 485 191 190
f 572 220 219
f 557 214 215
f 515 200 201
f 428 171 172
f 591 358 357
f 587 256 255
f 588 261 262
f 594 387 388
f 597 399 400
f 600 351 352
f 634 348 347
f 619 300 298
f 639 366 364
f 602 267 269
f 624 340 339
f 608 287 285
f 610 291 293
f 627 369 370
f 630 395 396
f 635 354 353
f 615 345 346
f 617 297 299
f 637 363 365
f 604 270 268
f 416 247 249
f 408 229 231
f 406 223 226
f 412 235 238
f 415 241 244
f 424 253 257
f 492 355 359
f 582 398 402
f 565 386 390
f 514 260 264
f 461 325 327
f 453 307 309
f 451 278 282
f 457 313 317
f 460 319 322
f 475 337 341
f 439 283 286
f 496 290 294
f 533 368 372
f 551 392 394
f 579 356 358
f 483 254 256
f 426 259 261
f 521 385 387
f 566 397 399
f 489 349 351
f 578 344 348
f 560 296 300
f 518 362 366
f 429 265 267
f 547 338 340
f 465 284 287
f 441 289 291
f 504 367 369
f 537 391 395
f 550 350 354
f 476 343 345
f 444 295 297
f 502 361 363
f 526 266 270
f 481 230 234
f 420 224 227
f 510 236 239
f 555 242 245
f 571 248 252
f 540 272 275
f 473 331 334
f 447 301 304
f 507 373 377
f 534 380 382
f 469 308 312
f 435 277 279
f 498 314 316
f 529 320 323
f 545 326 330
f 487 332 335
f 574 302 305
f 562 374 376
f 520 379 383
f 432 271 274
f 589 234 232
f 583 227 225
f 586 239 237
f 593 245 243
f 596 252 250
f 599 275 273
f 633 334 336
f 620 304 306
f 640 377 378
f 603 382 381
f 622 312 311
f 607 279 281
f 612 316 315
f 626 323 321
f 629 330 328
f 631 335 333
f 614 305 303
f 618 376 375
f 641 383 384
f 605 274 276
f 409 232 229
f 405 225 223
f 411 237 235
f 414 243 241
f 417 250 247
f 431 273 271
f 488 336 332
f 575 306 302
f 563 378 374
f 519 381 379
f 454 311 307
f 450 281 278
f 456 315 313
f 459 321 319
f 462 328 325
f 472 333 331
f 446 303 301
f 506 375 373
f 535 384 380
f 541 276 272
f 570 251 248
f 480 233 230
f 421 228 224
f 511 240 236
f 556 246 242
f 484 258 254
f 580 360 356
f 567 401 397
f 522 389 385
f 427 263 259
f 544 329 326
f 468 310 308
f 436 280 277
f 499 318 314
f 530 324 320
f 548 342 338
f 466 288 284
f 442 292 289
f 505 371 367
f 536 393 391
f 491 357 355
f 423 255 253
f 513 262 260
f 564 388 386
f 581 400 398
f 549 352 350
f 477 347 343
f 445 298 295
f 503 364 361
f 525 269 266
f 474 339 337
f 438 285 283
f 495 293 290
f 532 370 368
f 552 396 392
f 490 353 349
f 577 346 344
f 559 299 296
f 517 365 362
f 430 268 265
f 590 249 251
f 584 231 233
f 585 226 228
f 592 238 240
f 595 244 246
f 598 257 258
f 636 359 360
f 621 402 401
f 642 390 389
f 601 264 263
f 623 327 329
f 611 309 310
f 609 282 280
f 625 317 318
f 628 322 324
f 632 341 342
f 613 286 288
f 616 294 292
f 638 372 371
f 606 394 393
f 407 416 409
f 403 408 405
f 404 406 411
f 410 412 414
f 413 415 417
f 422 424 431
f 486 492 488
f 573 582 575
f 561 565 563
f 512 514 519
f 452 461 454
f 448 453 450
f 449 451 456
f 455 457 459
f 458 460 462
f 470 475 472
f 437 439 446
f 494 496 506
f 531 533 535
f 539 551 541
f 568 579 570
f 478 483 480
f 419 426 421
f 509 521 511
f 554 566 556
f 482 489 484
f 576 578 580
f 558 560 567
f 516 518 522
f 425 429 427
f 542 547 544
f 463 465 468
f 434 441 436
f 497 504 499
f 528 537 530
f 546 550 548
f 464 476 466
f 440 444 442
f 500 502 505
f 524 526 536
f 479 481 491
f 418 420 423
f 508 510 513
f 553 555 564
f 569 571 581
f 538 540 549
f 471 473 477
f 443 447 445
f 501 507 503
f 523 534 525
f 467 469 474
f 433 435 438
f 493 498 495
f 527 529 532
f 543 545 552
f 485 487 490
f 572 574 577
f 557 562 559
f 515 520 517
f 428 432 430
f 591 589 590
f 587 583 584
f 588 586 585
f 594 593 592
f 597 596 595
f 600 599 598
f 634 633 636
f 619 620 621
f 639 640 642
f 602 603 601
f 624 622 623
f 608 607 611
f 610 612 609
f 627 626 625
f 630 629 628
f 635 631 632
f 615 614 613
f 617 618 616
f 637 641 638
f 604 605 606
f 643 809 806
f 643 806 805
f 643 805 807
f 643 807 808
f 643 808 809
f 644 811 814
f 648 834 832
f 654 864 861
f 653 858 857
f 650 841 843
f 646 824 821
f 646 821 820
f 646 820 822
f 646 822 823
f 646 823 824
f 647 828 827
f 645 816 819
f 649 835 839
f 651 847 848
f 652 854 850
f 654 863 860
f 648 831 830
f 644 812 810
f 650 844 840
f 653 859 855
f 648 833 831
f 654 862 863
f 653 856 859
f 650 842 844
f 644 813 812
f 652 852 851
f 647 825 826
f 645 817 815
f 649 838 836
f 651 849 846
f 652 853 852
f 647 829 825
f 645 818 817
f 649 837 838
f 651 845 849
f 648 830 834
f 644 810 811
f 650 840 841
f 653 855 858
f 654 860 864
f 652 850 853
f 647 827 829
f 645 819 818
f 649 839 837
f 651 848 845
f 647 826 828
f 645 815 816
f 649 836 835
f 651 846 847
f 652 851 854
f 648 832 833
f 654 861 862
f 653 857 856
f 650 843 842
f 644 814 813
f 677 999 1000
f 660 897 898
f 661 904 903
f 682 1030 1029
f 684 1042 1041
f 676 994 993
f 675 989 990
f 667 940 942
f 678 1006 1008
f 662 911 909
f 674 981 982
f 665 927 929
f 666 935 933
f 679 1012 1011
f 683 1038 1037
f 676 995 996
f 675 988 987
f 667 941 939
f 678 1007 1005
f 662 910 912
f 659 891 889
f 656 873 871
f 655 868 865
f 657 880 877
f 658 886 883
f 660 899 895
f 677 1001 997
f 684 1044 1040
f 682 1032 1028
f 661 906 902
f 672 969 967
f 669 951 949
f 664 924 920
f 670 959 955
f 671 964 961
f 674 983 979
f 665 928 925
f 666 936 932
f 679 1014 1010
f 683 1036 1034
f 677 1000 998
f 660 898 896
f 661 903 901
f 682 1029 1027
f 684 1041 1039
f 676 993 991
f 675 990 986
f 667 942 938
f 678 1008 1004
f 662 909 907
f 674 982 980
f 665 929 926
f 666 933 931
f 679 1011 1009
f 683 1037 1033
f 676 996 992
f 675 987 985
f 667 939 937
f 678 1005 1003
f 662 912 908
f 656 876 872
f 655 869 866
f 657 881 878
f 658 887 884
f 659 894 890
f 663 917 914
f 673 976 973
f 668 946 943
f 680 1019 1015
f 681 1024 1022
f 669 954 950
f 664 921 919
f 670 958 956
f 671 965 962
f 672 972 968
f 673 977 974
f 668 947 944
f 680 1018 1016
f 681 1025 1021
f 663 916 913
f 656 874 876
f 655 867 869
f 657 879 881
f 658 885 887
f 659 892 894
f 663 915 917
f 673 978 976
f 668 948 946
f 680 1020 1019
f 681 1023 1024
f 669 953 954
f 664 923 921
f 670 957 958
f 671 963 965
f 672 970 972
f 673 975 977
f 668 945 947
f 680 1017 1018
f 681 1026 1025
f 663 918 916
f 656 871 874
f 655 865 867
f 657 877 879
f 658 883 885
f 659 889 892
f 663 913 915
f 673 974 978
f 668 944 948
f 680 1016 1020
f 681 1021 1023
f 669 949 953
f 664 920 923
f 670 955 957
f 671 961 963
f 672 967 970
f 673 973 975
f 668 943 945
f 680 1015 1017
f 681 1022 1026
f 663 914 918
f 659 890 893
f 656 872 875
f 655 866 870
f 657 878 882
f 658 884 888
f 660 896 900
f 677 998 1002
f 684 1039 1043
f 682 1027 1031
f 661 901 905
f 672 968 971
f 669 950 952
f 664 919 922
f 670 956 960
f 671 962 966
f 674 980 984
f 665 926 930
f 666 931 934
f 679 1009 1013
f 683 1033 1035
f 677 997 999
f 660 895 897
f 661 902 904
f 682 1028 1030
f 684 1040 1042
f 676 992 994
f 675 985 989
f 667 937 940
f 678 1003 1006
f 662 908 911
f 674 979 981
f 665 925 927
f 666 932 935
f 679 1010 1012
f 683 1034 1038
f 676 991 995
f 675 986 988
f 667 938 941
f 678 1004 1007
f 662 907 910
f 659 893 891
f 656 875 873
f 655 870 868
f 657 882 880
f 658 888 886
f 660 900 899
f 677 1002 1001
f 684 1043 1044
f 682 1031 1032
f 661 905 906
f 672 971 969
f 669 952 951
f 664 922 924
f 670 960 959
f 671 966 964
f 674 984 983
f 665 930 928
f 666 934 936
f 679 1013 1014
f 683 1035 1036
f 749 1051 1058
f 745 1047 1050
f 746 1053 1048
f 752 1056 1054
f 755 1059 1057
f 760 1073 1066
f 796 1130 1134
f 783 1217 1224
f 804 1205 1207
f 763 1161 1156
f 784 1096 1103
f 771 1092 1095
f 772 1098 1093
f 786 1101 1099
f 788 1104 1102
f 793 1114 1117
f 773 1088 1081
f 778 1148 1138
f 803 1177 1175
f 768 1183 1193
f 758 1212 1221
f 750 1122 1125
f 748 1063 1068
f 754 1153 1163
f 757 1198 1208
f 761 1126 1131
f 798 1222 1220
f 781 1209 1202
f 802 1164 1160
f 762 1069 1071
f 791 1186 1189
f 774 1110 1107
f 770 1078 1083
f 787 1141 1146
f 790 1172 1179
f 797 1190 1192
f 775 1108 1118
f 776 1084 1086
f 799 1147 1144
f 766 1178 1168
f 751 1133 1123
f 747 1065 1062
f 753 1155 1152
f 756 1206 1197
f 759 1223 1213
f 767 1191 1182
f 794 1119 1115
f 779 1087 1089
f 800 1145 1149
f 765 1167 1176
f 785 1116 1111
f 769 1080 1077
f 777 1137 1140
f 789 1174 1171
f 792 1194 1187
f 795 1132 1129
f 782 1219 1216
f 780 1201 1204
f 801 1159 1162
f 764 1072 1074
f 749 1232 1231
f 745 1226 1225
f 746 1227 1228
f 752 1234 1235
f 755 1237 1238
f 760 1240 1241
f 796 1278 1275
f 783 1263 1262
f 804 1284 1282
f 763 1243 1245
f 784 1265 1264
f 771 1253 1249
f 772 1251 1254
f 786 1267 1268
f 788 1270 1271
f 793 1274 1273
f 773 1255 1256
f 778 1258 1260
f 803 1280 1283
f 768 1248 1247
f 689 1049 809
f 686 1045 806
f 685 1046 805
f 687 1052 807
f 688 1055 808
f 691 1064 811
f 714 1128 834
f 744 1215 864
f 738 1203 858
f 721 1154 841
f 704 1094 824
f 701 1090 821
f 700 1091 820
f 702 1097 822
f 703 1100 823
f 708 1112 828
f 696 1079 816
f 715 1136 835
f 727 1173 847
f 734 1181 854
f 743 1210 863
f 711 1120 831
f 692 1061 812
f 724 1151 844
f 739 1196 859
f 713 1124 833
f 742 1218 862
f 736 1200 856
f 722 1158 842
f 693 1067 813
f 732 1184 852
f 705 1105 825
f 697 1076 817
f 718 1139 838
f 729 1170 849
f 733 1188 853
f 709 1106 829
f 698 1082 818
f 717 1142 837
f 725 1166 845
f 710 1121 830
f 690 1060 810
f 720 1150 840
f 735 1195 855
f 740 1211 860
f 730 1180 850
f 707 1113 827
f 699 1085 819
f 719 1143 839
f 728 1165 848
f 706 1109 826
f 695 1075 815
f 716 1135 836
f 726 1169 846
f 731 1185 851
f 712 1127 832
f 741 1214 861
f 737 1199 857
f 723 1157 843
f 694 1070 814
f 751 1233 999
f 747 1229 897
f 753 1230 904
f 756 1236 1030
f 759 1239 1042
f 767 1242 994
f 794 1276 989
f 779 1261 940
f 800 1281 1006
f 765 1244 911
f 785 1266 981
f 769 1250 927
f 777 1252 935
f 789 1269 1012
f 792 1272 1038
f 795 1277 995
f 782 1257 988
f 780 1259 941
f 801 1279 1007
f 764 1246 910
f 749 1058 891
f 745 1050 873
f 746 1048 868
f 752 1054 880
f 755 1057 886
f 760 1066 899
f 796 1134 1001
f 783 1224 1044
f 804 1207 1032
f 763 1156 906
f 784 1103 969
f 771 1095 951
f 772 1093 924
f 786 1099 959
f 788 1102 964
f 793 1117 983
f 773 1081 928
f 778 1138 936
f 803 1175 1014
f 768 1193 1036
f 758 1221 1000
f 750 1125 898
f 748 1068 903
f 754 1163 1029
f 757 1208 1041
f 761 1131 993
f 798 1220 990
f 781 1202 942
f 802 1160 1008
f 762 1071 909
f 791 1189 982
f 774 1107 929
f 770 1083 933
f 787 1146 1011
f 790 1179 1037
f 797 1192 996
f 775 1118 987
f 776 1086 939
f 799 1144 1005
f 766 1168 912
f 751 1123 876
f 747 1062 869
f 753 1152 881
f 756 1197 887
f 759 1213 894
f 767 1182 917
f 794 1115 976
f 779 1089 946
f 800 1149 1019
f 765 1176 1024
f 785 1111 954
f 769 1077 921
f 777 1140 958
f 789 1171 965
f 792 1187 972
f 795 1129 977
f 782 1216 947
f 780 1204 1018
f 801 1162 1025
f 764 1074 916
f 749 1231 874
f 745 1225 867
f 746 1228 879
f 752 1235 885
f 755 1238 892
f 760 1241 915
f 796 1275 978
f 783 1262 948
f 804 1282 1020
f 763 1245 1023
f 784 1264 953
f 771 1249 923
f 772 1254 957
f 786 1268 963
f 788 1271 970
f 793 1273 975
f 773 1256 945
f 778 1260 1017
f 803 1283 1026
f 768 1247 918
f 686 1051 871
f 685 1047 865
f 687 1053 877
f 688 1056 883
f 689 1059 889
f 694 1073 913
f 712 1130 974
f 741 1217 944
f 737 1205 1016
f 723 1161 1021
f 701 1096 949
f 700 1092 920
f 702 1098 955
f 703 1101 961
f 704 1104 967
f 707 1114 973
f 699 1088 943
f 719 1148 1015
f 728 1177 1022
f 730 1183 914
f 740 1212 890
f 710 1122 872
f 690 1063 866
f 720 1153 878
f 735 1198 884
f 711 1126 896
f 743 1222 998
f 739 1209 1039
f 724 1164 1027
f 692 1069 901
f 731 1186 968
f 706 1110 950
f 695 1078 919
f 716 1141 956
f 726 1172 962
f 732 1190 980
f 705 1108 926
f 697 1084 931
f 718 1147 1009
f 729 1178 1033
f 714 1133 997
f 691 1065 895
f 721 1155 902
f 738 1206 1028
f 744 1223 1040
f 733 1191 992
f 709 1119 985
f 698 1087 937
f 717 1145 1003
f 725 1167 908
f 708 1116 979
f 696 1080 925
f 715 1137 932
f 727 1174 1010
f 734 1194 1034
f 713 1132 991
f 742 1219 986
f 736 1201 938
f 722 1159 1004
f 693 1072 907
f 758 1232 893
f 750 1226 875
f 748 1227 870
f 754 1234 882
f 757 1237 888
f 761 1240 900
f 798 1278 1002
f 781 1263 1043
f 802 1284 1031
f 762 1243 905
f 791 1265 971
f 774 1253 952
f 770 1251 922
f 787 1267 960
f 790 1270 966
f 797 1274 984
f 775 1255 930
f 776 1258 934
f 799 1280 1013
f 766 1248 1035
f 686 1049 1051
f 685 1045 1047
f 687 1046 1053
f 688 1052 1056
f 689 1055 1059
f 694 1064 1073
f 712 1128 1130
f 741 1215 1217
f 737 1203 1205
f 723 1154 1161
f 701 1094 1096
f 700 1090 1092
f 702 1091 1098
f 703 1097 1101
f 704 1100 1104
f 707 1112 1114
f 699 1079 1088
f 719 1136 1148
f 728 1173 1177
f 730 1181 1183
f 740 1210 1212
f 710 1120 1122
f 690 1061 1063
f 720 1151 1153
f 735 1196 1198
f 711 1124 1126
f 743 1218 1222
f 739 1200 1209
f 724 1158 1164
f 692 1067 1069
f 731 1184 1186
f 706 1105 1110
f 695 1076 1078
f 716 1139 1141
f 726 1170 1172
f 732 1188 1190
f 705 1106 1108
f 697 1082 1084
f 718 1142 1147
f 729 1166 1178
f 714 1121 1133
f 691 1060 1065
f 721 1150 1155
f 738 1195 1206
f 744 1211 1223
f 733 1180 1191
f 709 1113 1119
f 698 1085 1087
f 717 1143 1145
f 725 1165 1167
f 708 1109 1116
f 696 1075 1080
f 715 1135 1137
f 727 1169 1174
f 734 1185 1194
f 713 1127 1132
f 742 1214 1219
f 736 1199 1201
f 722 1157 1159
f 693 1070 1072
f 758 1233 1232
f 750 1229 1226
f 748 1230 1227
f 754 1236 1234
f 757 1239 1237
f 761 1242 1240
f 798 1276 1278
f 781 1261 1263
f 802 1281 1284
f 762 1244 1243
f 791 1266 1265
f 774 1250 1253
f 770 1252 1251
f 787 1269 1267
f 790 1272 1270
f 797 1277 1274
f 775 1257 1255
f 776 1259 1258
f 799 1279 1280
f 766 1246 1248
f 686 806 1049
f 685 805 1045
f 687 807 1046
f 688 808 1052
f 689 809 1055
f 694 814 1064
f 712 832 1128
f 741 861 1215
f 737 857 1203
f 723 843 1154
f 701 821 1094
f 700 820 1090
f 702 822 1091
f 703 823 1097
f 704 824 1100
f 707 827 1112
f 699 819 1079
f 719 839 1136
f 728 848 1173
f 730 850 1181
f 740 860 1210
f 710 830 1120
f 690 810 1061
f 720 840 1151
f 735 855 1196
f 711 831 1124
f 743 863 1218
f 739 859 1200
f 724 844 1158
f 692 812 1067
f 731 851 1184
f 706 826 1105
f 695 815 1076
f 716 836 1139
f 726 846 1170
f 732 852 1188
f 705 825 1106
f 697 817 1082
f 718 838 1142
f 729 849 1166
f 714 834 1121
f 691 811 1060
f 721 841 1150
f 738 858 1195
f 744 864 1211
f 733 853 1180
f 709 829 1113
f 698 818 1085
f 717 837 1143
f 725 845 1165
f 708 828 1109
f 696 816 1075
f 715 835 1135
f 727 847 1169
f 734 854 1185
f 713 833 1127
f 742 862 1214
f 736 856 1199
f 722 842 1157
f 693 813 1070
f 758 1000 1233
f 750 898 1229
f 748 903 1230
f 754 1029 1236
f 757 1041 1239
f 761 993 1242
f 798 990 1276
f 781 942 1261
f 802 1008 1281
f 762 909 1244
f 791 982 1266
f 774 929 1250
f 770 933 1252
f 787 1011 1269
f 790 1037 1272
f 797 996 1277
f 775 987 1257
f 776 939 1259
f 799 1005 1279
f 766 912 1246
f 689 889 1058
f 686 871 1050
f 685 865 1048
f 687 877 1054
f 688 883 1057
f 691 895 1066
f 714 997 1134
f 744 1040 1224
f 738 1028 1207
f 721 902 1156
f 704 967 1103
f 701 949 1095
f 700 920 1093
f 702 955 1099
f 703 961 1102
f 708 979 1117
f 696 925 1081
f 715 932 1138
f 727 1010 1175
f 734 1034 1193
f 743 998 1221
f 711 896 1125
f 692 901 1068
f 724 1027 1163
f 739 1039 1208
f 713 991 1131
f 742 986 1220
f 736 938 1202
f 722 1004 1160
f 693 907 1071
f 732 980 1189
f 705 926 1107
f 697 931 1083
f 718 1009 1146
f 729 1033 1179
f 733 992 1192
f 709 985 1118
f 698 937 1086
f 717 1003 1144
f 725 908 1168
f 710 872 1123
f 690 866 1062
f 720 878 1152
f 735 884 1197
f 740 890 1213
f 730 914 1182
f 707 973 1115
f 699 943 1089
f 719 1015 1149
f 728 1022 1176
f 706 950 1111
f 695 919 1077
f 716 956 1140
f 726 962 1171
f 731 968 1187
f 712 974 1129
f 741 944 1216
f 737 1016 1204
f 723 1021 1162
f 694 913 1074
f 751 876 1231
f 747 869 1225
f 753 881 1228
f 756 887 1235
f 759 894 1238
f 767 917 1241
f 794 976 1275
f 779 946 1262
f 800 1019 1282
f 765 1024 1245
f 785 954 1264
f 769 921 1249
f 777 958 1254
f 789 965 1268
f 792 972 1271
f 795 977 1273
f 782 947 1256
f 780 1018 1260
f 801 1025 1283
f 764 916 1247
f 749 874 1051
f 745 867 1047
f 746 879 1053
f 752 885 1056
f 755 892 1059
f 760 915 1073
f 796 978 1130
f 783 948 1217
f 804 1020 1205
f 763 1023 1161
f 784 953 1096
f 771 923 1092
f 772 957 1098
f 786 963 1101
f 788 970 1104
f 793 975 1114
f 773 945 1088
f 778 1017 1148
f 803 1026 1177
f 768 918 1183
f 758 893 1212
f 750 875 1122
f 748 870 1063
f 754 882 1153
f 757 888 1198
f 761 900 1126
f 798 1002 1222
f 781 1043 1209
f 802 1031 1164
f 762 905 1069
f 791 971 1186
f 774 952 1110
f 770 922 1078
f 787 960 1141
f 790 966 1172
f 797 984 1190
f 775 930 1108
f 776 934 1084
f 799 1013 1147
f 766 1035 1178
f 751 999 1133
f 747 897 1065
f 753 904 1155
f 756 1030 1206
f 759 1042 1223
f 767 994 1191
f 794 989 1119
f 779 940 1087
f 800 1006 1145
f 765 911 1167
f 785 981 1116
f 769 927 1080
f 777 935 1137
f 789 1012 1174
f 792 1038 1194
f 795 995 1132
f 782 988 1219
f 780 941 1201
f 801 1007 1159
f 764 910 1072
f 749 891 1232
f 745 873 1226
f 746 868 1227
f 752 880 1234
f 755 886 1237
f 760 899 1240
f 796 1001 1278
f 783 1044 1263
f 804 1032 1284
f 763 906 1243
f 784 969 1265
f 771 951 1253
f 772 924 1251
f 786 959 1267
f 788 964 1270
f 793 983 1274
f 773 928 1255
f 778 936 1258
f 803 1014 1280
f 768 1036 1248
f 689 1058 1049
f 686 1050 1045
f 685 1048 1046
f 687 1054 1052
f 688 1057 1055
f 691 1066 1064
f 714 1134 1128
f 744 1224 1215
f 738 1207 1203
f 721 1156 1154
f 704 1103 1094
f 701 1095 1090
f 700 1093 1091
f 702 1099 1097
f 703 1102 1100
f 708 1117 1112
f 696 1081 1079
f 715 1138 1136
f 727 1175 1173
f 734 1193 1181
f 743 1221 1210
f 711 1125 1120
f 692 1068 1061
f 724 1163 1151
f 739 1208 1196
f 713 1131 1124
f 742 1220 1218
f 736 1202 1200
f 722 1160 1158
f 693 1071 1067
f 732 1189 1184
f 705 1107 1105
f 697 1083 1076
f 718 1146 1139
f 729 1179 1170
f 733 1192 1188
f 709 1118 1106
f 698 1086 1082
f 717 1144 1142
f 725 1168 1166
f 710 1123 1121
f 690 1062 1060
f 720 1152 1150
f 735 1197 1195
f 740 1213 1211
f 730 1182 1180
f 707 1115 1113
f 699 1089 1085
f 719 1149 1143
f 728 1176 1165
f 706 1111 1109
f 695 1077 1075
f 716 1140 1135
f 726 1171 1169
f 731 1187 1185
f 712 1129 1127
f 741 1216 1214
f 737 1204 1199
f 723 1162 1157
f 694 1074 1070
f 751 1231 1233
f 747 1225 1229
f 753 1228 1230
f 756 1235 1236
f 759 1238 1239
f 767 1241 1242
f 794 1275 1276
f 779 1262 1261
f 800 1282 1281
f 765 1245 1244
f 785 1264 1266
f 769 1249 1250
f 777 1254 1252
f 789 1268 1269
f 792 1271 1272
f 795 1273 1277
f 782 1256 1257
f 780 1260 1259
f 801 1283 1279
f 764 1247 1246
f 1049 806 809
f 1045 805 806
f 1046 807 805
f 1052 808 807
f 1055 809 808
f 1064 814 811
f 1128 832 834
f 1215 861 864
f 1203 857 858
f 1154 843 841
f 1094 821 824
f 1090 820 821
f 1091 822 820
f 1097 823 822
f 1100 824 823
f 1112 827 828
f 1079 819 816
f 1136 839 835
f 1173 848 847
f 1181 850 854
f 1210 860 863
f 1120 830 831
f 1061 810 812
f 1151 840 844
f 1196 855 859
f 1124 831 833
f 1218 863 862
f 1200 859 856
f 1158 844 842
f 1067 812 813
f 1184 851 852
f 1105 826 825
f 1076 815 817
f 1139 836 838
f 1170 846 849
f 1188 852 853
f 1106 825 829
f 1082 817 818
f 1142 838 837
f 1166 849 845
f 1121 834 830
f 1060 811 810
f 1150 841 840
f 1195 858 855
f 1211 864 860
f 1180 853 850
f 1113 829 827
f 1085 818 819
f 1143 837 839
f 1165 845 848
f 1109 828 826
f 1075 816 815
f 1135 835 836
f 1169 847 846
f 1185 854 851
f 1127 833 832
f 1214 862 861
f 1199 856 857
f 1157 842 843
f 1070 813 814
f 1233 1000 999
f 1229 898 897
f 1230 903 904
f 1236 1029 1030
f 1239 1041 1042
f 1242 993 994
f 1276 990 989
f 1261 942 940
f 1281 1008 1006
f 1244 909 911
f 1266 982 981
f 1250 929 927
f 1252 933 935
f 1269 1011 1012
f 1272 1037 1038
f 1277 996 995
f 1257 987 988
f 1259 939 941
f 1279 1005 1007
f 1246 912 910
f 1058 889 891
f 1050 871 873
f 1048 865 868
f 1054 877 880
f 1057 883 886
f 1066 895 899
f 1134 997 1001
f 1224 1040 1044
f 1207 1028 1032
f 1156 902 906
f 1103 967 969
f 1095 949 951
f 1093 920 924
f 1099 955 959
f 1102 961 964
f 1117 979 983
f 1081 925 928
f 1138 932 936
f 1175 1010 1014
f 1193 1034 1036
f 1221 998 1000
f 1125 896 898
f 1068 901 903
f 1163 1027 1029
f 1208 1039 1041
f 1131 991 993
f 1220 986 990
f 1202 938 942
f 1160 1004 1008
f 1071 907 909
f 1189 980 982
f 1107 926 929
f 1083 931 933
f 1146 1009 1011
f 1179 1033 1037
f 1192 992 996
f 1118 985 987
f 1086 937 939
f 1144 1003 1005
f 1168 908 912
f 1123 872 876
f 1062 866 869
f 1152 878 881
f 1197 884 887
f 1213 890 894
f 1182 914 917
f 1115 973 976
f 1089 943 946
f 1149 1015 1019
f 1176 1022 1024
f 1111 950 954
f 1077 919 921
f 1140 956 958
f 1171 962 965
f 1187 968 972
f 1129 974 977
f 1216 944 947
f 1204 1016 1018
f 1162 1021 1025
f 1074 913 916
f 1231 876 874
f 1225 869 867
f 1228 881 879
f 1235 887 885
f 1238 894 892
f 1241 917 915
f 1275 976 978
f 1262 946 948
f 1282 1019 1020
f 1245 1024 1023
f 1264 954 953
f 1249 921 923
f 1254 958 957
f 1268 965 963
f 1271 972 970
f 1273 977 975
f 1256 947 945
f 1260 1018 1017
f 1283 1025 1026
f 1247 916 918
f 1051 874 871
f 1047 867 865
f 1053 879 877
f 1056 885 883
f 1059 892 889
f 1073 915 913
f 1130 978 974
f 1217 948 944
f 1205 1020 1016
f 1161 1023 1021
f 1096 953 949
f 1092 923 920
f 1098 957 955
f 1101 963 961
f 1104 970 967
f 1114 975 973
f 1088 945 943
f 1148 1017 1015
f 1177 1026 1022
f 1183 918 914
f 1212 893 890
f 1122 875 872
f 1063 870 866
f 1153 882 878
f 1198 888 884
f 1126 900 896
f 1222 1002 998
f 1209 1043 1039
f 1164 1031 1027
f 1069 905 901
f 1186 971 968
f 1110 952 950
f 1078 922 919
f 1141 960 956
f 1172 966 962
f 1190 984 980
f 1108 930 926
f 1084 934 931
f 1147 1013 1009
f 1178 1035 1033
f 1133 999 997
f 1065 897 895
f 1155 904 902
f 1206 1030 1028
f 1223 1042 1040
f 1191 994 992
f 1119 989 985
f 1087 940 937
f 1145 1006 1003
f 1167 911 908
f 1116 981 979
f 1080 927 925
f 1137 935 932
f 1174 1012 1010
f 1194 1038 1034
f 1132 995 991
f 1219 988 986
f 1201 941 938
f 1159 1007 1004
f 1072 910 907
f 1232 891 893
f 1226 873 875
f 1227 868 870
f 1234 880 882
f 1237 886 888
f 1240 899 900
f 1278 1001 1002
f 1263 1044 1043
f 1284 1032 1031
f 1243 906 905
f 1265 969 971
f 1253 951 952
f 1251 924 922
f 1267 959 960
f 1270 964 966
f 1274 983 984
f 1255 928 930
f 1258 936 934
f 1280 1014 1013
f 1248 1036 1035
f 1049 1058 1051
f 1045 1050 1047
f 1046 1048 1053
f 1052 1054 1056
f 1055 1057 1059
f 1064 1066 1073
f 1128 1134 1130
f 1215 1224 1217
f 1203 1207 1205
f 1154 1156 1161
f 1094 1103 1096
f 1090 1095 1092
f 1091 1093 1098
f 1097 1099 1101
f 1100 1102 1104
f 1112 1117 1114
f 1079 1081 1088
f 1136 1138 1148
f 1173 1175 1177
f 1181 1193 1183
f 1210 1221 1212
f 1120 1125 1122
f 1061 1068 1063
f 1151 1163 1153
f 1196 1208 1198
f 1124 1131 1126
f 1218 1220 1222
f 1200 1202 1209
f 1158 1160 1164
f 1067 1071 1069
f 1184 1189 1186
f 1105 1107 1110
f 1076 1083 1078
f 1139 1146 1141
f 1170 1179 1172
f 1188 1192 1190
f 1106 1118 1108
f 1082 1086 1084
f 1142 1144 1147
f 1166 1168 1178
f 1121 1123 1133
f 1060 1062 1065
f 1150 1152 1155
f 1195 1197 1206
f 1211 1213 1223
f 1180 1182 1191
f 1113 1115 1119
f 1085 1089 1087
f 1143 1149 1145
f 1165 1176 1167
f 1109 1111 1116
f 1075 1077 1080
f 1135 1140 1137
f 1169 1171 1174
f 1185 1187 1194
f 1127 1129 1132
f 1214 1216 1219
f 1199 1204 1201
f 1157 1162 1159
f 1070 1074 1072
f 1233 1231 1232
f 1229 1225 1226
f 1230 1228 1227
f 1236 1235 1234
f 1239 1238 1237
f 1242 1241 1240
f 1276 1275 1278
f 1261 1262 1263
f 1281 1282 1284
f 1244 1245 1243
f 1266 1264 1265
f 1250 1249 1253
f 1252 1254 1251
f 1269 1268 1267
f 1272 1271 1270
f 1277 1273 1274
f 1257 1256 1255
f 1259 1260 1258
f 1279 1283 1280
f 1246 1247 1248
f 1285 1451 1448
f 1285 1448 1447
f 1285 1447 1449
f 1285 1449 1450
f 1285 1450 1451
f 1286 1453 1456
f 1290 1476 1474
f 1296 1506 1503
f 1295 1500 1499
f 1292 1483 1485
f 1288 1466 1463
f 1288 1463 1462
f 1288 1462 1464
f 1288 1464 1465
f 1288 1465 1466
f 1289 1470 1469
f 1287 1458 1461
f 1291 1477 1481
f 1293 1489 1490
f 1294 1496 1492
f 1296 1505 1502
f 1290 1473 1472
f 1286 1454 1452
f 1292 1486 1482
f 1295 1501 1497
f 1290 1475 1473
f 1296 1504 1505
f 1295 1498 1501
f 1292 1484 1486
f 1286 1455 1454
f 1294 1494 1493
f 1289 1467 1468
f 1287 1459 1457
f 1291 1480 1478
f 1293 1491 1488
f 1294 1495 1494
f 1289 1471 1467
f 1287 1460 1459
f 1291 1479 1480
f 1293 1487 1491
f 1290 1472 1476
f 1286 1452 1453
f 1292 1482 1483
f 1295 1497 1500
f 1296 1502 1506
f 1294 1492 1495
f 1289 1469 1471
f 1287 1461 1460
f 1291 1481 1479
f 1293 1490 1487
f 1289 1468 1470
f 1287 1457 1458
f 1291 1478 1477
f 1293 1488 1489
f 1294 1493 1496
f 1290 1474 1475
f 1296 1503 1504
f 1295 1499 1498
f 1292 1485 1484
f 1286 1456 1455
f 1319 1641 1642
f 1302 1539 1540
f 1303 1546 1545
f 1324 1672 1671
f 1326 1684 1683
f 1318 1636 1635
f 1317 1631 1632
f 1309 1582 1584
f 1320 1648 1650
f 1304 1553 1551
f 1316 1623 1624
f 1307 1569 1571
f 1308 1577 1575
f 1321 1654 1653
f 1325 1680 1679
f 1318 1637 1638
f 1317 1630 1629
f 1309 1583 1581
f 1320 1649 1647
f 1304 1552 1554
f 1301 1533 1531
f 1298 1515 1513
f 1297 1510 1507
f 1299 1522 1519
f 1300 1528 1525
f 1302 1541 1537
f 1319 1643 1639
f 1326 1686 1682
f 1324 1674 1670
f 1303 1548 1544
f 1314 1611 1609
f 1311 1593 1591
f 1306 1566 1562
f 1312 1601 1597
f 1313 1606 1603
f 1316 1625 1621
f 1307 1570 1567
f 1308 1578 1574
f 1321 1656 1652
f 1325 1678 1676
f 1319 1642 1640
f 1302 1540 1538
f 1303 1545 1543
f 1324 1671 1669
f 1326 1683 1681
f 1318 1635 1633
f 1317 1632 1628
f 1309 1584 1580
f 1320 1650 1646
f 1304 1551 1549
f 1316 1624 1622
f 1307 1571 1568
f 1308 1575 1573
f 1321 1653 1651
f 1325 1679 1675
f 1318 1638 1634
f 1317 1629 1627
f 1309 1581 1579
f 1320 1647 1645
f 1304 1554 1550
f 1298 1518 1514
f 1297 1511 1508
f 1299 1523 1520
f 1300 1529 1526
f 1301 1536 1532
f 1305 1559 1556
f 1315 1618 1615
f 1310 1588 1585
f 1322 1661 1657
f 1323 1666 1664
f 1311 1596 1592
f 1306 1563 1561
f 1312 1600 1598
f 1313 1607 1604
f 1314 1614 1610
f 1315 1619 1616
f 1310 1589 1586
f 1322 1660 1658
f 1323 1667 1663
f 1305 1558 1555
f 1298 1516 1518
f 1297 1509 1511
f 1299 1521 1523
f 1300 1527 1529
f 1301 1534 1536
f 1305 1557 1559
f 1315 1620 1618
f 1310 1590 1588
f 1322 1662 1661
f 1323 1665 1666
f 1311 1595 1596
f 1306 1565 1563
f 1312 1599 1600
f 1313 1605 1607
f 1314 1612 1614
f 1315 1617 1619
f 1310 1587 1589
f 1322 1659 1660
f 1323 1668 1667
f 1305 1560 1558
f 1298 1513 1516
f 1297 1507 1509
f 1299 1519 1521
f 1300 1525 1527
f 1301 1531 1534
f 1305 1555 1557
f 1315 1616 1620
f 1310 1586 1590
f 1322 1658 1662
f 1323 1663 1665
f 1311 1591 1595
f 1306 1562 1565
f 1312 1597 1599
f 1313 1603 1605
f 1314 1609 1612
f 1315 1615 1617
f 1310 1585 1587
f 1322 1657 1659
f 1323 1664 1668
f 1305 1556 1560
f 1301 1532 1535
f 1298 1514 1517
f 1297 1508 1512
f 1299 1520 1524
f 1300 1526 1530
f 1302 1538 1542
f 1319 1640 1644
f 1326 1681 1685
f 1324 1669 1673
f 1303 1543 1547
f 1314 1610 1613
f 1311 1592 1594
f 1306 1561 1564
f 1312 1598 1602
f 1313 1604 1608
f 1316 1622 1626
f 1307 1568 1572
f 1308 1573 1576
f 1321 1651 1655
f 1325 1675 1677
f 1319 1639 1641
f 1302 1537 1539
f 1303 1544 1546
f 1324 1670 1672
f 1326 1682 1684
f 1318 1634 1636
f 1317 1627 1631
f 1309 1579 1582
f 1320 1645 1648
f 1304 1550 1553
f 1316 1621 1623
f 1307 1567 1569
f 1308 1574 1577
f 1321 1652 1654
f 1325 1676 1680
f 1318 1633 1637
f 1317 1628 1630
f 1309 1580 1583
f 1320 1646 1649
f 1304 1549 1552
f 1301 1535 1533
f 1298 1517 1515
f 1297 1512 1510
f 1299 1524 1522
f 1300 1530 1528
f 1302 1542 1541
f 1319 1644 1643
f 1326 1685 1686
f 1324 1673 1674
f 1303 1547 1548
f 1314 1613 1611
f 1311 1594 1593
f 1306 1564 1566
f 1312 1602 1601
f 1313 1608 1606
f 1316 1626 1625
f 1307 1572 1570
f 1308 1576 1578
f 1321 1655 1656
f 1325 1677 1678
f 1391 1693 1700
f 1387 1689 1692
f 1388 1695 1690
f 1394 1698 1696
f 1397 1701 1699
f 1402 1715 1708
f 1438 1772 1776
f 1425 1859 1866
f 1446 1847 1849
f 1405 1803 1798
f 1426 1738 1745
f 1413 1734 1737
f 1414 1740 1735
f 1428 1743 1741
f 1430 1746 1744
f 1435 1756 1759
f 1415 1730 1723
f 1420 1790 1780
f 1445 1819 1817
f 1410 1825 1835
f 1400 1854 1863
f 1392 1764 1767
f 1390 1705 1710
f 1396 1795 1805
f 1399 1840 1850
f 1403 1768 1773
f 1440 1864 1862
f 1423 1851 1844
f 1444 1806 1802
f 1404 1711 1713
f 1433 1828 1831
f 1416 1752 1749
f 1412 1720 1725
f 1429 1783 1788
f 1432 1814 1821
f 1439 1832 1834
f 1417 1750 1760
f 1418 1726 1728
f 1441 1789 1786
f 1408 1820 1810
f 1393 1775 1765
f 1389 1707 1704
f 1395 1797 1794
f 1398 1848 1839
f 1401 1865 1855
f 1409 1833 1824
f 1436 1761 1757
f 1421 1729 1731
f 1442 1787 1791
f 1407 1809 1818
f 1427 1758 1753
f 1411 1722 1719
f 1419 1779 1782
f 1431 1816 1813
f 1434 1836 1829
f 1437 1774 1771
f 1424 1861 1858
f 1422 1843 1846
f 1443 1801 1804
f 1406 1714 1716
f 1391 1874 1873
f 1387 1868 1867
f 1388 1869 1870
f 1394 1876 1877
f 1397 1879 1880
f 1402 1882 1883
f 1438 1920 1917
f 1425 1905 1904
f 1446 1926 1924
f 1405 1885 1887
f 1426 1907 1906
f 1413 1895 1891
f 1414 1893 1896
f 1428 1909 1910
f 1430 1912 1913
f 1435 1916 1915
f 1415 1897 1898
f 1420 1900 1902
f 1445 1922 1925
f 1410 1890 1889
f 1331 1691 1451
f 1328 1687 1448
f 1327 1688 1447
f 1329 1694 1449
f 1330 1697 1450
f 1333 1706 1453
f 1356 1770 1476
f 1386 1857 1506
f 1380 1845 1500
f 1363 1796 1483
f 1346 1736 1466
f 1343 1732 1463
f 1342 1733 1462
f 1344 1739 1464
f 1345 1742 1465
f 1350 1754 1470
f 1338 1721 1458
f 1357 1778 1477
f 1369 1815 1489
f 1376 1823 1496
f 1385 1852 1505
f 1353 1762 1473
f 1334 1703 1454
f 1366 1793 1486
f 1381 1838 1501
f 1355 1766 1475
f 1384 1860 1504
f 1378 1842 1498
f 1364 1800 1484
f 1335 1709 1455
f 1374 1826 1494
f 1347 1747 1467
f 1339 1718 1459
f 1360 1781 1480
f 1371 1812 1491
f 1375 1830 1495
f 1351 1748 1471
f 1340 1724 1460
f 1359 1784 1479
f 1367 1808 1487
f 1352 1763 1472
f 1332 1702 1452
f 1362 1792 1482
f 1377 1837 1497
f 1382 1853 1502
f 1372 1822 1492
f 1349 1755 1469
f 1341 1727 1461
f 1361 1785 1481
f 1370 1807 1490
f 1348 1751 1468
f 1337 1717 1457
f 1358 1777 1478
f 1368 1811 1488
f 1373 1827 1493
f 1354 1769 1474
f 1383 1856 1503
f 1379 1841 1499
f 1365 1799 1485
f 1336 1712 1456
f 1393 1875 1641
f 1389 1871 1539
f 1395 1872 1546
f 1398 1878 1672
f 1401 1881 1684
f 1409 1884 1636
f 1436 1918 1631
f 1421 1903 1582
f 1442 1923 1648
f 1407 1886 1553
f 1427 1908 1623
f 1411 1892 1569
f 1419 1894 1577
f 1431 1911 1654
f 1434 1914 1680
f 1437 1919 1637
f 1424 1899 1630
f 1422 1901 1583
f 1443 1921 1649
f 1406 1888 1552
f 1391 1700 1533
f 1387 1692 1515
f 1388 1690 1510
f 1394 1696 1522
f 1397 1699 1528
f 1402 1708 1541
f 1438 1776 1643
f 1425 1866 1686
f 1446 1849 1674
f 1405 1798 1548
f 1426 1745 1611
f 1413 1737 1593
f 1414 1735 1566
f 1428 1741 1601
f 1430 1744 1606
f 1435 1759 1625
f 1415 1723 1570
f 1420 1780 1578
f 1445 1817 1656
f 1410 1835 1678
f 1400 1863 1642
f 1392 1767 1540
f 1390 1710 1545
f 1396 1805 1671
f 1399 1850 1683
f 1403 1773 1635
f 1440 1862 1632
f 1423 1844 1584
f 1444 1802 1650
f 1404 1713 1551
f 1433 1831 1624
f 1416 1749 1571
f 1412 1725 1575
f 1429 1788 1653
f 1432 1821 1679
f 1439 1834 1638
f 1417 1760 1629
f 1418 1728 1581
f 1441 1786 1647
f 1408 1810 1554
f 1393 1765 1518
f 1389 1704 1511
f 1395 1794 1523
f 1398 1839 1529
f 1401 1855 1536
f 1409 1824 1559
f 1436 1757 1618
f 1421 1731 1588
f 1442 1791 1661
f 1407 1818 1666
f 1427 1753 1596
f 1411 1719 1563
f 1419 1782 1600
f 1431 1813 1607
f 1434 1829 1614
f 1437 1771 1619
f 1424 1858 1589
f 1422 1846 1660
f 1443 1804 1667
f 1406 1716 1558
f 1391 1873 1516
f 1387 1867 1509
f 1388 1870 1521
f 1394 1877 1527
f 1397 1880 1534
f 1402 1883 1557
f 1438 1917 1620
f 1425 1904 1590
f 1446 1924 1662
f 1405 1887 1665
f 1426 1906 1595
f 1413 1891 1565
f 1414 1896 1599
f 1428 1910 1605
f 1430 1913 1612
f 1435 1915 1617
f 1415 1898 1587
f 1420 1902 1659
f 1445 1925 1668
f 1410 1889 1560
f 1328 1693 1513
f 1327 1689 1507
f 1329 1695 1519
f 1330 1698 1525
f 1331 1701 1531
f 1336 1715 1555
f 1354 1772 1616
f 1383 1859 1586
f 1379 1847 1658
f 1365 1803 1663
f 1343 1738 1591
f 1342 1734 1562
f 1344 1740 1597
f 1345 1743 1603
f 1346 1746 1609
f 1349 1756 1615
f 1341 1730 1585
f 1361 1790 1657
f 1370 1819 1664
f 1372 1825 1556
f 1382 1854 1532
f 1352 1764 1514
f 1332 1705 1508
f 1362 1795 1520
f 1377 1840 1526
f 1353 1768 1538
f 1385 1864 1640
f 1381 1851 1681
f 1366 1806 1669
f 1334 1711 1543
f 1373 1828 1610
f 1348 1752 1592
f 1337 1720 1561
f 1358 1783 1598
f 1368 1814 1604
f 1374 1832 1622
f 1347 1750 1568
f 1339 1726 1573
f 1360 1789 1651
f 1371 1820 1675
f 1356 1775 1639
f 1333 1707 1537
f 1363 1797 1544
f 1380 1848 1670
f 1386 1865 1682
f 1375 1833 1634
f 1351 1761 1627
f 1340 1729 1579
f 1359 1787 1645
f 1367 1809 1550
f 1350 1758 1621
f 1338 1722 1567
f 1357 1779 1574
f 1369 1816 1652
f 1376 1836 1676
f 1355 1774 1633
f 1384 1861 1628
f 1378 1843 1580
f 1364 1801 1646
f 1335 1714 1549
f 1400 1874 1535
f 1392 1868 1517
f 1390 1869 1512
f 1396 1876 1524
f 1399 1879 1530
f 1403 1882 1542
f 1440 1920 1644
f 1423 1905 1685
f 1444 1926 1673
f 1404 1885 1547
f 1433 1907 1613
f 1416 1895 1594
f 1412 1893 1564
f 1429 1909 1602
f 1432 1912 1608
f 1439 1916 1626
f 1417 1897 1572
f 1418 1900 1576
f 1441 1922 1655
f 1408 1890 1677
f 1328 1691 1693
f 1327 1687 1689
f 1329 1688 1695
f 1330 1694 1698
f 1331 1697 1701
f 1336 1706 1715
f 1354 1770 1772
f 1383 1857 1859
f 1379 1845 1847
f 1365 1796 1803
f 1343 1736 1738
f 1342 1732 1734
f 1344 1733 1740
f 1345 1739 1743
f 1346 1742 1746
f 1349 1754 1756
f 1341 1721 1730
f 1361 1778 1790
f 1370 1815 1819
f 1372 1823 1825
f 1382 1852 1854
f 1352 1762 1764
f 1332 1703 1705
f 1362 1793 1795
f 1377 1838 1840
f 1353 1766 1768
f 1385 1860 1864
f 1381 1842 1851
f 1366 1800 1806
f 1334 1709 1711
f 1373 1826 1828
f 1348 1747 1752
f 1337 1718 1720
f 1358 1781 1783
f 1368 1812 1814
f 1374 1830 1832
f 1347 1748 1750
f 1339 1724 1726
f 1360 1784 1789
f 1371 1808 1820
f 1356 1763 1775
f 1333 1702 1707
f 1363 1792 1797
f 1380 1837 1848
f 1386 1853 1865
f 1375 1822 1833
f 1351 1755 1761
f 1340 1727 1729
f 1359 1785 1787
f 1367 1807 1809
f 1350 1751 1758
f 1338 1717 1722
f 1357 1777 1779
f 1369 1811 1816
f 1376 1827 1836
f 1355 1769 1774
f 1384 1856 1861
f 1378 1841 1843
f 1364 1799 1801
f 1335 1712 1714
f 1400 1875 1874
f 1392 1871 1868
f 1390 1872 1869
f 1396 1878 1876
f 1399 1881 1879
f 1403 1884 1882
f 1440 1918 1920
f 1423 1903 1905
f 1444 1923 1926
f 1404 1886 1885
f 1433 1908 1907
f 1416 1892 1895
f 1412 1894 1893
f 1429 1911 1909
f 1432 1914 1912
f 1439 1919 1916
f 1417 1899 1897
f 1418 1901 1900
f 1441 1921 1922
f 1408 1888 1890
f 1328 1448 1691
f 1327 1447 1687
f 1329 1449 1688
f 1330 1450 1694
f 1331 1451 1697
f 1336 1456 1706
f 1354 1474 1770
f 1383 1503 1857
f 1379 1499 1845
f 1365 1485 1796
f 1343 1463 1736
f 1342 1462 1732
f 1344 1464 1733
f 1345 1465 1739
f 1346 1466 1742
f 1349 1469 1754
f 1341 1461 1721
f 1361 1481 1778
f 1370 1490 1815
f 1372 1492 1823
f 1382 1502 1852
f 1352 1472 1762
f 1332 1452 1703
f 1362 1482 1793
f 1377 1497 1838
f 1353 1473 1766
f 1385 1505 1860
f 1381 1501 1842
f 1366 1486 1800
f 1334 1454 1709
f 1373 1493 1826
f 1348 1468 1747
f 1337 1457 1718
f 1358 1478 1781
f 1368 1488 1812
f 1374 1494 1830
f 1347 1467 1748
f 1339 1459 1724
f 1360 1480 1784
f 1371 1491 1808
f 1356 1476 1763
f 1333 1453 1702
f 1363 1483 1792
f 1380 1500 1837
f 1386 1506 1853
f 1375 1495 1822
f 1351 1471 1755
f 1340 1460 1727
f 1359 1479 1785
f 1367 1487 1807
f 1350 1470 1751
f 1338 1458 1717
f 1357 1477 1777
f 1369 1489 1811
f 1376 1496 1827
f 1355 1475 1769
f 1384 1504 1856
f 1378 1498 1841
f 1364 1484 1799
f 1335 1455 1712
f 1400 1642 1875
f 1392 1540 1871
f 1390 1545 1872
f 1396 1671 1878
f 1399 1683 1881
f 1403 1635 1884
f 1440 1632 1918
f 1423 1584 1903
f 1444 1650 1923
f 1404 1551 1886
f 1433 1624 1908
f 1416 1571 1892
f 1412 1575 1894
f 1429 1653 1911
f 1432 1679 1914
f 1439 1638 1919
f 1417 1629 1899
f 1418 1581 1901
f 1441 1647 1921
f 1408 1554 1888
f 1331 1531 1700
f 1328 1513 1692
f 1327 1507 1690
f 1329 1519 1696
f 1330 1525 1699
f 1333 1537 1708
f 1356 1639 1776
f 1386 1682 1866
f 1380 1670 1849
f 1363 1544 1798
f 1346 1609 1745
f 1343 1591 1737
f 1342 1562 1735
f 1344 1597 1741
f 1345 1603 1744
f 1350 1621 1759
f 1338 1567 1723
f 1357 1574 1780
f 1369 1652 1817
f 1376 1676 1835
f 1385 1640 1863
f 1353 1538 1767
f 1334 1543 1710
f 1366 1669 1805
f 1381 1681 1850
f 1355 1633 1773
f 1384 1628 1862
f 1378 1580 1844
f 1364 1646 1802
f 1335 1549 1713
f 1374 1622 1831
f 1347 1568 1749
f 1339 1573 1725
f 1360 1651 1788
f 1371 1675 1821
f 1375 1634 1834
f 1351 1627 1760
f 1340 1579 1728
f 1359 1645 1786
f 1367 1550 1810
f 1352 1514 1765
f 1332 1508 1704
f 1362 1520 1794
f 1377 1526 1839
f 1382 1532 1855
f 1372 1556 1824
f 1349 1615 1757
f 1341 1585 1731
f 1361 1657 1791
f 1370 1664 1818
f 1348 1592 1753
f 1337 1561 1719
f 1358 1598 1782
f 1368 1604 1813
f 1373 1610 1829
f 1354 1616 1771
f 1383 1586 1858
f 1379 1658 1846
f 1365 1663 1804
f 1336 1555 1716
f 1393 1518 1873
f 1389 1511 1867
f 1395 1523 1870
f 1398 1529 1877
f 1401 1536 1880
f 1409 1559 1883
f 1436 1618 1917
f 1421 1588 1904
f 1442 1661 1924
f 1407 1666 1887
f 1427 1596 1906
f 1411 1563 1891
f 1419 1600 1896
f 1431 1607 1910
f 1434 1614 1913
f 1437 1619 1915
f 1424 1589 1898
f 1422 1660 1902
f 1443 1667 1925
f 1406 1558 1889
f 1391 1516 1693
f 1387 1509 1689
f 1388 1521 1695
f 1394 1527 1698
f 1397 1534 1701
f 1402 1557 1715
f 1438 1620 1772
f 1425 1590 1859
f 1446 1662 1847
f 1405 1665 1803
f 1426 1595 1738
f 1413 1565 1734
f 1414 1599 1740
f 1428 1605 1743
f 1430 1612 1746
f 1435 1617 1756
f 1415 1587 1730
f 1420 1659 1790
f 1445 1668 1819
f 1410 1560 1825
f 1400 1535 1854
f 1392 1517 1764
f 1390 1512 1705
f 1396 1524 1795
f 1399 1530 1840
f 1403 1542 1768
f 1440 1644 1864
f 1423 1685 1851
f 1444 1673 1806
f 1404 1547 1711
f 1433 1613 1828
f 1416 1594 1752
f 1412 1564 1720
f 1429 1602 1783
f 1432 1608 1814
f 1439 1626 1832
f 1417 1572 1750
f 1418 1576 1726
f 1441 1655 1789
f 1408 1677 1820
f 1393 1641 1775
f 1389 1539 1707
f 1395 1546 1797
f 1398 1672 1848
f 1401 1684 1865
f 1409 1636 1833
f 1436 1631 1761
f 1421 1582 1729
f 1442 1648 1787
f 1407 1553 1809
f 1427 1623 1758
f 1411 1569 1722
f 1419 1577 1779
f 1431 1654 1816
f 1434 1680 1836
f 1437 1637 1774
f 1424 1630 1861
f 1422 1583 1843
f 1443 1649 1801
f 1406 1552 1714
f 1391 1533 1874
f 1387 1515 1868
f 1388 1510 1869
f 1394 1522 1876
f 1397 1528 1879
f 1402 1541 1882
f 1438 1643 1920
f 1425 1686 1905
f 1446 1674 1926
f 1405 1548 1885
f 1426 1611 1907
f 1413 1593 1895
f 1414 1566 1893
f 1428 1601 1909
f 1430 1606 1912
f 1435 1625 1916
f 1415 1570 1897
f 1420 1578 1900
f 1445 1656 1922
f 1410 1678 1890
f 1331 1700 1691
f 1328 1692 1687
f 1327 1690 1688
f 1329 1696 1694
f 1330 1699 1697
f 1333 1708 1706
f 1356 1776 1770
f 1386 1866 1857
f 1380 1849 1845
f 1363 1798 1796
f 1346 1745 1736
f 1343 1737 1732
f 1342 1735 1733
f 1344 1741 1739
f 1345 1744 1742
f 1350 1759 1754
f 1338 1723 1721
f 1357 1780 1778
f 1369 1817 1815
f 1376 1835 1823
f 1385 1863 1852
f 1353 1767 1762
f 1334 1710 1703
f 1366 1805 1793
f 1381 1850 1838
f 1355 1773 1766
f 1384 1862 1860
f 1378 1844 1842
f 1364 1802 1800
f 1335 1713 1709
f 1374 1831 1826
f 1347 1749 1747
f 1339 1725 1718
f 1360 1788 1781
f 1371 1821 1812
f 1375 1834 1830
f 1351 1760 1748
f 1340 1728 1724
f 1359 1786 1784
f 1367 1810 1808
f 1352 1765 1763
f 1332 1704 1702
f 1362 1794 1792
f 1377 1839 1837
f 1382 1855 1853
f 1372 1824 1822
f 1349 1757 1755
f 1341 1731 1727
f 1361 1791 1785
f 1370 1818 1807
f 1348 1753 1751
f 1337 1719 1717
f 1358 1782 1777
f 1368 1813 1811
f 1373 1829 1827
f 1354 1771 1769
f 1383 1858 1856
f 1379 1846 1841
f 1365 1804 1799
f 1336 1716 1712
f 1393 1873 1875
f 1389 1867 1871
f 1395 1870 1872
f 1398 1877 1878
f 1401 1880 1881
f 1409 1883 1884
f 1436 1917 1918
f 1421 1904 1903
f 1442 1924 1923
f 1407 1887 1886
f 1427 1906 1908
f 1411 1891 1892
f 1419 1896 1894
f 1431 1910 1911
f 1434 1913 1914
f 1437 1915 1919
f 1424 1898 1899
f 1422 1902 1901
f 1443 1925 1921
f 1406 1889 1888
f 1691 1448 1451
f 1687 1447 1448
f 1688 1449 1447
f 1694 1450 1449
f 1697 1451 1450
f 1706 1456 1453
f 1770 1474 1476
f 1857 1503 1506
f 1845 1499 1500
f 1796 1485 1483
f 1736 1463 1466
f 1732 1462 1463
f 1733 1464 1462
f 1739 1465 1464
f 1742 1466 1465
f 1754 1469 1470
f 1721 1461 1458
f 1778 1481 1477
f 1815 1490 1489
f 1823 1492 1496
f 1852 1502 1505
f 1762 1472 1473
f 1703 1452 1454
f 1793 1482 1486
f 1838 1497 1501
f 1766 1473 1475
f 1860 1505 1504
f 1842 1501 1498
f 1800 1486 1484
f 1709 1454 1455
f 1826 1493 1494
f 1747 1468 1467
f 1718 1457 1459
f 1781 1478 1480
f 1812 1488 1491
f 1830 1494 1495
f 1748 1467 1471
f 1724 1459 1460
f 1784 1480 1479
f 1808 1491 1487
f 1763 1476 1472
f 1702 1453 1452
f 1792 1483 1482
f 1837 1500 1497
f 1853 1506 1502
f 1822 1495 1492
f 1755 1471 1469
f 1727 1460 1461
f 1785 1479 1481
f 1807 1487 1490
f 1751 1470 1468
f 1717 1458 1457
f 1777 1477 1478
f 1811 1489 1488
f 1827 1496 1493
f 1769 1475 1474
f 1856 1504 1503
f 1841 1498 1499
f 1799 1484 1485
f 1712 1455 1456
f 1875 1642 1641
f 1871 1540 1539
f 1872 1545 1546
f 1878 1671 1672
f 1881 1683 1684
f 1884 1635 1636
f 1918 1632 1631
f 1903 1584 1582
f 1923 1650 1648
f 1886 1551 1553
f 1908 1624 1623
f 1892 1571 1569
f 1894 1575 1577
f 1911 1653 1654
f 1914 1679 1680
f 1919 1638 1637
f 1899 1629 1630
f 1901 1581 1583
f 1921 1647 1649
f 1888 1554 1552
f 1700 1531 1533
f 1692 1513 1515
f 1690 1507 1510
f 1696 1519 1522
f 1699 1525 1528
f 1708 1537 1541
f 1776 1639 1643
f 1866 1682 1686
f 1849 1670 1674
f 1798 1544 1548
f 1745 1609 1611
f 1737 1591 1593
f 1735 1562 1566
f 1741 1597 1601
f 1744 1603 1606
f 1759 1621 1625
f 1723 1567 1570
f 1780 1574 1578
f 1817 1652 1656
f 1835 1676 1678
f 1863 1640 1642
f 1767 1538 1540
f 1710 1543 1545
f 1805 1669 1671
f 1850 1681 1683
f 1773 1633 1635
f 1862 1628 1632
f 1844 1580 1584
f 1802 1646 1650
f 1713 1549 1551
f 1831 1622 1624
f 1749 1568 1571
f 1725 1573 1575
f 1788 1651 1653
f 1821 1675 1679
f 1834 1634 1638
f 1760 1627 1629
f 1728 1579 1581
f 1786 1645 1647
f 1810 1550 1554
f 1765 1514 1518
f 1704 1508 1511
f 1794 1520 1523
f 1839 1526 1529
f 1855 1532 1536
f 1824 1556 1559
f 1757 1615 1618
f 1731 1585 1588
f 1791 1657 1661
f 1818 1664 1666
f 1753 1592 1596
f 1719 1561 1563
f 1782 1598 1600
f 1813 1604 1607
f 1829 1610 1614
f 1771 1616 1619
f 1858 1586 1589
f 1846 1658 1660
f 1804 1663 1667
f 1716 1555 1558
f 1873 1518 1516
f 1867 1511 1509
f 1870 1523 1521
f 1877 1529 1527
f 1880 1536 1534
f 1883 1559 1557
f 1917 1618 1620
f 1904 1588 1590
f 1924 1661 1662
f 1887 1666 1665
f 1906 1596 1595
f 1891 1563 1565
f 1896 1600 1599
f 1910 1607 1605
f 1913 1614 1612
f 1915 1619 1617
f 1898 1589 1587
f 1902 1660 1659
f 1925 1667 1668
f 1889 1558 1560
f 1693 1516 1513
f 1689 1509 1507
f 1695 1521 1519
f 1698 1527 1525
f 1701 1534 1531
f 1715 1557 1555
f 1772 1620 1616
f 1859 1590 1586
f 1847 1662 1658
f 1803 1665 1663
f 1738 1595 1591
f 1734 1565 1562
f 1740 1599 1597
f 1743 1605 1603
f 1746 1612 1609
f 1756 1617 1615
f 1730 1587 1585
f 1790 1659 1657
f 1819 1668 1664
f 1825 1560 1556
f 1854 1535 1532
f 1764 1517 1514
f 1705 1512 1508
f 1795 1524 1520
f 1840 1530 1526
f 1768 1542 1538
f 1864 1644 1640
f 1851 1685 1681
f 1806 1673 1669
f 1711 1547 1543
f 1828 1613 1610
f 1752 1594 1592
f 1720 1564 1561
f 1783 1602 1598
f 1814 1608 1604
f 1832 1626 1622
f 1750 1572 1568
f 1726 1576 1573
f 1789 1655 1651
f 1820 1677 1675
f 1775 1641 1639
f 1707 1539 1537
f 1797 1546 1544
f 1848 1672 1670
f 1865 1684 1682
f 1833 1636 1634
f 1761 1631 1627
f 1729 1582 1579
f 1787 1648 1645
f 1809 1553 1550
f 1758 1623 1621
f 1722 1569 1567
f 1779 1577 1574
f 1816 1654 1652
f 1836 1680 1676
f 1774 1637 1633
f 1861 1630 1628
f 1843 1583 1580
f 1801 1649 1646
f 1714 1552 1549
f 1874 1533 1535
f 1868 1515 1517
f 1869 1510 1512
f 1876 1522 1524
f 1879 1528 1530
f 1882 1541 1542
f 1920 1643 1644
f 1905 1686 1685
f 1926 1674 1673
f 1885 1548 1547
f 1907 1611 1613
f 1895 1593 1594
f 1893 1566 1564
f 1909 1601 1602
f 1912 1606 1608
f 1916 1625 1626
f 1897 1570 1572
f 1900 1578 1576
f 1922 1656 1655
f 1890 1678 1677
f 1691 1700 1693
f 1687 1692 1689
f 1688 1690 1695
f 1694 1696 1698
f 1697 1699 1701
f 1706 1708 1715
f 1770 1776 1772
f 1857 1866 1859
f 1845 1849 1847
f 1796 1798 1803
f 1736 1745 1738
f 1732 1737 1734
f 1733 1735 1740
f 1739 1741 1743
f 1742 1744 1746
f 1754 1759 1756
f 1721 1723 1730
f 1778 1780 1790
f 1815 1817 1819
f 1823 1835 1825
f 1852 1863 1854
f 1762 1767 1764
f 1703 1710 1705
f 1793 1805 1795
f 1838 1850 1840
f 1766 1773 1768
f 1860 1862 1864
f 1842 1844 1851
f 1800 1802 1806
f 1709 1713 1711
f 1826 1831 1828
f 1747 1749 1752
f 1718 1725 1720
f 1781 1788 1783
f 1812 1821 1814
f 1830 1834 1832
f 1748 1760 1750
f 1724 1728 1726
f 1784 1786 1789
f 1808 1810 1820
f 1763 1765 1775
f 1702 1704 1707
f 1792 1794 1797
f 1837 1839 1848
f 1853 1855 1865
f 1822 1824 1833
f 1755 1757 1761
f 1727 1731 1729
f 1785 1791 1787
f 1807 1818 1809
f 1751 1753 1758
f 1717 1719 1722
f 1777 1782 1779
f 1811 1813 1816
f 1827 1829 1836
f 1769 1771 1774
f 1856 1858 1861
f 1841 1846 1843
f 1799 1804 1801
f 1712 1716 1714
f 1875 1873 1874
f 1871 1867 1868
f 1872 1870 1869
f 1878 1877 1876
f 1881 1880 1879
f 1884 1883 1882
f 1918 1917 1920
f 1903 1904 1905
f 1923 1924 1926
f 1886 1887 1885
f 1908 1906 1907
f 1892 1891 1895
f 1894 1896 1893
f 1911 1910 1909
f 1914 1913 1912
f 1919 1915 1916
f 1899 1898 1897
f 1901 1902 1900
f 1921 1925 1922
f 1888 1889 1890
f 1927 2093 2090
f 1927 2090 2089
f 1927 2089 2091
f 1927 2091 2092
f 1927 2092 2093
f 1928 2095 2098
f 1932 2118 2116
f 1938 2148 2145
f 1937 2142 2141
f 1934 2125 2127
f 1930 2108 2105
f 1930 2105 2104
f 1930 2104 2106
f 1930 2106 2107
f 1930 2107 2108
f 1931 2112 2111
f 1929 2100 2103
f 1933 2119 2123
f 1935 2131 2132
f 1936 2138 2134
f 1938 2147 2144
f 1932 2115 2114
f 1928 2096 2094
f 1934 2128 2124
f 1937 2143 2139
f 1932 2117 2115
f 1938 2146 2147
f 1937 2140 2143
f 1934 2126 2128
f 1928 2097 2096
f 1936 2136 2135
f 1931 2109 2110
f 1929 2101 2099
f 1933 2122 2120
f 1935 2133 2130
f 1936 2137 2136
f 1931 2113 2109
f 1929 2102 2101
f 1933 2121 2122
f 1935 2129 2133
f 1932 2114 2118
f 1928 2094 2095
f 1934 2124 2125
f 1937 2139 2142
f 1938 2144 2148
f 1936 2134 2137
f 1931 2111 2113
f 1929 2103 2102
f 1933 2123 2121
f 1935 2132 2129
f 1931 2110 2112
f 1929 2099 2100
f 1933 2120 2119
f 1935 2130 2131
f 1936 2135 2138
f 1932 2116 2117
f 1938 2145 2146
f 1937 2141 2140
f 1934 2127 2126
f 1928 2098 2097
f 1961 2283 2284
f 1944 2181 2182
f 1945 2188 2187
f 1966 2314 2313
f 1968 2326 2325
f 1960 2278 2277
f 1959 2273 2274
f 1951 2224 2226
f 1962 2290 2292
f 1946 2195 2193
f 1958 2265 2266
f 1949 2211 2213
f 1950 2219 2217
f 1963 2296 2295
f 1967 2322 2321
f 1960 2279 2280
f 1959 2272 2271
f 1951 2225 2223
f 1962 2291 2289
f 1946 2194 2196
f 1943 2175 2173
f 1940 2157 2155
f 1939 2152 2149
f 1941 2164 2161
f 1942 2170 2167
f 1944 2183 2179
f 1961 2285 2281
f 1968 2328 2324
f 1966 2316 2312
f 1945 2190 2186
f 1956 2253 2251
f 1953 2235 2233
f 1948 2208 2204
f 1954 2243 2239
f 1955 2248 2245
f 1958 2267 2263
f 1949 2212 2209
f 1950 2220 2216
f 1963 2298 2294
f 1967 2320 2318
f 1961 2284 2282
f 1944 2182 2180
f 1945 2187 2185
f 1966 2313 2311
f 1968 2325 2323
f 1960 2277 2275
f 1959 2274 2270
f 1951 2226 2222
f 1962 2292 2288
f 1946 2193 2191
f 1958 2266 2264
f 1949 2213 2210
f 1950 2217 2215
f 1963 2295 2293
f 1967 2321 2317
f 1960 2280 2276
f 1959 2271 2269
f 1951 2223 2221
f 1962 2289 2287
f 1946 2196 2192
f 1940 2160 2156
f 1939 2153 2150
f 1941 2165 2162
f 1942 2171 2168
f 1943 2178 2174
f 1947 2201 2198
f 1957 2260 2257
f 1952 2230 2227
f 1964 2303 2299
f 1965 2308 2306
f 1953 2238 2234
f 1948 2205 2203
f 1954 2242 2240
f 1955 2249 2246
f 1956 2256 2252
f 1957 2261 2258
f 1952 2231 2228
f 1964 2302 2300
f 1965 2309 2305
f 1947 2200 2197
f 1940 2158 2160
f 1939 2151 2153
f 1941 2163 2165
f 1942 2169 2171
f 1943 2176 2178
f 1947 2199 2201
f 1957 2262 2260
f 1952 2232 2230
f 1964 2304 2303
f 1965 2307 2308
f 1953 2237 2238
f 1948 2207 2205
f 1954 2241 2242
f 1955 2247 2249
f 1956 2254 2256
f 1957 2259 2261
f 1952 2229 2231
f 1964 2301 2302
f 1965 2310 2309
f 1947 2202 2200
f 1940 2155 2158
f 1939 2149 2151
f 1941 2161 2163
f 1942 2167 2169
f 1943 2173 2176
f 1947 2197 2199
f 1957 2258 2262
f 1952 2228 2232
f 1964 2300 2304
f 1965 2305 2307
f 1953 2233 2237
f 1948 2204 2207
f 1954 2239 2241
f 1955 2245 2247
f 1956 2251 2254
f 1957 2257 2259
f 1952 2227 2229
f 1964 2299 2301
f 1965 2306 2310
f 1947 2198 2202
f 1943 2174 2177
f 1940 2156 2159
f 1939 2150 2154
f 1941 2162 2166
f 1942 2168 2172
f 1944 2180 2184
f 1961 2282 2286
f 1968 2323 2327
f 1966 2311 2315
f 1945 2185 2189
f 1956 2252 2255
f 1953 2234 2236
f 1948 2203 2206
f 1954 2240 2244
f 1955 2246 2250
f 1958 2264 2268
f 1949 2210 2214
f 1950 2215 2218
f 1963 2293 2297
f 1967 2317 2319
f 1961 2281 2283
f 1944 2179 2181
f 1945 2186 2188
f 1966 2312 2314
f 1968 2324 2326
f 1960 2276 2278
f 1959 2269 2273
f 1951 2221 2224
f 1962 2287 2290
f 1946 2192 2195
f 1958 2263 2265
f 1949 2209 2211
f 1950 2216 2219
f 1963 2294 2296
f 1967 2318 2322
f 1960 2275 2279
f 1959 2270 2272
f 1951 2222 2225
f 1962 2288 2291
f 1946 2191 2194
f 1943 2177 2175
f 1940 2159 2157
f 1939 2154 2152
f 1941 2166 2164
f 1942 2172 2170
f 1944 2184 2183
f 1961 2286 2285
f 1968 2327 2328
f 1966 2315 2316
f 1945 2189 2190
f 1956 2255 2253
f 1953 2236 2235
f 1948 2206 2208
f 1954 2244 2243
f 1955 2250 2248
f 1958 2268 2267
f 1949 2214 2212
f 1950 2218 2220
f 1963 2297 2298
f 1967 2319 2320
f 2033 2335 2342
f 2029 2331 2334
f 2030 2337 2332
f 2036 2340 2338
f 2039 2343 2341
f 2044 2357 2350
f 2080 2414 2418
f 2067 2501 2508
f 2088 2489 2491
f 2047 2445 2440
f 2068 2380 2387
f 2055 2376 2379
f 2056 2382 2377
f 2070 2385 2383
f 2072 2388 2386
f 2077 2398 2401
f 2057 2372 2365
f 2062 2432 2422
f 2087 2461 2459
f 2052 2467 2477
f 2042 2496 2505
f 2034 2406 2409
f 2032 2347 2352
f 2038 2437 2447
f 2041 2482 2492
f 2045 2410 2415
f 2082 2506 2504
f 2065 2493 2486
f 2086 2448 2444
f 2046 2353 2355
f 2075 2470 2473
f 2058 2394 2391
f 2054 2362 2367
f 2071 2425 2430
f 2074 2456 2463
f 2081 2474 2476
f 2059 2392 2402
f 2060 2368 2370
f 2083 2431 2428
f 2050 2462 2452
f 2035 2417 2407
f 2031 2349 2346
f 2037 2439 2436
f 2040 2490 2481
f 2043 2507 2497
f 2051 2475 2466
f 2078 2403 2399
f 2063 2371 2373
f 2084 2429 2433
f 2049 2451 2460
f 2069 2400 2395
f 2053 2364 2361
f 2061 2421 2424
f 2073 2458 2455
f 2076 2478 2471
f 2079 2416 2413
f 2066 2503 2500
f 2064 2485 2488
f 2085 2443 2446
f 2048 2356 2358
f 2033 2516 2515
f 2029 2510 2509
f 2030 2511 2512
f 2036 2518 2519
f 2039 2521 2522
f 2044 2524 2525
f 2080 2562 2559
f 2067 2547 2546
f 2088 2568 2566
f 2047 2527 2529
f 2068 2549 2548
f 2055 2537 2533
f 2056 2535 2538
f 2070 2551 2552
f 2072 2554 2555
f 2077 2558 2557
f 2057 2539 2540
f 2062 2542 2544
f 2087 2564 2567
f 2052 2532 2531
f 1973 2333 2093
f 1970 2329 2090
f 1969 2330 2089
f 1971 2336 2091
f 1972 2339 2092
f 1975 2348 2095
f 1998 2412 2118
f 2028 2499 2148
f 2022 2487 2142
f 2005 2438 2125
f 1988 2378 2108
f 1985 2374 2105
f 1984 2375 2104
f 1986 2381 2106
f 1987 2384 2107
f 1992 2396 2112
f 1980 2363 2100
f 1999 2420 2119
f 2011 2457 2131
f 2018 2465 2138
f 2027 2494 2147
f 1995 2404 2115
f 1976 2345 2096
f 2008 2435 2128
f 2023 2480 2143
f 1997 2408 2117
f 2026 2502 2146
f 2020 2484 2140
f 2006 2442 2126
f 1977 2351 2097
f 2016 2468 2136
f 1989 2389 2109
f 1981 2360 2101
f 2002 2423 2122
f 2013 2454 2133
f 2017 2472 2137
f 1993 2390 2113
f 1982 2366 2102
f 2001 2426 2121
f 2009 2450 2129
f 1994 2405 2114
f 1974 2344 2094
f 2004 2434 2124
f 2019 2479 2139
f 2024 2495 2144
f 2014 2464 2134
f 1991 2397 2111
f 1983 2369 2103
f 2003 2427 2123
f 2012 2449 2132
f 1990 2393 2110
f 1979 2359 2099
f 2000 2419 2120
f 2010 2453 2130
f 2015 2469 2135
f 1996 2411 2116
f 2025 2498 2145
f 2021 2483 2141
f 2007 2441 2127
f 1978 2354 2098
f 2035 2517 2283
f 2031 2513 2181
f 2037 2514 2188
f 2040 2520 2314
f 2043 2523 2326
f 2051 2526 2278
f 2078 2560 2273
f 2063 2545 2224
f 2084 2565 2290
f 2049 2528 2195
f 2069 2550 2265
f 2053 2534 2211
f 2061 2536 2219
f 2073 2553 2296
f 2076 2556 2322
f 2079 2561 2279
f 2066 2541 2272
f 2064 2543 2225
f 2085 2563 2291
f 2048 2530 2194
f 2033 2342 2175
f 2029 2334 2157
f 2030 2332 2152
f 2036 2338 2164
f 2039 2341 2170
f 2044 2350 2183
f 2080 2418 2285
f 2067 2508 2328
f 2088 2491 2316
f 2047 2440 2190
f 2068 2387 2253
f 2055 2379 2235
f 2056 2377 2208
f 2070 2383 2243
f 2072 2386 2248
f 2077 2401 2267
f 2057 2365 2212
f 2062 2422 2220
f 2087 2459 2298
f 2052 2477 2320
f 2042 2505 2284
f 2034 2409 2182
f 2032 2352 2187
f 2038 2447 2313
f 2041 2492 2325
f 2045 2415 2277
f 2082 2504 2274
f 2065 2486 2226
f 2086 2444 2292
f 2046 2355 2193
f 2075 2473 2266
f 2058 2391 2213
f 2054 2367 2217
f 2071 2430 2295
f 2074 2463 2321
f 2081 2476 2280
f 2059 2402 2271
f 2060 2370 2223
f 2083 2428 2289
f 2050 2452 2196
f 2035 2407 2160
f 2031 2346 2153
f 2037 2436 2165
f 2040 2481 2171
f 2043 2497 2178
f 2051 2466 2201
f 2078 2399 2260
f 2063 2373 2230
f 2084 2433 2303
f 2049 2460 2308
f 2069 2395 2238
f 2053 2361 2205
f 2061 2424 2242
f 2073 2455 2249
f 2076 2471 2256
f 2079 2413 2261
f 2066 2500 2231
f 2064 2488 2302
f 2085 2446 2309
f 2048 2358 2200
f 2033 2515 2158
f 2029 2509 2151
f 2030 2512 2163
f 2036 2519 2169
f 2039 2522 2176
f 2044 2525 2199
f 2080 2559 2262
f 2067 2546 2232
f 2088 2566 2304
f 2047 2529 2307
f 2068 2548 2237
f 2055 2533 2207
f 2056 2538 2241
f 2070 2552 2247
f 2072 2555 2254
f 2077 2557 2259
f 2057 2540 2229
f 2062 2544 2301
f 2087 2567 2310
f 2052 2531 2202
f 1970 2335 2155
f 1969 2331 2149
f 1971 2337 2161
f 1972 2340 2167
f 1973 2343 2173
f 1978 2357 2197
f 1996 2414 2258
f 2025 2501 2228
f 2021 2489 2300
f 2007 2445 2305
f 1985 2380 2233
f 1984 2376 2204
f 1986 2382 2239
f 1987 2385 2245
f 1988 2388 2251
f 1991 2398 2257
f 1983 2372 2227
f 2003 2432 2299
f 2012 2461 2306
f 2014 2467 2198
f 2024 2496 2174
f 1994 2406 2156
f 1974 2347 2150
f 2004 2437 2162
f 2019 2482 2168
f 1995 2410 2180
f 2027 2506 2282
f 2023 2493 2323
f 2008 2448 2311
f 1976 2353 2185
f 2015 2470 2252
f 1990 2394 2234
f 1979 2362 2203
f 2000 2425 2240
f 2010 2456 2246
f 2016 2474 2264
f 1989 2392 2210
f 1981 2368 2215
f 2002 2431 2293
f 2013 2462 2317
f 1998 2417 2281
f 1975 2349 2179
f 2005 2439 2186
f 2022 2490 2312
f 2028 2507 2324
f 2017 2475 2276
f 1993 2403 2269
f 1982 2371 2221
f 2001 2429 2287
f 2009 2451 2192
f 1992 2400 2263
f 1980 2364 2209
f 1999 2421 2216
f 2011 2458 2294
f 2018 2478 2318
f 1997 2416 2275
f 2026 2503 2270
f 2020 2485 2222
f 2006 2443 2288
f 1977 2356 2191
f 2042 2516 2177
f 2034 2510 2159
f 2032 2511 2154
f 2038 2518 2166
f 2041 2521 2172
f 2045 2524 2184
f 2082 2562 2286
f 2065 2547 2327
f 2086 2568 2315
f 2046 2527 2189
f 2075 2549 2255
f 2058 2537 2236
f 2054 2535 2206
f 2071 2551 2244
f 2074 2554 2250
f 2081 2558 2268
f 2059 2539 2214
f 2060 2542 2218
f 2083 2564 2297
f 2050 2532 2319
f 1970 2333 2335
f 1969 2329 2331
f 1971 2330 2337
f 1972 2336 2340
f 1973 2339 2343
f 1978 2348 2357
f 1996 2412 2414
f 2025 2499 2501
f 2021 2487 2489
f 2007 2438 2445
f 1985 2378 2380
f 1984 2374 2376
f 1986 2375 2382
f 1987 2381 2385
f 1988 2384 2388
f 1991 2396 2398
f 1983 2363 2372
f 2003 2420 2432
f 2012 2457 2461
f 2014 2465 2467
f 2024 2494 2496
f 1994 2404 2406
f 1974 2345 2347
f 2004 2435 2437
f 2019 2480 2482
f 1995 2408 2410
f 2027 2502 2506
f 2023 2484 2493
f 2008 2442 2448
f 1976 2351 2353
f 2015 2468 2470
f 1990 2389 2394
f 1979 2360 2362
f 2000 2423 2425
f 2010 2454 2456
f 2016 2472 2474
f 1989 2390 2392
f 1981 2366 2368
f 2002 2426 2431
f 2013 2450 2462
f 1998 2405 2417
f 1975 2344 2349
f 2005 2434 2439
f 2022 2479 2490
f 2028 2495 2507
f 2017 2464 2475
f 1993 2397 2403
f 1982 2369 2371
f 2001 2427 2429
f 2009 2449 2451
f 1992 2393 2400
f 1980 2359 2364
f 1999 2419 2421
f 2011 2453 2458
f 2018 2469 2478
f 1997 2411 2416
f 2026 2498 2503
f 2020 2483 2485
f 2006 2441 2443
f 1977 2354 2356
f 2042 2517 2516
f 2034 2513 2510
f 2032 2514 2511
f 2038 2520 2518
f 2041 2523 2521
f 2045 2526 2524
f 2082 2560 2562
f 2065 2545 2547
f 2086 2565 2568
f 2046 2528 2527
f 2075 2550 2549
f 2058 2534 2537
f 2054 2536 2535
f 2071 2553 2551
f 2074 2556 2554
f 2081 2561 2558
f 2059 2541 2539
f 2060 2543 2542
f 2083 2563 2564
f 2050 2530 2532
f 1970 2090 2333
f 1969 2089 2329
f 1971 2091 2330
f 1972 2092 2336
f 1973 2093 2339
f 1978 2098 2348
f 1996 2116 2412
f 2025 2145 2499
f 2021 2141 2487
f 2007 2127 2438
f 1985 2105 2378
f 1984 2104 2374
f 1986 2106 2375
f 1987 2107 2381
f 1988 2108 2384
f 1991 2111 2396
f 1983 2103 2363
f 2003 2123 2420
f 2012 2132 2457
f 2014 2134 2465
f 2024 2144 2494
f 1994 2114 2404
f 1974 2094 2345
f 2004 2124 2435
f 2019 2139 2480
f 1995 2115 2408
f 2027 2147 2502
f 2023 2143 2484
f 2008 2128 2442
f 1976 2096 2351
f 2015 2135 2468
f 1990 2110 2389
f 1979 2099 2360
f 2000 2120 2423
f 2010 2130 2454
f 2016 2136 2472
f 1989 2109 2390
f 1981 2101 2366
f 2002 2122 2426
f 2013 2133 2450
f 1998 2118 2405
f 1975 2095 2344
f 2005 2125 2434
f 2022 2142 2479
f 2028 2148 2495
f 2017 2137 2464
f 1993 2113 2397
f 1982 2102 2369
f 2001 2121 2427
f 2009 2129 2449
f 1992 2112 2393
f 1980 2100 2359
f 1999 2119 2419
f 2011 2131 2453
f 2018 2138 2469
f 1997 2117 2411
f 2026 2146 2498
f 2020 2140 2483
f 2006 2126 2441
f 1977 2097 2354
f 2042 2284 2517
f 2034 2182 2513
f 2032 2187 2514
f 2038 2313 2520
f 2041 2325 2523
f 2045 2277 2526
f 2082 2274 2560
f 2065 2226 2545
f 2086 2292 2565
f 2046 2193 2528
f 2075 2266 2550
f 2058 2213 2534
f 2054 2217 2536
f 2071 2295 2553
f 2074 2321 2556
f 2081 2280 2561
f 2059 2271 2541
f 2060 2223 2543
f 2083 2289 2563
f 2050 2196 2530
f 1973 2173 2342
f 1970 2155 2334
f 1969 2149 2332
f 1971 2161 2338
f 1972 2167 2341
f 1975 2179 2350
f 1998 2281 2418
f 2028 2324 2508
f 2022 2312 2491
f 2005 2186 2440
f 1988 2251 2387
f 1985 2233 2379
f 1984 2204 2377
f 1986 2239 2383
f 1987 2245 2386
f 1992 2263 2401
f 1980 2209 2365
f 1999 2216 2422
f 2011 2294 2459
f 2018 2318 2477
f 2027 2282 2505
f 1995 2180 2409
f 1976 2185 2352
f 2008 2311 2447
f 2023 2323 2492
f 1997 2275 2415
f 2026 2270 2504
f 2020 2222 2486
f 2006 2288 2444
f 1977 2191 2355
f 2016 2264 2473
f 1989 2210 2391
f 1981 2215 2367
f 2002 2293 2430
f 2013 2317 2463
f 2017 2276 2476
f 1993 2269 2402
f 1982 2221 2370
f 2001 2287 2428
f 2009 2192 2452
f 1994 2156 2407
f 1974 2150 2346
f 2004 2162 2436
f 2019 2168 2481
f 2024 2174 2497
f 2014 2198 2466
f 1991 2257 2399
f 1983 2227 2373
f 2003 2299 2433
f 2012 2306 2460
f 1990 2234 2395
f 1979 2203 2361
f 2000 2240 2424
f 2010 2246 2455
f 2015 2252 2471
f 1996 2258 2413
f 2025 2228 2500
f 2021 2300 2488
f 2007 2305 2446
f 1978 2197 2358
f 2035 2160 2515
f 2031 2153 2509
f 2037 2165 2512
f 2040 2171 2519
f 2043 2178 2522
f 2051 2201 2525
f 2078 2260 2559
f 2063 2230 2546
f 2084 2303 2566
f 2049 2308 2529
f 2069 2238 2548
f 2053 2205 2533
f 2061 2242 2538
f 2073 2249 2552
f 2076 2256 2555
f 2079 2261 2557
f 2066 2231 2540
f 2064 2302 2544
f 2085 2309 2567
f 2048 2200 2531
f 2033 2158 2335
f 2029 2151 2331
f 2030 2163 2337
f 2036 2169 2340
f 2039 2176 2343
f 2044 2199 2357
f 2080 2262 2414
f 2067 2232 2501
f 2088 2304 2489
f 2047 2307 2445
f 2068 2237 2380
f 2055 2207 2376
f 2056 2241 2382
f 2070 2247 2385
f 2072 2254 2388
f 2077 2259 2398
f 2057 2229 2372
f 2062 2301 2432
f 2087 2310 2461
f 2052 2202 2467
f 2042 2177 2496
f 2034 2159 2406
f 2032 2154 2347
f 2038 2166 2437
f 2041 2172 2482
f 2045 2184 2410
f 2082 2286 2506
f 2065 2327 2493
f 2086 2315 2448
f 2046 2189 2353
f 2075 2255 2470
f 2058 2236 2394
f 2054 2206 2362
f 2071 2244 2425
f 2074 2250 2456
f 2081 2268 2474
f 2059 2214 2392
f 2060 2218 2368
f 2083 2297 2431
f 2050 2319 2462
f 2035 2283 2417
f 2031 2181 2349
f 2037 2188 2439
f 2040 2314 2490
f 2043 2326 2507
f 2051 2278 2475
f 2078 2273 2403
f 2063 2224 2371
f 2084 2290 2429
f 2049 2195 2451
f 2069 2265 2400
f 2053 2211 2364
f 2061 2219 2421
f 2073 2296 2458
f 2076 2322 2478
f 2079 2279 2416
f 2066 2272 2503
f 2064 2225 2485
f 2085 2291 2443
f 2048 2194 2356
f 2033 2175 2516
f 2029 2157 2510
f 2030 2152 2511
f 2036 2164 2518
f 2039 2170 2521
f 2044 2183 2524
f 2080 2285 2562
f 2067 2328 2547
f 2088 2316 2568
f 2047 2190 2527
f 2068 2253 2549
f 2055 2235 2537
f 2056 2208 2535
f 2070 2243 2551
f 2072 2248 2554
f 2077 2267 2558
f 2057 2212 2539
f 2062 2220 2542
f 2087 2298 2564
f 2052 2320 2532
f 1973 2342 2333
f 1970 2334 2329
f 1969 2332 2330
f 1971 2338 2336
f 1972 2341 2339
f 1975 2350 2348
f 1998 2418 2412
f 2028 2508 2499
f 2022 2491 2487
f 2005 2440 2438
f 1988 2387 2378
f 1985 2379 2374
f 1984 2377 2375
f 1986 2383 2381
f 1987 2386 2384
f 1992 2401 2396
f 1980 2365 2363
f 1999 2422 2420
f 2011 2459 2457
f 2018 2477 2465
f 2027 2505 2494
f 1995 2409 2404
f 1976 2352 2345
f 2008 2447 2435
f 2023 2492 2480
f 1997 2415 2408
f 2026 2504 2502
f 2020 2486 2484
f 2006 2444 2442
f 1977 2355 2351
f 2016 2473 2468
f 1989 2391 2389
f 1981 2367 2360
f 2002 2430 2423
f 2013 2463 2454
f 2017 2476 2472
f 1993 2402 2390
f 1982 2370 2366
f 2001 2428 2426
f 2009 2452 2450
f 1994 2407 2405
f 1974 2346 2344
f 2004 2436 2434
f 2019 2481 2479
f 2024 2497 2495
f 2014 2466 2464
f 1991 2399 2397
f 1983 2373 2369
f 2003 2433 2427
f 2012 2460 2449
f 1990 2395 2393
f 1979 2361 2359
f 2000 2424 2419
f 2010 2455 2453
f 2015 2471 2469
f 1996 2413 2411
f 2025 2500 2498
f 2021 2488 2483
f 2007 2446 2441
f 1978 2358 2354
f 2035 2515 2517
f 2031 2509 2513
f 2037 2512 2514
f 2040 2519 2520
f 2043 2522 2523
f 2051 2525 2526
f 2078 2559 2560
f 2063 2546 2545
f 2084 2566 2565
f 2049 2529 2528
f 2069 2548 2550
f 2053 2533 2534
f 2061 2538 2536
f 2073 2552 2553
f 2076 2555 2556
f 2079 2557 2561
f 2066 2540 2541
f 2064 2544 2543
f 2085 2567 2563
f 2048 2531 2530
f 2333 2090 2093
f 2329 2089 2090
f 2330 2091 2089
f 2336 2092 2091
f 2339 2093 2092
f 2348 2098 2095
f 2412 2116 2118
f 2499 2145 2148
f 2487 2141 2142
f 2438 2127 2125
f 2378 2105 2108
f 2374 2104 2105
f 2375 2106 2104
f 2381 2107 2106
f 2384 2108 2107
f 2396 2111 2112
f 2363 2103 2100
f 2420 2123 2119
f 2457 2132 2131
f 2465 2134 2138
f 2494 2144 2147
f 2404 2114 2115
f 2345 2094 2096
f 2435 2124 2128
f 2480 2139 2143
f 2408 2115 2117
f 2502 2147 2146
f 2484 2143 2140
f 2442 2128 2126
f 2351 2096 2097
f 2468 2135 2136
f 2389 2110 2109
f 2360 2099 2101
f 2423 2120 2122
f 2454 2130 2133
f 2472 2136 2137
f 2390 2109 2113
f 2366 2101 2102
f 2426 2122 2121
f 2450 2133 2129
f 2405 2118 2114
f 2344 2095 2094
f 2434 2125 2124
f 2479 2142 2139
f 2495 2148 2144
f 2464 2137 2134
f 2397 2113 2111
f 2369 2102 2103
f 2427 2121 2123
f 2449 2129 2132
f 2393 2112 2110
f 2359 2100 2099
f 2419 2119 2120
f 2453 2131 2130
f 2469 2138 2135
f 2411 2117 2116
f 2498 2146 2145
f 2483 2140 2141
f 2441 2126 2127
f 2354 2097 2098
f 2517 2284 2283
f 2513 2182 2181
f 2514 2187 2188
f 2520 2313 2314
f 2523 2325 2326
f 2526 2277 2278
f 2560 2274 2273
f 2545 2226 2224
f 2565 2292 2290
f 2528 2193 2195
f 2550 2266 2265
f 2534 2213 2211
f 2536 2217 2219
f 2553 2295 2296
f 2556 2321 2322
f 2561 2280 2279
f 2541 2271 2272
f 2543 2223 2225
f 2563 2289 2291
f 2530 2196 2194
f 2342 2173 2175
f 2334 2155 2157
f 2332 2149 2152
f 2338 2161 2164
f 2341 2167 2170
f 2350 2179 2183
f 2418 2281 2285
f 2508 2324 2328
f 2491 2312 2316
f 2440 2186 2190
f 2387 2251 2253
f 2379 2233 2235
f 2377 2204 2208
f 2383 2239 2243
f 2386 2245 2248
f 2401 2263 2267
f 2365 2209 2212
f 2422 2216 2220
f 2459 2294 2298
f 2477 2318 2320
f 2505 2282 2284
f 2409 2180 2182
f 2352 2185 2187
f 2447 2311 2313
f 2492 2323 2325
f 2415 2275 2277
f 2504 2270 2274
f 2486 2222 2226
f 2444 2288 2292
f 2355 2191 2193
f 2473 2264 2266
f 2391 2210 2213
f 2367 2215 2217
f 2430 2293 2295
f 2463 2317 2321
f 2476 2276 2280
f 2402 2269 2271
f 2370 2221 2223
f 2428 2287 2289
f 2452 2192 2196
f 2407 2156 2160
f 2346 2150 2153
f 2436 2162 2165
f 2481 2168 2171
f 2497 2174 2178
f 2466 2198 2201
f 2399 2257 2260
f 2373 2227 2230
f 2433 2299 2303
f 2460 2306 2308
f 2395 2234 2238
f 2361 2203 2205
f 2424 2240 2242
f 2455 2246 2249
f 2471 2252 2256
f 2413 2258 2261
f 2500 2228 2231
f 2488 2300 2302
f 2446 2305 2309
f 2358 2197 2200
f 2515 2160 2158
f 2509 2153 2151
f 2512 2165 2163
f 2519 2171 2169
f 2522 2178 2176
f 2525 2201 2199
f 2559 2260 2262
f 2546 2230 2232
f 2566 2303 2304
f 2529 2308 2307
f 2548 2238 2237
f 2533 2205 2207
f 2538 2242 2241
f 2552 2249 2247
f 2555 2256 2254
f 2557 2261 2259
f 2540 2231 2229
f 2544 2302 2301
f 2567 2309 2310
f 2531 2200 2202
f 2335 2158 2155
f 2331 2151 2149
f 2337 2163 2161
f 2340 2169 2167
f 2343 2176 2173
f 2357 2199 2197
f 2414 2262 2258
f 2501 2232 2228
f 2489 2304 2300
f 2445 2307 2305
f 2380 2237 2233
f 2376 2207 2204
f 2382 2241 2239
f 2385 2247 2245
f 2388 2254 2251
f 2398 2259 2257
f 2372 2229 2227
f 2432 2301 2299
f 2461 2310 2306
f 2467 2202 2198
f 2496 2177 2174
f 2406 2159 2156
f 2347 2154 2150
f 2437 2166 2162
f 2482 2172 2168
f 2410 2184 2180
f 2506 2286 2282
f 2493 2327 2323
f 2448 2315 2311
f 2353 2189 2185
f 2470 2255 2252
f 2394 2236 2234
f 2362 2206 2203
f 2425 2244 2240
f 2456 2250 2246
f 2474 2268 2264
f 2392 2214 2210
f 2368 2218 2215
f 2431 2297 2293
f 2462 2319 2317
f 2417 2283 2281
f 2349 2181 2179
f 2439 2188 2186
f 2490 2314 2312
f 2507 2326 2324
f 2475 2278 2276
f 2403 2273 2269
f 2371 2224 2221
f 2429 2290 2287
f 2451 2195 2192
f 2400 2265 2263
f 2364 2211 2209
f 2421 2219 2216
f 2458 2296 2294
f 2478 2322 2318
f 2416 2279 2275
f 2503 2272 2270
f 2485 2225 2222
f 2443 2291 2288
f 2356 2194 2191
f 2516 2175 2177
f 2510 2157 2159
f 2511 2152 2154
f 2518 2164 2166
f 2521 2170 2172
f 2524 2183 2184
f 2562 2285 2286
f 2547 2328 2327
f 2568 2316 2315
f 2527 2190 2189
f 2549 2253 2255
f 2537 2235 2236
f 2535 2208 2206
f 2551 2243 2244
f 2554 2248 2250
f 2558 2267 2268
f 2539 2212 2214
f 2542 2220 2218
f 2564 2298 2297
f 2532 2320 2319
f 2333 2342 2335
f 2329 2334 2331
f 2330 2332 2337
f 2336 2338 2340
f 2339 2341 2343
f 2348 2350 2357
f 2412 2418 2414
f 2499 2508 2501
f 2487 2491 2489
f 2438 2440 2445
f 2378 2387 2380
f 2374 2379 2376
f 2375 2377 2382
f 2381 2383 2385
f 2384 2386 2388
f 2396 2401 2398
f 2363 2365 2372
f 2420 2422 2432
f 2457 2459 2461
f 2465 2477 2467
f 2494 2505 2496
f 2404 2409 2406
f 2345 2352 2347
f 2435 2447 2437
f 2480 2492 2482
f 2408 2415 2410
f 2502 2504 2506
f 2484 2486 2493
f 2442 2444 2448
f 2351 2355 2353
f 2468 2473 2470
f 2389 2391 2394
f 2360 2367 2362
f 2423 2430 2425
f 2454 2463 2456
f 2472 2476 2474
f 2390 2402 2392
f 2366 2370 2368
f 2426 2428 2431
f 2450 2452 2462
f 2405 2407 2417
f 2344 2346 2349
f 2434 2436 2439
f 2479 2481 2490
f 2495 2497 2507
f 2464 2466 2475
f 2397 2399 2403
f 2369 2373 2371
f 2427 2433 2429
f 2449 2460 2451
f 2393 2395 2400
f 2359 2361 2364
f 2419 2424 2421
f 2453 2455 2458
f 2469 2471 2478
f 2411 2413 2416
f 2498 2500 2503
f 2483 2488 2485
f 2441 2446 2443
f 2354 2358 2356
f 2517 2515 2516
f 2513 2509 2510
f 2514 2512 2511
f 2520 2519 2518
f 2523 2522 2521
f 2526 2525 2524
f 2560 2559 2562
f 2545 2546 2547
f 2565 2566 2568
f 2528 2529 2527
f 2550 2548 2549
f 2534 2533 2537
f 2536 2538 2535
f 2553 2552 2551
f 2556 2555 2554
f 2561 2557 2558
f 2541 2540 2539
f 2543 2544 2542
f 2563 2567 2564
f 2530 2531 2532
f 2569 2735 2732
f 2569 2732 2731
f 2569 2731 2733
f 2569 2733 2734
f 2569 2734 2735
f 2570 2737 2740
f 2574 2760 2758
f 2580 2790 2787
f 2579 2784 2783
f 2576 2767 2769
f 2572 2750 2747
f 2572 2747 2746
f 2572 2746 2748
f 2572 2748 2749
f 2572 2749 2750
f 2573 2754 2753
f 2571 2742 2745
f 2575 2761 2765
f 2577 2773 2774
f 2578 2780 2776
f 2580 2789 2786
f 2574 2757 2756
f 2570 2738 2736
f 2576 2770 2766
f 2579 2785 2781
f 2574 2759 2757
f 2580 2788 2789
f 2579 2782 2785
f 2576 2768 2770
f 2570 2739 2738
f 2578 2778 2777
f 2573 2751 2752
f 2571 2743 2741
f 2575 2764 2762
f 2577 2775 2772
f 2578 2779 2778
f 2573 2755 2751
f 2571 2744 2743
f 2575 2763 2764
f 2577 2771 2775
f 2574 2756 2760
f 2570 2736 2737
f 2576 2766 2767
f 2579 2781 2784
f 2580 2786 2790
f 2578 2776 2779
f 2573 2753 2755
f 2571 2745 2744
f 2575 2765 2763
f 2577 2774 2771
f 2573 2752 2754
f 2571 2741 2742
f 2575 2762 2761
f 2577 2772 2773
f 2578 2777 2780
f 2574 2758 2759
f 2580 2787 2788
f 2579 2783 2782
f 2576 2769 2768
f 2570 2740 2739
f 2603 2925 2926
f 2586 2823 2824
f 2587 2830 2829
f 2608 2956 2955
f 2610 2968 2967
f 2602 2920 2919
f 2601 2915 2916
f 2593 2866 2868
f 2604 2932 2934
f 2588 2837 2835
f 2600 2907 2908
f 2591 2853 2855
f 2592 2861 2859
f 2605 2938 2937
f 2609 2964 2963
f 2602 2921 2922
f 2601 2914 2913
f 2593 2867 2865
f 2604 2933 2931
f 2588 2836 2838
f 2585 2817 2815
f 2582 2799 2797
f 2581 2794 2791
f 2583 2806 2803
f 2584 2812 2809
f 2586 2825 2821
f 2603 2927 2923
f 2610 2970 2966
f 2608 2958 2954
f 2587 2832 2828
f 2598 2895 2893
f 2595 2877 2875
f 2590 2850 2846
f 2596 2885 2881
f 2597 2890 2887
f 2600 2909 2905
f 2591 2854 2851
f 2592 2862 2858
f 2605 2940 2936
f 2609 2962 2960
f 2603 2926 2924
f 2586 2824 2822
f 2587 2829 2827
f 2608 2955 2953
f 2610 2967 2965
f 2602 2919 2917
f 2601 2916 2912
f 2593 2868 2864
f 2604 2934 2930
f 2588 2835 2833
f 2600 2908 2906
f 2591 2855 2852
f 2592 2859 2857
f 2605 2937 2935
f 2609 2963 2959
f 2602 2922 2918
f 2601 2913 2911
f 2593 2865 2863
f 2604 2931 2929
f 2588 2838 2834
f 2582 2802 2798
f 2581 2795 2792
f 2583 2807 2804
f 2584 2813 2810
f 2585 2820 2816
f 2589 2843 2840
f 2599 2902 2899
f 2594 2872 2869
f 2606 2945 2941
f 2607 2950 2948
f 2595 2880 2876
f 2590 2847 2845
f 2596 2884 2882
f 2597 2891 2888
f 2598 2898 2894
f 2599 2903 2900
f 2594 2873 2870
f 2606 2944 2942
f 2607 2951 2947
f 2589 2842 2839
f 2582 2800 2802
f 2581 2793 2795
f 2583 2805 2807
f 2584 2811 2813
f 2585 2818 2820
f 2589 2841 2843
f 2599 2904 2902
f 2594 2874 2872
f 2606 2946 2945
f 2607 2949 2950
f 2595 2879 2880
f 2590 2849 2847
f 2596 2883 2884
f 2597 2889 2891
f 2598 2896 2898
f 2599 2901 2903
f 2594 2871 2873
f 2606 2943 2944
f 2607 2952 2951
f 2589 2844 2842
f 2582 2797 2800
f 2581 2791 2793
f 2583 2803 2805
f 2584 2809 2811
f 2585 2815 2818
f 2589 2839 2841
f 2599 2900 2904
f 2594 2870 2874
f 2606 2942 2946
f 2607 2947 2949
f 2595 2875 2879
f 2590 2846 2849
f 2596 2881 2883
f 2597 2887 2889
f 2598 2893 2896
f 2599 2899 2901
f 2594 2869 2871
f 2606 2941 2943
f 2607 2948 2952
f 2589 2840 2844
f 2585 2816 2819
f 2582 2798 2801
f 2581 2792 2796
f 2583 2804 2808
f 2584 2810 2814
f 2586 2822 2826
f 2603 2924 2928
f 2610 2965 2969
f 2608 2953 2957
f 2587 2827 2831
f 2598 2894 2897
f 2595 2876 2878
f 2590 2845 2848
f 2596 2882 2886
f 2597 2888 2892
f 2600 2906 2910
f 2591 2852 2856
f 2592 2857 2860
f 2605 2935 2939
f 2609 2959 2961
f 2603 2923 2925
f 2586 2821 2823
f 2587 2828 2830
f 2608 2954 2956
f 2610 2966 2968
f 2602 2918 2920
f 2601 2911 2915
f 2593 2863 2866
f 2604 2929 2932
f 2588 2834 2837
f 2600 2905 2907
f 2591 2851 2853
f 2592 2858 2861
f 2605 2936 2938
f 2609 2960 2964
f 2602 2917 2921
f 2601 2912 2914
f 2593 2864 2867
f 2604 2930 2933
f 2588 2833 2836
f 2585 2819 2817
f 2582 2801 2799
f 2581 2796 2794
f 2583 2808 2806
f 2584 2814 2812
f 2586 2826 2825
f 2603 2928 2927
f 2610 2969 2970
f 2608 2957 2958
f 2587 2831 2832
f 2598 2897 2895
f 2595 2878 2877
f 2590 2848 2850
f 2596 2886 2885
f 2597 2892 2890
f 2600 2910 2909
f 2591 2856 2854
f 2592 2860 2862
f 2605 2939 2940
f 2609 2961 2962
f 2675 2977 2984
f 2671 2973 2976
f 2672 2979 2974
f 2678 2982 2980
f 2681 2985 2983
f 2686 2999 2992
f 2722 3056 3060
f 2709 3143 3150
f 2730 3131 3133
f 2689 3087 3082
f 2710 3022 3029
f 2697 3018 3021
f 2698 3024 3019
f 2712 3027 3025
f 2714 3030 3028
f 2719 3040 3043
f 2699 3014 3007
f 2704 3074 3064
f 2729 3103 3101
f 2694 3109 3119
f 2684 3138 3147
f 2676 3048 3051
f 2674 2989 2994
f 2680 3079 3089
f 2683 3124 3134
f 2687 3052 3057
f 2724 3148 3146
f 2707 3135 3128
f 2728 3090 3086
f 2688 2995 2997
f 2717 3112 3115
f 2700 3036 3033
f 2696 3004 3009
f 2713 3067 3072
f 2716 3098 3105
f 2723 3116 3118
f 2701 3034 3044
f 2702 3010 3012
f 2725 3073 3070
f 2692 3104 3094
f 2677 3059 3049
f 2673 2991 2988
f 2679 3081 3078
f 2682 3132 3123
f 2685 3149 3139
f 2693 3117 3108
f 2720 3045 3041
f 2705 3013 3015
f 2726 3071 3075
f 2691 3093 3102
f 2711 3042 3037
f 2695 3006 3003
f 2703 3063 3066
f 2715 3100 3097
f 2718 3120 3113
f 2721 3058 3055
f 2708 3145 3142
f 2706 3127 3130
f 2727 3085 3088
f 2690 2998 3000
f 2675 3158 3157
f 2671 3152 3151
f 2672 3153 3154
f 2678 3160 3161
f 2681 3163 3164
f 2686 3166 3167
f 2722 3204 3201
f 2709 3189 3188
f 2730 3210 3208
f 2689 3169 3171
f 2710 3191 3190
f 2697 3179 3175
f 2698 3177 3180
f 2712 3193 3194
f 2714 3196 3197
f 2719 3200 3199
f 2699 3181 3182
f 2704 3184 3186
f 2729 3206 3209
f 2694 3174 3173
f 2615 2975 2735
f 2612 2971 2732
f 2611 2972 2731
f 2613 2978 2733
f 2614 2981 2734
f 2617 2990 2737
f 2640 3054 2760
f 2670 3141 2790
f 2664 3129 2784
f 2647 3080 2767
f 2630 3020 2750
f 2627 3016 2747
f 2626 3017 2746
f 2628 3023 2748
f 2629 3026 2749
f 2634 3038 2754
f 2622 3005 2742
f 2641 3062 2761
f 2653 3099 2773
f 2660 3107 2780
f 2669 3136 2789
f 2637 3046 2757
f 2618 2987 2738
f 2650 3077 2770
f 2665 3122 2785
f 2639 3050 2759
f 2668 3144 2788
f 2662 3126 2782
f 2648 3084 2768
f 2619 2993 2739
f 2658 3110 2778
f 2631 3031 2751
f 2623 3002 2743
f 2644 3065 2764
f 2655 3096 2775
f 2659 3114 2779
f 2635 3032 2755
f 2624 3008 2744
f 2643 3068 2763
f 2651 3092 2771
f 2636 3047 2756
f 2616 2986 2736
f 2646 3076 2766
f 2661 3121 2781
f 2666 3137 2786
f 2656 3106 2776
f 2633 3039 2753
f 2625 3011 2745
f 2645 3069 2765
f 2654 3091 2774
f 2632 3035 2752
f 2621 3001 2741
f 2642 3061 2762
f 2652 3095 2772
f 2657 3111 2777
f 2638 3053 2758
f 2667 3140 2787
f 2663 3125 2783
f 2649 3083 2769
f 2620 2996 2740
f 2677 3159 2925
f 2673 3155 2823
f 2679 3156 2830
f 2682 3162 2956
f 2685 3165 2968
f 2693 3168 2920
f 2720 3202 2915
f 2705 3187 2866
f 2726 3207 2932
f 2691 3170 2837
f 2711 3192 2907
f 2695 3176 2853
f 2703 3178 2861
f 2715 3195 2938
f 2718 3198 2964
f 2721 3203 2921
f 2708 3183 2914
f 2706 3185 2867
f 2727 3205 2933
f 2690 3172 2836
f 2675 2984 2817
f 2671 2976 2799
f 2672 2974 2794
f 2678 2980 2806
f 2681 2983 2812
f 2686 2992 2825
f 2722 3060 2927
f 2709 3150 2970
f 2730 3133 2958
f 2689 3082 2832
f 2710 3029 2895
f 2697 3021 2877
f 2698 3019 2850
f 2712 3025 2885
f 2714 3028 2890
f 2719 3043 2909
f 2699 3007 2854
f 2704 3064 2862
f 2729 3101 2940
f 2694 3119 2962
f 2684 3147 2926
f 2676 3051 2824
f 2674 2994 2829
f 2680 3089 2955
f 2683 3134 2967
f 2687 3057 2919
f 2724 3146 2916
f 2707 3128 2868
f 2728 3086 2934
f 2688 2997 2835
f 2717 3115 2908
f 2700 3033 2855
f 2696 3009 2859
f 2713 3072 2937
f 2716 3105 2963
f 2723 3118 2922
f 2701 3044 2913
f 2702 3012 2865
f 2725 3070 2931
f 2692 3094 2838
f 2677 3049 2802
f 2673 2988 2795
f 2679 3078 2807
f 2682 3123 2813
f 2685 3139 2820
f 2693 3108 2843
f 2720 3041 2902
f 2705 3015 2872
f 2726 3075 2945
f 2691 3102 2950
f 2711 3037 2880
f 2695 3003 2847
f 2703 3066 2884
f 2715 3097 2891
f 2718 3113 2898
f 2721 3055 2903
f 2708 3142 2873
f 2706 3130 2944
f 2727 3088 2951
f 2690 3000 2842
f 2675 3157 2800
f 2671 3151 2793
f 2672 3154 2805
f 2678 3161 2811
f 2681 3164 2818
f 2686 3167 2841
f 2722 3201 2904
f 2709 3188 2874
f 2730 3208 2946
f 2689 3171 2949
f 2710 3190 2879
f 2697 3175 2849
f 2698 3180 2883
f 2712 3194 2889
f 2714 3197 2896
f 2719 3199 2901
f 2699 3182 2871
f 2704 3186 2943
f 2729 3209 2952
f 2694 3173 2844
f 2612 2977 2797
f 2611 2973 2791
f 2613 2979 2803
f 2614 2982 2809
f 2615 2985 2815
f 2620 2999 2839
f 2638 3056 2900
f 2667 3143 2870
f 2663 3131 2942
f 2649 3087 2947
f 2627 3022 2875
f 2626 3018 2846
f 2628 3024 2881
f 2629 3027 2887
f 2630 3030 2893
f 2633 3040 2899
f 2625 3014 2869
f 2645 3074 2941
f 2654 3103 2948
f 2656 3109 2840
f 2666 3138 2816
f 2636 3048 2798
f 2616 2989 2792
f 2646 3079 2804
f 2661 3124 2810
f 2637 3052 2822
f 2669 3148 2924
f 2665 3135 2965
f 2650 3090 2953
f 2618 2995 2827
f 2657 3112 2894
f 2632 3036 2876
f 2621 3004 2845
f 2642 3067 2882
f 2652 3098 2888
f 2658 3116 2906
f 2631 3034 2852
f 2623 3010 2857
f 2644 3073 2935
f 2655 3104 2959
f 2640 3059 2923
f 2617 2991 2821
f 2647 3081 2828
f 2664 3132 2954
f 2670 3149 2966
f 2659 3117 2918
f 2635 3045 2911
f 2624 3013 2863
f 2643 3071 2929
f 2651 3093 2834
f 2634 3042 2905
f 2622 3006 2851
f 2641 3063 2858
f 2653 3100 2936
f 2660 3120 2960
f 2639 3058 2917
f 2668 3145 2912
f 2662 3127 2864
f 2648 3085 2930
f 2619 2998 2833
f 2684 3158 2819
f 2676 3152 2801
f 2674 3153 2796
f 2680 3160 2808
f 2683 3163 2814
f 2687 3166 2826
f 2724 3204 2928
f 2707 3189 2969
f 2728 3210 2957
f 2688 3169 2831
f 2717 3191 2897
f 2700 3179 2878
f 2696 3177 2848
f 2713 3193 2886
f 2716 3196 2892
f 2723 3200 2910
f 2701 3181 2856
f 2702 3184 2860
f 2725 3206 2939
f 2692 3174 2961
f 2612 2975 2977
f 2611 2971 2973
f 2613 2972 2979
f 2614 2978 2982
f 2615 2981 2985
f 2620 2990 2999
f 2638 3054 3056
f 2667 3141 3143
f 2663 3129 3131
f 2649 3080 3087
f 2627 3020 3022
f 2626 3016 3018
f 2628 3017 3024
f 2629 3023 3027
f 2630 3026 3030
f 2633 3038 3040
f 2625 3005 3014
f 2645 3062 3074
f 2654 3099 3103
f 2656 3107 3109
f 2666 3136 3138
f 2636 3046 3048
f 2616 2987 2989
f 2646 3077 3079
f 2661 3122 3124
f 2637 3050 3052
f 2669 3144 3148
f 2665 3126 3135
f 2650 3084 3090
f 2618 2993 2995
f 2657 3110 3112
f 2632 3031 3036
f 2621 3002 3004
f 2642 3065 3067
f 2652 3096 3098
f 2658 3114 3116
f 2631 3032 3034
f 2623 3008 3010
f 2644 3068 3073
f 2655 3092 3104
f 2640 3047 3059
f 2617 2986 2991
f 2647 3076 3081
f 2664 3121 3132
f 2670 3137 3149
f 2659 3106 3117
f 2635 3039 3045
f 2624 3011 3013
f 2643 3069 3071
f 2651 3091 3093
f 2634 3035 3042
f 2622 3001 3006
f 2641 3061 3063
f 2653 3095 3100
f 2660 3111 3120
f 2639 3053 3058
f 2668 3140 3145
f 2662 3125 3127
f 2648 3083 3085
f 2619 2996 2998
f 2684 3159 3158
f 2676 3155 3152
f 2674 3156 3153
f 2680 3162 3160
f 2683 3165 3163
f 2687 3168 3166
f 2724 3202 3204
f 2707 3187 3189
f 2728 3207 3210
f 2688 3170 3169
f 2717 3192 3191
f 2700 3176 3179
f 2696 3178 3177
f 2713 3195 3193
f 2716 3198 3196
f 2723 3203 3200
f 2701 3183 3181
f 2702 3185 3184
f 2725 3205 3206
f 2692 3172 3174
f 2612 2732 2975
f 2611 2731 2971
f 2613 2733 2972
f 2614 2734 2978
f 2615 2735 2981
f 2620 2740 2990
f 2638 2758 3054
f 2667 2787 3141
f 2663 2783 3129
f 2649 2769 3080
f 2627 2747 3020
f 2626 2746 3016
f 2628 2748 3017
f 2629 2749 3023
f 2630 2750 3026
f 2633 2753 3038
f 2625 2745 3005
f 2645 2765 3062
f 2654 2774 3099
f 2656 2776 3107
f 2666 2786 3136
f 2636 2756 3046
f 2616 2736 2987
f 2646 2766 3077
f 2661 2781 3122
f 2637 2757 3050
f 2669 2789 3144
f 2665 2785 3126
f 2650 2770 3084
f 2618 2738 2993
f 2657 2777 3110
f 2632 2752 3031
f 2621 2741 3002
f 2642 2762 3065
f 2652 2772 3096
f 2658 2778 3114
f 2631 2751 3032
f 2623 2743 3008
f 2644 2764 3068
f 2655 2775 3092
f 2640 2760 3047
f 2617 2737 2986
f 2647 2767 3076
f 2664 2784 3121
f 2670 2790 3137
f 2659 2779 3106
f 2635 2755 3039
f 2624 2744 3011
f 2643 2763 3069
f 2651 2771 3091
f 2634 2754 3035
f 2622 2742 3001
f 2641 2761 3061
f 2653 2773 3095
f 2660 2780 3111
f 2639 2759 3053
f 2668 2788 3140
f 2662 2782 3125
f 2648 2768 3083
f 2619 2739 2996
f 2684 2926 3159
f 2676 2824 3155
f 2674 2829 3156
f 2680 2955 3162
f 2683 2967 3165
f 2687 2919 3168
f 2724 2916 3202
f 2707 2868 3187
f 2728 2934 3207
f 2688 2835 3170
f 2717 2908 3192
f 2700 2855 3176
f 2696 2859 3178
f 2713 2937 3195
f 2716 2963 3198
f 2723 2922 3203
f 2701 2913 3183
f 2702 2865 3185
f 2725 2931 3205
f 2692 2838 3172
f 2615 2815 2984
f 2612 2797 2976
f 2611 2791 2974
f 2613 2803 2980
f 2614 2809 2983
f 2617 2821 2992
f 2640 2923 3060
f 2670 2966 3150
f 2664 2954 3133
f 2647 2828 3082
f 2630 2893 3029
f 2627 2875 3021
f 2626 2846 3019
f 2628 2881 3025
f 2629 2887 3028
f 2634 2905 3043
f 2622 2851 3007
f 2641 2858 3064
f 2653 2936 3101
f 2660 2960 3119
f 2669 2924 3147
f 2637 2822 3051
f 2618 2827 2994
f 2650 2953 3089
f 2665 2965 3134
f 2639 2917 3057
f 2668 2912 3146
f 2662 2864 3128
f 2648 2930 3086
f 2619 2833 2997
f 2658 2906 3115
f 2631 2852 3033
f 2623 2857 3009
f 2644 2935 3072
f 2655 2959 3105
f 2659 2918 3118
f 2635 2911 3044
f 2624 2863 3012
f 2643 2929 3070
f 2651 2834 3094
f 2636 2798 3049
f 2616 2792 2988
f 2646 2804 3078
f 2661 2810 3123
f 2666 2816 3139
f 2656 2840 3108
f 2633 2899 3041
f 2625 2869 3015
f 2645 2941 3075
f 2654 2948 3102
f 2632 2876 3037
f 2621 2845 3003
f 2642 2882 3066
f 2652 2888 3097
f 2657 2894 3113
f 2638 2900 3055
f 2667 2870 3142
f 2663 2942 3130
f 2649 2947 3088
f 2620 2839 3000
f 2677 2802 3157
f 2673 2795 3151
f 2679 2807 3154
f 2682 2813 3161
f 2685 2820 3164
f 2693 2843 3167
f 2720 2902 3201
f 2705 2872 3188
f 2726 2945 3208
f 2691 2950 3171
f 2711 2880 3190
f 2695 2847 3175
f 2703 2884 3180
f 2715 2891 3194
f 2718 2898 3197
f 2721 2903 3199
f 2708 2873 3182
f 2706 2944 3186
f 2727 2951 3209
f 2690 2842 3173
f 2675 2800 2977
f 2671 2793 2973
f 2672 2805 2979
f 2678 2811 2982
f 2681 2818 2985
f 2686 2841 2999
f 2722 2904 3056
f 2709 2874 3143
f 2730 2946 3131
f 2689 2949 3087
f 2710 2879 3022
f 2697 2849 3018
f 2698 2883 3024
f 2712 2889 3027
f 2714 2896 3030
f 2719 2901 3040
f 2699 2871 3014
f 2704 2943 3074
f 2729 2952 3103
f 2694 2844 3109
f 2684 2819 3138
f 2676 2801 3048
f 2674 2796 2989
f 2680 2808 3079
f 2683 2814 3124
f 2687 2826 3052
f 2724 2928 3148
f 2707 2969 3135
f 2728 2957 3090
f 2688 2831 2995
f 2717 2897 3112
f 2700 2878 3036
f 2696 2848 3004
f 2713 2886 3067
f 2716 2892 3098
f 2723 2910 3116
f 2701 2856 3034
f 2702 2860 3010
f 2725 2939 3073
f 2692 2961 3104
f 2677 2925 3059
f 2673 2823 2991
f 2679 2830 3081
f 2682 2956 3132
f 2685 2968 3149
f 2693 2920 3117
f 2720 2915 3045
f 2705 2866 3013
f 2726 2932 3071
f 2691 2837 3093
f 2711 2907 3042
f 2695 2853 3006
f 2703 2861 3063
f 2715 2938 3100
f 2718 2964 3120
f 2721 2921 3058
f 2708 2914 3145
f 2706 2867 3127
f 2727 2933 3085
f 2690 2836 2998
f 2675 2817 3158
f 2671 2799 3152
f 2672 2794 3153
f 2678 2806 3160
f 2681 2812 3163
f 2686 2825 3166
f 2722 2927 3204
f 2709 2970 3189
f 2730 2958 3210
f 2689 2832 3169
f 2710 2895 3191
f 2697 2877 3179
f 2698 2850 3177
f 2712 2885 3193
f 2714 2890 3196
f 2719 2909 3200
f 2699 2854 3181
f 2704 2862 3184
f 2729 2940 3206
f 2694 2962 3174
f 2615 2984 2975
f 2612 2976 2971
f 2611 2974 2972
f 2613 2980 2978
f 2614 2983 2981
f 2617 2992 2990
f 2640 3060 3054
f 2670 3150 3141
f 2664 3133 3129
f 2647 3082 3080
f 2630 3029 3020
f 2627 3021 3016
f 2626 3019 3017
f 2628 3025 3023
f 2629 3028 3026
f 2634 3043 3038
f 2622 3007 3005
f 2641 3064 3062
f 2653 3101 3099
f 2660 3119 3107
f 2669 3147 3136
f 2637 3051 3046
f 2618 2994 2987
f 2650 3089 3077
f 2665 3134 3122
f 2639 3057 3050
f 2668 3146 3144
f 2662 3128 3126
f 2648 3086 3084
f 2619 2997 2993
f 2658 3115 3110
f 2631 3033 3031
f 2623 3009 3002
f 2644 3072 3065
f 2655 3105 3096
f 2659 3118 3114
f 2635 3044 3032
f 2624 3012 3008
f 2643 3070 3068
f 2651 3094 3092
f 2636 3049 3047
f 2616 2988 2986
f 2646 3078 3076
f 2661 3123 3121
f 2666 3139 3137
f 2656 3108 3106
f 2633 3041 3039
f 2625 3015 3011
f 2645 3075 3069
f 2654 3102 3091
f 2632 3037 3035
f 2621 3003 3001
f 2642 3066 3061
f 2652 3097 3095
f 2657 3113 3111
f 2638 3055 3053
f 2667 3142 3140
f 2663 3130 3125
f 2649 3088 3083
f 2620 3000 2996
f 2677 3157 3159
f 2673 3151 3155
f 2679 3154 3156
f 2682 3161 3162
f 2685 3164 3165
f 2693 3167 3168
f 2720 3201 3202
f 2705 3188 3187
f 2726 3208 3207
f 2691 3171 3170
f 2711 3190 3192
f 2695 3175 3176
f 2703 3180 3178
f 2715 3194 3195
f 2718 3197 3198
f 2721 3199 3203
f 2708 3182 3183
f 2706 3186 3185
f 2727 3209 3205
f 2690 3173 3172
f 2975 2732 2735
f 2971 2731 2732
f 2972 2733 2731
f 2978 2734 2733
f 2981 2735 2734
f 2990 2740 2737
f 3054 2758 2760
f 3141 2787 2790
f 3129 2783 2784
f 3080 2769 2767
f 3020 2747 2750
f 3016 2746 2747
f 3017 2748 2746
f 3023 2749 2748
f 3026 2750 2749
f 3038 2753 2754
f 3005 2745 2742
f 3062 2765 2761
f 3099 2774 2773
f 3107 2776 2780
f 3136 2786 2789
f 3046 2756 2757
f 2987 2736 2738
f 3077 2766 2770
f 3122 2781 2785
f 3050 2757 2759
f 3144 2789 2788
f 3126 2785 2782
f 3084 2770 2768
f 2993 2738 2739
f 3110 2777 2778
f 3031 2752 2751
f 3002 2741 2743
f 3065 2762 2764
f 3096 2772 2775
f 3114 2778 2779
f 3032 2751 2755
f 3008 2743 2744
f 3068 2764 2763
f 3092 2775 2771
f 3047 2760 2756
f 2986 2737 2736
f 3076 2767 2766
f 3121 2784 2781
f 3137 2790 2786
f 3106 2779 2776
f 3039 2755 2753
f 3011 2744 2745
f 3069 2763 2765
f 3091 2771 2774
f 3035 2754 2752
f 3001 2742 2741
f 3061 2761 2762
f 3095 2773 2772
f 3111 2780 2777
f 3053 2759 2758
f 3140 2788 2787
f 3125 2782 2783
f 3083 2768 2769
f 2996 2739 2740
f 3159 2926 2925
f 3155 2824 2823
f 3156 2829 2830
f 3162 2955 2956
f 3165 2967 2968
f 3168 2919 2920
f 3202 2916 2915
f 3187 2868 2866
f 3207 2934 2932
f 3170 2835 2837
f 3192 2908 2907
f 3176 2855 2853
f 3178 2859 2861
f 3195 2937 2938
f 3198 2963 2964
f 3203 2922 2921
f 3183 2913 2914
f 3185 2865 2867
f 3205 2931 2933
f 3172 2838 2836
f 2984 2815 2817
f 2976 2797 2799
f 2974 2791 2794
f 2980 2803 2806
f 2983 2809 2812
f 2992 2821 2825
f 3060 2923 2927
f 3150 2966 2970
f 3133 2954 2958
f 3082 2828 2832
f 3029 2893 2895
f 3021 2875 2877
f 3019 2846 2850
f 3025 2881 2885
f 3028 2887 2890
f 3043 2905 2909
f 3007 2851 2854
f 3064 2858 2862
f 3101 2936 2940
f 3119 2960 2962
f 3147 2924 2926
f 3051 2822 2824
f 2994 2827 2829
f 3089 2953 2955
f 3134 2965 2967
f 3057 2917 2919
f 3146 2912 2916
f 3128 2864 2868
f 3086 2930 2934
f 2997 2833 2835
f 3115 2906 2908
f 3033 2852 2855
f 3009 2857 2859
f 3072 2935 2937
f 3105 2959 2963
f 3118 2918 2922
f 3044 2911 2913
f 3012 2863 2865
f 3070 2929 2931
f 3094 2834 2838
f 3049 2798 2802
f 2988 2792 2795
f 3078 2804 2807
f 3123 2810 2813
f 3139 2816 2820
f 3108 2840 2843
f 3041 2899 2902
f 3015 2869 2872
f 3075 2941 2945
f 3102 2948 2950
f 3037 2876 2880
f 3003 2845 2847
f 3066 2882 2884
f 3097 2888 2891
f 3113 2894 2898
f 3055 2900 2903
f 3142 2870 2873
f 3130 2942 2944
f 3088 2947 2951
f 3000 2839 2842
f 3157 2802 2800
f 3151 2795 2793
f 3154 2807 2805
f 3161 2813 2811
f 3164 2820 2818
f 3167 2843 2841
f 3201 2902 2904
f 3188 2872 2874
f 3208 2945 2946
f 3171 2950 2949
f 3190 2880 2879
f 3175 2847 2849
f 3180 2884 2883
f 3194 2891 2889
f 3197 2898 2896
f 3199 2903 2901
f 3182 2873 2871
f 3186 2944 2943
f 3209 2951 2952
f 3173 2842 2844
f 2977 2800 2797
f 2973 2793 2791
f 2979 2805 2803
f 2982 2811 2809
f 2985 2818 2815
f 2999 2841 2839
f 3056 2904 2900
f 3143 2874 2870
f 3131 2946 2942
f 3087 2949 2947
f 3022 2879 2875
f 3018 2849 2846
f 3024 2883 2881
f 3027 2889 2887
f 3030 2896 2893
f 3040 2901 2899
f 3014 2871 2869
f 3074 2943 2941
f 3103 2952 2948
f 3109 2844 2840
f 3138 2819 2816
f 3048 2801 2798
f 2989 2796 2792
f 3079 2808 2804
f 3124 2814 2810
f 3052 2826 2822
f 3148 2928 2924
f 3135 2969 2965
f 3090 2957 2953
f 2995 2831 2827
f 3112 2897 2894
f 3036 2878 2876
f 3004 2848 2845
f 3067 2886 2882
f 3098 2892 2888
f 3116 2910 2906
f 3034 2856 2852
f 3010 2860 2857
f 3073 2939 2935
f 3104 2961 2959
f 3059 2925 2923
f 2991 2823 2821
f 3081 2830 2828
f 3132 2956 2954
f 3149 2968 2966
f 3117 2920 2918
f 3045 2915 2911
f 3013 2866 2863
f 3071 2932 2929
f 3093 2837 2834
f 3042 2907 2905
f 3006 2853 2851
f 3063 2861 2858
f 3100 2938 2936
f 3120 2964 2960
f 3058 2921 2917
f 3145 2914 2912
f 3127 2867 2864
f 3085 2933 2930
f 2998 2836 2833
f 3158 2817 2819
f 3152 2799 2801
f 3153 2794 2796
f 3160 2806 2808
f 3163 2812 2814
f 3166 2825 2826
f 3204 2927 2928
f 3189 2970 2969
f 3210 2958 2957
f 3169 2832 2831
f 3191 2895 2897
f 3179 2877 2878
f 3177 2850 2848
f 3193 2885 2886
f 3196 2890 2892
f 3200 2909 2910
f 3181 2854 2856
f 3184 2862 2860
f 3206 2940 2939
f 3174 2962 2961
f 2975 2984 2977
f 2971 2976 2973
f 2972 2974 2979
f 2978 2980 2982
f 2981 2983 2985
f 2990 2992 2999
f 3054 3060 3056
f 3141 3150 3143
f 3129 3133 3131
f 3080 3082 3087
f 3020 3029 3022
f 3016 3021 3018
f 3017 3019 3024
f 3023 3025 3027
f 3026 3028 3030
f 3038 3043 3040
f 3005 3007 3014
f 3062 3064 3074
f 3099 3101 3103
f 3107 3119 3109
f 3136 3147 3138
f 3046 3051 3048
f 2987 2994 2989
f 3077 3089 3079
f 3122 3134 3124
f 3050 3057 3052
f 3144 3146 3148
f 3126 3128 3135
f 3084 3086 3090
f 2993 2997 2995
f 3110 3115 3112
f 3031 3033 3036
f 3002 3009 3004
f 3065 3072 3067
f 3096 3105 3098
f 3114 3118 3116
f 3032 3044 3034
f 3008 3012 3010
f 3068 3070 3073
f 3092 3094 3104
f 3047 3049 3059
f 2986 2988 2991
f 3076 3078 3081
f 3121 3123 3132
f 3137 3139 3149
f 3106 3108 3117
f 3039 3041 3045
f 3011 3015 3013
f 3069 3075 3071
f 3091 3102 3093
f 3035 3037 3042
f 3001 3003 3006
f 3061 3066 3063
f 3095 3097 3100
f 3111 3113 3120
f 3053 3055 3058
f 3140 3142 3145
f 3125 3130 3127
f 3083 3088 3085
f 2996 3000 2998
f 3159 3157 3158
f 3155 3151 3152
f 3156 3154 3153
f 3162 3161 3160
f 3165 3164 3163
f 3168 3167 3166
f 3202 3201 3204
f 3187 3188 3189
f 3207 3208 3210
f 3170 3171 3169
f 3192 3190 3191
f 3176 3175 3179
f 3178 3180 3177
f 3195 3194 3193
f 3198 3197 3196
f 3203 3199 3200
f 3183 3182 3181
f 3185 3186 3184
f 3205 3209 3206
f 3172 3173 3174
f 3211 3377 3374
f 3211 3374 3373
f 3211 3373 3375
f 3211 3375 3376
f 3211 3376 3377
f 3212 3379 3382
f 3216 3402 3400
f 3222 3432 3429
f 3221 3426 3425
f 3218 3409 3411
f 3214 3392 3389
f 3214 3389 3388
f 3214 3388 3390
f 3214 3390 3391
f 3214 3391 3392
f 3215 3396 3395
f 3213 3384 3387
f 3217 3403 3407
f 3219 3415 3416
f 3220 3422 3418
f 3222 3431 3428
f 3216 3399 3398
f 3212 3380 3378
f 3218 3412 3408
f 3221 3427 3423
f 3216 3401 3399
f 3222 3430 3431
f 3221 3424 3427
f 3218 3410 3412
f 3212 3381 3380
f 3220 3420 3419
f 3215 3393 3394
f 3213 3385 3383
f 3217 3406 3404
f 3219 3417 3414
f 3220 3421 3420
f 3215 3397 3393
f 3213 3386 3385
f 3217 3405 3406
f 3219 3413 3417
f 3216 3398 3402
f 3212 3378 3379
f 3218 3408 3409
f 3221 3423 3426
f 3222 3428 3432
f 3220 3418 3421
f 3215 3395 3397
f 3213 3387 3386
f 3217 3407 3405
f 3219 3416 3413
f 3215 3394 3396
f 3213 3383 3384
f 3217 3404 3403
f 3219 3414 3415
f 3220 3419 3422
f 3216 3400 3401
f 3222 3429 3430
f 3221 3425 3424
f 3218 3411 3410
f 3212 3382 3381
f 3245 3567 3568
f 3228 3465 3466
f 3229 3472 3471
f 3250 3598 3597
f 3252 3610 3609
f 3244 3562 3561
f 3243 3557 3558
f 3235 3508 3510
f 3246 3574 3576
f 3230 3479 3477
f 3242 3549 3550
f 3233 3495 3497
f 3234 3503 3501
f 3247 3580 3579
f 3251 3606 3605
f 3244 3563 3564
f 3243 3556 3555
f 3235 3509 3507
f 3246 3575 3573
f 3230 3478 3480
f 3227 3459 3457
f 3224 3441 3439
f 3223 3436 3433
f 3225 3448 3445
f 3226 3454 3451
f 3228 3467 3463
f 3245 3569 3565
f 3252 3612 3608
f 3250 3600 3596
f 3229 3474 3470
f 3240 3537 3535
f 3237 3519 3517
f 3232 3492 3488
f 3238 3527 3523
f 3239 3532 3529
f 3242 3551 3547
f 3233 3496 3493
f 3234 3504 3500
f 3247 3582 3578
f 3251 3604 3602
f 3245 3568 3566
f 3228 3466 3464
f 3229 3471 3469
f 3250 3597 3595
f 3252 3609 3607
f 3244 3561 3559
f 3243 3558 3554
f 3235 3510 3506
f 3246 3576 3572
f 3230 3477 3475
f 3242 3550 3548
f 3233 3497 3494
f 3234 3501 3499
f 3247 3579 3577
f 3251 3605 3601
f 3244 3564 3560
f 3243 3555 3553
f 3235 3507 3505
f 3246 3573 3571
f 3230 3480 3476
f 3224 3444 3440
f 3223 3437 3434
f 3225 3449 3446
f 3226 3455 3452
f 3227 3462 3458
f 3231 3485 3482
f 3241 3544 3541
f 3236 3514 3511
f 3248 3587 3583
f 3249 3592 3590
f 3237 3522 3518
f 3232 3489 3487
f 3238 3526 3524
f 3239 3533 3530
f 3240 3540 3536
f 3241 3545 3542
f 3236 3515 3512
f 3248 3586 3584
f 3249 3593 3589
f 3231 3484 3481
f 3224 3442 3444
f 3223 3435 3437
f 3225 3447 3449
f 3226 3453 3455
f 3227 3460 3462
f 3231 3483 3485
f 3241 3546 3544
f 3236 3516 3514
f 3248 3588 3587
f 3249 3591 3592
f 3237 3521 3522
f 3232 3491 3489
f 3238 3525 3526
f 3239 3531 3533
f 3240 3538 3540
f 3241 3543 3545
f 3236 3513 3515
f 3248 3585 3586
f 3249 3594 3593
f 3231 3486 3484
f 3224 3439 3442
f 3223 3433 3435
f 3225 3445 3447
f 3226 3451 3453
f 3227 3457 3460
f 3231 3481 3483
f 3241 3542 3546
f 3236 3512 3516
f 3248 3584 3588
f 3249 3589 3591
f 3237 3517 3521
f 3232 3488 3491
f 3238 3523 3525
f 3239 3529 3531
f 3240 3535 3538
f 3241 3541 3543
f 3236 3511 3513
f 3248 3583 3585
f 3249 3590 3594
f 3231 3482 3486
f 3227 3458 3461
f 3224 3440 3443
f 3223 3434 3438
f 3225 3446 3450
f 3226 3452 3456
f 3228 3464 3468
f 3245 3566 3570
f 3252 3607 3611
f 3250 3595 3599
f 3229 3469 3473
f 3240 3536 3539
f 3237 3518 3520
f 3232 3487 3490
f 3238 3524 3528
f 3239 3530 3534
f 3242 3548 3552
f 3233 3494 3498
f 3234 3499 3502
f 3247 3577 3581
f 3251 3601 3603
f 3245 3565 3567
f 3228 3463 3465
f 3229 3470 3472
f 3250 3596 3598
f 3252 3608 3610
f 3244 3560 3562
f 3243 3553 3557
f 3235 3505 3508
f 3246 3571 3574
f 3230 3476 3479
f 3242 3547 3549
f 3233 3493 3495
f 3234 3500 3503
f 3247 3578 3580
f 3251 3602 3606
f 3244 3559 3563
f 3243 3554 3556
f 3235 3506 3509
f 3246 3572 3575
f 3230 3475 3478
f 3227 3461 3459
f 3224 3443 3441
f 3223 3438 3436
f 3225 3450 3448
f 3226 3456 3454
f 3228 3468 3467
f 3245 3570 3569
f 3252 3611 3612
f 3250 3599 3600
f 3229 3473 3474
f 3240 3539 3537
f 3237 3520 3519
f 3232 3490 3492
f 3238 3528 3527
f 3239 3534 3532
f 3242 3552 3551
f 3233 3498 3496
f 3234 3502 3504
f 3247 3581 3582
f 3251 3603 3604
f 3317 3619 3626
f 3313 3615 3618
f 3314 3621 3616
f 3320 3624 3622
f 3323 3627 3625
f 3328 3641 3634
f 3364 3698 3702
f 3351 3785 3792
f 3372 3773 3775
f 3331 3729 3724
f 3352 3664 3671
f 3339 3660 3663
f 3340 3666 3661
f 3354 3669 3667
f 3356 3672 3670
f 3361 3682 3685
f 3341 3656 3649
f 3346 3716 3706
f 3371 3745 3743
f 3336 3751 3761
f 3326 3780 3789
f 3318 3690 3693
f 3316 3631 3636
f 3322 3721 3731
f 3325 3766 3776
f 3329 3694 3699
f 3366 3790 3788
f 3349 3777 3770
f 3370 3732 3728
f 3330 3637 3639
f 3359 3754 3757
f 3342 3678 3675
f 3338 3646 3651
f 3355 3709 3714
f 3358 3740 3747
f 3365 3758 3760
f 3343 3676 3686
f 3344 3652 3654
f 3367 3715 3712
f 3334 3746 3736
f 3319 3701 3691
f 3315 3633 3630
f 3321 3723 3720
f 3324 3774 3765
f 3327 3791 3781
f 3335 3759 3750
f 3362 3687 3683
f 3347 3655 3657
f 3368 3713 3717
f 3333 3735 3744
f 3353 3684 3679
f 3337 3648 3645
f 3345 3705 3708
f 3357 3742 3739
f 3360 3762 3755
f 3363 3700 3697
f 3350 3787 3784
f 3348 3769 3772
f 3369 3727 3730
f 3332 3640 3642
f 3317 3800 3799
f 3313 3794 3793
f 3314 3795 3796
f 3320 3802 3803
f 3323 3805 3806
f 3328 3808 3809
f 3364 3846 3843
f 3351 3831 3830
f 3372 3852 3850
f 3331 3811 3813
f 3352 3833 3832
f 3339 3821 3817
f 3340 3819 3822
f 3354 3835 3836
f 3356 3838 3839
f 3361 3842 3841
f 3341 3823 3824
f 3346 3826 3828
f 3371 3848 3851
f 3336 3816 3815
f 3257 3617 3377
f 3254 3613 3374
f 3253 3614 3373
f 3255 3620 3375
f 3256 3623 3376
f 3259 3632 3379
f 3282 3696 3402
f 3312 3783 3432
f 3306 3771 3426
f 3289 3722 3409
f 3272 3662 3392
f 3269 3658 3389
f 3268 3659 3388
f 3270 3665 3390
f 3271 3668 3391
f 3276 3680 3396
f 3264 3647 3384
f 3283 3704 3403
f 3295 3741 3415
f 3302 3749 3422
f 3311 3778 3431
f 3279 3688 3399
f 3260 3629 3380
f 3292 3719 3412
f 3307 3764 3427
f 3281 3692 3401
f 3310 3786 3430
f 3304 3768 3424
f 3290 3726 3410
f 3261 3635 3381
f 3300 3752 3420
f 3273 3673 3393
f 3265 3644 3385
f 3286 3707 3406
f 3297 3738 3417
f 3301 3756 3421
f 3277 3674 3397
f 3266 3650 3386
f 3285 3710 3405
f 3293 3734 3413
f 3278 3689 3398
f 3258 3628 3378
f 3288 3718 3408
f 3303 3763 3423
f 3308 3779 3428
f 3298 3748 3418
f 3275 3681 3395
f 3267 3653 3387
f 3287 3711 3407
f 3296 3733 3416
f 3274 3677 3394
f 3263 3643 3383
f 3284 3703 3404
f 3294 3737 3414
f 3299 3753 3419
f 3280 3695 3400
f 3309 3782 3429
f 3305 3767 3425
f 3291 3725 3411
f 3262 3638 3382
f 3319 3801 3567
f 3315 3797 3465
f 3321 3798 3472
f 3324 3804 3598
f 3327 3807 3610
f 3335 3810 3562
f 3362 3844 3557
f 3347 3829 3508
f 3368 3849 3574
f 3333 3812 3479
f 3353 3834 3549
f 3337 3818 3495
f 3345 3820 3503
f 3357 3837 3580
f 3360 3840 3606
f 3363 3845 3563
f 3350 3825 3556
f 3348 3827 3509
f 3369 3847 3575
f 3332 3814 3478
f 3317 3626 3459
f 3313 3618 3441
f 3314 3616 3436
f 3320 3622 3448
f 3323 3625 3454
f 3328 3634 3467
f 3364 3702 3569
f 3351 3792 3612
f 3372 3775 3600
f 3331 3724 3474
f 3352 3671 3537
f 3339 3663 3519
f 3340 3661 3492
f 3354 3667 3527
f 3356 3670 3532
f 3361 3685 3551
f 3341 3649 3496
f 3346 3706 3504
f 3371 3743 3582
f 3336 3761 3604
f 3326 3789 3568
f 3318 3693 3466
f 3316 3636 3471
f 3322 3731 3597
f 3325 3776 3609
f 3329 3699 3561
f 3366 3788 3558
f 3349 3770 3510
f 3370 3728 3576
f 3330 3639 3477
f 3359 3757 3550
f 3342 3675 3497
f 3338 3651 3501
f 3355 3714 3579
f 3358 3747 3605
f 3365 3760 3564
f 3343 3686 3555
f 3344 3654 3507
f 3367 3712 3573
f 3334 3736 3480
f 3319 3691 3444
f 3315 3630 3437
f 3321 3720 3449
f 3324 3765 3455
f 3327 3781 3462
f 3335 3750 3485
f 3362 3683 3544
f 3347 3657 3514
f 3368 3717 3587
f 3333 3744 3592
f 3353 3679 3522
f 3337 3645 3489
f 3345 3708 3526
f 3357 3739 3533
f 3360 3755 3540
f 3363 3697 3545
f 3350 3784 3515
f 3348 3772 3586
f 3369 3730 3593
f 3332 3642 3484
f 3317 3799 3442
f 3313 3793 3435
f 3314 3796 3447
f 3320 3803 3453
f 3323 3806 3460
f 3328 3809 3483
f 3364 3843 3546
f 3351 3830 3516
f 3372 3850 3588
f 3331 3813 3591
f 3352 3832 3521
f 3339 3817 3491
f 3340 3822 3525
f 3354 3836 3531
f 3356 3839 3538
f 3361 3841 3543
f 3341 3824 3513
f 3346 3828 3585
f 3371 3851 3594
f 3336 3815 3486
f 3254 3619 3439
f 3253 3615 3433
f 3255 3621 3445
f 3256 3624 3451
f 3257 3627 3457
f 3262 3641 3481
f 3280 3698 3542
f 3309 3785 3512
f 3305 3773 3584
f 3291 3729 3589
f 3269 3664 3517
f 3268 3660 3488
f 3270 3666 3523
f 3271 3669 3529
f 3272 3672 3535
f 3275 3682 3541
f 3267 3656 3511
f 3287 3716 3583
f 3296 3745 3590
f 3298 3751 3482
f 3308 3780 3458
f 3278 3690 3440
f 3258 3631 3434
f 3288 3721 3446
f 3303 3766 3452
f 3279 3694 3464
f 3311 3790 3566
f 3307 3777 3607
f 3292 3732 3595
f 3260 3637 3469
f 3299 3754 3536
f 3274 3678 3518
f 3263 3646 3487
f 3284 3709 3524
f 3294 3740 3530
f 3300 3758 3548
f 3273 3676 3494
f 3265 3652 3499
f 3286 3715 3577
f 3297 3746 3601
f 3282 3701 3565
f 3259 3633 3463
f 3289 3723 3470
f 3306 3774 3596
f 3312 3791 3608
f 3301 3759 3560
f 3277 3687 3553
f 3266 3655 3505
f 3285 3713 3571
f 3293 3735 3476
f 3276 3684 3547
f 3264 3648 3493
f 3283 3705 3500
f 3295 3742 3578
f 3302 3762 3602
f 3281 3700 3559
f 3310 3787 3554
f 3304 3769 3506
f 3290 3727 3572
f 3261 3640 3475
f 3326 3800 3461
f 3318 3794 3443
f 3316 3795 3438
f 3322 3802 3450
f 3325 3805 3456
f 3329 3808 3468
f 3366 3846 3570
f 3349 3831 3611
f 3370 3852 3599
f 3330 3811 3473
f 3359 3833 3539
f 3342 3821 3520
f 3338 3819 3490
f 3355 3835 3528
f 3358 3838 3534
f 3365 3842 3552
f 3343 3823 3498
f 3344 3826 3502
f 3367 3848 3581
f 3334 3816 3603
f 3254 3617 3619
f 3253 3613 3615
f 3255 3614 3621
f 3256 3620 3624
f 3257 3623 3627
f 3262 3632 3641
f 3280 3696 3698
f 3309 3783 3785
f 3305 3771 3773
f 3291 3722 3729
f 3269 3662 3664
f 3268 3658 3660
f 3270 3659 3666
f 3271 3665 3669
f 3272 3668 3672
f 3275 3680 3682
f 3267 3647 3656
f 3287 3704 3716
f 3296 3741 3745
f 3298 3749 3751
f 3308 3778 3780
f 3278 3688 3690
f 3258 3629 3631
f 3288 3719 3721
f 3303 3764 3766
f 3279 3692 3694
f 3311 3786 3790
f 3307 3768 3777
f 3292 3726 3732
f 3260 3635 3637
f 3299 3752 3754
f 3274 3673 3678
f 3263 3644 3646
f 3284 3707 3709
f 3294 3738 3740
f 3300 3756 3758
f 3273 3674 3676
f 3265 3650 3652
f 3286 3710 3715
f 3297 3734 3746
f 3282 3689 3701
f 3259 3628 3633
f 3289 3718 3723
f 3306 3763 3774
f 3312 3779 3791
f 3301 3748 3759
f 3277 3681 3687
f 3266 3653 3655
f 3285 3711 3713
f 3293 3733 3735
f 3276 3677 3684
f 3264 3643 3648
f 3283 3703 3705
f 3295 3737 3742
f 3302 3753 3762
f 3281 3695 3700
f 3310 3782 3787
f 3304 3767 3769
f 3290 3725 3727
f 3261 3638 3640
f 3326 3801 3800
f 3318 3797 3794
f 3316 3798 3795
f 3322 3804 3802
f 3325 3807 3805
f 3329 3810 3808
f 3366 3844 3846
f 3349 3829 3831
f 3370 3849 3852
f 3330 3812 3811
f 3359 3834 3833
f 3342 3818 3821
f 3338 3820 3819
f 3355 3837 3835
f 3358 3840 3838
f 3365 3845 3842
f 3343 3825 3823
f 3344 3827 3826
f 3367 3847 3848
f 3334 3814 3816
f 3254 3374 3617
f 3253 3373 3613
f 3255 3375 3614
f 3256 3376 3620
f 3257 3377 3623
f 3262 3382 3632
f 3280 3400 3696
f 3309 3429 3783
f 3305 3425 3771
f 3291 3411 3722
f 3269 3389 3662
f 3268 3388 3658
f 3270 3390 3659
f 3271 3391 3665
f 3272 3392 3668
f 3275 3395 3680
f 3267 3387 3647
f 3287 3407 3704
f 3296 3416 3741
f 3298 3418 3749
f 3308 3428 3778
f 3278 3398 3688
f 3258 3378 3629
f 3288 3408 3719
f 3303 3423 3764
f 3279 3399 3692
f 3311 3431 3786
f 3307 3427 3768
f 3292 3412 3726
f 3260 3380 3635
f 3299 3419 3752
f 3274 3394 3673
f 3263 3383 3644
f 3284 3404 3707
f 3294 3414 3738
f 3300 3420 3756
f 3273 3393 3674
f 3265 3385 3650
f 3286 3406 3710
f 3297 3417 3734
f 3282 3402 3689
f 3259 3379 3628
f 3289 3409 3718
f 3306 3426 3763
f 3312 3432 3779
f 3301 3421 3748
f 3277 3397 3681
f 3266 3386 3653
f 3285 3405 3711
f 3293 3413 3733
f 3276 3396 3677
f 3264 3384 3643
f 3283 3403 3703
f 3295 3415 3737
f 3302 3422 3753
f 3281 3401 3695
f 3310 3430 3782
f 3304 3424 3767
f 3290 3410 3725
f 3261 3381 3638
f 3326 3568 3801
f 3318 3466 3797
f 3316 3471 3798
f 3322 3597 3804
f 3325 3609 3807
f 3329 3561 3810
f 3366 3558 3844
f 3349 3510 3829
f 3370 3576 3849
f 3330 3477 3812
f 3359 3550 3834
f 3342 3497 3818
f 3338 3501 3820
f 3355 3579 3837
f 3358 3605 3840
f 3365 3564 3845
f 3343 3555 3825
f 3344 3507 3827
f 3367 3573 3847
f 3334 3480 3814
f 3257 3457 3626
f 3254 3439 3618
f 3253 3433 3616
f 3255 3445 3622
f 3256 3451 3625
f 3259 3463 3634
f 3282 3565 3702
f 3312 3608 3792
f 3306 3596 3775
f 3289 3470 3724
f 3272 3535 3671
f 3269 3517 3663
f 3268 3488 3661
f 3270 3523 3667
f 3271 3529 3670
f 3276 3547 3685
f 3264 3493 3649
f 3283 3500 3706
f 3295 3578 3743
f 3302 3602 3761
f 3311 3566 3789
f 3279 3464 3693
f 3260 3469 3636
f 3292 3595 3731
f 3307 3607 3776
f 3281 3559 3699
f 3310 3554 3788
f 3304 3506 3770
f 3290 3572 3728
f 3261 3475 3639
f 3300 3548 3757
f 3273 3494 3675
f 3265 3499 3651
f 3286 3577 3714
f 3297 3601 3747
f 3301 3560 3760
f 3277 3553 3686
f 3266 3505 3654
f 3285 3571 3712
f 3293 3476 3736
f 3278 3440 3691
f 3258 3434 3630
f 3288 3446 3720
f 3303 3452 3765
f 3308 3458 3781
f 3298 3482 3750
f 3275 3541 3683
f 3267 3511 3657
f 3287 3583 3717
f 3296 3590 3744
f 3274 3518 3679
f 3263 3487 3645
f 3284 3524 3708
f 3294 3530 3739
f 3299 3536 3755
f 3280 3542 3697
f 3309 3512 3784
f 3305 3584 3772
f 3291 3589 3730
f 3262 3481 3642
f 3319 3444 3799
f 3315 3437 3793
f 3321 3449 3796
f 3324 3455 3803
f 3327 3462 3806
f 3335 3485 3809
f 3362 3544 3843
f 3347 3514 3830
f 3368 3587 3850
f 3333 3592 3813
f 3353 3522 3832
f 3337 3489 3817
f 3345 3526 3822
f 3357 3533 3836
f 3360 3540 3839
f 3363 3545 3841
f 3350 3515 3824
f 3348 3586 3828
f 3369 3593 3851
f 3332 3484 3815
f 3317 3442 3619
f 3313 3435 3615
f 3314 3447 3621
f 3320 3453 3624
f 3323 3460 3627
f 3328 3483 3641
f 3364 3546 3698
f 3351 3516 3785
f 3372 3588 3773
f 3331 3591 3729
f 3352 3521 3664
f 3339 3491 3660
f 3340 3525 3666
f 3354 3531 3669
f 3356 3538 3672
f 3361 3543 3682
f 3341 3513 3656
f 3346 3585 3716
f 3371 3594 3745
f 3336 3486 3751
f 3326 3461 3780
f 3318 3443 3690
f 3316 3438 3631
f 3322 3450 3721
f 3325 3456 3766
f 3329 3468 3694
f 3366 3570 3790
f 3349 3611 3777
f 3370 3599 3732
f 3330 3473 3637
f 3359 3539 3754
f 3342 3520 3678
f 3338 3490 3646
f 3355 3528 3709
f 3358 3534 3740
f 3365 3552 3758
f 3343 3498 3676
f 3344 3502 3652
f 3367 3581 3715
f 3334 3603 3746
f 3319 3567 3701
f 3315 3465 3633
f 3321 3472 3723
f 3324 3598 3774
f 3327 3610 3791
f 3335 3562 3759
f 3362 3557 3687
f 3347 3508 3655
f 3368 3574 3713
f 3333 3479 3735
f 3353 3549 3684
f 3337 3495 3648
f 3345 3503 3705
f 3357 3580 3742
f 3360 3606 3762
f 3363 3563 3700
f 3350 3556 3787
f 3348 3509 3769
f 3369 3575 3727
f 3332 3478 3640
f 3317 3459 3800
f 3313 3441 3794
f 3314 3436 3795
f 3320 3448 3802
f 3323 3454 3805
f 3328 3467 3808
f 3364 3569 3846
f 3351 3612 3831
f 3372 3600 3852
f 3331 3474 3811
f 3352 3537 3833
f 3339 3519 3821
f 3340 3492 3819
f 3354 3527 3835
f 3356 3532 3838
f 3361 3551 3842
f 3341 3496 3823
f 3346 3504 3826
f 3371 3582 3848
f 3336 3604 3816
f 3257 3626 3617
f 3254 3618 3613
f 3253 3616 3614
f 3255 3622 3620
f 3256 3625 3623
f 3259 3634 3632
f 3282 3702 3696
f 3312 3792 3783
f 3306 3775 3771
f 3289 3724 3722
f 3272 3671 3662
f 3269 3663 3658
f 3268 3661 3659
f 3270 3667 3665
f 3271 3670 3668
f 3276 3685 3680
f 3264 3649 3647
f 3283 3706 3704
f 3295 3743 3741
f 3302 3761 3749
f 3311 3789 3778
f 3279 3693 3688
f 3260 3636 3629
f 3292 3731 3719
f 3307 3776 3764
f 3281 3699 3692
f 3310 3788 3786
f 3304 3770 3768
f 3290 3728 3726
f 3261 3639 3635
f 3300 3757 3752
f 3273 3675 3673
f 3265 3651 3644
f 3286 3714 3707
f 3297 3747 3738
f 3301 3760 3756
f 3277 3686 3674
f 3266 3654 3650
f 3285 3712 3710
f 3293 3736 3734
f 3278 3691 3689
f 3258 3630 3628
f 3288 3720 3718
f 3303 3765 3763
f 3308 3781 3779
f 3298 3750 3748
f 3275 3683 3681
f 3267 3657 3653
f 3287 3717 3711
f 3296 3744 3733
f 3274 3679 3677
f 3263 3645 3643
f 3284 3708 3703
f 3294 3739 3737
f 3299 3755 3753
f 3280 3697 3695
f 3309 3784 3782
f 3305 3772 3767
f 3291 3730 3725
f 3262 3642 3638
f 3319 3799 3801
f 3315 3793 3797
f 3321 3796 3798
f 3324 3803 3804
f 3327 3806 3807
f 3335 3809 3810
f 3362 3843 3844
f 3347 3830 3829
f 3368 3850 3849
f 3333 3813 3812
f 3353 3832 3834
f 3337 3817 3818
f 3345 3822 3820
f 3357 3836 3837
f 3360 3839 3840
f 3363 3841 3845
f 3350 3824 3825
f 3348 3828 3827
f 3369 3851 3847
f 3332 3815 3814
f 3617 3374 3377
f 3613 3373 3374
f 3614 3375 3373
f 3620 3376 3375
f 3623 3377 3376
f 3632 3382 3379
f 3696 3400 3402
f 3783 3429 3432
f 3771 3425 3426
f 3722 3411 3409
f 3662 3389 3392
f 3658 3388 3389
f 3659 3390 3388
f 3665 3391 3390
f 3668 3392 3391
f 3680 3395 3396
f 3647 3387 3384
f 3704 3407 3403
f 3741 3416 3415
f 3749 3418 3422
f 3778 3428 3431
f 3688 3398 3399
f 3629 3378 3380
f 3719 3408 3412
f 3764 3423 3427
f 3692 3399 3401
f 3786 3431 3430
f 3768 3427 3424
f 3726 3412 3410
f 3635 3380 3381
f 3752 3419 3420
f 3673 3394 3393
f 3644 3383 3385
f 3707 3404 3406
f 3738 3414 3417
f 3756 3420 3421
f 3674 3393 3397
f 3650 3385 3386
f 3710 3406 3405
f 3734 3417 3413
f 3689 3402 3398
f 3628 3379 3378
f 3718 3409 3408
f 3763 3426 3423
f 3779 3432 3428
f 3748 3421 3418
f 3681 3397 3395
f 3653 3386 3387
f 3711 3405 3407
f 3733 3413 3416
f 3677 3396 3394
f 3643 3384 3383
f 3703 3403 3404
f 3737 3415 3414
f 3753 3422 3419
f 3695 3401 3400
f 3782 3430 3429
f 3767 3424 3425
f 3725 3410 3411
f 3638 3381 3382
f 3801 3568 3567
f 3797 3466 3465
f 3798 3471 3472
f 3804 3597 3598
f 3807 3609 3610
f 3810 3561 3562
f 3844 3558 3557
f 3829 3510 3508
f 3849 3576 3574
f 3812 3477 3479
f 3834 3550 3549
f 3818 3497 3495
f 3820 3501 3503
f 3837 3579 3580
f 3840 3605 3606
f 3845 3564 3563
f 3825 3555 3556
f 3827 3507 3509
f 3847 3573 3575
f 3814 3480 3478
f 3626 3457 3459
f 3618 3439 3441
f 3616 3433 3436
f 3622 3445 3448
f 3625 3451 3454
f 3634 3463 3467
f 3702 3565 3569
f 3792 3608 3612
f 3775 3596 3600
f 3724 3470 3474
f 3671 3535 3537
f 3663 3517 3519
f 3661 3488 3492
f 3667 3523 3527
f 3670 3529 3532
f 3685 3547 3551
f 3649 3493 3496
f 3706 3500 3504
f 3743 3578 3582
f 3761 3602 3604
f 3789 3566 3568
f 3693 3464 3466
f 3636 3469 3471
f 3731 3595 3597
f 3776 3607 3609
f 3699 3559 3561
f 3788 3554 3558
f 3770 3506 3510
f 3728 3572 3576
f 3639 3475 3477
f 3757 3548 3550
f 3675 3494 3497
f 3651 3499 3501
f 3714 3577 3579
f 3747 3601 3605
f 3760 3560 3564
f 3686 3553 3555
f 3654 3505 3507
f 3712 3571 3573
f 3736 3476 3480
f 3691 3440 3444
f 3630 3434 3437
f 3720 3446 3449
f 3765 3452 3455
f 3781 3458 3462
f 3750 3482 3485
f 3683 3541 3544
f 3657 3511 3514
f 3717 3583 3587
f 3744 3590 3592
f 3679 3518 3522
f 3645 3487 3489
f 3708 3524 3526
f 3739 3530 3533
f 3755 3536 3540
f 3697 3542 3545
f 3784 3512 3515
f 3772 3584 3586
f 3730 3589 3593
f 3642 3481 3484
f 3799 3444 3442
f 3793 3437 3435
f 3796 3449 3447
f 3803 3455 3453
f 3806 3462 3460
f 3809 3485 3483
f 3843 3544 3546
f 3830 3514 3516
f 3850 3587 3588
f 3813 3592 3591
f 3832 3522 3521
f 3817 3489 3491
f 3822 3526 3525
f 3836 3533 3531
f 3839 3540 3538
f 3841 3545 3543
f 3824 3515 3513
f 3828 3586 3585
f 3851 3593 3594
f 3815 3484 3486
f 3619 3442 3439
f 3615 3435 3433
f 3621 3447 3445
f 3624 3453 3451
f 3627 3460 3457
f 3641 3483 3481
f 3698 3546 3542
f 3785 3516 3512
f 3773 3588 3584
f 3729 3591 3589
f 3664 3521 3517
f 3660 3491 3488
f 3666 3525 3523
f 3669 3531 3529
f 3672 3538 3535
f 3682 3543 3541
f 3656 3513 3511
f 3716 3585 3583
f 3745 3594 3590
f 3751 3486 3482
f 3780 3461 3458
f 3690 3443 3440
f 3631 3438 3434
f 3721 3450 3446
f 3766 3456 3452
f 3694 3468 3464
f 3790 3570 3566
f 3777 3611 3607
f 3732 3599 3595
f 3637 3473 3469
f 3754 3539 3536
f 3678 3520 3518
f 3646 3490 3487
f 3709 3528 3524
f 3740 3534 3530
f 3758 3552 3548
f 3676 3498 3494
f 3652 3502 3499
f 3715 3581 3577
f 3746 3603 3601
f 3701 3567 3565
f 3633 3465 3463
f 3723 3472 3470
f 3774 3598 3596
f 3791 3610 3608
f 3759 3562 3560
f 3687 3557 3553
f 3655 3508 3505
f 3713 3574 3571
f 3735 3479 3476
f 3684 3549 3547
f 3648 3495 3493
f 3705 3503 3500
f 3742 3580 3578
f 3762 3606 3602
f 3700 3563 3559
f 3787 3556 3554
f 3769 3509 3506
f 3727 3575 3572
f 3640 3478 3475
f 3800 3459 3461
f 3794 3441 3443
f 3795 3436 3438
f 3802 3448 3450
f 3805 3454 3456
f 3808 3467 3468
f 3846 3569 3570
f 3831 3612 3611
f 3852 3600 3599
f 3811 3474 3473
f 3833 3537 3539
f 3821 3519 3520
f 3819 3492 3490
f 3835 3527 3528
f 3838 3532 3534
f 3842 3551 3552
f 3823 3496 3498
f 3826 3504 3502
f 3848 3582 3581
f 3816 3604 3603
f 3617 3626 3619
f 3613 3618 3615
f 3614 3616 3621
f 3620 3622 3624
f 3623 3625 3627
f 3632 3634 3641
f 3696 3702 3698
f 3783 3792 3785
f 3771 3775 3773
f 3722 3724 3729
f 3662 3671 3664
f 3658 3663 3660
f 3659 3661 3666
f 3665 3667 3669
f 3668 3670 3672
f 3680 3685 3682
f 3647 3649 3656
f 3704 3706 3716
f 3741 3743 3745
f 3749 3761 3751
f 3778 3789 3780
f 3688 3693 3690
f 3629 3636 3631
f 3719 3731 3721
f 3764 3776 3766
f 3692 3699 3694
f 3786 3788 3790
f 3768 3770 3777
f 3726 3728 3732
f 3635 3639 3637
f 3752 3757 3754
f 3673 3675 3678
f 3644 3651 3646
f 3707 3714 3709
f 3738 3747 3740
f 3756 3760 3758
f 3674 3686 3676
f 3650 3654 3652
f 3710 3712 3715
f 3734 3736 3746
f 3689 3691 3701
f 3628 3630 3633
f 3718 3720 3723
f 3763 3765 3774
f 3779 3781 3791
f 3748 3750 3759
f 3681 3683 3687
f 3653 3657 3655
f 3711 3717 3713
f 3733 3744 3735
f 3677 3679 3684
f 3643 3645 3648
f 3703 3708 3705
f 3737 3739 3742
f 3753 3755 3762
f 3695 3697 3700
f 3782 3784 3787
f 3767 3772 3769
f 3725 3730 3727
f 3638 3642 3640
f 3801 3799 3800
f 3797 3793 3794
f 3798 3796 3795
f 3804 3803 3802
f 3807 3806 3805
f 3810 3809 3808
f 3844 3843 3846
f 3829 3830 3831
f 3849 3850 3852
f 3812 3813 3811
f 3834 3832 3833
f 3818 3817 3821
f 3820 3822 3819
f 3837 3836 3835
f 3840 3839 3838
f 3845 3841 3842
f 3825 3824 3823
f 3827 3828 3826
f 3847 3851 3848
f 3814 3815 3816
f 3853 4019 4016
f 3853 4016 4015
f 3853 4015 4017
f 3853 4017 4018
f 3853 4018 4019
f 3854 4021 4024
f 3858 4044 4042
f 3864 4074 4071
f 3863 4068 4067
f 3860 4051 4053
f 3856 4034 4031
f 3856 4031 4030
f 3856 4030 4032
f 3856 4032 4033
f 3856 4033 4034
f 3857 4038 4037
f 3855 4026 4029
f 3859 4045 4049
f 3861 4057 4058
f 3862 4064 4060
f 3864 4073 4070
f 3858 4041 4040
f 3854 4022 4020
f 3860 4054 4050
f 3863 4069 4065
f 3858 4043 4041
f 3864 4072 4073
f 3863 4066 4069
f 3860 4052 4054
f 3854 4023 4022
f 3862 4062 4061
f 3857 4035 4036
f 3855 4027 4025
f 3859 4048 4046
f 3861 4059 4056
f 3862 4063 4062
f 3857 4039 4035
f 3855 4028 4027
f 3859 4047 4048
f 3861 4055 4059
f 3858 4040 4044
f 3854 4020 4021
f 3860 4050 4051
f 3863 4065 4068
f 3864 4070 4074
f 3862 4060 4063
f 3857 4037 4039
f 3855 4029 4028
f 3859 4049 4047
f 3861 4058 4055
f 3857 4036 4038
f 3855 4025 4026
f 3859 4046 4045
f 3861 4056 4057
f 3862 4061 4064
f 3858 4042 4043
f 3864 4071 4072
f 3863 4067 4066
f 3860 4053 4052
f 3854 4024 4023
f 3887 4209 4210
f 3870 4107 4108
f 3871 4114 4113
f 3892 4240 4239
f 3894 4252 4251
f 3886 4204 4203
f 3885 4199 4200
f 3877 4150 4152
f 3888 4216 4218
f 3872 4121 4119
f 3884 4191 4192
f 3875 4137 4139
f 3876 4145 4143
f 3889 4222 4221
f 3893 4248 4247
f 3886 4205 4206
f 3885 4198 4197
f 3877 4151 4149
f 3888 4217 4215
f 3872 4120 4122
f 3869 4101 4099
f 3866 4083 4081
f 3865 4078 4075
f 3867 4090 4087
f 3868 4096 4093
f 3870 4109 4105
f 3887 4211 4207
f 3894 4254 4250
f 3892 4242 4238
f 3871 4116 4112
f 3882 4179 4177
f 3879 4161 4159
f 3874 4134 4130
f 3880 4169 4165
f 3881 4174 4171
f 3884 4193 4189
f 3875 4138 4135
f 3876 4146 4142
f 3889 4224 4220
f 3893 4246 4244
f 3887 4210 4208
f 3870 4108 4106
f 3871 4113 4111
f 3892 4239 4237
f 3894 4251 4249
f 3886 4203 4201
f 3885 4200 4196
f 3877 4152 4148
f 3888 4218 4214
f 3872 4119 4117
f 3884 4192 4190
f 3875 4139 4136
f 3876 4143 4141
f 3889 4221 4219
f 3893 4247 4243
f 3886 4206 4202
f 3885 4197 4195
f 3877 4149 4147
f 3888 4215 4213
f 3872 4122 4118
f 3866 4086 4082
f 3865 4079 4076
f 3867 4091 4088
f 3868 4097 4094
f 3869 4104 4100
f 3873 4127 4124
f 3883 4186 4183
f 3878 4156 4153
f 3890 4229 4225
f 3891 4234 4232
f 3879 4164 4160
f 3874 4131 4129
f 3880 4168 4166
f 3881 4175 4172
f 3882 4182 4178
f 3883 4187 4184
f 3878 4157 4154
f 3890 4228 4226
f 3891 4235 4231
f 3873 4126 4123
f 3866 4084 4086
f 3865 4077 4079
f 3867 4089 4091
f 3868 4095 4097
f 3869 4102 4104
f 3873 4125 4127
f 3883 4188 4186
f 3878 4158 4156
f 3890 4230 4229
f 3891 4233 4234
f 3879 4163 4164
f 3874 4133 4131
f 3880 4167 4168
f 3881 4173 4175
f 3882 4180 4182
f 3883 4185 4187
f 3878 4155 4157
f 3890 4227 4228
f 3891 4236 4235
f 3873 4128 4126
f 3866 4081 4084
f 3865 4075 4077
f 3867 4087 4089
f 3868 4093 4095
f 3869 4099 4102
f 3873 4123 4125
f 3883 4184 4188
f 3878 4154 4158
f 3890 4226 4230
f 3891 4231 4233
f 3879 4159 4163
f 3874 4130 4133
f 3880 4165 4167
f 3881 4171 4173
f 3882 4177 4180
f 3883 4183 4185
f 3878 4153 4155
f 3890 4225 4227
f 3891 4232 4236
f 3873 4124 4128
f 3869 4100 4103
f 3866 4082 4085
f 3865 4076 4080
f 3867 4088 4092
f 3868 4094 4098
f 3870 4106 4110
f 3887 4208 4212
f 3894 4249 4253
f 3892 4237 4241
f 3871 4111 4115
f 3882 4178 4181
f 3879 4160 4162
f 3874 4129 4132
f 3880 4166 4170
f 3881 4172 4176
f 3884 4190 4194
f 3875 4136 4140
f 3876 4141 4144
f 3889 4219 4223
f 3893 4243 4245
f 3887 4207 4209
f 3870 4105 4107
f 3871 4112 4114
f 3892 4238 4240
f 3894 4250 4252
f 3886 4202 4204
f 3885 4195 4199
f 3877 4147 4150
f 3888 4213 4216
f 3872 4118 4121
f 3884 4189 4191
f 3875 4135 4137
f 3876 4142 4145
f 3889 4220 4222
f 3893 4244 4248
f 3886 4201 4205
f 3885 4196 4198
f 3877 4148 4151
f 3888 4214 4217
f 3872 4117 4120
f 3869 4103 4101
f 3866 4085 4083
f 3865 4080 4078
f 3867 4092 4090
f 3868 4098 4096
f 3870 4110 4109
f 3887 4212 4211
f 3894 4253 4254
f 3892 4241 4242
f 3871 4115 4116
f 3882 4181 4179
f 3879 4162 4161
f 3874 4132 4134
f 3880 4170 4169
f 3881 4176 4174
f 3884 4194 4193
f 3875 4140 4138
f 3876 4144 4146
f 3889 4223 4224
f 3893 4245 4246
f 3959 4261 4268
f 3955 4257 4260
f 3956 4263 4258
f 3962 4266 4264
f 3965 4269 4267
f 3970 4283 4276
f 4006 4340 4344
f 3993 4427 4434
f 4014 4415 4417
f 3973 4371 4366
f 3994 4306 4313
f 3981 4302 4305
f 3982 4308 4303
f 3996 4311 4309
f 3998 4314 4312
f 4003 4324 4327
f 3983 4298 4291
f 3988 4358 4348
f 4013 4387 4385
f 3978 4393 4403
f 3968 4422 4431
f 3960 4332 4335
f 3958 4273 4278
f 3964 4363 4373
f 3967 4408 4418
f 3971 4336 4341
f 4008 4432 4430
f 3991 4419 4412
f 4012 4374 4370
f 3972 4279 4281
f 4001 4396 4399
f 3984 4320 4317
f 3980 4288 4293
f 3997 4351 4356
f 4000 4382 4389
f 4007 4400 4402
f 3985 4318 4328
f 3986 4294 4296
f 4009 4357 4354
f 3976 4388 4378
f 3961 4343 4333
f 3957 4275 4272
f 3963 4365 4362
f 3966 4416 4407
f 3969 4433 4423
f 3977 4401 4392
f 4004 4329 4325
f 3989 4297 4299
f 4010 4355 4359
f 3975 4377 4386
f 3995 4326 4321
f 3979 4290 4287
f 3987 4347 4350
f 3999 4384 4381
f 4002 4404 4397
f 4005 4342 4339
f 3992 4429 4426
f 3990 4411 4414
f 4011 4369 4372
f 3974 4282 4284
f 3959 4442 4441
f 3955 4436 4435
f 3956 4437 4438
f 3962 4444 4445
f 3965 4447 4448
f 3970 4450 4451
f 4006 4488 4485
f 3993 4473 4472
f 4014 4494 4492
f 3973 4453 4455
f 3994 4475 4474
f 3981 4463 4459
f 3982 4461 4464
f 3996 4477 4478
f 3998 4480 4481
f 4003 4484 4483
f 3983 4465 4466
f 3988 4468 4470
f 4013 4490 4493
f 3978 4458 4457
f 3899 4259 4019
f 3896 4255 4016
f 3895 4256 4015
f 3897 4262 4017
f 3898 4265 4018
f 3901 4274 4021
f 3924 4338 4044
f 3954 4425 4074
f 3948 4413 4068
f 3931 4364 4051
f 3914 4304 4034
f 3911 4300 4031
f 3910 4301 4030
f 3912 4307 4032
f 3913 4310 4033
f 3918 4322 4038
f 3906 4289 4026
f 3925 4346 4045
f 3937 4383 4057
f 3944 4391 4064
f 3953 4420 4073
f 3921 4330 4041
f 3902 4271 4022
f 3934 4361 4054
f 3949 4406 4069
f 3923 4334 4043
f 3952 4428 4072
f 3946 4410 4066
f 3932 4368 4052
f 3903 4277 4023
f 3942 4394 4062
f 3915 4315 4035
f 3907 4286 4027
f 3928 4349 4048
f 3939 4380 4059
f 3943 4398 4063
f 3919 4316 4039
f 3908 4292 4028
f 3927 4352 4047
f 3935 4376 4055
f 3920 4331 4040
f 3900 4270 4020
f 3930 4360 4050
f 3945 4405 4065
f 3950 4421 4070
f 3940 4390 4060
f 3917 4323 4037
f 3909 4295 4029
f 3929 4353 4049
f 3938 4375 4058
f 3916 4319 4036
f 3905 4285 4025
f 3926 4345 4046
f 3936 4379 4056
f 3941 4395 4061
f 3922 4337 4042
f 3951 4424 4071
f 3947 4409 4067
f 3933 4367 4053
f 3904 4280 4024
f 3961 4443 4209
f 3957 4439 4107
f 3963 4440 4114
f 3966 4446 4240
f 3969 4449 4252
f 3977 4452 4204
f 4004 4486 4199
f 3989 4471 4150
f 4010 4491 4216
f 3975 4454 4121
f 3995 4476 4191
f 3979 4460 4137
f 3987 4462 4145
f 3999 4479 4222
f 4002 4482 4248
f 4005 4487 4205
f 3992 4467 4198
f 3990 4469 4151
f 4011 4489 4217
f 3974 4456 4120
f 3959 4268 4101
f 3955 4260 4083
f 3956 4258 4078
f 3962 4264 4090
f 3965 4267 4096
f 3970 4276 4109
f 4006 4344 4211
f 3993 4434 4254
f 4014 4417 4242
f 3973 4366 4116
f 3994 4313 4179
f 3981 4305 4161
f 3982 4303 4134
f 3996 4309 4169
f 3998 4312 4174
f 4003 4327 4193
f 3983 4291 4138
f 3988 4348 4146
f 4013 4385 4224
f 3978 4403 4246
f 3968 4431 4210
f 3960 4335 4108
f 3958 4278 4113
f 3964 4373 4239
f 3967 4418 4251
f 3971 4341 4203
f 4008 4430 4200
f 3991 4412 4152
f 4012 4370 4218
f 3972 4281 4119
f 4001 4399 4192
f 3984 4317 4139
f 3980 4293 4143
f 3997 4356 4221
f 4000 4389 4247
f 4007 4402 4206
f 3985 4328 4197
f 3986 4296 4149
f 4009 4354 4215
f 3976 4378 4122
f 3961 4333 4086
f 3957 4272 4079
f 3963 4362 4091
f 3966 4407 4097
f 3969 4423 4104
f 3977 4392 4127
f 4004 4325 4186
f 3989 4299 4156
f 4010 4359 4229
f 3975 4386 4234
f 3995 4321 4164
f 3979 4287 4131
f 3987 4350 4168
f 3999 4381 4175
f 4002 4397 4182
f 4005 4339 4187
f 3992 4426 4157
f 3990 4414 4228
f 4011 4372 4235
f 3974 4284 4126
f 3959 4441 4084
f 3955 4435 4077
f 3956 4438 4089
f 3962 4445 4095
f 3965 4448 4102
f 3970 4451 4125
f 4006 4485 4188
f 3993 4472 4158
f 4014 4492 4230
f 3973 4455 4233
f 3994 4474 4163
f 3981 4459 4133
f 3982 4464 4167
f 3996 4478 4173
f 3998 4481 4180
f 4003 4483 4185
f 3983 4466 4155
f 3988 4470 4227
f 4013 4493 4236
f 3978 4457 4128
f 3896 4261 4081
f 3895 4257 4075
f 3897 4263 4087
f 3898 4266 4093
f 3899 4269 4099
f 3904 4283 4123
f 3922 4340 4184
f 3951 4427 4154
f 3947 4415 4226
f 3933 4371 4231
f 3911 4306 4159
f 3910 4302 4130
f 3912 4308 4165
f 3913 4311 4171
f 3914 4314 4177
f 3917 4324 4183
f 3909 4298 4153
f 3929 4358 4225
f 3938 4387 4232
f 3940 4393 4124
f 3950 4422 4100
f 3920 4332 4082
f 3900 4273 4076
f 3930 4363 4088
f 3945 4408 4094
f 3921 4336 4106
f 3953 4432 4208
f 3949 4419 4249
f 3934 4374 4237
f 3902 4279 4111
f 3941 4396 4178
f 3916 4320 4160
f 3905 4288 4129
f 3926 4351 4166
f 3936 4382 4172
f 3942 4400 4190
f 3915 4318 4136
f 3907 4294 4141
f 3928 4357 4219
f 3939 4388 4243
f 3924 4343 4207
f 3901 4275 4105
f 3931 4365 4112
f 3948 4416 4238
f 3954 4433 4250
f 3943 4401 4202
f 3919 4329 4195
f 3908 4297 4147
f 3927 4355 4213
f 3935 4377 4118
f 3918 4326 4189
f 3906 4290 4135
f 3925 4347 4142
f 3937 4384 4220
f 3944 4404 4244
f 3923 4342 4201
f 3952 4429 4196
f 3946 4411 4148
f 3932 4369 4214
f 3903 4282 4117
f 3968 4442 4103
f 3960 4436 4085
f 3958 4437 4080
f 3964 4444 4092
f 3967 4447 4098
f 3971 4450 4110
f 4008 4488 4212
f 3991 4473 4253
f 4012 4494 4241
f 3972 4453 4115
f 4001 4475 4181
f 3984 4463 4162
f 3980 4461 4132
f 3997 4477 4170
f 4000 4480 4176
f 4007 4484 4194
f 3985 4465 4140
f 3986 4468 4144
f 4009 4490 4223
f 3976 4458 4245
f 3896 4259 4261
f 3895 4255 4257
f 3897 4256 4263
f 3898 4262 4266
f 3899 4265 4269
f 3904 4274 4283
f 3922 4338 4340
f 3951 4425 4427
f 3947 4413 4415
f 3933 4364 4371
f 3911 4304 4306
f 3910 4300 4302
f 3912 4301 4308
f 3913 4307 4311
f 3914 4310 4314
f 3917 4322 4324
f 3909 4289 4298
f 3929 4346 4358
f 3938 4383 4387
f 3940 4391 4393
f 3950 4420 4422
f 3920 4330 4332
f 3900 4271 4273
f 3930 4361 4363
f 3945 4406 4408
f 3921 4334 4336
f 3953 4428 4432
f 3949 4410 4419
f 3934 4368 4374
f 3902 4277 4279
f 3941 4394 4396
f 3916 4315 4320
f 3905 4286 4288
f 3926 4349 4351
f 3936 4380 4382
f 3942 4398 4400
f 3915 4316 4318
f 3907 4292 4294
f 3928 4352 4357
f 3939 4376 4388
f 3924 4331 4343
f 3901 4270 4275
f 3931 4360 4365
f 3948 4405 4416
f 3954 4421 4433
f 3943 4390 4401
f 3919 4323 4329
f 3908 4295 4297
f 3927 4353 4355
f 3935 4375 4377
f 3918 4319 4326
f 3906 4285 4290
f 3925 4345 4347
f 3937 4379 4384
f 3944 4395 4404
f 3923 4337 4342
f 3952 4424 4429
f 3946 4409 4411
f 3932 4367 4369
f 3903 4280 4282
f 3968 4443 4442
f 3960 4439 4436
f 3958 4440 4437
f 3964 4446 4444
f 3967 4449 4447
f 3971 4452 4450
f 4008 4486 4488
f 3991 4471 4473
f 4012 4491 4494
f 3972 4454 4453
f 4001 4476 4475
f 3984 4460 4463
f 3980 4462 4461
f 3997 4479 4477
f 4000 4482 4480
f 4007 4487 4484
f 3985 4467 4465
f 3986 4469 4468
f 4009 4489 4490
f 3976 4456 4458
f 3896 4016 4259
f 3895 4015 4255
f 3897 4017 4256
f 3898 4018 4262
f 3899 4019 4265
f 3904 4024 4274
f 3922 4042 4338
f 3951 4071 4425
f 3947 4067 4413
f 3933 4053 4364
f 3911 4031 4304
f 3910 4030 4300
f 3912 4032 4301
f 3913 4033 4307
f 3914 4034 4310
f 3917 4037 4322
f 3909 4029 4289
f 3929 4049 4346
f 3938 4058 4383
f 3940 4060 4391
f 3950 4070 4420
f 3920 4040 4330
f 3900 4020 4271
f 3930 4050 4361
f 3945 4065 4406
f 3921 4041 4334
f 3953 4073 4428
f 3949 4069 4410
f 3934 4054 4368
f 3902 4022 4277
f 3941 4061 4394
f 3916 4036 4315
f 3905 4025 4286
f 3926 4046 4349
f 3936 4056 4380
f 3942 4062 4398
f 3915 4035 4316
f 3907 4027 4292
f 3928 4048 4352
f 3939 4059 4376
f 3924 4044 4331
f 3901 4021 4270
f 3931 4051 4360
f 3948 4068 4405
f 3954 4074 4421
f 3943 4063 4390
f 3919 4039 4323
f 3908 4028 4295
f 3927 4047 4353
f 3935 4055 4375
f 3918 4038 4319
f 3906 4026 4285
f 3925 4045 4345
f 3937 4057 4379
f 3944 4064 4395
f 3923 4043 4337
f 3952 4072 4424
f 3946 4066 4409
f 3932 4052 4367
f 3903 4023 4280
f 3968 4210 4443
f 3960 4108 4439
f 3958 4113 4440
f 3964 4239 4446
f 3967 4251 4449
f 3971 4203 4452
f 4008 4200 4486
f 3991 4152 4471
f 4012 4218 4491
f 3972 4119 4454
f 4001 4192 4476
f 3984 4139 4460
f 3980 4143 4462
f 3997 4221 4479
f 4000 4247 4482
f 4007 4206 4487
f 3985 4197 4467
f 3986 4149 4469
f 4009 4215 4489
f 3976 4122 4456
f 3899 4099 4268
f 3896 4081 4260
f 3895 4075 4258
f 3897 4087 4264
f 3898 4093 4267
f 3901 4105 4276
f 3924 4207 4344
f 3954 4250 4434
f 3948 4238 4417
f 3931 4112 4366
f 3914 4177 4313
f 3911 4159 4305
f 3910 4130 4303
f 3912 4165 4309
f 3913 4171 4312
f 3918 4189 4327
f 3906 4135 4291
f 3925 4142 4348
f 3937 4220 4385
f 3944 4244 4403
f 3953 4208 4431
f 3921 4106 4335
f 3902 4111 4278
f 3934 4237 4373
f 3949 4249 4418
f 3923 4201 4341
f 3952 4196 4430
f 3946 4148 4412
f 3932 4214 4370
f 3903 4117 4281
f 3942 4190 4399
f 3915 4136 4317
f 3907 4141 4293
f 3928 4219 4356
f 3939 4243 4389
f 3943 4202 4402
f 3919 4195 4328
f 3908 4147 4296
f 3927 4213 4354
f 3935 4118 4378
f 3920 4082 4333
f 3900 4076 4272
f 3930 4088 4362
f 3945 4094 4407
f 3950 4100 4423
f 3940 4124 4392
f 3917 4183 4325
f 3909 4153 4299
f 3929 4225 4359
f 3938 4232 4386
f 3916 4160 4321
f 3905 4129 4287
f 3926 4166 4350
f 3936 4172 4381
f 3941 4178 4397
f 3922 4184 4339
f 3951 4154 4426
f 3947 4226 4414
f 3933 4231 4372
f 3904 4123 4284
f 3961 4086 4441
f 3957 4079 4435
f 3963 4091 4438
f 3966 4097 4445
f 3969 4104 4448
f 3977 4127 4451
f 4004 4186 4485
f 3989 4156 4472
f 4010 4229 4492
f 3975 4234 4455
f 3995 4164 4474
f 3979 4131 4459
f 3987 4168 4464
f 3999 4175 4478
f 4002 4182 4481
f 4005 4187 4483
f 3992 4157 4466
f 3990 4228 4470
f 4011 4235 4493
f 3974 4126 4457
f 3959 4084 4261
f 3955 4077 4257
f 3956 4089 4263
f 3962 4095 4266
f 3965 4102 4269
f 3970 4125 4283
f 4006 4188 4340
f 3993 4158 4427
f 4014 4230 4415
f 3973 4233 4371
f 3994 4163 4306
f 3981 4133 4302
f 3982 4167 4308
f 3996 4173 4311
f 3998 4180 4314
f 4003 4185 4324
f 3983 4155 4298
f 3988 4227 4358
f 4013 4236 4387
f 3978 4128 4393
f 3968 4103 4422
f 3960 4085 4332
f 3958 4080 4273
f 3964 4092 4363
f 3967 4098 4408
f 3971 4110 4336
f 4008 4212 4432
f 3991 4253 4419
f 4012 4241 4374
f 3972 4115 4279
f 4001 4181 4396
f 3984 4162 4320
f 3980 4132 4288
f 3997 4170 4351
f 4000 4176 4382
f 4007 4194 4400
f 3985 4140 4318
f 3986 4144 4294
f 4009 4223 4357
f 3976 4245 4388
f 3961 4209 4343
f 3957 4107 4275
f 3963 4114 4365
f 3966 4240 4416
f 3969 4252 4433
f 3977 4204 4401
f 4004 4199 4329
f 3989 4150 4297
f 4010 4216 4355
f 3975 4121 4377
f 3995 4191 4326
f 3979 4137 4290
f 3987 4145 4347
f 3999 4222 4384
f 4002 4248 4404
f 4005 4205 4342
f 3992 4198 4429
f 3990 4151 4411
f 4011 4217 4369
f 3974 4120 4282
f 3959 4101 4442
f 3955 4083 4436
f 3956 4078 4437
f 3962 4090 4444
f 3965 4096 4447
f 3970 4109 4450
f 4006 4211 4488
f 3993 4254 4473
f 4014 4242 4494
f 3973 4116 4453
f 3994 4179 4475
f 3981 4161 4463
f 3982 4134 4461
f 3996 4169 4477
f 3998 4174 4480
f 4003 4193 4484
f 3983 4138 4465
f 3988 4146 4468
f 4013 4224 4490
f 3978 4246 4458
f 3899 4268 4259
f 3896 4260 4255
f 3895 4258 4256
f 3897 4264 4262
f 3898 4267 4265
f 3901 4276 4274
f 3924 4344 4338
f 3954 4434 4425
f 3948 4417 4413
f 3931 4366 4364
f 3914 4313 4304
f 3911 4305 4300
f 3910 4303 4301
f 3912 4309 4307
f 3913 4312 4310
f 3918 4327 4322
f 3906 4291 4289
f 3925 4348 4346
f 3937 4385 4383
f 3944 4403 4391
f 3953 4431 4420
f 3921 4335 4330
f 3902 4278 4271
f 3934 4373 4361
f 3949 4418 4406
f 3923 4341 4334
f 3952 4430 4428
f 3946 4412 4410
f 3932 4370 4368
f 3903 4281 4277
f 3942 4399 4394
f 3915 4317 4315
f 3907 4293 4286
f 3928 4356 4349
f 3939 4389 4380
f 3943 4402 4398
f 3919 4328 4316
f 3908 4296 4292
f 3927 4354 4352
f 3935 4378 4376
f 3920 4333 4331
f 3900 4272 4270
f 3930 4362 4360
f 3945 4407 4405
f 3950 4423 4421
f 3940 4392 4390
f 3917 4325 4323
f 3909 4299 4295
f 3929 4359 4353
f 3938 4386 4375
f 3916 4321 4319
f 3905 4287 4285
f 3926 4350 4345
f 3936 4381 4379
f 3941 4397 4395
f 3922 4339 4337
f 3951 4426 4424
f 3947 4414 4409
f 3933 4372 4367
f 3904 4284 4280
f 3961 4441 4443
f 3957 4435 4439
f 3963 4438 4440
f 3966 4445 4446
f 3969 4448 4449
f 3977 4451 4452
f 4004 4485 4486
f 3989 4472 4471
f 4010 4492 4491
f 3975 4455 4454
f 3995 4474 4476
f 3979 4459 4460
f 3987 4464 4462
f 3999 4478 4479
f 4002 4481 4482
f 4005 4483 4487
f 3992 4466 4467
f 3990 4470 4469
f 4011 4493 4489
f 3974 4457 4456
f 4259 4016 4019
f 4255 4015 4016
f 4256 4017 4015
f 4262 4018 4017
f 4265 4019 4018
f 4274 4024 4021
f 4338 4042 4044
f 4425 4071 4074
f 4413 4067 4068
f 4364 4053 4051
f 4304 4031 4034
f 4300 4030 4031
f 4301 4032 4030
f 4307 4033 4032
f 4310 4034 4033
f 4322 4037 4038
f 4289 4029 4026
f 4346 4049 4045
f 4383 4058 4057
f 4391 4060 4064
f 4420 4070 4073
f 4330 4040 4041
f 4271 4020 4022
f 4361 4050 4054
f 4406 4065 4069
f 4334 4041 4043
f 4428 4073 4072
f 4410 4069 4066
f 4368 4054 4052
f 4277 4022 4023
f 4394 4061 4062
f 4315 4036 4035
f 4286 4025 4027
f 4349 4046 4048
f 4380 4056 4059
f 4398 4062 4063
f 4316 4035 4039
f 4292 4027 4028
f 4352 4048 4047
f 4376 4059 4055
f 4331 4044 4040
f 4270 4021 4020
f 4360 4051 4050
f 4405 4068 4065
f 4421 4074 4070
f 4390 4063 4060
f 4323 4039 4037
f 4295 4028 4029
f 4353 4047 4049
f 4375 4055 4058
f 4319 4038 4036
f 4285 4026 4025
f 4345 4045 4046
f 4379 4057 4056
f 4395 4064 4061
f 4337 4043 4042
f 4424 4072 4071
f 4409 4066 4067
f 4367 4052 4053
f 4280 4023 4024
f 4443 4210 4209
f 4439 4108 4107
f 4440 4113 4114
f 4446 4239 4240
f 4449 4251 4252
f 4452 4203 4204
f 4486 4200 4199
f 4471 4152 4150
f 4491 4218 4216
f 4454 4119 4121
f 4476 4192 4191
f 4460 4139 4137
f 4462 4143 4145
f 4479 4221 4222
f 4482 4247 4248
f 4487 4206 4205
f 4467 4197 4198
f 4469 4149 4151
f 4489 4215 4217
f 4456 4122 4120
f 4268 4099 4101
f 4260 4081 4083
f 4258 4075 4078
f 4264 4087 4090
f 4267 4093 4096
f 4276 4105 4109
f 4344 4207 4211
f 4434 4250 4254
f 4417 4238 4242
f 4366 4112 4116
f 4313 4177 4179
f 4305 4159 4161
f 4303 4130 4134
f 4309 4165 4169
f 4312 4171 4174
f 4327 4189 4193
f 4291 4135 4138
f 4348 4142 4146
f 4385 4220 4224
f 4403 4244 4246
f 4431 4208 4210
f 4335 4106 4108
f 4278 4111 4113
f 4373 4237 4239
f 4418 4249 4251
f 4341 4201 4203
f 4430 4196 4200
f 4412 4148 4152
f 4370 4214 4218
f 4281 4117 4119
f 4399 4190 4192
f 4317 4136 4139
f 4293 4141 4143
f 4356 4219 4221
f 4389 4243 4247
f 4402 4202 4206
f 4328 4195 4197
f 4296 4147 4149
f 4354 4213 4215
f 4378 4118 4122
f 4333 4082 4086
f 4272 4076 4079
f 4362 4088 4091
f 4407 4094 4097
f 4423 4100 4104
f 4392 4124 4127
f 4325 4183 4186
f 4299 4153 4156
f 4359 4225 4229
f 4386 4232 4234
f 4321 4160 4164
f 4287 4129 4131
f 4350 4166 4168
f 4381 4172 4175
f 4397 4178 4182
f 4339 4184 4187
f 4426 4154 4157
f 4414 4226 4228
f 4372 4231 4235
f 4284 4123 4126
f 4441 4086 4084
f 4435 4079 4077
f 4438 4091 4089
f 4445 4097 4095
f 4448 4104 4102
f 4451 4127 4125
f 4485 4186 4188
f 4472 4156 4158
f 4492 4229 4230
f 4455 4234 4233
f 4474 4164 4163
f 4459 4131 4133
f 4464 4168 4167
f 4478 4175 4173
f 4481 4182 4180
f 4483 4187 4185
f 4466 4157 4155
f 4470 4228 4227
f 4493 4235 4236
f 4457 4126 4128
f 4261 4084 4081
f 4257 4077 4075
f 4263 4089 4087
f 4266 4095 4093
f 4269 4102 4099
f 4283 4125 4123
f 4340 4188 4184
f 4427 4158 4154
f 4415 4230 4226
f 4371 4233 4231
f 4306 4163 4159
f 4302 4133 4130
f 4308 4167 4165
f 4311 4173 4171
f 4314 4180 4177
f 4324 4185 4183
f 4298 4155 4153
f 4358 4227 4225
f 4387 4236 4232
f 4393 4128 4124
f 4422 4103 4100
f 4332 4085 4082
f 4273 4080 4076
f 4363 4092 4088
f 4408 4098 4094
f 4336 4110 4106
f 4432 4212 4208
f 4419 4253 4249
f 4374 4241 4237
f 4279 4115 4111
f 4396 4181 4178
f 4320 4162 4160
f 4288 4132 4129
f 4351 4170 4166
f 4382 4176 4172
f 4400 4194 4190
f 4318 4140 4136
f 4294 4144 4141
f 4357 4223 4219
f 4388 4245 4243
f 4343 4209 4207
f 4275 4107 4105
f 4365 4114 4112
f 4416 4240 4238
f 4433 4252 4250
f 4401 4204 4202
f 4329 4199 4195
f 4297 4150 4147
f 4355 4216 4213
f 4377 4121 4118
f 4326 4191 4189
f 4290 4137 4135
f 4347 4145 4142
f 4384 4222 4220
f 4404 4248 4244
f 4342 4205 4201
f 4429 4198 4196
f 4411 4151 4148
f 4369 4217 4214
f 4282 4120 4117
f 4442 4101 4103
f 4436 4083 4085
f 4437 4078 4080
f 4444 4090 4092
f 4447 4096 4098
f 4450 4109 4110
f 4488 4211 4212
f 4473 4254 4253
f 4494 4242 4241
f 4453 4116 4115
f 4475 4179 4181
f 4463 4161 4162
f 4461 4134 4132
f 4477 4169 4170
f 4480 4174 4176
f 4484 4193 4194
f 4465 4138 4140
f 4468 4146 4144
f 4490 4224 4223
f 4458 4246 4245
f 4259 4268 4261
f 4255 4260 4257
f 4256 4258 4263
f 4262 4264 4266
f 4265 4267 4269
f 4274 4276 4283
f 4338 4344 4340
f 4425 4434 4427
f 4413 4417 4415
f 4364 4366 4371
f 4304 4313 4306
f 4300 4305 4302
f 4301 4303 4308
f 4307 4309 4311
f 4310 4312 4314
f 4322 4327 4324
f 4289 4291 4298
f 4346 4348 4358
f 4383 4385 4387
f 4391 4403 4393
f 4420 4431 4422
f 4330 4335 4332
f 4271 4278 4273
f 4361 4373 4363
f 4406 4418 4408
f 4334 4341 4336
f 4428 4430 4432
f 4410 4412 4419
f 4368 4370 4374
f 4277 4281 4279
f 4394 4399 4396
f 4315 4317 4320
f 4286 4293 4288
f 4349 4356 4351
f 4380 4389 4382
f 4398 4402 4400
f 4316 4328 4318
f 4292 4296 4294
f 4352 4354 4357
f 4376 4378 4388
f 4331 4333 4343
f 4270 4272 4275
f 4360 4362 4365
f 4405 4407 4416
f 4421 4423 4433
f 4390 4392 4401
f 4323 4325 4329
f 4295 4299 4297
f 4353 4359 4355
f 4375 4386 4377
f 4319 4321 4326
f 4285 4287 4290
f 4345 4350 4347
f 4379 4381 4384
f 4395 4397 4404
f 4337 4339 4342
f 4424 4426 4429
f 4409 4414 4411
f 4367 4372 4369
f 4280 4284 4282
f 4443 4441 4442
f 4439 4435 4436
f 4440 4438 4437
f 4446 4445 4444
f 4449 4448 4447
f 4452 4451 4450
f 4486 4485 4488
f 4471 4472 4473
f 4491 4492 4494
f 4454 4455 4453
f 4476 4474 4475
f 4460 4459 4463
f 4462 4464 4461
f 4479 4478 4477
f 4482 4481 4480
f 4487 4483 4484
f 4467 4466 4465
f 4469 4470 4468
f 4489 4493 4490
f 4456 4457 4458
f 4495 4661 4658
f 4495 4658 4657
f 4495 4657 4659
f 4495 4659 4660
f 4495 4660 4661
f 4496 4663 4666
f 4500 4686 4684
f 4506 4716 4713
f 4505 4710 4709
f 4502 4693 4695
f 4498 4676 4673
f 4498 4673 4672
f 4498 4672 4674
f 4498 4674 4675
f 4498 4675 4676
f 4499 4680 4679
f 4497 4668 4671
f 4501 4687 4691
f 4503 4699 4700
f 4504 4706 4702
f 4506 4715 4712
f 4500 4683 4682
f 4496 4664 4662
f 4502 4696 4692
f 4505 4711 4707
f 4500 4685 4683
f 4506 4714 4715
f 4505 4708 4711
f 4502 4694 4696
f 4496 4665 4664
f 4504 4704 4703
f 4499 4677 4678
f 4497 4669 4667
f 4501 4690 4688
f 4503 4701 4698
f 4504 4705 4704
f 4499 4681 4677
f 4497 4670 4669
f 4501 4689 4690
f 4503 4697 4701
f 4500 4682 4686
f 4496 4662 4663
f 4502 4692 4693
f 4505 4707 4710
f 4506 4712 4716
f 4504 4702 4705
f 4499 4679 4681
f 4497 4671 4670
f 4501 4691 4689
f 4503 4700 4697
f 4499 4678 4680
f 4497 4667 4668
f 4501 4688 4687
f 4503 4698 4699
f 4504 4703 4706
f 4500 4684 4685
f 4506 4713 4714
f 4505 4709 4708
f 4502 4695 4694
f 4496 4666 4665
f 4529 4851 4852
f 4512 4749 4750
f 4513 4756 4755
f 4534 4882 4881
f 4536 4894 4893
f 4528 4846 4845
f 4527 4841 4842
f 4519 4792 4794
f 4530 4858 4860
f 4514 4763 4761
f 4526 4833 4834
f 4517 4779 4781
f 4518 4787 4785
f 4531 4864 4863
f 4535 4890 4889
f 4528 4847 4848
f 4527 4840 4839
f 4519 4793 4791
f 4530 4859 4857
f 4514 4762 4764
f 4511 4743 4741
f 4508 4725 4723
f 4507 4720 4717
f 4509 4732 4729
f 4510 4738 4735
f 4512 4751 4747
f 4529 4853 4849
f 4536 4896 4892
f 4534 4884 4880
f 4513 4758 4754
f 4524 4821 4819
f 4521 4803 4801
f 4516 4776 4772
f 4522 4811 4807
f 4523 4816 4813
f 4526 4835 4831
f 4517 4780 4777
f 4518 4788 4784
f 4531 4866 4862
f 4535 4888 4886
f 4529 4852 4850
f 4512 4750 4748
f 4513 4755 4753
f 4534 4881 4879
f 4536 4893 4891
f 4528 4845 4843
f 4527 4842 4838
f 4519 4794 4790
f 4530 4860 4856
f 4514 4761 4759
f 4526 4834 4832
f 4517 4781 4778
f 4518 4785 4783
f 4531 4863 4861
f 4535 4889 4885
f 4528 4848 4844
f 4527 4839 4837
f 4519 4791 4789
f 4530 4857 4855
f 4514 4764 4760
f 4508 4728 4724
f 4507 4721 4718
f 4509 4733 4730
f 4510 4739 4736
f 4511 4746 4742
f 4515 4769 4766
f 4525 4828 4825
f 4520 4798 4795
f 4532 4871 4867
f 4533 4876 4874
f 4521 4806 4802
f 4516 4773 4771
f 4522 4810 4808
f 4523 4817 4814
f 4524 4824 4820
f 4525 4829 4826
f 4520 4799 4796
f 4532 4870 4868
f 4533 4877 4873
f 4515 4768 4765
f 4508 4726 4728
f 4507 4719 4721
f 4509 4731 4733
f 4510 4737 4739
f 4511 4744 4746
f 4515 4767 4769
f 4525 4830 4828
f 4520 4800 4798
f 4532 4872 4871
f 4533 4875 4876
f 4521 4805 4806
f 4516 4775 4773
f 4522 4809 4810
f 4523 4815 4817
f 4524 4822 4824
f 4525 4827 4829
f 4520 4797 4799
f 4532 4869 4870
f 4533 4878 4877
f 4515 4770 4768
f 4508 4723 4726
f 4507 4717 4719
f 4509 4729 4731
f 4510 4735 4737
f 4511 4741 4744
f 4515 4765 4767
f 4525 4826 4830
f 4520 4796 4800
f 4532 4868 4872
f 4533 4873 4875
f 4521 4801 4805
f 4516 4772 4775
f 4522 4807 4809
f 4523 4813 4815
f 4524 4819 4822
f 4525 4825 4827
f 4520 4795 4797
f 4532 4867 4869
f 4533 4874 4878
f 4515 4766 4770
f 4511 4742 4745
f 4508 4724 4727
f 4507 4718 4722
f 4509 4730 4734
f 4510 4736 4740
f 4512 4748 4752
f 4529 4850 4854
f 4536 4891 4895
f 4534 4879 4883
f 4513 4753 4757
f 4524 4820 4823
f 4521 4802 4804
f 4516 4771 4774
f 4522 4808 4812
f 4523 4814 4818
f 4526 4832 4836
f 4517 4778 4782
f 4518 4783 4786
f 4531 4861 4865
f 4535 4885 4887
f 4529 4849 4851
f 4512 4747 4749
f 4513 4754 4756
f 4534 4880 4882
f 4536 4892 4894
f 4528 4844 4846
f 4527 4837 4841
f 4519 4789 4792
f 4530 4855 4858
f 4514 4760 4763
f 4526 4831 4833
f 4517 4777 4779
f 4518 4784 4787
f 4531 4862 4864
f 4535 4886 4890
f 4528 4843 4847
f 4527 4838 4840
f 4519 4790 4793
f 4530 4856 4859
f 4514 4759 4762
f 4511 4745 4743
f 4508 4727 4725
f 4507 4722 4720
f 4509 4734 4732
f 4510 4740 4738
f 4512 4752 4751
f 4529 4854 4853
f 4536 4895 4896
f 4534 4883 4884
f 4513 4757 4758
f 4524 4823 4821
f 4521 4804 4803
f 4516 4774 4776
f 4522 4812 4811
f 4523 4818 4816
f 4526 4836 4835
f 4517 4782 4780
f 4518 4786 4788
f 4531 4865 4866
f 4535 4887 4888
f 4601 4903 4910
f 4597 4899 4902
f 4598 4905 4900
f 4604 4908 4906
f 4607 4911 4909
f 4612 4925 4918
f 4648 4982 4986
f 4635 5069 5076
f 4656 5057 5059
f 4615 5013 5008
f 4636 4948 4955
f 4623 4944 4947
f 4624 4950 4945
f 4638 4953 4951
f 4640 4956 4954
f 4645 4966 4969
f 4625 4940 4933
f 4630 5000 4990
f 4655 5029 5027
f 4620 5035 5045
f 4610 5064 5073
f 4602 4974 4977
f 4600 4915 4920
f 4606 5005 5015
f 4609 5050 5060
f 4613 4978 4983
f 4650 5074 5072
f 4633 5061 5054
f 4654 5016 5012
f 4614 4921 4923
f 4643 5038 5041
f 4626 4962 4959
f 4622 4930 4935
f 4639 4993 4998
f 4642 5024 5031
f 4649 5042 5044
f 4627 4960 4970
f 4628 4936 4938
f 4651 4999 4996
f 4618 5030 5020
f 4603 4985 4975
f 4599 4917 4914
f 4605 5007 5004
f 4608 5058 5049
f 4611 5075 5065
f 4619 5043 5034
f 4646 4971 4967
f 4631 4939 4941
f 4652 4997 5001
f 4617 5019 5028
f 4637 4968 4963
f 4621 4932 4929
f 4629 4989 4992
f 4641 5026 5023
f 4644 5046 5039
f 4647 4984 4981
f 4634 5071 5068
f 4632 5053 5056
f 4653 5011 5014
f 4616 4924 4926
f 4601 5084 5083
f 4597 5078 5077
f 4598 5079 5080
f 4604 5086 5087
f 4607 5089 5090
f 4612 5092 5093
f 4648 5130 5127
f 4635 5115 5114
f 4656 5136 5134
f 4615 5095 5097
f 4636 5117 5116
f 4623 5105 5101
f 4624 5103 5106
f 4638 5119 5120
f 4640 5122 5123
f 4645 5126 5125
f 4625 5107 5108
f 4630 5110 5112
f 4655 5132 5135
f 4620 5100 5099
f 4541 4901 4661
f 4538 4897 4658
f 4537 4898 4657
f 4539 4904 4659
f 4540 4907 4660
f 4543 4916 4663
f 4566 4980 4686
f 4596 5067 4716
f 4590 5055 4710
f 4573 5006 4693
f 4556 4946 4676
f 4553 4942 4673
f 4552 4943 4672
f 4554 4949 4674
f 4555 4952 4675
f 4560 4964 4680
f 4548 4931 4668
f 4567 4988 4687
f 4579 5025 4699
f 4586 5033 4706
f 4595 5062 4715
f 4563 4972 4683
f 4544 4913 4664
f 4576 5003 4696
f 4591 5048 4711
f 4565 4976 4685
f 4594 5070 4714
f 4588 5052 4708
f 4574 5010 4694
f 4545 4919 4665
f 4584 5036 4704
f 4557 4957 4677
f 4549 4928 4669
f 4570 4991 4690
f 4581 5022 4701
f 4585 5040 4705
f 4561 4958 4681
f 4550 4934 4670
f 4569 4994 4689
f 4577 5018 4697
f 4562 4973 4682
f 4542 4912 4662
f 4572 5002 4692
f 4587 5047 4707
f 4592 5063 4712
f 4582 5032 4702
f 4559 4965 4679
f 4551 4937 4671
f 4571 4995 4691
f 4580 5017 4700
f 4558 4961 4678
f 4547 4927 4667
f 4568 4987 4688
f 4578 5021 4698
f 4583 5037 4703
f 4564 4979 4684
f 4593 5066 4713
f 4589 5051 4709
f 4575 5009 4695
f 4546 4922 4666
f 4603 5085 4851
f 4599 5081 4749
f 4605 5082 4756
f 4608 5088 4882
f 4611 5091 4894
f 4619 5094 4846
f 4646 5128 4841
f 4631 5113 4792
f 4652 5133 4858
f 4617 5096 4763
f 4637 5118 4833
f 4621 5102 4779
f 4629 5104 4787
f 4641 5121 4864
f 4644 5124 4890
f 4647 5129 4847
f 4634 5109 4840
f 4632 5111 4793
f 4653 5131 4859
f 4616 5098 4762
f 4601 4910 4743
f 4597 4902 4725
f 4598 4900 4720
f 4604 4906 4732
f 4607 4909 4738
f 4612 4918 4751
f 4648 4986 4853
f 4635 5076 4896
f 4656 5059 4884
f 4615 5008 4758
f 4636 4955 4821
f 4623 4947 4803
f 4624 4945 4776
f 4638 4951 4811
f 4640 4954 4816
f 4645 4969 4835
f 4625 4933 4780
f 4630 4990 4788
f 4655 5027 4866
f 4620 5045 4888
f 4610 5073 4852
f 4602 4977 4750
f 4600 4920 4755
f 4606 5015 4881
f 4609 5060 4893
f 4613 4983 4845
f 4650 5072 4842
f 4633 5054 4794
f 4654 5012 4860
f 4614 4923 4761
f 4643 5041 4834
f 4626 4959 4781
f 4622 4935 4785
f 4639 4998 4863
f 4642 5031 4889
f 4649 5044 4848
f 4627 4970 4839
f 4628 4938 4791
f 4651 4996 4857
f 4618 5020 4764
f 4603 4975 4728
f 4599 4914 4721
f 4605 5004 4733
f 4608 5049 4739
f 4611 5065 4746
f 4619 5034 4769
f 4646 4967 4828
f 4631 4941 4798
f 4652 5001 4871
f 4617 5028 4876
f 4637 4963 4806
f 4621 4929 4773
f 4629 4992 4810
f 4641 5023 4817
f 4644 5039 4824
f 4647 4981 4829
f 4634 5068 4799
f 4632 5056 4870
f 4653 5014 4877
f 4616 4926 4768
f 4601 5083 4726
f 4597 5077 4719
f 4598 5080 4731
f 4604 5087 4737
f 4607 5090 4744
f 4612 5093 4767
f 4648 5127 4830
f 4635 5114 4800
f 4656 5134 4872
f 4615 5097 4875
f 4636 5116 4805
f 4623 5101 4775
f 4624 5106 4809
f 4638 5120 4815
f 4640 5123 4822
f 4645 5125 4827
f 4625 5108 4797
f 4630 5112 4869
f 4655 5135 4878
f 4620 5099 4770
f 4538 4903 4723
f 4537 4899 4717
f 4539 4905 4729
f 4540 4908 4735
f 4541 4911 4741
f 4546 4925 4765
f 4564 4982 4826
f 4593 5069 4796
f 4589 5057 4868
f 4575 5013 4873
f 4553 4948 4801
f 4552 4944 4772
f 4554 4950 4807
f 4555 4953 4813
f 4556 4956 4819
f 4559 4966 4825
f 4551 4940 4795
f 4571 5000 4867
f 4580 5029 4874
f 4582 5035 4766
f 4592 5064 4742
f 4562 4974 4724
f 4542 4915 4718
f 4572 5005 4730
f 4587 5050 4736
f 4563 4978 4748
f 4595 5074 4850
f 4591 5061 4891
f 4576 5016 4879
f 4544 4921 4753
f 4583 5038 4820
f 4558 4962 4802
f 4547 4930 4771
f 4568 4993 4808
f 4578 5024 4814
f 4584 5042 4832
f 4557 4960 4778
f 4549 4936 4783
f 4570 4999 4861
f 4581 5030 4885
f 4566 4985 4849
f 4543 4917 4747
f 4573 5007 4754
f 4590 5058 4880
f 4596 5075 4892
f 4585 5043 4844
f 4561 4971 4837
f 4550 4939 4789
f 4569 4997 4855
f 4577 5019 4760
f 4560 4968 4831
f 4548 4932 4777
f 4567 4989 4784
f 4579 5026 4862
f 4586 5046 4886
f 4565 4984 4843
f 4594 5071 4838
f 4588 5053 4790
f 4574 5011 4856
f 4545 4924 4759
f 4610 5084 4745
f 4602 5078 4727
f 4600 5079 4722
f 4606 5086 4734
f 4609 5089 4740
f 4613 5092 4752
f 4650 5130 4854
f 4633 5115 4895
f 4654 5136 4883
f 4614 5095 4757
f 4643 5117 4823
f 4626 5105 4804
f 4622 5103 4774
f 4639 5119 4812
f 4642 5122 4818
f 4649 5126 4836
f 4627 5107 4782
f 4628 5110 4786
f 4651 5132 4865
f 4618 5100 4887
f 4538 4901 4903
f 4537 4897 4899
f 4539 4898 4905
f 4540 4904 4908
f 4541 4907 4911
f 4546 4916 4925
f 4564 4980 4982
f 4593 5067 5069
f 4589 5055 5057
f 4575 5006 5013
f 4553 4946 4948
f 4552 4942 4944
f 4554 4943 4950
f 4555 4949 4953
f 4556 4952 4956
f 4559 4964 4966
f 4551 4931 4940
f 4571 4988 5000
f 4580 5025 5029
f 4582 5033 5035
f 4592 5062 5064
f 4562 4972 4974
f 4542 4913 4915
f 4572 5003 5005
f 4587 5048 5050
f 4563 4976 4978
f 4595 5070 5074
f 4591 5052 5061
f 4576 5010 5016
f 4544 4919 4921
f 4583 5036 5038
f 4558 4957 4962
f 4547 4928 4930
f 4568 4991 4993
f 4578 5022 5024
f 4584 5040 5042
f 4557 4958 4960
f 4549 4934 4936
f 4570 4994 4999
f 4581 5018 5030
f 4566 4973 4985
f 4543 4912 4917
f 4573 5002 5007
f 4590 5047 5058
f 4596 5063 5075
f 4585 5032 5043
f 4561 4965 4971
f 4550 4937 4939
f 4569 4995 4997
f 4577 5017 5019
f 4560 4961 4968
f 4548 4927 4932
f 4567 4987 4989
f 4579 5021 5026
f 4586 5037 5046
f 4565 4979 4984
f 4594 5066 5071
f 4588 5051 5053
f 4574 5009 5011
f 4545 4922 4924
f 4610 5085 5084
f 4602 5081 5078
f 4600 5082 5079
f 4606 5088 5086
f 4609 5091 5089
f 4613 5094 5092
f 4650 5128 5130
f 4633 5113 5115
f 4654 5133 5136
f 4614 5096 5095
f 4643 5118 5117
f 4626 5102 5105
f 4622 5104 5103
f 4639 5121 5119
f 4642 5124 5122
f 4649 5129 5126
f 4627 5109 5107
f 4628 5111 5110
f 4651 5131 5132
f 4618 5098 5100
f 4538 4658 4901
f 4537 4657 4897
f 4539 4659 4898
f 4540 4660 4904
f 4541 4661 4907
f 4546 4666 4916
f 4564 4684 4980
f 4593 4713 5067
f 4589 4709 5055
f 4575 4695 5006
f 4553 4673 4946
f 4552 4672 4942
f 4554 4674 4943
f 4555 4675 4949
f 4556 4676 4952
f 4559 4679 4964
f 4551 4671 4931
f 4571 4691 4988
f 4580 4700 5025
f 4582 4702 5033
f 4592 4712 5062
f 4562 4682 4972
f 4542 4662 4913
f 4572 4692 5003
f 4587 4707 5048
f 4563 4683 4976
f 4595 4715 5070
f 4591 4711 5052
f 4576 4696 5010
f 4544 4664 4919
f 4583 4703 5036
f 4558 4678 4957
f 4547 4667 4928
f 4568 4688 4991
f 4578 4698 5022
f 4584 4704 5040
f 4557 4677 4958
f 4549 4669 4934
f 4570 4690 4994
f 4581 4701 5018
f 4566 4686 4973
f 4543 4663 4912
f 4573 4693 5002
f 4590 4710 5047
f 4596 4716 5063
f 4585 4705 5032
f 4561 4681 4965
f 4550 4670 4937
f 4569 4689 4995
f 4577 4697 5017
f 4560 4680 4961
f 4548 4668 4927
f 4567 4687 4987
f 4579 4699 5021
f 4586 4706 5037
f 4565 4685 4979
f 4594 4714 5066
f 4588 4708 5051
f 4574 4694 5009
f 4545 4665 4922
f 4610 4852 5085
f 4602 4750 5081
f 4600 4755 5082
f 4606 4881 5088
f 4609 4893 5091
f 4613 4845 5094
f 4650 4842 5128
f 4633 4794 5113
f 4654 4860 5133
f 4614 4761 5096
f 4643 4834 5118
f 4626 4781 5102
f 4622 4785 5104
f 4639 4863 5121
f 4642 4889 5124
f 4649 4848 5129
f 4627 4839 5109
f 4628 4791 5111
f 4651 4857 5131
f 4618 4764 5098
f 4541 4741 4910
f 4538 4723 4902
f 4537 4717 4900
f 4539 4729 4906
f 4540 4735 4909
f 4543 4747 4918
f 4566 4849 4986
f 4596 4892 5076
f 4590 4880 5059
f 4573 4754 5008
f 4556 4819 4955
f 4553 4801 4947
f 4552 4772 4945
f 4554 4807 4951
f 4555 4813 4954
f 4560 4831 4969
f 4548 4777 4933
f 4567 4784 4990
f 4579 4862 5027
f 4586 4886 5045
f 4595 4850 5073
f 4563 4748 4977
f 4544 4753 4920
f 4576 4879 5015
f 4591 4891 5060
f 4565 4843 4983
f 4594 4838 5072
f 4588 4790 5054
f 4574 4856 5012
f 4545 4759 4923
f 4584 4832 5041
f 4557 4778 4959
f 4549 4783 4935
f 4570 4861 4998
f 4581 4885 5031
f 4585 4844 5044
f 4561 4837 4970
f 4550 4789 4938
f 4569 4855 4996
f 4577 4760 5020
f 4562 4724 4975
f 4542 4718 4914
f 4572 4730 5004
f 4587 4736 5049
f 4592 4742 5065
f 4582 4766 5034
f 4559 4825 4967
f 4551 4795 4941
f 4571 4867 5001
f 4580 4874 5028
f 4558 4802 4963
f 4547 4771 4929
f 4568 4808 4992
f 4578 4814 5023
f 4583 4820 5039
f 4564 4826 4981
f 4593 4796 5068
f 4589 4868 5056
f 4575 4873 5014
f 4546 4765 4926
f 4603 4728 5083
f 4599 4721 5077
f 4605 4733 5080
f 4608 4739 5087
f 4611 4746 5090
f 4619 4769 5093
f 4646 4828 5127
f 4631 4798 5114
f 4652 4871 5134
f 4617 4876 5097
f 4637 4806 5116
f 4621 4773 5101
f 4629 4810 5106
f 4641 4817 5120
f 4644 4824 5123
f 4647 4829 5125
f 4634 4799 5108
f 4632 4870 5112
f 4653 4877 5135
f 4616 4768 5099
f 4601 4726 4903
f 4597 4719 4899
f 4598 4731 4905
f 4604 4737 4908
f 4607 4744 4911
f 4612 4767 4925
f 4648 4830 4982
f 4635 4800 5069
f 4656 4872 5057
f 4615 4875 5013
f 4636 4805 4948
f 4623 4775 4944
f 4624 4809 4950
f 4638 4815 4953
f 4640 4822 4956
f 4645 4827 4966
f 4625 4797 4940
f 4630 4869 5000
f 4655 4878 5029
f 4620 4770 5035
f 4610 4745 5064
f 4602 4727 4974
f 4600 4722 4915
f 4606 4734 5005
f 4609 4740 5050
f 4613 4752 4978
f 4650 4854 5074
f 4633 4895 5061
f 4654 4883 5016
f 4614 4757 4921
f 4643 4823 5038
f 4626 4804 4962
f 4622 4774 4930
f 4639 4812 4993
f 4642 4818 5024
f 4649 4836 5042
f 4627 4782 4960
f 4628 4786 4936
f 4651 4865 4999
f 4618 4887 5030
f 4603 4851 4985
f 4599 4749 4917
f 4605 4756 5007
f 4608 4882 5058
f 4611 4894 5075
f 4619 4846 5043
f 4646 4841 4971
f 4631 4792 4939
f 4652 4858 4997
f 4617 4763 5019
f 4637 4833 4968
f 4621 4779 4932
f 4629 4787 4989
f 4641 4864 5026
f 4644 4890 5046
f 4647 4847 4984
f 4634 4840 5071
f 4632 4793 5053
f 4653 4859 5011
f 4616 4762 4924
f 4601 4743 5084
f 4597 4725 5078
f 4598 4720 5079
f 4604 4732 5086
f 4607 4738 5089
f 4612 4751 5092
f 4648 4853 5130
f 4635 4896 5115
f 4656 4884 5136
f 4615 4758 5095
f 4636 4821 5117
f 4623 4803 5105
f 4624 4776 5103
f 4638 4811 5119
f 4640 4816 5122
f 4645 4835 5126
f 4625 4780 5107
f 4630 4788 5110
f 4655 4866 5132
f 4620 4888 5100
f 4541 4910 4901
f 4538 4902 4897
f 4537 4900 4898
f 4539 4906 4904
f 4540 4909 4907
f 4543 4918 4916
f 4566 4986 4980
f 4596 5076 5067
f 4590 5059 5055
f 4573 5008 5006
f 4556 4955 4946
f 4553 4947 4942
f 4552 4945 4943
f 4554 4951 4949
f 4555 4954 4952
f 4560 4969 4964
f 4548 4933 4931
f 4567 4990 4988
f 4579 5027 5025
f 4586 5045 5033
f 4595 5073 5062
f 4563 4977 4972
f 4544 4920 4913
f 4576 5015 5003
f 4591 5060 5048
f 4565 4983 4976
f 4594 5072 5070
f 4588 5054 5052
f 4574 5012 5010
f 4545 4923 4919
f 4584 5041 5036
f 4557 4959 4957
f 4549 4935 4928
f 4570 4998 4991
f 4581 5031 5022
f 4585 5044 5040
f 4561 4970 4958
f 4550 4938 4934
f 4569 4996 4994
f 4577 5020 5018
f 4562 4975 4973
f 4542 4914 4912
f 4572 5004 5002
f 4587 5049 5047
f 4592 5065 5063
f 4582 5034 5032
f 4559 4967 4965
f 4551 4941 4937
f 4571 5001 4995
f 4580 5028 5017
f 4558 4963 4961
f 4547 4929 4927
f 4568 4992 4987
f 4578 5023 5021
f 4583 5039 5037
f 4564 4981 4979
f 4593 5068 5066
f 4589 5056 5051
f 4575 5014 5009
f 4546 4926 4922
f 4603 5083 5085
f 4599 5077 5081
f 4605 5080 5082
f 4608 5087 5088
f 4611 5090 5091
f 4619 5093 5094
f 4646 5127 5128
f 4631 5114 5113
f 4652 5134 5133
f 4617 5097 5096
f 4637 5116 5118
f 4621 5101 5102
f 4629 5106 5104
f 4641 5120 5121
f 4644 5123 5124
f 4647 5125 5129
f 4634 5108 5109
f 4632 5112 5111
f 4653 5135 5131
f 4616 5099 5098
f 4901 4658 4661
f 4897 4657 4658
f 4898 4659 4657
f 4904 4660 4659
f 4907 4661 4660
f 4916 4666 4663
f 4980 4684 4686
f 5067 4713 4716
f 5055 4709 4710
f 5006 4695 4693
f 4946 4673 4676
f 4942 4672 4673
f 4943 4674 4672
f 4949 4675 4674
f 4952 4676 4675
f 4964 4679 4680
f 4931 4671 4668
f 4988 4691 4687
f 5025 4700 4699
f 5033 4702 4706
f 5062 4712 4715
f 4972 4682 4683
f 4913 4662 4664
f 5003 4692 4696
f 5048 4707 4711
f 4976 4683 4685
f 5070 4715 4714
f 5052 4711 4708
f 5010 4696 4694
f 4919 4664 4665
f 5036 4703 4704
f 4957 4678 4677
f 4928 4667 4669
f 4991 4688 4690
f 5022 4698 4701
f 5040 4704 4705
f 4958 4677 4681
f 4934 4669 4670
f 4994 4690 4689
f 5018 4701 4697
f 4973 4686 4682
f 4912 4663 4662
f 5002 4693 4692
f 5047 4710 4707
f 5063 4716 4712
f 5032 4705 4702
f 4965 4681 4679
f 4937 4670 4671
f 4995 4689 4691
f 5017 4697 4700
f 4961 4680 4678
f 4927 4668 4667
f 4987 4687 4688
f 5021 4699 4698
f 5037 4706 4703
f 4979 4685 4684
f 5066 4714 4713
f 5051 4708 4709
f 5009 4694 4695
f 4922 4665 4666
f 5085 4852 4851
f 5081 4750 4749
f 5082 4755 4756
f 5088 4881 4882
f 5091 4893 4894
f 5094 4845 4846
f 5128 4842 4841
f 5113 4794 4792
f 5133 4860 4858
f 5096 4761 4763
f 5118 4834 4833
f 5102 4781 4779
f 5104 4785 4787
f 5121 4863 4864
f 5124 4889 4890
f 5129 4848 4847
f 5109 4839 4840
f 5111 4791 4793
f 5131 4857 4859
f 5098 4764 4762
f 4910 4741 4743
f 4902 4723 4725
f 4900 4717 4720
f 4906 4729 4732
f 4909 4735 4738
f 4918 4747 4751
f 4986 4849 4853
f 5076 4892 4896
f 5059 4880 4884
f 5008 4754 4758
f 4955 4819 4821
f 4947 4801 4803
f 4945 4772 4776
f 4951 4807 4811
f 4954 4813 4816
f 4969 4831 4835
f 4933 4777 4780
f 4990 4784 4788
f 5027 4862 4866
f 5045 4886 4888
f 5073 4850 4852
f 4977 4748 4750
f 4920 4753 4755
f 5015 4879 4881
f 5060 4891 4893
f 4983 4843 4845
f 5072 4838 4842
f 5054 4790 4794
f 5012 4856 4860
f 4923 4759 4761
f 5041 4832 4834
f 4959 4778 4781
f 4935 4783 4785
f 4998 4861 4863
f 5031 4885 4889
f 5044 4844 4848
f 4970 4837 4839
f 4938 4789 4791
f 4996 4855 4857
f 5020 4760 4764
f 4975 4724 4728
f 4914 4718 4721
f 5004 4730 4733
f 5049 4736 4739
f 5065 4742 4746
f 5034 4766 4769
f 4967 4825 4828
f 4941 4795 4798
f 5001 4867 4871
f 5028 4874 4876
f 4963 4802 4806
f 4929 4771 4773
f 4992 4808 4810
f 5023 4814 4817
f 5039 4820 4824
f 4981 4826 4829
f 5068 4796 4799
f 5056 4868 4870
f 5014 4873 4877
f 4926 4765 4768
f 5083 4728 4726
f 5077 4721 4719
f 5080 4733 4731
f 5087 4739 4737
f 5090 4746 4744
f 5093 4769 4767
f 5127 4828 4830
f 5114 4798 4800
f 5134 4871 4872
f 5097 4876 4875
f 5116 4806 4805
f 5101 4773 4775
f 5106 4810 4809
f 5120 4817 4815
f 5123 4824 4822
f 5125 4829 4827
f 5108 4799 4797
f 5112 4870 4869
f 5135 4877 4878
f 5099 4768 4770
f 4903 4726 4723
f 4899 4719 4717
f 4905 4731 4729
f 4908 4737 4735
f 4911 4744 4741
f 4925 4767 4765
f 4982 4830 4826
f 5069 4800 4796
f 5057 4872 4868
f 5013 4875 4873
f 4948 4805 4801
f 4944 4775 4772
f 4950 4809 4807
f 4953 4815 4813
f 4956 4822 4819
f 4966 4827 4825
f 4940 4797 4795
f 5000 4869 4867
f 5029 4878 4874
f 5035 4770 4766
f 5064 4745 4742
f 4974 4727 4724
f 4915 4722 4718
f 5005 4734 4730
f 5050 4740 4736
f 4978 4752 4748
f 5074 4854 4850
f 5061 4895 4891
f 5016 4883 4879
f 4921 4757 4753
f 5038 4823 4820
f 4962 4804 4802
f 4930 4774 4771
f 4993 4812 4808
f 5024 4818 4814
f 5042 4836 4832
f 4960 4782 4778
f 4936 4786 4783
f 4999 4865 4861
f 5030 4887 4885
f 4985 4851 4849
f 4917 4749 4747
f 5007 4756 4754
f 5058 4882 4880
f 5075 4894 4892
f 5043 4846 4844
f 4971 4841 4837
f 4939 4792 4789
f 4997 4858 4855
f 5019 4763 4760
f 4968 4833 4831
f 4932 4779 4777
f 4989 4787 4784
f 5026 4864 4862
f 5046 4890 4886
f 4984 4847 4843
f 5071 4840 4838
f 5053 4793 4790
f 5011 4859 4856
f 4924 4762 4759
f 5084 4743 4745
f 5078 4725 4727
f 5079 4720 4722
f 5086 4732 4734
f 5089 4738 4740
f 5092 4751 4752
f 5130 4853 4854
f 5115 4896 4895
f 5136 4884 4883
f 5095 4758 4757
f 5117 4821 4823
f 5105 4803 4804
f 5103 4776 4774
f 5119 4811 4812
f 5122 4816 4818
f 5126 4835 4836
f 5107 4780 4782
f 5110 4788 4786
f 5132 4866 4865
f 5100 4888 4887
f 4901 4910 4903
f 4897 4902 4899
f 4898 4900 4905
f 4904 4906 4908
f 4907 4909 4911
f 4916 4918 4925
f 4980 4986 4982
f 5067 5076 5069
f 5055 5059 5057
f 5006 5008 5013
f 4946 4955 4948
f 4942 4947 4944
f 4943 4945 4950
f 4949 4951 4953
f 4952 4954 4956
f 4964 4969 4966
f 4931 4933 4940
f 4988 4990 5000
f 5025 5027 5029
f 5033 5045 5035
f 5062 5073 5064
f 4972 4977 4974
f 4913 4920 4915
f 5003 5015 5005
f 5048 5060 5050
f 4976 4983 4978
f 5070 5072 5074
f 5052 5054 5061
f 5010 5012 5016
f 4919 4923 4921
f 5036 5041 5038
f 4957 4959 4962
f 4928 4935 4930
f 4991 4998 4993
f 5022 5031 5024
f 5040 5044 5042
f 4958 4970 4960
f 4934 4938 4936
f 4994 4996 4999
f 5018 5020 5030
f 4973 4975 4985
f 4912 4914 4917
f 5002 5004 5007
f 5047 5049 5058
f 5063 5065 5075
f 5032 5034 5043
f 4965 4967 4971
f 4937 4941 4939
f 4995 5001 4997
f 5017 5028 5019
f 4961 4963 4968
f 4927 4929 4932
f 4987 4992 4989
f 5021 5023 5026
f 5037 5039 5046
f 4979 4981 4984
f 5066 5068 5071
f 5051 5056 5053
f 5009 5014 5011
f 4922 4926 4924
f 5085 5083 5084
f 5081 5077 5078
f 5082 5080 5079
f 5088 5087 5086
f 5091 5090 5089
f 5094 5093 5092
f 5128 5127 5130
f 5113 5114 5115
f 5133 5134 5136
f 5096 5097 5095
f 5118 5116 5117
f 5102 5101 5105
f 5104 5106 5103
f 5121 5120 5119
f 5124 5123 5122
f 5129 5125 5126
f 5109 5108 5107
f 5111 5112 5110
f 5131 5135 5132
f 5098 5099 5100
f 5137 5303 5300
f 5137 5300 5299
f 5137 5299 5301
f 5137 5301 5302
f 5137 5302 5303
f 5138 5305 5308
f 5142 5328 5326
f 5148 5358 5355
f 5147 5352 5351
f 5144 5335 5337
f 5140 5318 5315
f 5140 5315 5314
f 5140 5314 5316
f 5140 5316 5317
f 5140 5317 5318
f 5141 5322 5321
f 5139 5310 5313
f 5143 5329 5333
f 5145 5341 5342
f 5146 5348 5344
f 5148 5357 5354
f 5142 5325 5324
f 5138 5306 5304
f 5144 5338 5334
f 5147 5353 5349
f 5142 5327 5325
f 5148 5356 5357
f 5147 5350 5353
f 5144 5336 5338
f 5138 5307 5306
f 5146 5346 5345
f 5141 5319 5320
f 5139 5311 5309
f 5143 5332 5330
f 5145 5343 5340
f 5146 5347 5346
f 5141 5323 5319
f 5139 5312 5311
f 5143 5331 5332
f 5145 5339 5343
f 5142 5324 5328
f 5138 5304 5305
f 5144 5334 5335
f 5147 5349 5352
f 5148 5354 5358
f 5146 5344 5347
f 5141 5321 5323
f 5139 5313 5312
f 5143 5333 5331
f 5145 5342 5339
f 5141 5320 5322
f 5139 5309 5310
f 5143 5330 5329
f 5145 5340 5341
f 5146 5345 5348
f 5142 5326 5327
f 5148 5355 5356
f 5147 5351 5350
f 5144 5337 5336
f 5138 5308 5307
f 5171 5493 5494
f 5154 5391 5392
f 5155 5398 5397
f 5176 5524 5523
f 5178 5536 5535
f 5170 5488 5487
f 5169 5483 5484
f 5161 5434 5436
f 5172 5500 5502
f 5156 5405 5403
f 5168 5475 5476
f 5159 5421 5423
f 5160 5429 5427
f 5173 5506 5505
f 5177 5532 5531
f 5170 5489 5490
f 5169 5482 5481
f 5161 5435 5433
f 5172 5501 5499
f 5156 5404 5406
f 5153 5385 5383
f 5150 5367 5365
f 5149 5362 5359
f 5151 5374 5371
f 5152 5380 5377
f 5154 5393 5389
f 5171 5495 5491
f 5178 5538 5534
f 5176 5526 5522
f 5155 5400 5396
f 5166 5463 5461
f 5163 5445 5443
f 5158 5418 5414
f 5164 5453 5449
f 5165 5458 5455
f 5168 5477 5473
f 5159 5422 5419
f 5160 5430 5426
f 5173 5508 5504
f 5177 5530 5528
f 5171 5494 5492
f 5154 5392 5390
f 5155 5397 5395
f 5176 5523 5521
f 5178 5535 5533
f 5170 5487 5485
f 5169 5484 5480
f 5161 5436 5432
f 5172 5502 5498
f 5156 5403 5401
f 5168 5476 5474
f 5159 5423 5420
f 5160 5427 5425
f 5173 5505 5503
f 5177 5531 5527
f 5170 5490 5486
f 5169 5481 5479
f 5161 5433 5431
f 5172 5499 5497
f 5156 5406 5402
f 5150 5370 5366
f 5149 5363 5360
f 5151 5375 5372
f 5152 5381 5378
f 5153 5388 5384
f 5157 5411 5408
f 5167 5470 5467
f 5162 5440 5437
f 5174 5513 5509
f 5175 5518 5516
f 5163 5448 5444
f 5158 5415 5413
f 5164 5452 5450
f 5165 5459 5456
f 5166 5466 5462
f 5167 5471 5468
f 5162 5441 5438
f 5174 5512 5510
f 5175 5519 5515
f 5157 5410 5407
f 5150 5368 5370
f 5149 5361 5363
f 5151 5373 5375
f 5152 5379 5381
f 5153 5386 5388
f 5157 5409 5411
f 5167 5472 5470
f 5162 5442 5440
f 5174 5514 5513
f 5175 5517 5518
f 5163 5447 5448
f 5158 5417 5415
f 5164 5451 5452
f 5165 5457 5459
f 5166 5464 5466
f 5167 5469 5471
f 5162 5439 5441
f 5174 5511 5512
f 5175 5520 5519
f 5157 5412 5410
f 5150 5365 5368
f 5149 5359 5361
f 5151 5371 5373
f 5152 5377 5379
f 5153 5383 5386
f 5157 5407 5409
f 5167 5468 5472
f 5162 5438 5442
f 5174 5510 5514
f 5175 5515 5517
f 5163 5443 5447
f 5158 5414 5417
f 5164 5449 5451
f 5165 5455 5457
f 5166 5461 5464
f 5167 5467 5469
f 5162 5437 5439
f 5174 5509 5511
f 5175 5516 5520
f 5157 5408 5412
f 5153 5384 5387
f 5150 5366 5369
f 5149 5360 5364
f 5151 5372 5376
f 5152 5378 5382
f 5154 5390 5394
f 5171 5492 5496
f 5178 5533 5537
f 5176 5521 5525
f 5155 5395 5399
f 5166 5462 5465
f 5163 5444 5446
f 5158 5413 5416
f 5164 5450 5454
f 5165 5456 5460
f 5168 5474 5478
f 5159 5420 5424
f 5160 5425 5428
f 5173 5503 5507
f 5177 5527 5529
f 5171 5491 5493
f 5154 5389 5391
f 5155 5396 5398
f 5176 5522 5524
f 5178 5534 5536
f 5170 5486 5488
f 5169 5479 5483
f 5161 5431 5434
f 5172 5497 5500
f 5156 5402 5405
f 5168 5473 5475
f 5159 5419 5421
f 5160 5426 5429
f 5173 5504 5506
f 5177 5528 5532
f 5170 5485 5489
f 5169 5480 5482
f 5161 5432 5435
f 5172 5498 5501
f 5156 5401 5404
f 5153 5387 5385
f 5150 5369 5367
f 5149 5364 5362
f 5151 5376 5374
f 5152 5382 5380
f 5154 5394 5393
f 5171 5496 5495
f 5178 5537 5538
f 5176 5525 5526
f 5155 5399 5400
f 5166 5465 5463
f 5163 5446 5445
f 5158 5416 5418
f 5164 5454 5453
f 5165 5460 5458
f 5168 5478 5477
f 5159 5424 5422
f 5160 5428 5430
f 5173 5507 5508
f 5177 5529 5530
f 5243 5545 5552
f 5239 5541 5544
f 5240 5547 5542
f 5246 5550 5548
f 5249 5553 5551
f 5254 5567 5560
f 5290 5624 5628
f 5277 5711 5718
f 5298 5699 5701
f 5257 5655 5650
f 5278 5590 5597
f 5265 5586 5589
f 5266 5592 5587
f 5280 5595 5593
f 5282 5598 5596
f 5287 5608 5611
f 5267 5582 5575
f 5272 5642 5632
f 5297 5671 5669
f 5262 5677 5687
f 5252 5706 5715
f 5244 5616 5619
f 5242 5557 5562
f 5248 5647 5657
f 5251 5692 5702
f 5255 5620 5625
f 5292 5716 5714
f 5275 5703 5696
f 5296 5658 5654
f 5256 5563 5565
f 5285 5680 5683
f 5268 5604 5601
f 5264 5572 5577
f 5281 5635 5640
f 5284 5666 5673
f 5291 5684 5686
f 5269 5602 5612
f 5270 5578 5580
f 5293 5641 5638
f 5260 5672 5662
f 5245 5627 5617
f 5241 5559 5556
f 5247 5649 5646
f 5250 5700 5691
f 5253 5717 5707
f 5261 5685 5676
f 5288 5613 5609
f 5273 5581 5583
f 5294 5639 5643
f 5259 5661 5670
f 5279 5610 5605
f 5263 5574 5571
f 5271 5631 5634
f 5283 5668 5665
f 5286 5688 5681
f 5289 5626 5623
f 5276 5713 5710
f 5274 5695 5698
f 5295 5653 5656
f 5258 5566 5568
f 5243 5726 5725
f 5239 5720 5719
f 5240 5721 5722
f 5246 5728 5729
f 5249 5731 5732
f 5254 5734 5735
f 5290 5772 5769
f 5277 5757 5756
f 5298 5778 5776
f 5257 5737 5739
f 5278 5759 5758
f 5265 5747 5743
f 5266 5745 5748
f 5280 5761 5762
f 5282 5764 5765
f 5287 5768 5767
f 5267 5749 5750
f 5272 5752 5754
f 5297 5774 5777
f 5262 5742 5741
f 5183 5543 5303
f 5180 5539 5300
f 5179 5540 5299
f 5181 5546 5301
f 5182 5549 5302
f 5185 5558 5305
f 5208 5622 5328
f 5238 5709 5358
f 5232 5697 5352
f 5215 5648 5335
f 5198 5588 5318
f 5195 5584 5315
f 5194 5585 5314
f 5196 5591 5316
f 5197 5594 5317
f 5202 5606 5322
f 5190 5573 5310
f 5209 5630 5329
f 5221 5667 5341
f 5228 5675 5348
f 5237 5704 5357
f 5205 5614 5325
f 5186 5555 5306
f 5218 5645 5338
f 5233 5690 5353
f 5207 5618 5327
f 5236 5712 5356
f 5230 5694 5350
f 5216 5652 5336
f 5187 5561 5307
f 5226 5678 5346
f 5199 5599 5319
f 5191 5570 5311
f 5212 5633 5332
f 5223 5664 5343
f 5227 5682 5347
f 5203 5600 5323
f 5192 5576 5312
f 5211 5636 5331
f 5219 5660 5339
f 5204 5615 5324
f 5184 5554 5304
f 5214 5644 5334
f 5229 5689 5349
f 5234 5705 5354
f 5224 5674 5344
f 5201 5607 5321
f 5193 5579 5313
f 5213 5637 5333
f 5222 5659 5342
f 5200 5603 5320
f 5189 5569 5309
f 5210 5629 5330
f 5220 5663 5340
f 5225 5679 5345
f 5206 5621 5326
f 5235 5708 5355
f 5231 5693 5351
f 5217 5651 5337
f 5188 5564 5308
f 5245 5727 5493
f 5241 5723 5391
f 5247 5724 5398
f 5250 5730 5524
f 5253 5733 5536
f 5261 5736 5488
f 5288 5770 5483
f 5273 5755 5434
f 5294 5775 5500
f 5259 5738 5405
f 5279 5760 5475
f 5263 5744 5421
f 5271 5746 5429
f 5283 5763 5506
f 5286 5766 5532
f 5289 5771 5489
f 5276 5751 5482
f 5274 5753 5435
f 5295 5773 5501
f 5258 5740 5404
f 5243 5552 5385
f 5239 5544 5367
f 5240 5542 5362
f 5246 5548 5374
f 5249 5551 5380
f 5254 5560 5393
f 5290 5628 5495
f 5277 5718 5538
f 5298 5701 5526
f 5257 5650 5400
f 5278 5597 5463
f 5265 5589 5445
f 5266 5587 5418
f 5280 5593 5453
f 5282 5596 5458
f 5287 5611 5477
f 5267 5575 5422
f 5272 5632 5430
f 5297 5669 5508
f 5262 5687 5530
f 5252 5715 5494
f 5244 5619 5392
f 5242 5562 5397
f 5248 5657 5523
f 5251 5702 5535
f 5255 5625 5487
f 5292 5714 5484
f 5275 5696 5436
f 5296 5654 5502
f 5256 5565 5403
f 5285 5683 5476
f 5268 5601 5423
f 5264 5577 5427
f 5281 5640 5505
f 5284 5673 5531
f 5291 5686 5490
f 5269 5612 5481
f 5270 5580 5433
f 5293 5638 5499
f 5260 5662 5406
f 5245 5617 5370
f 5241 5556 5363
f 5247 5646 5375
f 5250 5691 5381
f 5253 5707 5388
f 5261 5676 5411
f 5288 5609 5470
f 5273 5583 5440
f 5294 5643 5513
f 5259 5670 5518
f 5279 5605 5448
f 5263 5571 5415
f 5271 5634 5452
f 5283 5665 5459
f 5286 5681 5466
f 5289 5623 5471
f 5276 5710 5441
f 5274 5698 5512
f 5295 5656 5519
f 5258 5568 5410
f 5243 5725 5368
f 5239 5719 5361
f 5240 5722 5373
f 5246 5729 5379
f 5249 5732 5386
f 5254 5735 5409
f 5290 5769 5472
f 5277 5756 5442
f 5298 5776 5514
f 5257 5739 5517
f 5278 5758 5447
f 5265 5743 5417
f 5266 5748 5451
f 5280 5762 5457
f 5282 5765 5464
f 5287 5767 5469
f 5267 5750 5439
f 5272 5754 5511
f 5297 5777 5520
f 5262 5741 5412
f 5180 5545 5365
f 5179 5541 5359
f 5181 5547 5371
f 5182 5550 5377
f 5183 5553 5383
f 5188 5567 5407
f 5206 5624 5468
f 5235 5711 5438
f 5231 5699 5510
f 5217 5655 5515
f 5195 5590 5443
f 5194 5586 5414
f 5196 5592 5449
f 5197 5595 5455
f 5198 5598 5461
f 5201 5608 5467
f 5193 5582 5437
f 5213 5642 5509
f 5222 5671 5516
f 5224 5677 5408
f 5234 5706 5384
f 5204 5616 5366
f 5184 5557 5360
f 5214 5647 5372
f 5229 5692 5378
f 5205 5620 5390
f 5237 5716 5492
f 5233 5703 5533
f 5218 5658 5521
f 5186 5563 5395
f 5225 5680 5462
f 5200 5604 5444
f 5189 5572 5413
f 5210 5635 5450
f 5220 5666 5456
f 5226 5684 5474
f 5199 5602 5420
f 5191 5578 5425
f 5212 5641 5503
f 5223 5672 5527
f 5208 5627 5491
f 5185 5559 5389
f 5215 5649 5396
f 5232 5700 5522
f 5238 5717 5534
f 5227 5685 5486
f 5203 5613 5479
f 5192 5581 5431
f 5211 5639 5497
f 5219 5661 5402
f 5202 5610 5473
f 5190 5574 5419
f 5209 5631 5426
f 5221 5668 5504
f 5228 5688 5528
f 5207 5626 5485
f 5236 5713 5480
f 5230 5695 5432
f 5216 5653 5498
f 5187 5566 5401
f 5252 5726 5387
f 5244 5720 5369
f 5242 5721 5364
f 5248 5728 5376
f 5251 5731 5382
f 5255 5734 5394
f 5292 5772 5496
f 5275 5757 5537
f 5296 5778 5525
f 5256 5737 5399
f 5285 5759 5465
f 5268 5747 5446
f 5264 5745 5416
f 5281 5761 5454
f 5284 5764 5460
f 5291 5768 5478
f 5269 5749 5424
f 5270 5752 5428
f 5293 5774 5507
f 5260 5742 5529
f 5180 5543 5545
f 5179 5539 5541
f 5181 5540 5547
f 5182 5546 5550
f 5183 5549 5553
f 5188 5558 5567
f 5206 5622 5624
f 5235 5709 5711
f 5231 5697 5699
f 5217 5648 5655
f 5195 5588 5590
f 5194 5584 5586
f 5196 5585 5592
f 5197 5591 5595
f 5198 5594 5598
f 5201 5606 5608
f 5193 5573 5582
f 5213 5630 5642
f 5222 5667 5671
f 5224 5675 5677
f 5234 5704 5706
f 5204 5614 5616
f 5184 5555 5557
f 5214 5645 5647
f 5229 5690 5692
f 5205 5618 5620
f 5237 5712 5716
f 5233 5694 5703
f 5218 5652 5658
f 5186 5561 5563
f 5225 5678 5680
f 5200 5599 5604
f 5189 5570 5572
f 5210 5633 5635
f 5220 5664 5666
f 5226 5682 5684
f 5199 5600 5602
f 5191 5576 5578
f 5212 5636 5641
f 5223 5660 5672
f 5208 5615 5627
f 5185 5554 5559
f 5215 5644 5649
f 5232 5689 5700
f 5238 5705 5717
f 5227 5674 5685
f 5203 5607 5613
f 5192 5579 5581
f 5211 5637 5639
f 5219 5659 5661
f 5202 5603 5610
f 5190 5569 5574
f 5209 5629 5631
f 5221 5663 5668
f 5228 5679 5688
f 5207 5621 5626
f 5236 5708 5713
f 5230 5693 5695
f 5216 5651 5653
f 5187 5564 5566
f 5252 5727 5726
f 5244 5723 5720
f 5242 5724 5721
f 5248 5730 5728
f 5251 5733 5731
f 5255 5736 5734
f 5292 5770 5772
f 5275 5755 5757
f 5296 5775 5778
f 5256 5738 5737
f 5285 5760 5759
f 5268 5744 5747
f 5264 5746 5745
f 5281 5763 5761
f 5284 5766 5764
f 5291 5771 5768
f 5269 5751 5749
f 5270 5753 5752
f 5293 5773 5774
f 5260 5740 5742
f 5180 5300 5543
f 5179 5299 5539
f 5181 5301 5540
f 5182 5302 5546
f 5183 5303 5549
f 5188 5308 5558
f 5206 5326 5622
f 5235 5355 5709
f 5231 5351 5697
f 5217 5337 5648
f 5195 5315 5588
f 5194 5314 5584
f 5196 5316 5585
f 5197 5317 5591
f 5198 5318 5594
f 5201 5321 5606
f 5193 5313 5573
f 5213 5333 5630
f 5222 5342 5667
f 5224 5344 5675
f 5234 5354 5704
f 5204 5324 5614
f 5184 5304 5555
f 5214 5334 5645
f 5229 5349 5690
f 5205 5325 5618
f 5237 5357 5712
f 5233 5353 5694
f 5218 5338 5652
f 5186 5306 5561
f 5225 5345 5678
f 5200 5320 5599
f 5189 5309 5570
f 5210 5330 5633
f 5220 5340 5664
f 5226 5346 5682
f 5199 5319 5600
f 5191 5311 5576
f 5212 5332 5636
f 5223 5343 5660
f 5208 5328 5615
f 5185 5305 5554
f 5215 5335 5644
f 5232 5352 5689
f 5238 5358 5705
f 5227 5347 5674
f 5203 5323 5607
f 5192 5312 5579
f 5211 5331 5637
f 5219 5339 5659
f 5202 5322 5603
f 5190 5310 5569
f 5209 5329 5629
f 5221 5341 5663
f 5228 5348 5679
f 5207 5327 5621
f 5236 5356 5708
f 5230 5350 5693
f 5216 5336 5651
f 5187 5307 5564
f 5252 5494 5727
f 5244 5392 5723
f 5242 5397 5724
f 5248 5523 5730
f 5251 5535 5733
f 5255 5487 5736
f 5292 5484 5770
f 5275 5436 5755
f 5296 5502 5775
f 5256 5403 5738
f 5285 5476 5760
f 5268 5423 5744
f 5264 5427 5746
f 5281 5505 5763
f 5284 5531 5766
f 5291 5490 5771
f 5269 5481 5751
f 5270 5433 5753
f 5293 5499 5773
f 5260 5406 5740
f 5183 5383 5552
f 5180 5365 5544
f 5179 5359 5542
f 5181 5371 5548
f 5182 5377 5551
f 5185 5389 5560
f 5208 5491 5628
f 5238 5534 5718
f 5232 5522 5701
f 5215 5396 5650
f 5198 5461 5597
f 5195 5443 5589
f 5194 5414 5587
f 5196 5449 5593
f 5197 5455 5596
f 5202 5473 5611
f 5190 5419 5575
f 5209 5426 5632
f 5221 5504 5669
f 5228 5528 5687
f 5237 5492 5715
f 5205 5390 5619
f 5186 5395 5562
f 5218 5521 5657
f 5233 5533 5702
f 5207 5485 5625
f 5236 5480 5714
f 5230 5432 5696
f 5216 5498 5654
f 5187 5401 5565
f 5226 5474 5683
f 5199 5420 5601
f 5191 5425 5577
f 5212 5503 5640
f 5223 5527 5673
f 5227 5486 5686
f 5203 5479 5612
f 5192 5431 5580
f 5211 5497 5638
f 5219 5402 5662
f 5204 5366 5617
f 5184 5360 5556
f 5214 5372 5646
f 5229 5378 5691
f 5234 5384 5707
f 5224 5408 5676
f 5201 5467 5609
f 5193 5437 5583
f 5213 5509 5643
f 5222 5516 5670
f 5200 5444 5605
f 5189 5413 5571
f 5210 5450 5634
f 5220 5456 5665
f 5225 5462 5681
f 5206 5468 5623
f 5235 5438 5710
f 5231 5510 5698
f 5217 5515 5656
f 5188 5407 5568
f 5245 5370 5725
f 5241 5363 5719
f 5247 5375 5722
f 5250 5381 5729
f 5253 5388 5732
f 5261 5411 5735
f 5288 5470 5769
f 5273 5440 5756
f 5294 5513 5776
f 5259 5518 5739
f 5279 5448 5758
f 5263 5415 5743
f 5271 5452 5748
f 5283 5459 5762
f 5286 5466 5765
f 5289 5471 5767
f 5276 5441 5750
f 5274 5512 5754
f 5295 5519 5777
f 5258 5410 5741
f 5243 5368 5545
f 5239 5361 5541
f 5240 5373 5547
f 5246 5379 5550
f 5249 5386 5553
f 5254 5409 5567
f 5290 5472 5624
f 5277 5442 5711
f 5298 5514 5699
f 5257 5517 5655
f 5278 5447 5590
f 5265 5417 5586
f 5266 5451 5592
f 5280 5457 5595
f 5282 5464 5598
f 5287 5469 5608
f 5267 5439 5582
f 5272 5511 5642
f 5297 5520 5671
f 5262 5412 5677
f 5252 5387 5706
f 5244 5369 5616
f 5242 5364 5557
f 5248 5376 5647
f 5251 5382 5692
f 5255 5394 5620
f 5292 5496 5716
f 5275 5537 5703
f 5296 5525 5658
f 5256 5399 5563
f 5285 5465 5680
f 5268 5446 5604
f 5264 5416 5572
f 5281 5454 5635
f 5284 5460 5666
f 5291 5478 5684
f 5269 5424 5602
f 5270 5428 5578
f 5293 5507 5641
f 5260 5529 5672
f 5245 5493 5627
f 5241 5391 5559
f 5247 5398 5649
f 5250 5524 5700
f 5253 5536 5717
f 5261 5488 5685
f 5288 5483 5613
f 5273 5434 5581
f 5294 5500 5639
f 5259 5405 5661
f 5279 5475 5610
f 5263 5421 5574
f 5271 5429 5631
f 5283 5506 5668
f 5286 5532 5688
f 5289 5489 5626
f 5276 5482 5713
f 5274 5435 5695
f 5295 5501 5653
f 5258 5404 5566
f 5243 5385 5726
f 5239 5367 5720
f 5240 5362 5721
f 5246 5374 5728
f 5249 5380 5731
f 5254 5393 5734
f 5290 5495 5772
f 5277 5538 5757
f 5298 5526 5778
f 5257 5400 5737
f 5278 5463 5759
f 5265 5445 5747
f 5266 5418 5745
f 5280 5453 5761
f 5282 5458 5764
f 5287 5477 5768
f 5267 5422 5749
f 5272 5430 5752
f 5297 5508 5774
f 5262 5530 5742
f 5183 5552 5543
f 5180 5544 5539
f 5179 5542 5540
f 5181 5548 5546
f 5182 5551 5549
f 5185 5560 5558
f 5208 5628 5622
f 5238 5718 5709
f 5232 5701 5697
f 5215 5650 5648
f 5198 5597 5588
f 5195 5589 5584
f 5194 5587 5585
f 5196 5593 5591
f 5197 5596 5594
f 5202 5611 5606
f 5190 5575 5573
f 5209 5632 5630
f 5221 5669 5667
f 5228 5687 5675
f 5237 5715 5704
f 5205 5619 5614
f 5186 5562 5555
f 5218 5657 5645
f 5233 5702 5690
f 5207 5625 5618
f 5236 5714 5712
f 5230 5696 5694
f 5216 5654 5652
f 5187 5565 5561
f 5226 5683 5678
f 5199 5601 5599
f 5191 5577 5570
f 5212 5640 5633
f 5223 5673 5664
f 5227 5686 5682
f 5203 5612 5600
f 5192 5580 5576
f 5211 5638 5636
f 5219 5662 5660
f 5204 5617 5615
f 5184 5556 5554
f 5214 5646 5644
f 5229 5691 5689
f 5234 5707 5705
f 5224 5676 5674
f 5201 5609 5607
f 5193 5583 5579
f 5213 5643 5637
f 5222 5670 5659
f 5200 5605 5603
f 5189 5571 5569
f 5210 5634 5629
f 5220 5665 5663
f 5225 5681 5679
f 5206 5623 5621
f 5235 5710 5708
f 5231 5698 5693
f 5217 5656 5651
f 5188 5568 5564
f 5245 5725 5727
f 5241 5719 5723
f 5247 5722 5724
f 5250 5729 5730
f 5253 5732 5733
f 5261 5735 5736
f 5288 5769 5770
f 5273 5756 5755
f 5294 5776 5775
f 5259 5739 5738
f 5279 5758 5760
f 5263 5743 5744
f 5271 5748 5746
f 5283 5762 5763
f 5286 5765 5766
f 5289 5767 5771
f 5276 5750 5751
f 5274 5754 5753
f 5295 5777 5773
f 5258 5741 5740
f 5543 5300 5303
f 5539 5299 5300
f 5540 5301 5299
f 5546 5302 5301
f 5549 5303 5302
f 5558 5308 5305
f 5622 5326 5328
f 5709 5355 5358
f 5697 5351 5352
f 5648 5337 5335
f 5588 5315 5318
f 5584 5314 5315
f 5585 5316 5314
f 5591 5317 5316
f 5594 5318 5317
f 5606 5321 5322
f 5573 5313 5310
f 5630 5333 5329
f 5667 5342 5341
f 5675 5344 5348
f 5704 5354 5357
f 5614 5324 5325
f 5555 5304 5306
f 5645 5334 5338
f 5690 5349 5353
f 5618 5325 5327
f 5712 5357 5356
f 5694 5353 5350
f 5652 5338 5336
f 5561 5306 5307
f 5678 5345 5346
f 5599 5320 5319
f 5570 5309 5311
f 5633 5330 5332
f 5664 5340 5343
f 5682 5346 5347
f 5600 5319 5323
f 5576 5311 5312
f 5636 5332 5331
f 5660 5343 5339
f 5615 5328 5324
f 5554 5305 5304
f 5644 5335 5334
f 5689 5352 5349
f 5705 5358 5354
f 5674 5347 5344
f 5607 5323 5321
f 5579 5312 5313
f 5637 5331 5333
f 5659 5339 5342
f 5603 5322 5320
f 5569 5310 5309
f 5629 5329 5330
f 5663 5341 5340
f 5679 5348 5345
f 5621 5327 5326
f 5708 5356 5355
f 5693 5350 5351
f 5651 5336 5337
f 5564 5307 5308
f 5727 5494 5493
f 5723 5392 5391
f 5724 5397 5398
f 5730 5523 5524
f 5733 5535 5536
f 5736 5487 5488
f 5770 5484 5483
f 5755 5436 5434
f 5775 5502 5500
f 5738 5403 5405
f 5760 5476 5475
f 5744 5423 5421
f 5746 5427 5429
f 5763 5505 5506
f 5766 5531 5532
f 5771 5490 5489
f 5751 5481 5482
f 5753 5433 5435
f 5773 5499 5501
f 5740 5406 5404
f 5552 5383 5385
f 5544 5365 5367
f 5542 5359 5362
f 5548 5371 5374
f 5551 5377 5380
f 5560 5389 5393
f 5628 5491 5495
f 5718 5534 5538
f 5701 5522 5526
f 5650 5396 5400
f 5597 5461 5463
f 5589 5443 5445
f 5587 5414 5418
f 5593 5449 5453
f 5596 5455 5458
f 5611 5473 5477
f 5575 5419 5422
f 5632 5426 5430
f 5669 5504 5508
f 5687 5528 5530
f 5715 5492 5494
f 5619 5390 5392
f 5562 5395 5397
f 5657 5521 5523
f 5702 5533 5535
f 5625 5485 5487
f 5714 5480 5484
f 5696 5432 5436
f 5654 5498 5502
f 5565 5401 5403
f 5683 5474 5476
f 5601 5420 5423
f 5577 5425 5427
f 5640 5503 5505
f 5673 5527 5531
f 5686 5486 5490
f 5612 5479 5481
f 5580 5431 5433
f 5638 5497 5499
f 5662 5402 5406
f 5617 5366 5370
f 5556 5360 5363
f 5646 5372 5375
f 5691 5378 5381
f 5707 5384 5388
f 5676 5408 5411
f 5609 5467 5470
f 5583 5437 5440
f 5643 5509 5513
f 5670 5516 5518
f 5605 5444 5448
f 5571 5413 5415
f 5634 5450 5452
f 5665 5456 5459
f 5681 5462 5466
f 5623 5468 5471
f 5710 5438 5441
f 5698 5510 5512
f 5656 5515 5519
f 5568 5407 5410
f 5725 5370 5368
f 5719 5363 5361
f 5722 5375 5373
f 5729 5381 5379
f 5732 5388 5386
f 5735 5411 5409
f 5769 5470 5472
f 5756 5440 5442
f 5776 5513 5514
f 5739 5518 5517
f 5758 5448 5447
f 5743 5415 5417
f 5748 5452 5451
f 5762 5459 5457
f 5765 5466 5464
f 5767 5471 5469
f 5750 5441 5439
f 5754 5512 5511
f 5777 5519 5520
f 5741 5410 5412
f 5545 5368 5365
f 5541 5361 5359
f 5547 5373 5371
f 5550 5379 5377
f 5553 5386 5383
f 5567 5409 5407
f 5624 5472 5468
f 5711 5442 5438
f 5699 5514 5510
f 5655 5517 5515
f 5590 5447 5443
f 5586 5417 5414
f 5592 5451 5449
f 5595 5457 5455
f 5598 5464 5461
f 5608 5469 5467
f 5582 5439 5437
f 5642 5511 5509
f 5671 5520 5516
f 5677 5412 5408
f 5706 5387 5384
f 5616 5369 5366
f 5557 5364 5360
f 5647 5376 5372
f 5692 5382 5378
f 5620 5394 5390
f 5716 5496 5492
f 5703 5537 5533
f 5658 5525 5521
f 5563 5399 5395
f 5680 5465 5462
f 5604 5446 5444
f 5572 5416 5413
f 5635 5454 5450
f 5666 5460 5456
f 5684 5478 5474
f 5602 5424 5420
f 5578 5428 5425
f 5641 5507 5503
f 5672 5529 5527
f 5627 5493 5491
f 5559 5391 5389
f 5649 5398 5396
f 5700 5524 5522
f 5717 5536 5534
f 5685 5488 5486
f 5613 5483 5479
f 5581 5434 5431
f 5639 5500 5497
f 5661 5405 5402
f 5610 5475 5473
f 5574 5421 5419
f 5631 5429 5426
f 5668 5506 5504
f 5688 5532 5528
f 5626 5489 5485
f 5713 5482 5480
f 5695 5435 5432
f 5653 5501 5498
f 5566 5404 5401
f 5726 5385 5387
f 5720 5367 5369
f 5721 5362 5364
f 5728 5374 5376
f 5731 5380 5382
f 5734 5393 5394
f 5772 5495 5496
f 5757 5538 5537
f 5778 5526 5525
f 5737 5400 5399
f 5759 5463 5465
f 5747 5445 5446
f 5745 5418 5416
f 5761 5453 5454
f 5764 5458 5460
f 5768 5477 5478
f 5749 5422 5424
f 5752 5430 5428
f 5774 5508 5507
f 5742 5530 5529
f 5543 5552 5545
f 5539 5544 5541
f 5540 5542 5547
f 5546 5548 5550
f 5549 5551 5553
f 5558 5560 5567
f 5622 5628 5624
f 5709 5718 5711
f 5697 5701 5699
f 5648 5650 5655
f 5588 5597 5590
f 5584 5589 5586
f 5585 5587 5592
f 5591 5593 5595
f 5594 5596 5598
f 5606 5611 5608
f 5573 5575 5582
f 5630 5632 5642
f 5667 5669 5671
f 5675 5687 5677
f 5704 5715 5706
f 5614 5619 5616
f 5555 5562 5557
f 5645 5657 5647
f 5690 5702 5692
f 5618 5625 5620
f 5712 5714 5716
f 5694 5696 5703
f 5652 5654 5658
f 5561 5565 5563
f 5678 5683 5680
f 5599 5601 5604
f 5570 5577 5572
f 5633 5640 5635
f 5664 5673 5666
f 5682 5686 5684
f 5600 5612 5602
f 5576 5580 5578
f 5636 5638 5641
f 5660 5662 5672
f 5615 5617 5627
f 5554 5556 5559
f 5644 5646 5649
f 5689 5691 5700
f 5705 5707 5717
f 5674 5676 5685
f 5607 5609 5613
f 5579 5583 5581
f 5637 5643 5639
f 5659 5670 5661
f 5603 5605 5610
f 5569 5571 5574
f 5629 5634 5631
f 5663 5665 5668
f 5679 5681 5688
f 5621 5623 5626
f 5708 5710 5713
f 5693 5698 5695
f 5651 5656 5653
f 5564 5568 5566
f 5727 5725 5726
f 5723 5719 5720
f 5724 5722 5721
f 5730 5729 5728
f 5733 5732 5731
f 5736 5735 5734
f 5770 5769 5772
f 5755 5756 5757
f 5775 5776 5778
f 5738 5739 5737
f 5760 5758 5759
f 5744 5743 5747
f 5746 5748 5745
f 5763 5762 5761
f 5766 5765 5764
f 5771 5767 5768
f 5751 5750 5749
f 5753 5754 5752
f 5773 5777 5774
f 5740 5741 5742