v -0.946236 -0.364932 0.000000
v 0.946236 -0.364932 0.000000
v -0.946236 -0.535068 0.000000
v 0.946236 -0.535068 0.000000
v 0.000000 -0.502569 0.510407
v 0.000000 -0.397431 0.510407
v 0.000000 -0.502569 -0.510407
v 0.000000 -0.397431 -0.510407
v 1.531221 -0.450000 -0.315412
v 1.531221 -0.450000 0.315412
v -1.531221 -0.450000 -0.315412
v -1.531221 -0.450000 0.315412
v 0.000000 -0.350000 0.000000
v -0.556188 -0.369099 0.300012
v -0.556188 -0.369099 -0.300012
v -1.456224 -0.399998 -0.185396
v -1.456224 -0.399998 0.185396
v 0.556188 -0.369099 0.300012
v 0.556188 -0.369099 -0.300012
v 1.456224 -0.399998 -0.185396
v 1.456224 -0.399998 0.185396
v 0.000000 -0.550000 0.000000
v -0.556188 -0.530901 0.300012
v -0.556188 -0.530901 -0.300012
v -1.456224 -0.500002 -0.185396
v -1.456224 -0.500002 0.185396
v 0.556188 -0.530901 0.300012
v 0.556188 -0.530901 -0.300012
v 1.456224 -0.500002 -0.185396
v 1.456224 -0.500002 0.185396
v 0.000000 -0.450000 0.600000
v 0.900036 -0.480899 0.485408
v -0.900036 -0.480899 0.485408
v 0.900036 -0.419101 0.485408
v -0.900036 -0.419101 0.485408
v 0.000000 -0.450000 -0.600000
v 0.900036 -0.480899 -0.485408
v -0.900036 -0.480899 -0.485408
v 0.900036 -0.419101 -0.485408
v -0.900036 -0.419101 -0.485408
v 1.800000 -0.450000 0.000000
v -1.800000 -0.450000 0.000000
v -0.491834 -0.353805 0.000000
v -0.780937 -0.363732 0.155942
v -0.780937 -0.363732 -0.155942
v -1.248762 -0.379793 -0.096366
v -1.248762 -0.379793 0.096366
v 0.491834 -0.353805 0.000000
v 0.780937 -0.363732 0.155942
v 0.780937 -0.363732 -0.155942
v 1.248762 -0.379793 -0.096366
v 1.248762 -0.379793 0.096366
v -0.491834 -0.546195 0.000000
v -0.780937 -0.536268 0.155942
v -0.780937 -0.536268 -0.155942
v -1.248762 -0.520207 -0.096366
v -1.248762 -0.520207 0.096366
v 0.491834 -0.546195 0.000000
v 0.780937 -0.536268 0.155942
v 0.780937 -0.536268 -0.155942
v 1.248762 -0.520207 -0.096366
v 1.248762 -0.520207 0.096366
v -0.289098 -0.519376 0.421244
v 0.289098 -0.519376 0.421244
v 0.000000 -0.477324 0.577167
v 0.467825 -0.493385 0.517610
v -0.467825 -0.493385 0.517610
v -0.289098 -0.380624 0.421244
v 0.289098 -0.380624 0.421244
v 0.000000 -0.422676 0.577167
v 0.467825 -0.406615 0.517610
v -0.467825 -0.406615 0.517610
v -0.289098 -0.519376 -0.421244
v 0.289098 -0.519376 -0.421244
v 0.000000 -0.477324 -0.577167
v 0.467825 -0.493385 -0.517610
v -0.467825 -0.493385 -0.517610
v -0.289098 -0.380624 -0.421244
v 0.289098 -0.380624 -0.421244
v 0.000000 -0.422676 -0.577167
v 0.467825 -0.406615 -0.517610
v -0.467825 -0.406615 -0.517610
v 1.552829 -0.424010 -0.260312
v 1.552829 -0.475990 -0.260312
v 1.263731 -0.466061 -0.416254
v 1.263731 -0.433939 -0.416254
v 1.731502 -0.450000 -0.163945
v 1.552829 -0.424010 0.260312
v 1.552829 -0.475990 0.260312
v 1.263731 -0.466061 0.416254
v 1.263731 -0.433939 0.416254
v 1.731502 -0.450000 0.163945
v -1.552829 -0.424010 -0.260312
v -1.552829 -0.475990 -0.260312
v -1.263731 -0.466061 -0.416254
v -1.263731 -0.433939 -0.416254
v -1.731502 -0.450000 -0.163945
v -1.552829 -0.424010 0.260312
v -1.552829 -0.475990 0.260312
v -1.263731 -0.466061 0.416254
v -1.263731 -0.433939 0.416254
v -1.731502 -0.450000 0.163945
v -0.292406 -0.354894 0.157726
v -0.292406 -0.354894 -0.157726
v 0.292406 -0.354894 0.157726
v 0.292406 -0.354894 -0.157726
v -1.057991 -0.381180 0.255195
v 0.000000 -0.364936 0.315449
v -0.765585 -0.391223 0.412921
v -1.057991 -0.381180 -0.255195
v 0.000000 -0.364936 -0.315449
v -0.765585 -0.391223 -0.412921
v -1.531152 -0.397425 0.000000
v -1.238763 -0.407467 -0.352664
v -1.711900 -0.423712 -0.097469
v -1.238763 -0.407467 0.352664
v -1.711900 -0.423712 0.097469
v 1.057991 -0.381180 0.255195
v 0.765585 -0.391223 0.412921
v 1.057991 -0.381180 -0.255195
v 0.765585 -0.391223 -0.412921
v 1.531152 -0.397425 0.000000
v 1.238763 -0.407467 -0.352664
v 1.711900 -0.423712 -0.097469
v 1.238763 -0.407467 0.352664
v 1.711900 -0.423712 0.097469
v -0.292406 -0.545106 0.157726
v -0.292406 -0.545106 -0.157726
v 0.292406 -0.545106 0.157726
v 0.292406 -0.545106 -0.157726
v -1.057991 -0.518820 0.255195
v 0.000000 -0.535064 0.315449
v -0.765585 -0.508777 0.412921
v -1.057991 -0.518820 -0.255195
v 0.000000 -0.535064 -0.315449
v -0.765585 -0.508777 -0.412921
v -1.531152 -0.502575 0.000000
v -1.238763 -0.492532 -0.352664
v -1.711900 -0.476288 -0.097469
v -1.238763 -0.492532 0.352664
v -1.711900 -0.476288 0.097469
v 1.057991 -0.518820 0.255195
v 0.765585 -0.508777 0.412921
v 1.057991 -0.518820 -0.255195
v 0.765585 -0.508777 -0.412921
v 1.531152 -0.502575 0.000000
v 1.238763 -0.492532 -0.352664
v 1.711900 -0.476288 -0.097469
v 1.238763 -0.492532 0.352664
v 1.711900 -0.476288 0.097469
v 0.473178 -0.466245 0.570633
v -0.473178 -0.466245 0.570633
v 0.473178 -0.433755 0.570633
v -0.473178 -0.433755 0.570633
v 0.946347 -0.450000 0.510384
v -0.946347 -0.450000 0.510384
v 0.473178 -0.466245 -0.570633
v -0.473178 -0.466245 -0.570633
v 0.473178 -0.433755 -0.570633
v -0.473178 -0.433755 -0.570633
v 0.946347 -0.450000 -0.510384
v -0.946347 -0.450000 -0.510384
v -0.725975 -0.358494 0.000000
v -0.871923 -0.363505 0.078724
v -0.871923 -0.363505 -0.078724
v -1.108094 -0.371613 -0.048648
v -1.108094 -0.371613 0.048648
v 0.725975 -0.358494 0.000000
v 0.871923 -0.363505 0.078724
v 0.871923 -0.363505 -0.078724
v 1.108094 -0.371613 -0.048648
v 1.108094 -0.371613 0.048648
v -0.725975 -0.541506 0.000000
v -0.871923 -0.536495 0.078724
v -0.871923 -0.536495 -0.078724
v -1.108094 -0.528387 -0.048648
v -1.108094 -0.528387 0.048648
v 0.725975 -0.541506 0.000000
v 0.871923 -0.536495 0.078724
v 0.871923 -0.536495 -0.078724
v 1.108094 -0.528387 -0.048648
v 1.108094 -0.528387 0.048648
v -0.145944 -0.511561 0.470322
v 0.145944 -0.511561 0.470322
v 0.000000 -0.490332 0.549036
v 0.236171 -0.498440 0.518970
v -0.236171 -0.498440 0.518970
v -0.145944 -0.388439 0.470322
v 0.145944 -0.388439 0.470322
v 0.000000 -0.409668 0.549036
v 0.236171 -0.401560 0.518970
v -0.236171 -0.401560 0.518970
v -0.145944 -0.511561 -0.470322
v 0.145944 -0.511561 -0.470322
v 0.000000 -0.490332 -0.549036
v 0.236171 -0.498440 -0.518970
v -0.236171 -0.498440 -0.518970
v -0.145944 -0.388439 -0.470322
v 0.145944 -0.388439 -0.470322
v 0.000000 -0.409668 -0.549036
v 0.236171 -0.401560 -0.518970
v -0.236171 -0.401560 -0.518970
v 1.556911 -0.436879 -0.290641
v 1.556911 -0.463121 -0.290641
v 1.410967 -0.458108 -0.369365
v 1.410967 -0.441892 -0.369365
v 1.647107 -0.450000 -0.241992
v 1.556911 -0.436879 0.290641
v 1.556911 -0.463121 0.290641
v 1.410967 -0.458108 0.369365
v 1.410967 -0.441892 0.369365
v 1.647107 -0.450000 0.241992
v -1.556911 -0.436879 -0.290641
v -1.556911 -0.463121 -0.290641
v -1.410967 -0.458108 -0.369365
v -1.410967 -0.441892 -0.369365
v -1.647107 -0.450000 -0.241992
v -1.556911 -0.436879 0.290641
v -1.556911 -0.463121 0.290641
v -1.410967 -0.458108 0.369365
v -1.410967 -0.441892 0.369365
v -1.647107 -0.450000 0.241992
v -0.248291 -0.350956 0.000000
v 0.248291 -0.350956 0.000000
v -0.148025 -0.351231 0.079846
v -0.148025 -0.351231 -0.079846
v 0.148025 -0.351231 0.079846
v 0.148025 -0.351231 -0.079846
v -0.675017 -0.365608 0.230178
v -0.426723 -0.374136 0.364109
v -0.429586 -0.360900 0.231722
v -0.817151 -0.374206 0.281064
v -0.281560 -0.365983 0.311566
v -0.669125 -0.379290 0.360910
v -0.675017 -0.365608 -0.230178
v -0.426723 -0.374136 -0.364109
v -0.429586 -0.360900 -0.231722
v -0.817151 -0.374206 -0.281064
v -0.281560 -0.365983 -0.311566
v -0.669125 -0.379290 -0.360910
v -1.365550 -0.389315 -0.142241
v -1.519051 -0.411637 -0.225006
v -1.272779 -0.389848 -0.223042
v -1.512305 -0.398072 -0.093853
v -1.364292 -0.403156 -0.272384
v -1.603808 -0.411380 -0.143195
v -1.365550 -0.389315 0.142241
v -1.519051 -0.411637 0.225006
v -1.272779 -0.389848 0.223042
v -1.512305 -0.398072 0.093853
v -1.364292 -0.403156 0.272384
v -1.603808 -0.411380 0.143195
v 0.675017 -0.365608 0.230178
v 0.426723 -0.374136 0.364109
v 0.429586 -0.360900 0.231722
v 0.281560 -0.365983 0.311566
v 0.817151 -0.374206 0.281064
v 0.669125 -0.379290 0.360910
v 0.675017 -0.365608 -0.230178
v 0.426723 -0.374136 -0.364109
v 0.429586 -0.360900 -0.231722
v 0.281560 -0.365983 -0.311566
v 0.817151 -0.374206 -0.281064
v 0.669125 -0.379290 -0.360910
v 1.365550 -0.389315 -0.142241
v 1.519051 -0.411637 -0.225006
v 1.272779 -0.389848 -0.223042
v 1.512305 -0.398072 -0.093853
v 1.364292 -0.403156 -0.272384
v 1.603808 -0.411380 -0.143195
v 1.365550 -0.389315 0.142241
v 1.519051 -0.411637 0.225006
v 1.272779 -0.389848 0.223042
v 1.512305 -0.398072 0.093853
v 1.364292 -0.403156 0.272384
v 1.603808 -0.411380 0.143195
v -0.248291 -0.549044 0.000000
v 0.248291 -0.549044 0.000000
v -0.148025 -0.548769 0.079846
v -0.148025 -0.548769 -0.079846
v 0.148025 -0.548769 0.079846
v 0.148025 -0.548769 -0.079846
v -0.675017 -0.534392 0.230178
v -0.426723 -0.525864 0.364109
v -0.429586 -0.539100 0.231722
v -0.817151 -0.525794 0.281064
v -0.281560 -0.534017 0.311566
v -0.669125 -0.520710 0.360910
v -0.675017 -0.534392 -0.230178
v -0.426723 -0.525864 -0.364109
v -0.429586 -0.539100 -0.231722
v -0.817151 -0.525794 -0.281064
v -0.281560 -0.534017 -0.311566
v -0.669125 -0.520710 -0.360910
v -1.365550 -0.510685 -0.142241
v -1.519051 -0.488363 -0.225006
v -1.272779 -0.510152 -0.223042
v -1.512305 -0.501928 -0.093853
v -1.364292 -0.496844 -0.272384
v -1.603808 -0.488620 -0.143195
v -1.365550 -0.510685 0.142241
v -1.519051 -0.488363 0.225006
v -1.272779 -0.510152 0.223042
v -1.512305 -0.501928 0.093853
v -1.364292 -0.496844 0.272384
v -1.603808 -0.488620 0.143195
v 0.675017 -0.534392 0.230178
v 0.426723 -0.525864 0.364109
v 0.429586 -0.539100 0.231722
v 0.281560 -0.534017 0.311566
v 0.817151 -0.525794 0.281064
v 0.669125 -0.520710 0.360910
v 0.675017 -0.534392 -0.230178
v 0.426723 -0.525864 -0.364109
v 0.429586 -0.539100 -0.231722
v 0.281560 -0.534017 -0.311566
v 0.817151 -0.525794 -0.281064
v 0.669125 -0.520710 -0.360910
v 1.365550 -0.510685 -0.142241
v 1.519051 -0.488363 -0.225006
v 1.272779 -0.510152 -0.223042
v 1.512305 -0.501928 -0.093853
v 1.364292 -0.496844 -0.272384
v 1.603808 -0.488620 -0.143195
v 1.365550 -0.510685 0.142241
v 1.519051 -0.488363 0.225006
v 1.272779 -0.510152 0.223042
v 1.512305 -0.501928 0.093853
v 1.364292 -0.496844 0.272384
v 1.603808 -0.488620 0.143195
v 0.000000 -0.463794 0.594264
v 0.000000 -0.436206 0.594264
v 0.239538 -0.458224 0.592613
v -0.239538 -0.458224 0.592613
v 0.239538 -0.441776 0.592613
v -0.239538 -0.441776 0.592613
v 0.690533 -0.487501 0.506350
v 1.092328 -0.473707 0.455183
v 0.843192 -0.495397 0.454764
v 1.082731 -0.487174 0.424260
v 0.695166 -0.473866 0.534603
v 0.934697 -0.465642 0.504102
v -0.690533 -0.487501 0.506350
v -1.092328 -0.473707 0.455183
v -0.843192 -0.495397 0.454764
v -1.082731 -0.487174 0.424260
v -0.695166 -0.473866 0.534603
v -0.934697 -0.465642 0.504102
v 0.690533 -0.412499 0.506350
v 1.092328 -0.426293 0.455183
v 0.843192 -0.404603 0.454764
v 1.082731 -0.412826 0.424260
v 0.695166 -0.426134 0.534603
v 0.934697 -0.434358 0.504102
v -0.690533 -0.412499 0.506350
v -1.092328 -0.426293 0.455183
v -0.843192 -0.404603 0.454764
v -1.082731 -0.412826 0.424260
v -0.695166 -0.426134 0.534603
v -0.934697 -0.434358 0.504102
v 0.000000 -0.463794 -0.594264
v 0.000000 -0.436206 -0.594264
v 0.239538 -0.458224 -0.592613
v -0.239538 -0.458224 -0.592613
v 0.239538 -0.441776 -0.592613
v -0.239538 -0.441776 -0.592613
v 0.690533 -0.487501 -0.506350
v 1.092328 -0.473707 -0.455183
v 0.843192 -0.495397 -0.454764
v 1.082731 -0.487174 -0.424260
v 0.695166 -0.473866 -0.534603
v 0.934697 -0.465642 -0.504102
v -0.690533 -0.487501 -0.506350
v -1.092328 -0.473707 -0.455183
v -0.843192 -0.495397 -0.454764
v -1.082731 -0.487174 -0.424260
v -0.695166 -0.473866 -0.534603
v -0.934697 -0.465642 -0.504102
v 0.690533 -0.412499 -0.506350
v 1.092328 -0.426293 -0.455183
v 0.843192 -0.404603 -0.454764
v 1.082731 -0.412826 -0.424260
v 0.695166 -0.426134 -0.534603
v 0.934697 -0.434358 -0.504102
v -0.690533 -0.412499 -0.506350
v -1.092328 -0.426293 -0.455183
v -0.843192 -0.404603 -0.454764
v -1.082731 -0.412826 -0.424260
v -0.695166 -0.426134 -0.534603
v -0.934697 -0.434358 -0.504102
v 1.782793 -0.450000 -0.082764
v 1.782793 -0.450000 0.082764
v 1.777839 -0.436692 -0.049342
v 1.777839 -0.436692 0.049342
v 1.777839 -0.463308 -0.049342
v 1.777839 -0.463308 0.049342
v -1.782793 -0.450000 -0.082764
v -1.782793 -0.450000 0.082764
v -1.777839 -0.436692 -0.049342
v -1.777839 -0.436692 0.049342
v -1.777839 -0.463308 -0.049342
v -1.777839 -0.463308 0.049342
v -0.644757 -0.357568 0.078997
v -0.644757 -0.357568 -0.078997
v -0.396177 -0.353360 0.079679
v -0.396177 -0.353360 -0.079679
v -1.028201 -0.370733 0.127814
v -0.542222 -0.358375 0.158456
v -0.928977 -0.371653 0.207695
v -1.028201 -0.370733 -0.127814
v -0.542222 -0.358375 -0.158456
v -0.928977 -0.371653 -0.207695
v -1.265187 -0.378869 0.000000
v -1.165309 -0.379767 -0.177599
v -1.404337 -0.387974 -0.048681
v -1.165309 -0.379767 0.177599
v -1.404337 -0.387974 0.048681
v 0.644757 -0.357568 0.078997
v 0.644757 -0.357568 -0.078997
v 0.396177 -0.353360 0.079679
v 0.396177 -0.353360 -0.079679
v 1.028201 -0.370733 0.127814
v 0.542222 -0.358375 0.158456
v 0.928977 -0.371653 0.207695
v 1.028201 -0.370733 -0.127814
v 0.542222 -0.358375 -0.158456
v 0.928977 -0.371653 -0.207695
v 1.265187 -0.378869 0.000000
v 1.165309 -0.379767 -0.177599
v 1.404337 -0.387974 -0.048681
v 1.165309 -0.379767 0.177599
v 1.404337 -0.387974 0.048681
v -0.644757 -0.542432 0.078997
v -0.644757 -0.542432 -0.078997
v -0.396177 -0.546640 0.079679
v -0.396177 -0.546640 -0.079679
v -1.028201 -0.529267 0.127814
v -0.542222 -0.541625 0.158456
v -0.928977 -0.528346 0.207695
v -1.028201 -0.529267 -0.127814
v -0.542222 -0.541625 -0.158456
v -0.928977 -0.528346 -0.207695
v -1.265187 -0.521131 0.000000
v -1.165309 -0.520233 -0.177599
v -1.404337 -0.512026 -0.048681
v -1.165309 -0.520233 0.177599
v -1.404337 -0.512026 0.048681
v 0.644757 -0.542432 0.078997
v 0.644757 -0.542432 -0.078997
v 0.396177 -0.546640 0.079679
v 0.396177 -0.546640 -0.079679
v 1.028201 -0.529267 0.127814
v 0.542222 -0.541625 0.158456
v 0.928977 -0.528346 0.207695
v 1.028201 -0.529267 -0.127814
v 0.542222 -0.541625 -0.158456
v 0.928977 -0.528346 -0.207695
v 1.265187 -0.521131 0.000000
v 1.165309 -0.520233 -0.177599
v 1.404337 -0.512026 -0.048681
v 1.165309 -0.520233 0.177599
v 1.404337 -0.512026 0.048681
v 0.000000 -0.520288 0.426784
v -0.383441 -0.507122 0.475602
v -0.146044 -0.528019 0.372157
v -0.532797 -0.514739 0.421397
v 0.383441 -0.507122 0.475602
v 0.146044 -0.528019 0.372157
v 0.532797 -0.514739 0.421397
v 0.236990 -0.485820 0.554589
v -0.236990 -0.485820 0.554589
v 0.239036 -0.472010 0.579838
v -0.239036 -0.472010 0.579838
v 0.623085 -0.501610 0.470079
v 0.475368 -0.480123 0.549749
v -0.623085 -0.501610 0.470079
v -0.475368 -0.480123 0.549749
v 0.000000 -0.379712 0.426784
v -0.383441 -0.392878 0.475602
v -0.146044 -0.371981 0.372157
v -0.532797 -0.385261 0.421397
v 0.383441 -0.392878 0.475602
v 0.146044 -0.371981 0.372157
v 0.532797 -0.385261 0.421397
v 0.236990 -0.414180 0.554589
v -0.236990 -0.414180 0.554589
v 0.239036 -0.427990 0.579838
v -0.239036 -0.427990 0.579838
v 0.623085 -0.398390 0.470079
v 0.475368 -0.419877 0.549749
v -0.623085 -0.398390 0.470079
v -0.475368 -0.419877 0.549749
v 0.000000 -0.520288 -0.426784
v -0.383441 -0.507122 -0.475602
v -0.146044 -0.528019 -0.372157
v -0.532797 -0.514739 -0.421397
v 0.383441 -0.507122 -0.475602
v 0.146044 -0.528019 -0.372157
v 0.532797 -0.514739 -0.421397
v 0.236990 -0.485820 -0.554589
v -0.236990 -0.485820 -0.554589
v 0.239036 -0.472010 -0.579838
v -0.239036 -0.472010 -0.579838
v 0.623085 -0.501610 -0.470079
v 0.475368 -0.480123 -0.549749
v -0.623085 -0.501610 -0.470079
v -0.475368 -0.480123 -0.549749
v 0.000000 -0.379712 -0.426784
v -0.383441 -0.392878 -0.475602
v -0.146044 -0.371981 -0.372157
v -0.532797 -0.385261 -0.421397
v 0.383441 -0.392878 -0.475602
v 0.146044 -0.371981 -0.372157
v 0.532797 -0.385261 -0.421397
v 0.236990 -0.414180 -0.554589
v -0.236990 -0.414180 -0.554589
v 0.239036 -0.427990 -0.579838
v -0.239036 -0.427990 -0.579838
v 0.623085 -0.398390 -0.470079
v 0.475368 -0.419877 -0.549749
v -0.623085 -0.398390 -0.470079
v -0.475368 -0.419877 -0.549749
v 1.426806 -0.428698 -0.342734
v 1.663768 -0.436834 -0.214919
v 1.410237 -0.415384 -0.309659
v 1.649248 -0.423591 -0.180741
v 1.426806 -0.471302 -0.342734
v 1.663768 -0.463166 -0.214919
v 1.410237 -0.484616 -0.309659
v 1.649248 -0.476409 -0.180741
v 1.280352 -0.450000 -0.421729
v 1.264192 -0.479600 -0.388436
v 1.116471 -0.458114 -0.468112
v 1.264192 -0.420400 -0.388436
v 1.116471 -0.441886 -0.468112
v 1.739513 -0.436720 -0.132059
v 1.739513 -0.463280 -0.132059
v 1.426806 -0.428698 0.342734
v 1.663768 -0.436834 0.214919
v 1.410237 -0.415384 0.309659
v 1.649248 -0.423591 0.180741
v 1.426806 -0.471302 0.342734
v 1.663768 -0.463166 0.214919
v 1.410237 -0.484616 0.309659
v 1.649248 -0.476409 0.180741
v 1.280352 -0.450000 0.421729
v 1.264192 -0.479600 0.388436
v 1.116471 -0.458114 0.468112
v 1.264192 -0.420400 0.388436
v 1.116471 -0.441886 0.468112
v 1.739513 -0.436720 0.132059
v 1.739513 -0.463280 0.132059
v -1.426806 -0.428698 -0.342734
v -1.663768 -0.436834 -0.214919
v -1.410237 -0.415384 -0.309659
v -1.649248 -0.423591 -0.180741
v -1.426806 -0.471302 -0.342734
v -1.663768 -0.463166 -0.214919
v -1.410237 -0.484616 -0.309659
v -1.649248 -0.476409 -0.180741
v -1.280352 -0.450000 -0.421729
v -1.264192 -0.479600 -0.388436
v -1.116471 -0.458114 -0.468112
v -1.264192 -0.420400 -0.388436
v -1.116471 -0.441886 -0.468112
v -1.739513 -0.436720 -0.132059
v -1.739513 -0.463280 -0.132059
v -1.426806 -0.428698 0.342734
v -1.663768 -0.436834 0.214919
v -1.410237 -0.415384 0.309659
v -1.649248 -0.423591 0.180741
v -1.426806 -0.471302 0.342734
v -1.663768 -0.463166 0.214919
v -1.410237 -0.484616 0.309659
v -1.649248 -0.476409 0.180741
v -1.280352 -0.450000 0.421729
v -1.264192 -0.479600 0.388436
v -1.116471 -0.458114 0.468112
v -1.264192 -0.420400 0.388436
v -1.116471 -0.441886 0.468112
v -1.739513 -0.436720 0.132059
v -1.739513 -0.463280 0.132059
v 0.000000 -0.353614 0.159849
v -0.148171 -0.358702 0.239773
v 0.000000 -0.353614 -0.159849
v -0.148171 -0.358702 -0.239773
v 0.148171 -0.358702 0.239773
v 0.148171 -0.358702 -0.239773
v -0.924065 -0.385342 0.338556
v -1.163840 -0.393574 0.308022
v -1.015668 -0.398663 0.387947
v -0.924065 -0.385342 -0.338556
v -1.163840 -0.393574 -0.308022
v -1.015668 -0.398663 -0.387947
v -1.643358 -0.410038 -0.049390
v -1.643358 -0.410038 0.049390
v -1.734945 -0.423358 0.000000
v 0.924065 -0.385342 0.338556
v 1.163840 -0.393574 0.308022
v 1.015668 -0.398663 0.387947
v 0.924065 -0.385342 -0.338556
v 1.163840 -0.393574 -0.308022
v 1.015668 -0.398663 -0.387947
v 1.643358 -0.410038 -0.049390
v 1.643358 -0.410038 0.049390
v 1.734945 -0.423358 0.000000
v 0.000000 -0.546386 0.159849
v -0.148171 -0.541298 0.239773
v 0.000000 -0.546386 -0.159849
v -0.148171 -0.541298 -0.239773
v 0.148171 -0.541298 0.239773
v 0.148171 -0.541298 -0.239773
v -0.924065 -0.514658 0.338556
v -1.163840 -0.506426 0.308022
v -1.015668 -0.501337 0.387947
v -0.924065 -0.514658 -0.338556
v -1.163840 -0.506426 -0.308022
v -1.015668 -0.501337 -0.387947
v -1.643358 -0.489962 -0.049390
v -1.643358 -0.489962 0.049390
v -1.734945 -0.476642 0.000000
v 0.924065 -0.514658 0.338556
v 1.163840 -0.506426 0.308022
v 1.015668 -0.501337 0.387947
v 0.924065 -0.514658 -0.338556
v 1.163840 -0.506426 -0.308022
v 1.015668 -0.501337 -0.387947
v 1.643358 -0.489962 -0.049390
v 1.643358 -0.489962 0.049390
v 1.734945 -0.476642 0.000000
v 0.479547 -0.450000 0.578315
v 0.719318 -0.458232 0.547786
v -0.479547 -0.450000 0.578315
v -0.719318 -0.458232 0.547786
v 0.719318 -0.441768 0.547786
v -0.719318 -0.441768 0.547786
v 0.479547 -0.450000 -0.578315
v 0.719318 -0.458232 -0.547786
v -0.479547 -0.450000 -0.578315
v -0.719318 -0.458232 -0.547786
v 0.719318 -0.441768 -0.547786
v -0.719318 -0.441768 -0.547786
v -0.742055 -0.332466 -0.200000
v -0.657945 -0.332466 -0.200000
v -0.742055 -0.417534 -0.200000
v -0.657945 -0.417534 -0.200000
v -0.700000 -0.401284 -0.131946
v -0.700000 -0.348716 -0.131946
v -0.700000 -0.401284 -0.268054
v -0.700000 -0.348716 -0.268054
v -0.631946 -0.375000 -0.242055
v -0.631946 -0.375000 -0.157945
v -0.768054 -0.375000 -0.242055
v -0.768054 -0.375000 -0.157945
v -0.700000 -0.325000 -0.200000
v -0.724719 -0.334549 -0.159998
v -0.724719 -0.334549 -0.240002
v -0.764721 -0.349999 -0.224719
v -0.764721 -0.349999 -0.175281
v -0.675281 -0.334549 -0.159998
v -0.675281 -0.334549 -0.240002
v -0.635279 -0.349999 -0.224719
v -0.635279 -0.349999 -0.175281
v -0.700000 -0.425000 -0.200000
v -0.724719 -0.415451 -0.159998
v -0.724719 -0.415451 -0.240002
v -0.764721 -0.400001 -0.224719
v -0.764721 -0.400001 -0.175281
v -0.675281 -0.415451 -0.159998
v -0.675281 -0.415451 -0.240002
v -0.635279 -0.400001 -0.224719
v -0.635279 -0.400001 -0.175281
v -0.700000 -0.375000 -0.120000
v -0.659998 -0.390450 -0.135279
v -0.740002 -0.390450 -0.135279
v -0.659998 -0.359550 -0.135279
v -0.740002 -0.359550 -0.135279
v -0.700000 -0.375000 -0.280000
v -0.659998 -0.390450 -0.264721
v -0.740002 -0.390450 -0.264721
v -0.659998 -0.359550 -0.264721
v -0.740002 -0.359550 -0.264721
v -0.620000 -0.375000 -0.200000
v -0.780000 -0.375000 -0.200000
v -0.721859 -0.326903 -0.200000
v -0.734708 -0.331866 -0.179208
v -0.734708 -0.331866 -0.220792
v -0.755501 -0.339896 -0.212849
v -0.755501 -0.339896 -0.187151
v -0.678141 -0.326903 -0.200000
v -0.665292 -0.331866 -0.179208
v -0.665292 -0.331866 -0.220792
v -0.644499 -0.339896 -0.212849
v -0.644499 -0.339896 -0.187151
v -0.721859 -0.423097 -0.200000
v -0.734708 -0.418134 -0.179208
v -0.734708 -0.418134 -0.220792
v -0.755501 -0.410104 -0.212849
v -0.755501 -0.410104 -0.187151
v -0.678141 -0.423097 -0.200000
v -0.665292 -0.418134 -0.179208
v -0.665292 -0.418134 -0.220792
v -0.644499 -0.410104 -0.212849
v -0.644499 -0.410104 -0.187151
v -0.712849 -0.409688 -0.143834
v -0.687151 -0.409688 -0.143834
v -0.700000 -0.388662 -0.123044
v -0.679208 -0.396693 -0.130985
v -0.720792 -0.396693 -0.130985
v -0.712849 -0.340312 -0.143834
v -0.687151 -0.340312 -0.143834
v -0.700000 -0.361338 -0.123044
v -0.679208 -0.353307 -0.130985
v -0.720792 -0.353307 -0.130985
v -0.712849 -0.409688 -0.256166
v -0.687151 -0.409688 -0.256166
v -0.700000 -0.388662 -0.276956
v -0.679208 -0.396693 -0.269015
v -0.720792 -0.396693 -0.269015
v -0.712849 -0.340312 -0.256166
v -0.687151 -0.340312 -0.256166
v -0.700000 -0.361338 -0.276956
v -0.679208 -0.353307 -0.269015
v -0.720792 -0.353307 -0.269015
v -0.630985 -0.362005 -0.234708
v -0.630985 -0.387995 -0.234708
v -0.643834 -0.383031 -0.255501
v -0.643834 -0.366969 -0.255501
v -0.623044 -0.375000 -0.221859
v -0.630985 -0.362005 -0.165292
v -0.630985 -0.387995 -0.165292
v -0.643834 -0.383031 -0.144499
v -0.643834 -0.366969 -0.144499
v -0.623044 -0.375000 -0.178141
v -0.769015 -0.362005 -0.234708
v -0.769015 -0.387995 -0.234708
v -0.756166 -0.383031 -0.255501
v -0.756166 -0.366969 -0.255501
v -0.776956 -0.375000 -0.221859
v -0.769015 -0.362005 -0.165292
v -0.769015 -0.387995 -0.165292
v -0.756166 -0.383031 -0.144499
v -0.756166 -0.366969 -0.144499
v -0.776956 -0.375000 -0.178141
v -0.712996 -0.327447 -0.178970
v -0.712996 -0.327447 -0.221030
v -0.687004 -0.327447 -0.178970
v -0.687004 -0.327447 -0.221030
v -0.747022 -0.340590 -0.165974
v -0.700000 -0.332468 -0.157940
v -0.734026 -0.345611 -0.144944
v -0.747022 -0.340590 -0.234026
v -0.700000 -0.332468 -0.242060
v -0.734026 -0.345611 -0.255056
v -0.768051 -0.348713 -0.200000
v -0.755056 -0.353734 -0.247022
v -0.776084 -0.361856 -0.212996
v -0.755056 -0.353734 -0.152978
v -0.776084 -0.361856 -0.187004
v -0.652978 -0.340590 -0.165974
v -0.665974 -0.345611 -0.144944
v -0.652978 -0.340590 -0.234026
v -0.665974 -0.345611 -0.255056
v -0.631949 -0.348713 -0.200000
v -0.644944 -0.353734 -0.247022
v -0.623916 -0.361856 -0.212996
v -0.644944 -0.353734 -0.152978
v -0.623916 -0.361856 -0.187004
v -0.712996 -0.422553 -0.178970
v -0.712996 -0.422553 -0.221030
v -0.687004 -0.422553 -0.178970
v -0.687004 -0.422553 -0.221030
v -0.747022 -0.409410 -0.165974
v -0.700000 -0.417532 -0.157940
v -0.734026 -0.404389 -0.144944
v -0.747022 -0.409410 -0.234026
v -0.700000 -0.417532 -0.242060
v -0.734026 -0.404389 -0.255056
v -0.768051 -0.401287 -0.200000
v -0.755056 -0.396266 -0.247022
v -0.776084 -0.388144 -0.212996
v -0.755056 -0.396266 -0.152978
v -0.776084 -0.388144 -0.187004
v -0.652978 -0.409410 -0.165974
v -0.665974 -0.404389 -0.144944
v -0.652978 -0.409410 -0.234026
v -0.665974 -0.404389 -0.255056
v -0.631949 -0.401287 -0.200000
v -0.644944 -0.396266 -0.247022
v -0.623916 -0.388144 -0.212996
v -0.644944 -0.396266 -0.152978
v -0.623916 -0.388144 -0.187004
v -0.678970 -0.383122 -0.123916
v -0.721030 -0.383122 -0.123916
v -0.678970 -0.366878 -0.123916
v -0.721030 -0.366878 -0.123916
v -0.657940 -0.375000 -0.131949
v -0.742060 -0.375000 -0.131949
v -0.678970 -0.383122 -0.276084
v -0.721030 -0.383122 -0.276084
v -0.678970 -0.366878 -0.276084
v -0.721030 -0.366878 -0.276084
v -0.657940 -0.375000 -0.268051
v -0.742060 -0.375000 -0.268051
v -0.732266 -0.329247 -0.200000
v -0.738752 -0.331752 -0.189504
v -0.738752 -0.331752 -0.210496
v -0.749249 -0.335806 -0.206486
v -0.749249 -0.335806 -0.193514
v -0.667734 -0.329247 -0.200000
v -0.661248 -0.331752 -0.189504
v -0.661248 -0.331752 -0.210496
v -0.650751 -0.335806 -0.206486
v -0.650751 -0.335806 -0.193514
v -0.732266 -0.420753 -0.200000
v -0.738752 -0.418248 -0.189504
v -0.738752 -0.418248 -0.210496
v -0.749249 -0.414194 -0.206486
v -0.749249 -0.414194 -0.193514
v -0.667734 -0.420753 -0.200000
v -0.661248 -0.418248 -0.189504
v -0.661248 -0.418248 -0.210496
v -0.650751 -0.414194 -0.206486
v -0.650751 -0.414194 -0.193514
v -0.706486 -0.405780 -0.137290
v -0.693514 -0.405780 -0.137290
v -0.700000 -0.395166 -0.126795
v -0.689503 -0.399220 -0.130804
v -0.710496 -0.399220 -0.130804
v -0.706486 -0.344220 -0.137290
v -0.693514 -0.344220 -0.137290
v -0.700000 -0.354834 -0.126795
v -0.689503 -0.350780 -0.130804
v -0.710496 -0.350780 -0.130804
v -0.706486 -0.405780 -0.262710
v -0.693514 -0.405780 -0.262710
v -0.700000 -0.395166 -0.273205
v -0.689503 -0.399220 -0.269196
v -0.710496 -0.399220 -0.269196
v -0.706486 -0.344220 -0.262710
v -0.693514 -0.344220 -0.262710
v -0.700000 -0.354834 -0.273205
v -0.689503 -0.350780 -0.269196
v -0.710496 -0.350780 -0.269196
v -0.630804 -0.368440 -0.238752
v -0.630804 -0.381560 -0.238752
v -0.637290 -0.379054 -0.249249
v -0.637290 -0.370946 -0.249249
v -0.626795 -0.375000 -0.232266
v -0.630804 -0.368440 -0.161248
v -0.630804 -0.381560 -0.161248
v -0.637290 -0.379054 -0.150751
v -0.637290 -0.370946 -0.150751
v -0.626795 -0.375000 -0.167734
v -0.769196 -0.368440 -0.238752
v -0.769196 -0.381560 -0.238752
v -0.762710 -0.379054 -0.249249
v -0.762710 -0.370946 -0.249249
v -0.773205 -0.375000 -0.232266
v -0.769196 -0.368440 -0.161248
v -0.769196 -0.381560 -0.161248
v -0.762710 -0.379054 -0.150751
v -0.762710 -0.370946 -0.150751
v -0.773205 -0.375000 -0.167734
v -0.711035 -0.325478 -0.200000
v -0.688965 -0.325478 -0.200000
v -0.706579 -0.325616 -0.189354
v -0.706579 -0.325616 -0.210646
v -0.693421 -0.325616 -0.189354
v -0.693421 -0.325616 -0.210646
v -0.730001 -0.332804 -0.169310
v -0.718965 -0.337068 -0.151452
v -0.719093 -0.330450 -0.169104
v -0.736318 -0.337103 -0.162525
v -0.712514 -0.332992 -0.158458
v -0.729739 -0.339645 -0.151879
v -0.730001 -0.332804 -0.230690
v -0.718965 -0.337068 -0.248548
v -0.719093 -0.330450 -0.230896
v -0.736318 -0.337103 -0.237475
v -0.712514 -0.332992 -0.241542
v -0.729739 -0.339645 -0.248121
v -0.760691 -0.344658 -0.218965
v -0.767513 -0.355819 -0.230001
v -0.756568 -0.344924 -0.229739
v -0.767214 -0.349036 -0.212514
v -0.760635 -0.351578 -0.236318
v -0.771280 -0.355690 -0.219093
v -0.760691 -0.344658 -0.181035
v -0.767513 -0.355819 -0.169999
v -0.756568 -0.344924 -0.170261
v -0.767214 -0.349036 -0.187486
v -0.760635 -0.351578 -0.163682
v -0.771280 -0.355690 -0.180907
v -0.669999 -0.332804 -0.169310
v -0.681035 -0.337068 -0.151452
v -0.680907 -0.330450 -0.169104
v -0.687486 -0.332992 -0.158458
v -0.663682 -0.337103 -0.162525
v -0.670261 -0.339645 -0.151879
v -0.669999 -0.332804 -0.230690
v -0.681035 -0.337068 -0.248548
v -0.680907 -0.330450 -0.230896
v -0.687486 -0.332992 -0.241542
v -0.663682 -0.337103 -0.237475
v -0.670261 -0.339645 -0.248121
v -0.639309 -0.344658 -0.218965
v -0.632487 -0.355819 -0.230001
v -0.643432 -0.344924 -0.229739
v -0.632786 -0.349036 -0.212514
v -0.639365 -0.351578 -0.236318
v -0.628720 -0.355690 -0.219093
v -0.639309 -0.344658 -0.181035
v -0.632487 -0.355819 -0.169999
v -0.643432 -0.344924 -0.170261
v -0.632786 -0.349036 -0.187486
v -0.639365 -0.351578 -0.163682
v -0.628720 -0.355690 -0.180907
v -0.711035 -0.424522 -0.200000
v -0.688965 -0.424522 -0.200000
v -0.706579 -0.424384 -0.189354
v -0.706579 -0.424384 -0.210646
v -0.693421 -0.424384 -0.189354
v -0.693421 -0.424384 -0.210646
v -0.730001 -0.417196 -0.169310
v -0.718965 -0.412932 -0.151452
v -0.719093 -0.419550 -0.169104
v -0.736318 -0.412897 -0.162525
v -0.712514 -0.417008 -0.158458
v -0.729739 -0.410355 -0.151879
v -0.730001 -0.417196 -0.230690
v -0.718965 -0.412932 -0.248548
v -0.719093 -0.419550 -0.230896
v -0.736318 -0.412897 -0.237475
v -0.712514 -0.417008 -0.241542
v -0.729739 -0.410355 -0.248121
v -0.760691 -0.405342 -0.218965
v -0.767513 -0.394181 -0.230001
v -0.756568 -0.405076 -0.229739
v -0.767214 -0.400964 -0.212514
v -0.760635 -0.398422 -0.236318
v -0.771280 -0.394310 -0.219093
v -0.760691 -0.405342 -0.181035
v -0.767513 -0.394181 -0.169999
v -0.756568 -0.405076 -0.170261
v -0.767214 -0.400964 -0.187486
v -0.760635 -0.398422 -0.163682
v -0.771280 -0.394310 -0.180907
v -0.669999 -0.417196 -0.169310
v -0.681035 -0.412932 -0.151452
v -0.680907 -0.419550 -0.169104
v -0.687486 -0.417008 -0.158458
v -0.663682 -0.412897 -0.162525
v -0.670261 -0.410355 -0.151879
v -0.669999 -0.417196 -0.230690
v -0.681035 -0.412932 -0.248548
v -0.680907 -0.419550 -0.230896
v -0.687486 -0.417008 -0.241542
v -0.663682 -0.412897 -0.237475
v -0.670261 -0.410355 -0.248121
v -0.639309 -0.405342 -0.218965
v -0.632487 -0.394181 -0.230001
v -0.643432 -0.405076 -0.229739
v -0.632786 -0.400964 -0.212514
v -0.639365 -0.398422 -0.236318
v -0.628720 -0.394310 -0.219093
v -0.639309 -0.405342 -0.181035
v -0.632487 -0.394181 -0.169999
v -0.643432 -0.405076 -0.170261
v -0.632786 -0.400964 -0.187486
v -0.639365 -0.398422 -0.163682
v -0.628720 -0.394310 -0.180907
v -0.700000 -0.381897 -0.120765
v -0.700000 -0.368103 -0.120765
v -0.689354 -0.379112 -0.120985
v -0.710646 -0.379112 -0.120985
v -0.689354 -0.370888 -0.120985
v -0.710646 -0.370888 -0.120985
v -0.669310 -0.393750 -0.132487
v -0.651452 -0.386853 -0.139309
v -0.662525 -0.397699 -0.139365
v -0.651879 -0.393587 -0.143432
v -0.669104 -0.386933 -0.128720
v -0.658458 -0.382821 -0.132786
v -0.730690 -0.393750 -0.132487
v -0.748548 -0.386853 -0.139309
v -0.737475 -0.397699 -0.139365
v -0.748121 -0.393587 -0.143432
v -0.730896 -0.386933 -0.128720
v -0.741542 -0.382821 -0.132786
v -0.669310 -0.356250 -0.132487
v -0.651452 -0.363147 -0.139309
v -0.662525 -0.352301 -0.139365
v -0.651879 -0.356413 -0.143432
v -0.669104 -0.363067 -0.128720
v -0.658458 -0.367179 -0.132786
v -0.730690 -0.356250 -0.132487
v -0.748548 -0.363147 -0.139309
v -0.737475 -0.352301 -0.139365
v -0.748121 -0.356413 -0.143432
v -0.730896 -0.363067 -0.128720
v -0.741542 -0.367179 -0.132786
v -0.700000 -0.381897 -0.279235
v -0.700000 -0.368103 -0.279235
v -0.689354 -0.379112 -0.279015
v -0.710646 -0.379112 -0.279015
v -0.689354 -0.370888 -0.279015
v -0.710646 -0.370888 -0.279015
v -0.669310 -0.393750 -0.267513
v -0.651452 -0.386853 -0.260691
v -0.662525 -0.397699 -0.260635
v -0.651879 -0.393587 -0.256568
v -0.669104 -0.386933 -0.271280
v -0.658458 -0.382821 -0.267214
v -0.730690 -0.393750 -0.267513
v -0.748548 -0.386853 -0.260691
v -0.737475 -0.397699 -0.260635
v -0.748121 -0.393587 -0.256568
v -0.730896 -0.386933 -0.271280
v -0.741542 -0.382821 -0.267214
v -0.669310 -0.356250 -0.267513
v -0.651452 -0.363147 -0.260691
v -0.662525 -0.352301 -0.260635
v -0.651879 -0.356413 -0.256568
v -0.669104 -0.363067 -0.271280
v -0.658458 -0.367179 -0.267214
v -0.730690 -0.356250 -0.267513
v -0.748548 -0.363147 -0.260691
v -0.737475 -0.352301 -0.260635
v -0.748121 -0.356413 -0.256568
v -0.730896 -0.363067 -0.271280
v -0.741542 -0.367179 -0.267214
v -0.620765 -0.375000 -0.211035
v -0.620765 -0.375000 -0.188965
v -0.620985 -0.368346 -0.206579
v -0.620985 -0.368346 -0.193421
v -0.620985 -0.381654 -0.206579
v -0.620985 -0.381654 -0.193421
v -0.779235 -0.375000 -0.211035
v -0.779235 -0.375000 -0.188965
v -0.779015 -0.368346 -0.206579
v -0.779015 -0.368346 -0.193421
v -0.779015 -0.381654 -0.206579
v -0.779015 -0.381654 -0.193421
v -0.728656 -0.328784 -0.189467
v -0.728656 -0.328784 -0.210533
v -0.717608 -0.326680 -0.189376
v -0.717608 -0.326680 -0.210624
v -0.745698 -0.335366 -0.182958
v -0.724099 -0.329188 -0.178873
v -0.741288 -0.335827 -0.172307
v -0.745698 -0.335366 -0.217042
v -0.724099 -0.329188 -0.221127
v -0.741288 -0.335827 -0.227693
v -0.756231 -0.339435 -0.200000
v -0.751791 -0.339884 -0.223680
v -0.762415 -0.343987 -0.206491
v -0.751791 -0.339884 -0.176320
v -0.762415 -0.343987 -0.193509
v -0.671344 -0.328784 -0.189467
v -0.671344 -0.328784 -0.210533
v -0.682392 -0.326680 -0.189376
v -0.682392 -0.326680 -0.210624
v -0.654302 -0.335366 -0.182958
v -0.675901 -0.329188 -0.178873
v -0.658712 -0.335827 -0.172307
v -0.654302 -0.335366 -0.217042
v -0.675901 -0.329188 -0.221127
v -0.658712 -0.335827 -0.227693
v -0.643769 -0.339435 -0.200000
v -0.648208 -0.339884 -0.223680
v -0.637585 -0.343987 -0.206491
v -0.648208 -0.339884 -0.176320
v -0.637585 -0.343987 -0.193509
v -0.728656 -0.421216 -0.189467
v -0.728656 -0.421216 -0.210533
v -0.717608 -0.423320 -0.189376
v -0.717608 -0.423320 -0.210624
v -0.745698 -0.414634 -0.182958
v -0.724099 -0.420812 -0.178873
v -0.741288 -0.414173 -0.172307
v -0.745698 -0.414634 -0.217042
v -0.724099 -0.420812 -0.221127
v -0.741288 -0.414173 -0.227693
v -0.756231 -0.410565 -0.200000
v -0.751791 -0.410116 -0.223680
v -0.762415 -0.406013 -0.206491
v -0.751791 -0.410116 -0.176320
v -0.762415 -0.406013 -0.193509
v -0.671344 -0.421216 -0.189467
v -0.671344 -0.421216 -0.210533
v -0.682392 -0.423320 -0.189376
v -0.682392 -0.423320 -0.210624
v -0.654302 -0.414634 -0.182958
v -0.675901 -0.420812 -0.178873
v -0.658712 -0.414173 -0.172307
v -0.654302 -0.414634 -0.217042
v -0.675901 -0.420812 -0.221127
v -0.658712 -0.414173 -0.227693
v -0.643769 -0.410565 -0.200000
v -0.648208 -0.410116 -0.223680
v -0.637585 -0.406013 -0.206491
v -0.648208 -0.410116 -0.176320
v -0.637585 -0.406013 -0.193509
v -0.700000 -0.410144 -0.143095
v -0.717042 -0.403561 -0.136586
v -0.706491 -0.414009 -0.150379
v -0.723680 -0.407370 -0.143814
v -0.682958 -0.403561 -0.136586
v -0.693509 -0.414009 -0.150379
v -0.676320 -0.407370 -0.143814
v -0.689467 -0.392910 -0.126055
v -0.710533 -0.392910 -0.126055
v -0.689376 -0.386005 -0.122688
v -0.710624 -0.386005 -0.122688
v -0.672307 -0.400805 -0.137323
v -0.678873 -0.390062 -0.126700
v -0.727693 -0.400805 -0.137323
v -0.721127 -0.390062 -0.126700
v -0.700000 -0.339856 -0.143095
v -0.717042 -0.346439 -0.136586
v -0.706491 -0.335991 -0.150379
v -0.723680 -0.342630 -0.143814
v -0.682958 -0.346439 -0.136586
v -0.693509 -0.335991 -0.150379
v -0.676320 -0.342630 -0.143814
v -0.689467 -0.357090 -0.126055
v -0.710533 -0.357090 -0.126055
v -0.689376 -0.363995 -0.122688
v -0.710624 -0.363995 -0.122688
v -0.672307 -0.349195 -0.137323
v -0.678873 -0.359938 -0.126700
v -0.727693 -0.349195 -0.137323
v -0.721127 -0.359938 -0.126700
v -0.700000 -0.410144 -0.256905
v -0.717042 -0.403561 -0.263414
v -0.706491 -0.414009 -0.249621
v -0.723680 -0.407370 -0.256186
v -0.682958 -0.403561 -0.263414
v -0.693509 -0.414009 -0.249621
v -0.676320 -0.407370 -0.256186
v -0.689467 -0.392910 -0.273945
v -0.710533 -0.392910 -0.273945
v -0.689376 -0.386005 -0.277312
v -0.710624 -0.386005 -0.277312
v -0.672307 -0.400805 -0.262677
v -0.678873 -0.390062 -0.273300
v -0.727693 -0.400805 -0.262677
v -0.721127 -0.390062 -0.273300
v -0.700000 -0.339856 -0.256905
v -0.717042 -0.346439 -0.263414
v -0.706491 -0.335991 -0.249621
v -0.723680 -0.342630 -0.256186
v -0.682958 -0.346439 -0.263414
v -0.693509 -0.335991 -0.249621
v -0.676320 -0.342630 -0.256186
v -0.689467 -0.357090 -0.273945
v -0.710533 -0.357090 -0.273945
v -0.689376 -0.363995 -0.277312
v -0.710624 -0.363995 -0.277312
v -0.672307 -0.349195 -0.262677
v -0.678873 -0.359938 -0.273300
v -0.727693 -0.349195 -0.262677
v -0.721127 -0.359938 -0.273300
v -0.636586 -0.364349 -0.245698
v -0.626055 -0.368417 -0.228656
v -0.637323 -0.357692 -0.241288
v -0.626700 -0.361795 -0.224099
v -0.636586 -0.385651 -0.245698
v -0.626055 -0.381583 -0.228656
v -0.637323 -0.392308 -0.241288
v -0.626700 -0.388205 -0.224099
v -0.643095 -0.375000 -0.256231
v -0.643814 -0.389800 -0.251792
v -0.650379 -0.379057 -0.262415
v -0.643814 -0.360200 -0.251792
v -0.650379 -0.370943 -0.262415
v -0.622688 -0.368360 -0.217608
v -0.622688 -0.381640 -0.217608
v -0.636586 -0.364349 -0.154302
v -0.626055 -0.368417 -0.171344
v -0.637323 -0.357692 -0.158712
v -0.626700 -0.361795 -0.175901
v -0.636586 -0.385651 -0.154302
v -0.626055 -0.381583 -0.171344
v -0.637323 -0.392308 -0.158712
v -0.626700 -0.388205 -0.175901
v -0.643095 -0.375000 -0.143769
v -0.643814 -0.389800 -0.148208
v -0.650379 -0.379057 -0.137585
v -0.643814 -0.360200 -0.148208
v -0.650379 -0.370943 -0.137585
v -0.622688 -0.368360 -0.182392
v -0.622688 -0.381640 -0.182392
v -0.763414 -0.364349 -0.245698
v -0.773945 -0.368417 -0.228656
v -0.762677 -0.357692 -0.241288
v -0.773300 -0.361795 -0.224099
v -0.763414 -0.385651 -0.245698
v -0.773945 -0.381583 -0.228656
v -0.762677 -0.392308 -0.241288
v -0.773300 -0.388205 -0.224099
v -0.756905 -0.375000 -0.256231
v -0.756186 -0.389800 -0.251792
v -0.749621 -0.379057 -0.262415
v -0.756186 -0.360200 -0.251792
v -0.749621 -0.370943 -0.262415
v -0.777312 -0.368360 -0.217608
v -0.777312 -0.381640 -0.217608
v -0.763414 -0.364349 -0.154302
v -0.773945 -0.368417 -0.171344
v -0.762677 -0.357692 -0.158712
v -0.773300 -0.361795 -0.175901
v -0.763414 -0.385651 -0.154302
v -0.773945 -0.381583 -0.171344
v -0.762677 -0.392308 -0.158712
v -0.773300 -0.388205 -0.175901
v -0.756905 -0.375000 -0.143769
v -0.756186 -0.389800 -0.148208
v -0.749621 -0.379057 -0.137585
v -0.756186 -0.360200 -0.148208
v -0.749621 -0.370943 -0.137585
v -0.777312 -0.368360 -0.182392
v -0.777312 -0.381640 -0.182392
v -0.700000 -0.326807 -0.178687
v -0.706585 -0.329351 -0.168030
v -0.700000 -0.326807 -0.221313
v -0.706585 -0.329351 -0.231970
v -0.693415 -0.329351 -0.168030
v -0.693415 -0.329351 -0.231970
v -0.741070 -0.342671 -0.154859
v -0.751726 -0.346787 -0.158930
v -0.745141 -0.349332 -0.148274
v -0.741070 -0.342671 -0.245141
v -0.751726 -0.346787 -0.241070
v -0.745141 -0.349332 -0.251726
v -0.773038 -0.355019 -0.206585
v -0.773038 -0.355019 -0.193415
v -0.777109 -0.361679 -0.200000
v -0.658930 -0.342671 -0.154859
v -0.648274 -0.346787 -0.158930
v -0.654859 -0.349332 -0.148274
v -0.658930 -0.342671 -0.245141
v -0.648274 -0.346787 -0.241070
v -0.654859 -0.349332 -0.251726
v -0.626962 -0.355019 -0.206585
v -0.626962 -0.355019 -0.193415
v -0.622891 -0.361679 -0.200000
v -0.700000 -0.423193 -0.178687
v -0.706585 -0.420649 -0.168030
v -0.700000 -0.423193 -0.221313
v -0.706585 -0.420649 -0.231970
v -0.693415 -0.420649 -0.168030
v -0.693415 -0.420649 -0.231970
v -0.741070 -0.407329 -0.154859
v -0.751726 -0.403213 -0.158930
v -0.745141 -0.400668 -0.148274
v -0.741070 -0.407329 -0.245141
v -0.751726 -0.403213 -0.241070
v -0.745141 -0.400668 -0.251726
v -0.773038 -0.394981 -0.206585
v -0.773038 -0.394981 -0.193415
v -0.777109 -0.388321 -0.200000
v -0.658930 -0.407329 -0.154859
v -0.648274 -0.403213 -0.158930
v -0.654859 -0.400668 -0.148274
v -0.658930 -0.407329 -0.245141
v -0.648274 -0.403213 -0.241070
v -0.654859 -0.400668 -0.251726
v -0.626962 -0.394981 -0.206585
v -0.626962 -0.394981 -0.193415
v -0.622891 -0.388321 -0.200000
v -0.678687 -0.375000 -0.122891
v -0.668030 -0.379116 -0.126962
v -0.721313 -0.375000 -0.122891
v -0.731970 -0.379116 -0.126962
v -0.668030 -0.370884 -0.126962
v -0.731970 -0.370884 -0.126962
v -0.678687 -0.375000 -0.277109
v -0.668030 -0.379116 -0.273038
v -0.721313 -0.375000 -0.277109
v -0.731970 -0.379116 -0.273038
v -0.668030 -0.370884 -0.273038
v -0.731970 -0.370884 -0.273038
v -0.410275 -0.332466 0.200000
v 0.010275 -0.332466 0.200000
v -0.410275 -0.417534 0.200000
v 0.010275 -0.417534 0.200000
v -0.200000 -0.401284 0.268054
v -0.200000 -0.348716 0.268054
v -0.200000 -0.401284 0.131946
v -0.200000 -0.348716 0.131946
v 0.140271 -0.375000 0.157945
v 0.140271 -0.375000 0.242055
v -0.540271 -0.375000 0.157945
v -0.540271 -0.375000 0.242055
v -0.200000 -0.325000 0.200000
v -0.323597 -0.334549 0.240002
v -0.323597 -0.334549 0.159998
v -0.523605 -0.349999 0.175281
v -0.523605 -0.349999 0.224719
v -0.076403 -0.334549 0.240002
v -0.076403 -0.334549 0.159998
v 0.123605 -0.349999 0.175281
v 0.123605 -0.349999 0.224719
v -0.200000 -0.425000 0.200000
v -0.323597 -0.415451 0.240002
v -0.323597 -0.415451 0.159998
v -0.523605 -0.400001 0.175281
v -0.523605 -0.400001 0.224719
v -0.076403 -0.415451 0.240002
v -0.076403 -0.415451 0.159998
v 0.123605 -0.400001 0.175281
v 0.123605 -0.400001 0.224719
v -0.200000 -0.375000 0.280000
v 0.000008 -0.390450 0.264721
v -0.400008 -0.390450 0.264721
v 0.000008 -0.359550 0.264721
v -0.400008 -0.359550 0.264721
v -0.200000 -0.375000 0.120000
v 0.000008 -0.390450 0.135279
v -0.400008 -0.390450 0.135279
v 0.000008 -0.359550 0.135279
v -0.400008 -0.359550 0.135279
v 0.200000 -0.375000 0.200000
v -0.600000 -0.375000 0.200000
v -0.309297 -0.326903 0.200000
v -0.373542 -0.331866 0.220792
v -0.373542 -0.331866 0.179208
v -0.477503 -0.339896 0.187151
v -0.477503 -0.339896 0.212849
v -0.090703 -0.326903 0.200000
v -0.026458 -0.331866 0.220792
v -0.026458 -0.331866 0.179208
v 0.077503 -0.339896 0.187151
v 0.077503 -0.339896 0.212849
v -0.309297 -0.423097 0.200000
v -0.373542 -0.418134 0.220792
v -0.373542 -0.418134 0.179208
v -0.477503 -0.410104 0.187151
v -0.477503 -0.410104 0.212849
v -0.090703 -0.423097 0.200000
v -0.026458 -0.418134 0.220792
v -0.026458 -0.418134 0.179208
v 0.077503 -0.410104 0.187151
v 0.077503 -0.410104 0.212849
v -0.264244 -0.409688 0.256166
v -0.135756 -0.409688 0.256166
v -0.200000 -0.388662 0.276956
v -0.096039 -0.396693 0.269015
v -0.303961 -0.396693 0.269015
v -0.264244 -0.340312 0.256166
v -0.135756 -0.340312 0.256166
v -0.200000 -0.361338 0.276956
v -0.096039 -0.353307 0.269015
v -0.303961 -0.353307 0.269015
v -0.264244 -0.409688 0.143834
v -0.135756 -0.409688 0.143834
v -0.200000 -0.388662 0.123044
v -0.096039 -0.396693 0.130985
v -0.303961 -0.396693 0.130985
v -0.264244 -0.340312 0.143834
v -0.135756 -0.340312 0.143834
v -0.200000 -0.361338 0.123044
v -0.096039 -0.353307 0.130985
v -0.303961 -0.353307 0.130985
v 0.145073 -0.362005 0.165292
v 0.145073 -0.387995 0.165292
v 0.080829 -0.383031 0.144499
v 0.080829 -0.366969 0.144499
v 0.184778 -0.375000 0.178141
v 0.145073 -0.362005 0.234708
v 0.145073 -0.387995 0.234708
v 0.080829 -0.383031 0.255501
v 0.080829 -0.366969 0.255501
v 0.184778 -0.375000 0.221859
v -0.545073 -0.362005 0.165292
v -0.545073 -0.387995 0.165292
v -0.480829 -0.383031 0.144499
v -0.480829 -0.366969 0.144499
v -0.584778 -0.375000 0.178141
v -0.545073 -0.362005 0.234708
v -0.545073 -0.387995 0.234708
v -0.480829 -0.383031 0.255501
v -0.480829 -0.366969 0.255501
v -0.584778 -0.375000 0.221859
v -0.264979 -0.327447 0.221030
v -0.264979 -0.327447 0.178970
v -0.135021 -0.327447 0.221030
v -0.135021 -0.327447 0.178970
v -0.435109 -0.340590 0.234026
v -0.200000 -0.332468 0.242060
v -0.370130 -0.345611 0.255056
v -0.435109 -0.340590 0.165974
v -0.200000 -0.332468 0.157940
v -0.370130 -0.345611 0.144944
v -0.540256 -0.348713 0.200000
v -0.475281 -0.353734 0.152978
v -0.580422 -0.361856 0.187004
v -0.475281 -0.353734 0.247022
v -0.580422 -0.361856 0.212996
v 0.035109 -0.340590 0.234026
v -0.029870 -0.345611 0.255056
v 0.035109 -0.340590 0.165974
v -0.029870 -0.345611 0.144944
v 0.140256 -0.348713 0.200000
v 0.075281 -0.353734 0.152978
v 0.180422 -0.361856 0.187004
v 0.075281 -0.353734 0.247022
v 0.180422 -0.361856 0.212996
v -0.264979 -0.422553 0.221030
v -0.264979 -0.422553 0.178970
v -0.135021 -0.422553 0.221030
v -0.135021 -0.422553 0.178970
v -0.435109 -0.409410 0.234026
v -0.200000 -0.417532 0.242060
v -0.370130 -0.404389 0.255056
v -0.435109 -0.409410 0.165974
v -0.200000 -0.417532 0.157940
v -0.370130 -0.404389 0.144944
v -0.540256 -0.401287 0.200000
v -0.475281 -0.396266 0.152978
v -0.580422 -0.388144 0.187004
v -0.475281 -0.396266 0.247022
v -0.580422 -0.388144 0.212996
v 0.035109 -0.409410 0.234026
v -0.029870 -0.404389 0.255056
v 0.035109 -0.409410 0.165974
v -0.029870 -0.404389 0.144944
v 0.140256 -0.401287 0.200000
v 0.075281 -0.396266 0.152978
v 0.180422 -0.388144 0.187004
v 0.075281 -0.396266 0.247022
v 0.180422 -0.388144 0.212996
v -0.094849 -0.383122 0.276084
v -0.305151 -0.383122 0.276084
v -0.094849 -0.366878 0.276084
v -0.305151 -0.366878 0.276084
v 0.010299 -0.375000 0.268051
v -0.410299 -0.375000 0.268051
v -0.094849 -0.383122 0.123916
v -0.305151 -0.383122 0.123916
v -0.094849 -0.366878 0.123916
v -0.305151 -0.366878 0.123916
v 0.010299 -0.375000 0.131949
v -0.410299 -0.375000 0.131949
v -0.361328 -0.329247 0.200000
v -0.393761 -0.331752 0.210496
v -0.393761 -0.331752 0.189504
v -0.446243 -0.335806 0.193514
v -0.446243 -0.335806 0.206486
v -0.038672 -0.329247 0.200000
v -0.006239 -0.331752 0.210496
v -0.006239 -0.331752 0.189504
v 0.046243 -0.335806 0.193514
v 0.046243 -0.335806 0.206486
v -0.361328 -0.420753 0.200000
v -0.393761 -0.418248 0.210496
v -0.393761 -0.418248 0.189504
v -0.446243 -0.414194 0.193514
v -0.446243 -0.414194 0.206486
v -0.038672 -0.420753 0.200000
v -0.006239 -0.418248 0.210496
v -0.006239 -0.418248 0.189504
v 0.046243 -0.414194 0.193514
v 0.046243 -0.414194 0.206486
v -0.232432 -0.405780 0.262710
v -0.167568 -0.405780 0.262710
v -0.200000 -0.395166 0.273205
v -0.147518 -0.399220 0.269196
v -0.252482 -0.399220 0.269196
v -0.232432 -0.344220 0.262710
v -0.167568 -0.344220 0.262710
v -0.200000 -0.354834 0.273205
v -0.147518 -0.350780 0.269196
v -0.252482 -0.350780 0.269196
v -0.232432 -0.405780 0.137290
v -0.167568 -0.405780 0.137290
v -0.200000 -0.395166 0.126795
v -0.147518 -0.399220 0.130804
v -0.252482 -0.399220 0.130804
v -0.232432 -0.344220 0.137290
v -0.167568 -0.344220 0.137290
v -0.200000 -0.354834 0.126795
v -0.147518 -0.350780 0.130804
v -0.252482 -0.350780 0.130804
v 0.145980 -0.368440 0.161248
v 0.145980 -0.381560 0.161248
v 0.113548 -0.379054 0.150751
v 0.113548 -0.370946 0.150751
v 0.166024 -0.375000 0.167734
v 0.145980 -0.368440 0.238752
v 0.145980 -0.381560 0.238752
v 0.113548 -0.379054 0.249249
v 0.113548 -0.370946 0.249249
v 0.166024 -0.375000 0.232266
v -0.545980 -0.368440 0.161248
v -0.545980 -0.381560 0.161248
v -0.513548 -0.379054 0.150751
v -0.513548 -0.370946 0.150751
v -0.566024 -0.375000 0.167734
v -0.545980 -0.368440 0.238752
v -0.545980 -0.381560 0.238752
v -0.513548 -0.379054 0.249249
v -0.513548 -0.370946 0.249249
v -0.566024 -0.375000 0.232266
v -0.255176 -0.325478 0.200000
v -0.144824 -0.325478 0.200000
v -0.232895 -0.325616 0.210646
v -0.232895 -0.325616 0.189354
v -0.167105 -0.325616 0.210646
v -0.167105 -0.325616 0.189354
v -0.350004 -0.332804 0.230690
v -0.294827 -0.337068 0.248548
v -0.295464 -0.330450 0.230896
v -0.381589 -0.337103 0.237475
v -0.262569 -0.332992 0.241542
v -0.348694 -0.339645 0.248121
v -0.350004 -0.332804 0.169310
v -0.294827 -0.337068 0.151452
v -0.295464 -0.330450 0.169104
v -0.381589 -0.337103 0.162525
v -0.262569 -0.332992 0.158458
v -0.348694 -0.339645 0.151879
v -0.503456 -0.344658 0.181035
v -0.537567 -0.355819 0.169999
v -0.482840 -0.344924 0.170261
v -0.536068 -0.349036 0.187486
v -0.503176 -0.351578 0.163682
v -0.556402 -0.355690 0.180907
v -0.503456 -0.344658 0.218965
v -0.537567 -0.355819 0.230001
v -0.482840 -0.344924 0.229739
v -0.536068 -0.349036 0.212514
v -0.503176 -0.351578 0.236318
v -0.556402 -0.355690 0.219093
v -0.049996 -0.332804 0.230690
v -0.105173 -0.337068 0.248548
v -0.104536 -0.330450 0.230896
v -0.137431 -0.332992 0.241542
v -0.018411 -0.337103 0.237475
v -0.051306 -0.339645 0.248121
v -0.049996 -0.332804 0.169310
v -0.105173 -0.337068 0.151452
v -0.104536 -0.330450 0.169104
v -0.137431 -0.332992 0.158458
v -0.018411 -0.337103 0.162525
v -0.051306 -0.339645 0.151879
v 0.103456 -0.344658 0.181035
v 0.137567 -0.355819 0.169999
v 0.082840 -0.344924 0.170261
v 0.136068 -0.349036 0.187486
v 0.103176 -0.351578 0.163682
v 0.156402 -0.355690 0.180907
v 0.103456 -0.344658 0.218965
v 0.137567 -0.355819 0.230001
v 0.082840 -0.344924 0.229739
v 0.136068 -0.349036 0.212514
v 0.103176 -0.351578 0.236318
v 0.156402 -0.355690 0.219093
v -0.255176 -0.424522 0.200000
v -0.144824 -0.424522 0.200000
v -0.232895 -0.424384 0.210646
v -0.232895 -0.424384 0.189354
v -0.167105 -0.424384 0.210646
v -0.167105 -0.424384 0.189354
v -0.350004 -0.417196 0.230690
v -0.294827 -0.412932 0.248548
v -0.295464 -0.419550 0.230896
v -0.381589 -0.412897 0.237475
v -0.262569 -0.417008 0.241542
v -0.348694 -0.410355 0.248121
v -0.350004 -0.417196 0.169310
v -0.294827 -0.412932 0.151452
v -0.295464 -0.419550 0.169104
v -0.381589 -0.412897 0.162525
v -0.262569 -0.417008 0.158458
v -0.348694 -0.410355 0.151879
v -0.503456 -0.405342 0.181035
v -0.537567 -0.394181 0.169999
v -0.482840 -0.405076 0.170261
v -0.536068 -0.400964 0.187486
v -0.503176 -0.398422 0.163682
v -0.556402 -0.394310 0.180907
v -0.503456 -0.405342 0.218965
v -0.537567 -0.394181 0.230001
v -0.482840 -0.405076 0.229739
v -0.536068 -0.400964 0.212514
v -0.503176 -0.398422 0.236318
v -0.556402 -0.394310 0.219093
v -0.049996 -0.417196 0.230690
v -0.105173 -0.412932 0.248548
v -0.104536 -0.419550 0.230896
v -0.137431 -0.417008 0.241542
v -0.018411 -0.412897 0.237475
v -0.051306 -0.410355 0.248121
v -0.049996 -0.417196 0.169310
v -0.105173 -0.412932 0.151452
v -0.104536 -0.419550 0.169104
v -0.137431 -0.417008 0.158458
v -0.018411 -0.412897 0.162525
v -0.051306 -0.410355 0.151879
v 0.103456 -0.405342 0.181035
v 0.137567 -0.394181 0.169999
v 0.082840 -0.405076 0.170261
v 0.136068 -0.400964 0.187486
v 0.103176 -0.398422 0.163682
v 0.156402 -0.394310 0.180907
v 0.103456 -0.405342 0.218965
v 0.137567 -0.394181 0.230001
v 0.082840 -0.405076 0.229739
v 0.136068 -0.400964 0.212514
v 0.103176 -0.398422 0.236318
v 0.156402 -0.394310 0.219093
v -0.200000 -0.381897 0.279235
v -0.200000 -0.368103 0.279235
v -0.146769 -0.379112 0.279015
v -0.253231 -0.379112 0.279015
v -0.146769 -0.370888 0.279015
v -0.253231 -0.370888 0.279015
v -0.046548 -0.393750 0.267513
v 0.042740 -0.386853 0.260691
v -0.012624 -0.397699 0.260635
v 0.040607 -0.393587 0.256568
v -0.045519 -0.386933 0.271280
v 0.007711 -0.382821 0.267214
v -0.353452 -0.393750 0.267513
v -0.442740 -0.386853 0.260691
v -0.387376 -0.397699 0.260635
v -0.440607 -0.393587 0.256568
v -0.354481 -0.386933 0.271280
v -0.407710 -0.382821 0.267214
v -0.046548 -0.356250 0.267513
v 0.042740 -0.363147 0.260691
v -0.012624 -0.352301 0.260635
v 0.040607 -0.356413 0.256568
v -0.045519 -0.363067 0.271280
v 0.007711 -0.367179 0.267214
v -0.353452 -0.356250 0.267513
v -0.442740 -0.363147 0.260691
v -0.387376 -0.352301 0.260635
v -0.440607 -0.356413 0.256568
v -0.354481 -0.363067 0.271280
v -0.407710 -0.367179 0.267214
v -0.200000 -0.381897 0.120765
v -0.200000 -0.368103 0.120765
v -0.146769 -0.379112 0.120985
v -0.253231 -0.379112 0.120985
v -0.146769 -0.370888 0.120985
v -0.253231 -0.370888 0.120985
v -0.046548 -0.393750 0.132487
v 0.042740 -0.386853 0.139309
v -0.012624 -0.397699 0.139365
v 0.040607 -0.393587 0.143432
v -0.045519 -0.386933 0.128720
v 0.007711 -0.382821 0.132786
v -0.353452 -0.393750 0.132487
v -0.442740 -0.386853 0.139309
v -0.387376 -0.397699 0.139365
v -0.440607 -0.393587 0.143432
v -0.354481 -0.386933 0.128720
v -0.407710 -0.382821 0.132786
v -0.046548 -0.356250 0.132487
v 0.042740 -0.363147 0.139309
v -0.012624 -0.352301 0.139365
v 0.040607 -0.356413 0.143432
v -0.045519 -0.363067 0.128720
v 0.007711 -0.367179 0.132786
v -0.353452 -0.356250 0.132487
v -0.442740 -0.363147 0.139309
v -0.387376 -0.352301 0.139365
v -0.440607 -0.356413 0.143432
v -0.354481 -0.363067 0.128720
v -0.407710 -0.367179 0.132786
v 0.196176 -0.375000 0.188965
v 0.196176 -0.375000 0.211035
v 0.195075 -0.368346 0.193421
v 0.195075 -0.368346 0.206579
v 0.195075 -0.381654 0.193421
v 0.195075 -0.381654 0.206579
v -0.596176 -0.375000 0.188965
v -0.596176 -0.375000 0.211035
v -0.595075 -0.368346 0.193421
v -0.595075 -0.368346 0.206579
v -0.595075 -0.381654 0.193421
v -0.595075 -0.381654 0.206579
v -0.343279 -0.328784 0.210533
v -0.343279 -0.328784 0.189467
v -0.288039 -0.326680 0.210624
v -0.288039 -0.326680 0.189376
v -0.428489 -0.335366 0.217042
v -0.320494 -0.329188 0.221127
v -0.406439 -0.335827 0.227693
v -0.428489 -0.335366 0.182958
v -0.320494 -0.329188 0.178873
v -0.406439 -0.335827 0.172307
v -0.481153 -0.339435 0.200000
v -0.458958 -0.339884 0.176320
v -0.512075 -0.343987 0.193509
v -0.458958 -0.339884 0.223680
v -0.512075 -0.343987 0.206491
v -0.056721 -0.328784 0.210533
v -0.056721 -0.328784 0.189467
v -0.111961 -0.326680 0.210624
v -0.111961 -0.326680 0.189376
v 0.028489 -0.335366 0.217042
v -0.079506 -0.329188 0.221127
v 0.006439 -0.335827 0.227693
v 0.028489 -0.335366 0.182958
v -0.079506 -0.329188 0.178873
v 0.006439 -0.335827 0.172307
v 0.081153 -0.339435 0.200000
v 0.058958 -0.339884 0.176320
v 0.112075 -0.343987 0.193509
v 0.058958 -0.339884 0.223680
v 0.112075 -0.343987 0.206491
v -0.343279 -0.421216 0.210533
v -0.343279 -0.421216 0.189467
v -0.288039 -0.423320 0.210624
v -0.288039 -0.423320 0.189376
v -0.428489 -0.414634 0.217042
v -0.320494 -0.420812 0.221127
v -0.406439 -0.414173 0.227693
v -0.428489 -0.414634 0.182958
v -0.320494 -0.420812 0.178873
v -0.406439 -0.414173 0.172307
v -0.481153 -0.410565 0.200000
v -0.458958 -0.410116 0.176320
v -0.512075 -0.406013 0.193509
v -0.458958 -0.410116 0.223680
v -0.512075 -0.406013 0.206491
v -0.056721 -0.421216 0.210533
v -0.056721 -0.421216 0.189467
v -0.111961 -0.423320 0.210624
v -0.111961 -0.423320 0.189376
v 0.028489 -0.414634 0.217042
v -0.079506 -0.420812 0.221127
v 0.006439 -0.414173 0.227693
v 0.028489 -0.414634 0.182958
v -0.079506 -0.420812 0.178873
v 0.006439 -0.414173 0.172307
v 0.081153 -0.410565 0.200000
v 0.058958 -0.410116 0.176320
v 0.112075 -0.406013 0.193509
v 0.058958 -0.410116 0.223680
v 0.112075 -0.406013 0.206491
v -0.200000 -0.410144 0.256905
v -0.285209 -0.403561 0.263414
v -0.232454 -0.414009 0.249621
v -0.318399 -0.407370 0.256186
v -0.114791 -0.403561 0.263414
v -0.167546 -0.414009 0.249621
v -0.081601 -0.407370 0.256186
v -0.147336 -0.392910 0.273945
v -0.252664 -0.392910 0.273945
v -0.146881 -0.386005 0.277312
v -0.253119 -0.386005 0.277312
v -0.061537 -0.400805 0.262677
v -0.094363 -0.390062 0.273300
v -0.338463 -0.400805 0.262677
v -0.305637 -0.390062 0.273300
v -0.200000 -0.339856 0.256905
v -0.285209 -0.346439 0.263414
v -0.232454 -0.335991 0.249621
v -0.318399 -0.342630 0.256186
v -0.114791 -0.346439 0.263414
v -0.167546 -0.335991 0.249621
v -0.081601 -0.342630 0.256186
v -0.147336 -0.357090 0.273945
v -0.252664 -0.357090 0.273945
v -0.146881 -0.363995 0.277312
v -0.253119 -0.363995 0.277312
v -0.061537 -0.349195 0.262677
v -0.094363 -0.359938 0.273300
v -0.338463 -0.349195 0.262677
v -0.305637 -0.359938 0.273300
v -0.200000 -0.410144 0.143095
v -0.285209 -0.403561 0.136586
v -0.232454 -0.414009 0.150379
v -0.318399 -0.407370 0.143814
v -0.114791 -0.403561 0.136586
v -0.167546 -0.414009 0.150379
v -0.081601 -0.407370 0.143814
v -0.147336 -0.392910 0.126055
v -0.252664 -0.392910 0.126055
v -0.146881 -0.386005 0.122688
v -0.253119 -0.386005 0.122688
v -0.061537 -0.400805 0.137323
v -0.094363 -0.390062 0.126700
v -0.338463 -0.400805 0.137323
v -0.305637 -0.390062 0.126700
v -0.200000 -0.339856 0.143095
v -0.285209 -0.346439 0.136586
v -0.232454 -0.335991 0.150379
v -0.318399 -0.342630 0.143814
v -0.114791 -0.346439 0.136586
v -0.167546 -0.335991 0.150379
v -0.081601 -0.342630 0.143814
v -0.147336 -0.357090 0.126055
v -0.252664 -0.357090 0.126055
v -0.146881 -0.363995 0.122688
v -0.253119 -0.363995 0.122688
v -0.061537 -0.349195 0.137323
v -0.094363 -0.359938 0.126700
v -0.338463 -0.349195 0.137323
v -0.305637 -0.359938 0.126700
v 0.117068 -0.364349 0.154302
v 0.169726 -0.368417 0.171344
v 0.113386 -0.357692 0.158712
v 0.166500 -0.361795 0.175901
v 0.117068 -0.385651 0.154302
v 0.169726 -0.381583 0.171344
v 0.113386 -0.392308 0.158712
v 0.166500 -0.388205 0.175901
v 0.084523 -0.375000 0.143769
v 0.080932 -0.389800 0.148208
v 0.048105 -0.379057 0.137585
v 0.080932 -0.360200 0.148208
v 0.048105 -0.370943 0.137585
v 0.186558 -0.368360 0.182392
v 0.186558 -0.381640 0.182392
v 0.117068 -0.364349 0.245698
v 0.169726 -0.368417 0.228656
v 0.113386 -0.357692 0.241288
v 0.166500 -0.361795 0.224099
v 0.117068 -0.385651 0.245698
v 0.169726 -0.381583 0.228656
v 0.113386 -0.392308 0.241288
v 0.166500 -0.388205 0.224099
v 0.084523 -0.375000 0.256231
v 0.080932 -0.389800 0.251792
v 0.048105 -0.379057 0.262415
v 0.080932 -0.360200 0.251792
v 0.048105 -0.370943 0.262415
v 0.186558 -0.368360 0.217608
v 0.186558 -0.381640 0.217608
v -0.517068 -0.364349 0.154302
v -0.569726 -0.368417 0.171344
v -0.513386 -0.357692 0.158712
v -0.566500 -0.361795 0.175901
v -0.517068 -0.385651 0.154302
v -0.569726 -0.381583 0.171344
v -0.513386 -0.392308 0.158712
v -0.566500 -0.388205 0.175901
v -0.484523 -0.375000 0.143769
v -0.480932 -0.389800 0.148208
v -0.448105 -0.379057 0.137585
v -0.480932 -0.360200 0.148208
v -0.448105 -0.370943 0.137585
v -0.586558 -0.368360 0.182392
v -0.586558 -0.381640 0.182392
v -0.517068 -0.364349 0.245698
v -0.569726 -0.368417 0.228656
v -0.513386 -0.357692 0.241288
v -0.566500 -0.361795 0.224099
v -0.517068 -0.385651 0.245698
v -0.569726 -0.381583 0.228656
v -0.513386 -0.392308 0.241288
v -0.566500 -0.388205 0.224099
v -0.484523 -0.375000 0.256231
v -0.480932 -0.389800 0.251792
v -0.448105 -0.379057 0.262415
v -0.480932 -0.360200 0.251792
v -0.448105 -0.370943 0.262415
v -0.586558 -0.368360 0.217608
v -0.586558 -0.381640 0.217608
v -0.200000 -0.326807 0.221313
v -0.232927 -0.329351 0.231970
v -0.200000 -0.326807 0.178687
v -0.232927 -0.329351 0.168030
v -0.167073 -0.329351 0.231970
v -0.167073 -0.329351 0.168030
v -0.405348 -0.342671 0.245141
v -0.458631 -0.346787 0.241070
v -0.425704 -0.349332 0.251726
v -0.405348 -0.342671 0.154859
v -0.458631 -0.346787 0.158930
v -0.425704 -0.349332 0.148274
v -0.565191 -0.355019 0.193415
v -0.565191 -0.355019 0.206585
v -0.585543 -0.361679 0.200000
v 0.005348 -0.342671 0.245141
v 0.058631 -0.346787 0.241070
v 0.025704 -0.349332 0.251726
v 0.005348 -0.342671 0.154859
v 0.058631 -0.346787 0.158930
v 0.025704 -0.349332 0.148274
v 0.165191 -0.355019 0.193415
v 0.165191 -0.355019 0.206585
v 0.185543 -0.361679 0.200000
v -0.200000 -0.423193 0.221313
v -0.232927 -0.420649 0.231970
v -0.200000 -0.423193 0.178687
v -0.232927 -0.420649 0.168030
v -0.167073 -0.420649 0.231970
v -0.167073 -0.420649 0.168030
v -0.405348 -0.407329 0.245141
v -0.458631 -0.403213 0.241070
v -0.425704 -0.400668 0.251726
v -0.405348 -0.407329 0.154859
v -0.458631 -0.403213 0.158930
v -0.425704 -0.400668 0.148274
v -0.565191 -0.394981 0.193415
v -0.565191 -0.394981 0.206585
v -0.585543 -0.388321 0.200000
v 0.005348 -0.407329 0.245141
v 0.058631 -0.403213 0.241070
v 0.025704 -0.400668 0.251726
v 0.005348 -0.407329 0.154859
v 0.058631 -0.403213 0.158930
v 0.025704 -0.400668 0.148274
v 0.165191 -0.394981 0.193415
v 0.165191 -0.394981 0.206585
v 0.185543 -0.388321 0.200000
v -0.093434 -0.375000 0.277109
v -0.040152 -0.379116 0.273038
v -0.306566 -0.375000 0.277109
v -0.359848 -0.379116 0.273038
v -0.040152 -0.370884 0.273038
v -0.359848 -0.370884 0.273038
v -0.093434 -0.375000 0.122891
v -0.040152 -0.379116 0.126962
v -0.306566 -0.375000 0.122891
v -0.359848 -0.379116 0.126962
v -0.040152 -0.370884 0.126962
v -0.359848 -0.370884 0.126962
v 0.337157 -0.289932 0.200000
v 0.862843 -0.289932 0.200000
v 0.337157 -0.460068 0.200000
v 0.862843 -0.460068 0.200000
v 0.600000 -0.427569 0.285068
v 0.600000 -0.322431 0.285068
v 0.600000 -0.427569 0.114932
v 0.600000 -0.322431 0.114932
v 1.025339 -0.375000 0.147431
v 1.025339 -0.375000 0.252569
v 0.174661 -0.375000 0.147431
v 0.174661 -0.375000 0.252569
v 0.600000 -0.275000 0.200000
v 0.445503 -0.294099 0.250002
v 0.445503 -0.294099 0.149998
v 0.195493 -0.324998 0.169101
v 0.195493 -0.324998 0.230899
v 0.754497 -0.294099 0.250002
v 0.754497 -0.294099 0.149998
v 1.004507 -0.324998 0.169101
v 1.004507 -0.324998 0.230899
v 0.600000 -0.475000 0.200000
v 0.445503 -0.455901 0.250002
v 0.445503 -0.455901 0.149998
v 0.195493 -0.425002 0.169101
v 0.195493 -0.425002 0.230899
v 0.754497 -0.455901 0.250002
v 0.754497 -0.455901 0.149998
v 1.004507 -0.425002 0.169101
v 1.004507 -0.425002 0.230899
v 0.600000 -0.375000 0.300000
v 0.850010 -0.405899 0.280901
v 0.349990 -0.405899 0.280901
v 0.850010 -0.344101 0.280901
v 0.349990 -0.344101 0.280901
v 0.600000 -0.375000 0.100000
v 0.850010 -0.405899 0.119099
v 0.349990 -0.405899 0.119099
v 0.850010 -0.344101 0.119099
v 0.349990 -0.344101 0.119099
v 1.100000 -0.375000 0.200000
v 0.100000 -0.375000 0.200000
v 0.463379 -0.278805 0.200000
v 0.383073 -0.288732 0.225990
v 0.383073 -0.288732 0.174010
v 0.253122 -0.304793 0.183939
v 0.253122 -0.304793 0.216061
v 0.736621 -0.278805 0.200000
v 0.816927 -0.288732 0.225990
v 0.816927 -0.288732 0.174010
v 0.946878 -0.304793 0.183939
v 0.946878 -0.304793 0.216061
v 0.463379 -0.471195 0.200000
v 0.383073 -0.461268 0.225990
v 0.383073 -0.461268 0.174010
v 0.253122 -0.445207 0.183939
v 0.253122 -0.445207 0.216061
v 0.736621 -0.471195 0.200000
v 0.816927 -0.461268 0.225990
v 0.816927 -0.461268 0.174010
v 0.946878 -0.445207 0.183939
v 0.946878 -0.445207 0.216061
v 0.519695 -0.444376 0.270207
v 0.680305 -0.444376 0.270207
v 0.600000 -0.402324 0.296195
v 0.729952 -0.418385 0.286268
v 0.470049 -0.418385 0.286268
v 0.519695 -0.305624 0.270207
v 0.680305 -0.305624 0.270207
v 0.600000 -0.347676 0.296195
v 0.729952 -0.331615 0.286268
v 0.470049 -0.331615 0.286268
v 0.519695 -0.444376 0.129793
v 0.680305 -0.444376 0.129793
v 0.600000 -0.402324 0.103805
v 0.729952 -0.418385 0.113732
v 0.470049 -0.418385 0.113732
v 0.519695 -0.305624 0.129793
v 0.680305 -0.305624 0.129793
v 0.600000 -0.347676 0.103805
v 0.729952 -0.331615 0.113732
v 0.470049 -0.331615 0.113732
v 1.031341 -0.349010 0.156615
v 1.031341 -0.400990 0.156615
v 0.951036 -0.391061 0.130624
v 0.951036 -0.358939 0.130624
v 1.080973 -0.375000 0.172676
v 1.031341 -0.349010 0.243385
v 1.031341 -0.400990 0.243385
v 0.951036 -0.391061 0.269376
v 0.951036 -0.358939 0.269376
v 1.080973 -0.375000 0.227324
v 0.168659 -0.349010 0.156615
v 0.168659 -0.400990 0.156615
v 0.248964 -0.391061 0.130624
v 0.248964 -0.358939 0.130624
v 0.119027 -0.375000 0.172676
v 0.168659 -0.349010 0.243385
v 0.168659 -0.400990 0.243385
v 0.248964 -0.391061 0.269376
v 0.248964 -0.358939 0.269376
v 0.119027 -0.375000 0.227324
v 0.518776 -0.279894 0.226288
v 0.518776 -0.279894 0.173712
v 0.681224 -0.279894 0.226288
v 0.681224 -0.279894 0.173712
v 0.306114 -0.306180 0.242532
v 0.600000 -0.289936 0.252575
v 0.387338 -0.316223 0.268820
v 0.306114 -0.306180 0.157468
v 0.600000 -0.289936 0.147425
v 0.387338 -0.316223 0.131180
v 0.174680 -0.322425 0.200000
v 0.255899 -0.332467 0.141223
v 0.124472 -0.348712 0.183755
v 0.255899 -0.332467 0.258777
v 0.124472 -0.348712 0.216245
v 0.893886 -0.306180 0.242532
v 0.812662 -0.316223 0.268820
v 0.893886 -0.306180 0.157468
v 0.812662 -0.316223 0.131180
v 1.025320 -0.322425 0.200000
v 0.944101 -0.332467 0.141223
v 1.075528 -0.348712 0.183755
v 0.944101 -0.332467 0.258777
v 1.075528 -0.348712 0.216245
v 0.518776 -0.470106 0.226288
v 0.518776 -0.470106 0.173712
v 0.681224 -0.470106 0.226288
v 0.681224 -0.470106 0.173712
v 0.306114 -0.443820 0.242532
v 0.600000 -0.460064 0.252575
v 0.387338 -0.433777 0.268820
v 0.306114 -0.443820 0.157468
v 0.600000 -0.460064 0.147425
v 0.387338 -0.433777 0.131180
v 0.174680 -0.427575 0.200000
v 0.255899 -0.417533 0.141223
v 0.124472 -0.401288 0.183755
v 0.255899 -0.417533 0.258777
v 0.124472 -0.401288 0.216245
v 0.893886 -0.443820 0.242532
v 0.812662 -0.433777 0.268820
v 0.893886 -0.443820 0.157468
v 0.812662 -0.433777 0.131180
v 1.025320 -0.427575 0.200000
v 0.944101 -0.417533 0.141223
v 1.075528 -0.401288 0.183755
v 0.944101 -0.417533 0.258777
v 1.075528 -0.401288 0.216245
v 0.731438 -0.391245 0.295106
v 0.468562 -0.391245 0.295106
v 0.731438 -0.358755 0.295106
v 0.468562 -0.358755 0.295106
v 0.862874 -0.375000 0.285064
v 0.337126 -0.375000 0.285064
v 0.731438 -0.391245 0.104894
v 0.468562 -0.391245 0.104894
v 0.731438 -0.358755 0.104894
v 0.468562 -0.358755 0.104894
v 0.862874 -0.375000 0.114936
v 0.337126 -0.375000 0.114936
v 0.398340 -0.283494 0.200000
v 0.357799 -0.288505 0.213121
v 0.357799 -0.288505 0.186879
v 0.292196 -0.296613 0.191892
v 0.292196 -0.296613 0.208108
v 0.801660 -0.283494 0.200000
v 0.842201 -0.288505 0.213121
v 0.842201 -0.288505 0.186879
v 0.907804 -0.296613 0.191892
v 0.907804 -0.296613 0.208108
v 0.398340 -0.466506 0.200000
v 0.357799 -0.461495 0.213121
v 0.357799 -0.461495 0.186879
v 0.292196 -0.453387 0.191892
v 0.292196 -0.453387 0.208108
v 0.801660 -0.466506 0.200000
v 0.842201 -0.461495 0.213121
v 0.842201 -0.461495 0.186879
v 0.907804 -0.453387 0.191892
v 0.907804 -0.453387 0.208108
v 0.559460 -0.436561 0.278387
v 0.640540 -0.436561 0.278387
v 0.600000 -0.415332 0.291506
v 0.665603 -0.423440 0.286495
v 0.534397 -0.423440 0.286495
v 0.559460 -0.313439 0.278387
v 0.640540 -0.313439 0.278387
v 0.600000 -0.334668 0.291506
v 0.665603 -0.326560 0.286495
v 0.534397 -0.326560 0.286495
v 0.559460 -0.436561 0.121613
v 0.640540 -0.436561 0.121613
v 0.600000 -0.415332 0.108494
v 0.665603 -0.423440 0.113505
v 0.534397 -0.423440 0.113505
v 0.559460 -0.313439 0.121613
v 0.640540 -0.313439 0.121613
v 0.600000 -0.334668 0.108494
v 0.665603 -0.326560 0.113505
v 0.534397 -0.326560 0.113505
v 1.032475 -0.361879 0.151560
v 1.032475 -0.388121 0.151560
v 0.991935 -0.383108 0.138439
v 0.991935 -0.366892 0.138439
v 1.057530 -0.375000 0.159668
v 1.032475 -0.361879 0.248440
v 1.032475 -0.388121 0.248440
v 0.991935 -0.383108 0.261561
v 0.991935 -0.366892 0.261561
v 1.057530 -0.375000 0.240332
v 0.167525 -0.361879 0.151560
v 0.167525 -0.388121 0.151560
v 0.208065 -0.383108 0.138439
v 0.208065 -0.366892 0.138439
v 0.142470 -0.375000 0.159668
v 0.167525 -0.361879 0.248440
v 0.167525 -0.388121 0.248440
v 0.208065 -0.383108 0.261561
v 0.208065 -0.366892 0.261561
v 0.142470 -0.375000 0.240332
v 0.531030 -0.275956 0.200000
v 0.668970 -0.275956 0.200000
v 0.558882 -0.276231 0.213308
v 0.558882 -0.276231 0.186692
v 0.641118 -0.276231 0.213308
v 0.641118 -0.276231 0.186692
v 0.412495 -0.290608 0.238363
v 0.481466 -0.299136 0.260685
v 0.480671 -0.285900 0.238620
v 0.373014 -0.299206 0.246844
v 0.521789 -0.290983 0.251928
v 0.414132 -0.304290 0.260152
v 0.412495 -0.290608 0.161637
v 0.481466 -0.299136 0.139315
v 0.480671 -0.285900 0.161380
v 0.373014 -0.299206 0.153156
v 0.521789 -0.290983 0.148072
v 0.414132 -0.304290 0.139848
v 0.220681 -0.314315 0.176293
v 0.178041 -0.336637 0.162499
v 0.246450 -0.314848 0.162826
v 0.179915 -0.323072 0.184358
v 0.221030 -0.328156 0.154603
v 0.154498 -0.336380 0.176134
v 0.220681 -0.314315 0.223707
v 0.178041 -0.336637 0.237501
v 0.246450 -0.314848 0.237174
v 0.179915 -0.323072 0.215642
v 0.221030 -0.328156 0.245397
v 0.154498 -0.336380 0.223866
v 0.787505 -0.290608 0.238363
v 0.718534 -0.299136 0.260685
v 0.719329 -0.285900 0.238620
v 0.678211 -0.290983 0.251928
v 0.826986 -0.299206 0.246844
v 0.785868 -0.304290 0.260152
v 0.787505 -0.290608 0.161637
v 0.718534 -0.299136 0.139315
v 0.719329 -0.285900 0.161380
v 0.678211 -0.290983 0.148072
v 0.826986 -0.299206 0.153156
v 0.785868 -0.304290 0.139848
v 0.979320 -0.314315 0.176293
v 1.021959 -0.336637 0.162499
v 0.953550 -0.314848 0.162826
v 1.020085 -0.323072 0.184358
v 0.978970 -0.328156 0.154603
v 1.045502 -0.336380 0.176134
v 0.979320 -0.314315 0.223707
v 1.021959 -0.336637 0.237501
v 0.953550 -0.314848 0.237174
v 1.020085 -0.323072 0.215642
v 0.978970 -0.328156 0.245397
v 1.045502 -0.336380 0.223866
v 0.531030 -0.474044 0.200000
v 0.668970 -0.474044 0.200000
v 0.558882 -0.473769 0.213308
v 0.558882 -0.473769 0.186692
v 0.641118 -0.473769 0.213308
v 0.641118 -0.473769 0.186692
v 0.412495 -0.459392 0.238363
v 0.481466 -0.450864 0.260685
v 0.480671 -0.464100 0.238620
v 0.373014 -0.450794 0.246844
v 0.521789 -0.459017 0.251928
v 0.414132 -0.445710 0.260152
v 0.412495 -0.459392 0.161637
v 0.481466 -0.450864 0.139315
v 0.480671 -0.464100 0.161380
v 0.373014 -0.450794 0.153156
v 0.521789 -0.459017 0.148072
v 0.414132 -0.445710 0.139848
v 0.220681 -0.435685 0.176293
v 0.178041 -0.413363 0.162499
v 0.246450 -0.435152 0.162826
v 0.179915 -0.426928 0.184358
v 0.221030 -0.421844 0.154603
v 0.154498 -0.413620 0.176134
v 0.220681 -0.435685 0.223707
v 0.178041 -0.413363 0.237501
v 0.246450 -0.435152 0.237174
v 0.179915 -0.426928 0.215642
v 0.221030 -0.421844 0.245397
v 0.154498 -0.413620 0.223866
v 0.787505 -0.459392 0.238363
v 0.718534 -0.450864 0.260685
v 0.719329 -0.464100 0.238620
v 0.678211 -0.459017 0.251928
v 0.826986 -0.450794 0.246844
v 0.785868 -0.445710 0.260152
v 0.787505 -0.459392 0.161637
v 0.718534 -0.450864 0.139315
v 0.719329 -0.464100 0.161380
v 0.678211 -0.459017 0.148072
v 0.826986 -0.450794 0.153156
v 0.785868 -0.445710 0.139848
v 0.979320 -0.435685 0.176293
v 1.021959 -0.413363 0.162499
v 0.953550 -0.435152 0.162826
v 1.020085 -0.426928 0.184358
v 0.978970 -0.421844 0.154603
v 1.045502 -0.413620 0.176134
v 0.979320 -0.435685 0.223707
v 1.021959 -0.413363 0.237501
v 0.953550 -0.435152 0.237174
v 1.020085 -0.426928 0.215642
v 0.978970 -0.421844 0.245397
v 1.045502 -0.413620 0.223866
v 0.600000 -0.388794 0.299044
v 0.600000 -0.361206 0.299044
v 0.666538 -0.383224 0.298769
v 0.533462 -0.383224 0.298769
v 0.666538 -0.366776 0.298769
v 0.533462 -0.366776 0.298769
v 0.791815 -0.412501 0.284392
v 0.903424 -0.398707 0.275864
v 0.834220 -0.420397 0.275794
v 0.900759 -0.412174 0.270710
v 0.793102 -0.398866 0.289100
v 0.859638 -0.390642 0.284017
v 0.408185 -0.412501 0.284392
v 0.296576 -0.398707 0.275864
v 0.365780 -0.420397 0.275794
v 0.299241 -0.412174 0.270710
v 0.406898 -0.398866 0.289100
v 0.340362 -0.390642 0.284017
v 0.791815 -0.337499 0.284392
v 0.903424 -0.351293 0.275864
v 0.834220 -0.329603 0.275794
v 0.900759 -0.337826 0.270710
v 0.793102 -0.351134 0.289100
v 0.859638 -0.359358 0.284017
v 0.408185 -0.337499 0.284392
v 0.296576 -0.351293 0.275864
v 0.365780 -0.329603 0.275794
v 0.299241 -0.337826 0.270710
v 0.406898 -0.351134 0.289100
v 0.340362 -0.359358 0.284017
v 0.600000 -0.388794 0.100956
v 0.600000 -0.361206 0.100956
v 0.666538 -0.383224 0.101231
v 0.533462 -0.383224 0.101231
v 0.666538 -0.366776 0.101231
v 0.533462 -0.366776 0.101231
v 0.791815 -0.412501 0.115608
v 0.903424 -0.398707 0.124136
v 0.834220 -0.420397 0.124206
v 0.900759 -0.412174 0.129290
v 0.793102 -0.398866 0.110900
v 0.859638 -0.390642 0.115983
v 0.408185 -0.412501 0.115608
v 0.296576 -0.398707 0.124136
v 0.365780 -0.420397 0.124206
v 0.299241 -0.412174 0.129290
v 0.406898 -0.398866 0.110900
v 0.340362 -0.390642 0.115983
v 0.791815 -0.337499 0.115608
v 0.903424 -0.351293 0.124136
v 0.834220 -0.329603 0.124206
v 0.900759 -0.337826 0.129290
v 0.793102 -0.351134 0.110900
v 0.859638 -0.359358 0.115983
v 0.408185 -0.337499 0.115608
v 0.296576 -0.351293 0.124136
v 0.365780 -0.329603 0.124206
v 0.299241 -0.337826 0.129290
v 0.406898 -0.351134 0.110900
v 0.340362 -0.359358 0.115983
v 1.095220 -0.375000 0.186206
v 1.095220 -0.375000 0.213794
v 1.093844 -0.361692 0.191776
v 1.093844 -0.361692 0.208224
v 1.093844 -0.388308 0.191776
v 1.093844 -0.388308 0.208224
v 0.104780 -0.375000 0.186206
v 0.104780 -0.375000 0.213794
v 0.106156 -0.361692 0.191776
v 0.106156 -0.361692 0.208224
v 0.106156 -0.388308 0.191776
v 0.106156 -0.388308 0.208224
v 0.420901 -0.282568 0.213166
v 0.420901 -0.282568 0.186834
v 0.489951 -0.278360 0.213280
v 0.489951 -0.278360 0.186720
v 0.314389 -0.295733 0.221302
v 0.449383 -0.283375 0.226409
v 0.341951 -0.296654 0.234616
v 0.314389 -0.295733 0.178698
v 0.449383 -0.283375 0.173591
v 0.341951 -0.296654 0.165384
v 0.248559 -0.303869 0.200000
v 0.276303 -0.304767 0.170400
v 0.209906 -0.312974 0.191886
v 0.276303 -0.304767 0.229600
v 0.209906 -0.312974 0.208114
v 0.779099 -0.282568 0.213166
v 0.779099 -0.282568 0.186834
v 0.710049 -0.278360 0.213280
v 0.710049 -0.278360 0.186720
v 0.885611 -0.295733 0.221302
v 0.750617 -0.283375 0.226409
v 0.858049 -0.296654 0.234616
v 0.885611 -0.295733 0.178698
v 0.750617 -0.283375 0.173591
v 0.858049 -0.296654 0.165384
v 0.951441 -0.303869 0.200000
v 0.923697 -0.304767 0.170400
v 0.990094 -0.312974 0.191886
v 0.923697 -0.304767 0.229600
v 0.990094 -0.312974 0.208114
v 0.420901 -0.467432 0.213166
v 0.420901 -0.467432 0.186834
v 0.489951 -0.471640 0.213280
v 0.489951 -0.471640 0.186720
v 0.314389 -0.454267 0.221302
v 0.449383 -0.466625 0.226409
v 0.341951 -0.453346 0.234616
v 0.314389 -0.454267 0.178698
v 0.449383 -0.466625 0.173591
v 0.341951 -0.453346 0.165384
v 0.248559 -0.446131 0.200000
v 0.276303 -0.445233 0.170400
v 0.209906 -0.437026 0.191886
v 0.276303 -0.445233 0.229600
v 0.209906 -0.437026 0.208114
v 0.779099 -0.467432 0.213166
v 0.779099 -0.467432 0.186834
v 0.710049 -0.471640 0.213280
v 0.710049 -0.471640 0.186720
v 0.885611 -0.454267 0.221302
v 0.750617 -0.466625 0.226409
v 0.858049 -0.453346 0.234616
v 0.885611 -0.454267 0.178698
v 0.750617 -0.466625 0.173591
v 0.858049 -0.453346 0.165384
v 0.951441 -0.446131 0.200000
v 0.923697 -0.445233 0.170400
v 0.990094 -0.437026 0.191886
v 0.923697 -0.445233 0.229600
v 0.990094 -0.437026 0.208114
v 0.600000 -0.445288 0.271131
v 0.493489 -0.432122 0.279267
v 0.559432 -0.453019 0.262026
v 0.452001 -0.439739 0.270233
v 0.706511 -0.432122 0.279267
v 0.640568 -0.453019 0.262026
v 0.747999 -0.439739 0.270233
v 0.665830 -0.410820 0.292432
v 0.534170 -0.410820 0.292432
v 0.666399 -0.397010 0.296640
v 0.533601 -0.397010 0.296640
v 0.773079 -0.426610 0.278346
v 0.732047 -0.405123 0.291625
v 0.426921 -0.426610 0.278346
v 0.467953 -0.405123 0.291625
v 0.600000 -0.304712 0.271131
v 0.493489 -0.317878 0.279267
v 0.559432 -0.296981 0.262026
v 0.452001 -0.310261 0.270233
v 0.706511 -0.317878 0.279267
v 0.640568 -0.296981 0.262026
v 0.747999 -0.310261 0.270233
v 0.665830 -0.339180 0.292432
v 0.534170 -0.339180 0.292432
v 0.666399 -0.352990 0.296640
v 0.533601 -0.352990 0.296640
v 0.773079 -0.323390 0.278346
v 0.732047 -0.344877 0.291625
v 0.426921 -0.323390 0.278346
v 0.467953 -0.344877 0.291625
v 0.600000 -0.445288 0.128869
v 0.493489 -0.432122 0.120733
v 0.559432 -0.453019 0.137974
v 0.452001 -0.439739 0.129767
v 0.706511 -0.432122 0.120733
v 0.640568 -0.453019 0.137974
v 0.747999 -0.439739 0.129767
v 0.665830 -0.410820 0.107568
v 0.534170 -0.410820 0.107568
v 0.666399 -0.397010 0.103360
v 0.533601 -0.397010 0.103360
v 0.773079 -0.426610 0.121654
v 0.732047 -0.405123 0.108375
v 0.426921 -0.426610 0.121654
v 0.467953 -0.405123 0.108375
v 0.600000 -0.304712 0.128869
v 0.493489 -0.317878 0.120733
v 0.559432 -0.296981 0.137974
v 0.452001 -0.310261 0.129767
v 0.706511 -0.317878 0.120733
v 0.640568 -0.296981 0.137974
v 0.747999 -0.310261 0.129767
v 0.665830 -0.339180 0.107568
v 0.534170 -0.339180 0.107568
v 0.666399 -0.352990 0.103360
v 0.533601 -0.352990 0.103360
v 0.773079 -0.323390 0.121654
v 0.732047 -0.344877 0.108375
v 0.426921 -0.323390 0.121654
v 0.467953 -0.344877 0.108375
v 0.996335 -0.353698 0.142878
v 1.062158 -0.361834 0.164180
v 0.991732 -0.340384 0.148390
v 1.058125 -0.348591 0.169877
v 0.996335 -0.396302 0.142878
v 1.062158 -0.388166 0.164180
v 0.991732 -0.409616 0.148390
v 1.058125 -0.401409 0.169877
v 0.955653 -0.375000 0.129712
v 0.951164 -0.404600 0.135261
v 0.910131 -0.383114 0.121981
v 0.951164 -0.345400 0.135261
v 0.910131 -0.366886 0.121981
v 1.083198 -0.361720 0.177990
v 1.083198 -0.388280 0.177990
v 0.996335 -0.353698 0.257122
v 1.062158 -0.361834 0.235820
v 0.991732 -0.340384 0.251610
v 1.058125 -0.348591 0.230123
v 0.996335 -0.396302 0.257122
v 1.062158 -0.388166 0.235820
v 0.991732 -0.409616 0.251610
v 1.058125 -0.401409 0.230123
v 0.955653 -0.375000 0.270288
v 0.951164 -0.404600 0.264739
v 0.910131 -0.383114 0.278019
v 0.951164 -0.345400 0.264739
v 0.910131 -0.366886 0.278019
v 1.083198 -0.361720 0.222010
v 1.083198 -0.388280 0.222010
v 0.203665 -0.353698 0.142878
v 0.137842 -0.361834 0.164180
v 0.208268 -0.340384 0.148390
v 0.141875 -0.348591 0.169877
v 0.203665 -0.396302 0.142878
v 0.137842 -0.388166 0.164180
v 0.208268 -0.409616 0.148390
v 0.141875 -0.401409 0.169877
v 0.244347 -0.375000 0.129712
v 0.248836 -0.404600 0.135261
v 0.289869 -0.383114 0.121981
v 0.248836 -0.345400 0.135261
v 0.289869 -0.366886 0.121981
v 0.116802 -0.361720 0.177990
v 0.116802 -0.388280 0.177990
v 0.203665 -0.353698 0.257122
v 0.137842 -0.361834 0.235820
v 0.208268 -0.340384 0.251610
v 0.141875 -0.348591 0.230123
v 0.203665 -0.396302 0.257122
v 0.137842 -0.388166 0.235820
v 0.208268 -0.409616 0.251610
v 0.141875 -0.401409 0.230123
v 0.244347 -0.375000 0.270288
v 0.248836 -0.404600 0.264739
v 0.289869 -0.383114 0.278019
v 0.248836 -0.345400 0.264739
v 0.289869 -0.366886 0.278019
v 0.116802 -0.361720 0.222010
v 0.116802 -0.388280 0.222010
v 0.600000 -0.278614 0.226642
v 0.558841 -0.283702 0.239962
v 0.600000 -0.278614 0.173358
v 0.558841 -0.283702 0.160038
v 0.641159 -0.283702 0.239962
v 0.641159 -0.283702 0.160038
v 0.343315 -0.310342 0.256426
v 0.276711 -0.318574 0.251337
v 0.317870 -0.323663 0.264658
v 0.343315 -0.310342 0.143574
v 0.276711 -0.318574 0.148663
v 0.317870 -0.323663 0.135342
v 0.143512 -0.335038 0.191768
v 0.143512 -0.335038 0.208232
v 0.118071 -0.348358 0.200000
v 0.856685 -0.310342 0.256426
v 0.923289 -0.318574 0.251337
v 0.882130 -0.323663 0.264658
v 0.856685 -0.310342 0.143574
v 0.923289 -0.318574 0.148663
v 0.882130 -0.323663 0.135342
v 1.056489 -0.335038 0.191768
v 1.056489 -0.335038 0.208232
v 1.081929 -0.348358 0.200000
v 0.600000 -0.471386 0.226642
v 0.558841 -0.466298 0.239962
v 0.600000 -0.471386 0.173358
v 0.558841 -0.466298 0.160038
v 0.641159 -0.466298 0.239962
v 0.641159 -0.466298 0.160038
v 0.343315 -0.439658 0.256426
v 0.276711 -0.431426 0.251337
v 0.317870 -0.426337 0.264658
v 0.343315 -0.439658 0.143574
v 0.276711 -0.431426 0.148663
v 0.317870 -0.426337 0.135342
v 0.143512 -0.414962 0.191768
v 0.143512 -0.414962 0.208232
v 0.118071 -0.401642 0.200000
v 0.856685 -0.439658 0.256426
v 0.923289 -0.431426 0.251337
v 0.882130 -0.426337 0.264658
v 0.856685 -0.439658 0.143574
v 0.923289 -0.431426 0.148663
v 0.882130 -0.426337 0.135342
v 1.056489 -0.414962 0.191768
v 1.056489 -0.414962 0.208232
v 1.081929 -0.401642 0.200000
v 0.733208 -0.375000 0.296386
v 0.799811 -0.383232 0.291298
v 0.466792 -0.375000 0.296386
v 0.400189 -0.383232 0.291298
v 0.799811 -0.366768 0.291298
v 0.400189 -0.366768 0.291298
v 0.733208 -0.375000 0.103614
v 0.799811 -0.383232 0.108702
v 0.466792 -0.375000 0.103614
v 0.400189 -0.383232 0.108702
v 0.799811 -0.366768 0.108702
v 0.400189 -0.366768 0.108702
f 1 167 164
f 1 164 163
f 1 163 165
f 1 165 166
f 1 166 167
f 2 169 172
f 6 192 190
f 12 222 219
f 11 216 215
f 8 199 201
f 4 182 179
f 4 179 178
f 4 178 180
f 4 180 181
f 4 181 182
f 5 186 185
f 3 174 177
f 7 193 197
f 9 205 206
f 10 212 208
f 12 221 218
f 6 189 188
f 2 170 168
f 8 202 198
f 11 217 213
f 6 191 189
f 12 220 221
f 11 214 217
f 8 200 202
f 2 171 170
f 10 210 209
f 5 183 184
f 3 175 173
f 7 196 194
f 9 207 204
f 10 211 210
f 5 187 183
f 3 176 175
f 7 195 196
f 9 203 207
f 6 188 192
f 2 168 169
f 8 198 199
f 11 213 216
f 12 218 222
f 10 208 211
f 5 185 187
f 3 177 176
f 7 197 195
f 9 206 203
f 5 184 186
f 3 173 174
f 7 194 193
f 9 204 205
f 10 209 212
f 6 190 191
f 12 219 220
f 11 215 214
f 8 201 200
f 2 172 171
f 35 357 358
f 18 255 256
f 19 262 261
f 40 388 387
f 42 400 399
f 34 352 351
f 33 347 348
f 25 298 300
f 36 364 366
f 20 269 267
f 32 339 340
f 23 285 287
f 24 293 291
f 37 370 369
f 41 396 395
f 34 353 354
f 33 346 345
f 25 299 297
f 36 365 363
f 20 268 270
f 17 249 247
f 14 231 229
f 13 226 223
f 15 238 235
f 16 244 241
f 18 257 253
f 35 359 355
f 42 402 398
f 40 390 386
f 19 264 260
f 30 327 325
f 27 309 307
f 22 282 278
f 28 317 313
f 29 322 319
f 32 341 337
f 23 286 283
f 24 294 290
f 37 372 368
f 41 394 392
f 35 358 356
f 18 256 254
f 19 261 259
f 40 387 385
f 42 399 397
f 34 351 349
f 33 348 344
f 25 300 296
f 36 366 362
f 20 267 265
f 32 340 338
f 23 287 284
f 24 291 289
f 37 369 367
f 41 395 391
f 34 354 350
f 33 345 343
f 25 297 295
f 36 363 361
f 20 270 266
f 14 234 230
f 13 227 224
f 15 239 236
f 16 245 242
f 17 252 248
f 21 275 272
f 31 334 331
f 26 304 301
f 38 377 373
f 39 382 380
f 27 312 308
f 22 279 277
f 28 316 314
f 29 323 320
f 30 330 326
f 31 335 332
f 26 305 302
f 38 376 374
f 39 383 379
f 21 274 271
f 14 232 234
f 13 225 227
f 15 237 239
f 16 243 245
f 17 250 252
f 21 273 275
f 31 336 334
f 26 306 304
f 38 378 377
f 39 381 382
f 27 311 312
f 22 281 279
f 28 315 316
f 29 321 323
f 30 328 330
f 31 333 335
f 26 303 305
f 38 375 376
f 39 384 383
f 21 276 274
f 14 229 232
f 13 223 225
f 15 235 237
f 16 241 243
f 17 247 250
f 21 271 273
f 31 332 336
f 26 302 306
f 38 374 378
f 39 379 381
f 27 307 311
f 22 278 281
f 28 313 315
f 29 319 321
f 30 325 328
f 31 331 333
f 26 301 303
f 38 373 375
f 39 380 384
f 21 272 276
f 17 248 251
f 14 230 233
f 13 224 228
f 15 236 240
f 16 242 246
f 18 254 258
f 35 356 360
f 42 397 401
f 40 385 389
f 19 259 263
f 30 326 329
f 27 308 310
f 22 277 280
f 28 314 318
f 29 320 324
f 32 338 342
f 23 284 288
f 24 289 292
f 37 367 371
f 41 391 393
f 35 355 357
f 18 253 255
f 19 260 262
f 40 386 388
f 42 398 400
f 34 350 352
f 33 343 347
f 25 295 298
f 36 361 364
f 20 266 269
f 32 337 339
f 23 283 285
f 24 290 293
f 37 368 370
f 41 392 396
f 34 349 353
f 33 344 346
f 25 296 299
f 36 362 365
f 20 265 268
f 17 251 249
f 14 233 231
f 13 228 226
f 15 240 238
f 16 246 244
f 18 258 257
f 35 360 359
f 42 401 402
f 40 389 390
f 19 263 264
f 30 329 327
f 27 310 309
f 22 280 282
f 28 318 317
f 29 324 322
f 32 342 341
f 23 288 286
f 24 292 294
f 37 371 372
f 41 393 394
f 107 409 416
f 103 405 408
f 104 411 406
f 110 414 412
f 113 417 415
f 118 431 424
f 154 488 492
f 141 575 582
f 162 563 565
f 121 519 514
f 142 454 461
f 129 450 453
f 130 456 451
f 144 459 457
f 146 462 460
f 151 472 475
f 131 446 439
f 136 506 496
f 161 535 533
f 126 541 551
f 116 570 579
f 108 480 483
f 106 421 426
f 112 511 521
f 115 556 566
f 119 484 489
f 156 580 578
f 139 567 560
f 160 522 518
f 120 427 429
f 149 544 547
f 132 468 465
f 128 436 441
f 145 499 504
f 148 530 537
f 155 548 550
f 133 466 476
f 134 442 444
f 157 505 502
f 124 536 526
f 109 491 481
f 105 423 420
f 111 513 510
f 114 564 555
f 117 581 571
f 125 549 540
f 152 477 473
f 137 445 447
f 158 503 507
f 123 525 534
f 143 474 469
f 127 438 435
f 135 495 498
f 147 532 529
f 150 552 545
f 153 490 487
f 140 577 574
f 138 559 562
f 159 517 520
f 122 430 432
f 107 590 589
f 103 584 583
f 104 585 586
f 110 592 593
f 113 595 596
f 118 598 599
f 154 636 633
f 141 621 620
f 162 642 640
f 121 601 603
f 142 623 622
f 129 611 607
f 130 609 612
f 144 625 626
f 146 628 629
f 151 632 631
f 131 613 614
f 136 616 618
f 161 638 641
f 126 606 605
f 47 407 167
f 44 403 164
f 43 404 163
f 45 410 165
f 46 413 166
f 49 422 169
f 72 486 192
f 102 573 222
f 96 561 216
f 79 512 199
f 62 452 182
f 59 448 179
f 58 449 178
f 60 455 180
f 61 458 181
f 66 470 186
f 54 437 174
f 73 494 193
f 85 531 205
f 92 539 212
f 101 568 221
f 69 478 189
f 50 419 170
f 82 509 202
f 97 554 217
f 71 482 191
f 100 576 220
f 94 558 214
f 80 516 200
f 51 425 171
f 90 542 210
f 63 463 183
f 55 434 175
f 76 497 196
f 87 528 207
f 91 546 211
f 67 464 187
f 56 440 176
f 75 500 195
f 83 524 203
f 68 479 188
f 48 418 168
f 78 508 198
f 93 553 213
f 98 569 218
f 88 538 208
f 65 471 185
f 57 443 177
f 77 501 197
f 86 523 206
f 64 467 184
f 53 433 173
f 74 493 194
f 84 527 204
f 89 543 209
f 70 485 190
f 99 572 219
f 95 557 215
f 81 515 201
f 52 428 172
f 109 591 357
f 105 587 255
f 111 588 262
f 114 594 388
f 117 597 400
f 125 600 352
f 152 634 347
f 137 619 298
f 158 639 364
f 123 602 269
f 143 624 339
f 127 608 285
f 135 610 293
f 147 627 370
f 150 630 396
f 153 635 353
f 140 615 346
f 138 617 299
f 159 637 365
f 122 604 268
f 107 416 249
f 103 408 231
f 104 406 226
f 110 412 238
f 113 415 244
f 118 424 257
f 154 492 359
f 141 582 402
f 162 565 390
f 121 514 264
f 142 461 327
f 129 453 309
f 130 451 282
f 144 457 317
f 146 460 322
f 151 475 341
f 131 439 286
f 136 496 294
f 161 533 372
f 126 551 394
f 116 579 358
f 108 483 256
f 106 426 261
f 112 521 387
f 115 566 399
f 119 489 351
f 156 578 348
f 139 560 300
f 160 518 366
f 120 429 267
f 149 547 340
f 132 465 287
f 128 441 291
f 145 504 369
f 148 537 395
f 155 550 354
f 133 476 345
f 134 444 297
f 157 502 363
f 124 526 270
f 109 481 234
f 105 420 227
f 111 510 239
f 114 555 245
f 117 571 252
f 125 540 275
f 152 473 334
f 137 447 304
f 158 507 377
f 123 534 382
f 143 469 312
f 127 435 279
f 135 498 316
f 147 529 323
f 150 545 330
f 153 487 335
f 140 574 305
f 138 562 376
f 159 520 383
f 122 432 274
f 107 589 232
f 103 583 225
f 104 586 237
f 110 593 243
f 113 596 250
f 118 599 273
f 154 633 336
f 141 620 306
f 162 640 378
f 121 603 381
f 142 622 311
f 129 607 281
f 130 612 315
f 144 626 321
f 146 629 328
f 151 631 333
f 131 614 303
f 136 618 375
f 161 641 384
f 126 605 276
f 44 409 229
f 43 405 223
f 45 411 235
f 46 414 241
f 47 417 247
f 52 431 271
f 70 488 332
f 99 575 302
f 95 563 374
f 81 519 379
f 59 454 307
f 58 450 278
f 60 456 313
f 61 459 319
f 62 462 325
f 65 472 331
f 57 446 301
f 77 506 373
f 86 535 380
f 88 541 272
f 98 570 248
f 68 480 230
f 48 421 224
f 78 511 236
f 93 556 242
f 69 484 254
f 101 580 356
f 97 567 397
f 82 522 385
f 50 427 259
f 89 544 326
f 64 468 308
f 53 436 277
f 74 499 314
f 84 530 320
f 90 548 338
f 63 466 284
f 55 442 289
f 76 505 367
f 87 536 391
f 72 491 355
f 49 423 253
f 79 513 260
f 96 564 386
f 102 581 398
f 91 549 350
f 67 477 343
f 56 445 295
f 75 503 361
f 83 525 266
f 66 474 337
f 54 438 283
f 73 495 290
f 85 532 368
f 92 552 392
f 71 490 349
f 100 577 344
f 94 559 296
f 80 517 362
f 51 430 265
f 116 590 251
f 108 584 233
f 106 585 228
f 112 592 240
f 115 595 246
f 119 598 258
f 156 636 360
f 139 621 401
f 160 642 389
f 120 601 263
f 149 623 329
f 132 611 310
f 128 609 280
f 145 625 318
f 148 628 324
f 155 632 342
f 133 613 288
f 134 616 292
f 157 638 371
f 124 606 393
f 44 407 409
f 43 403 405
f 45 404 411
f 46 410 414
f 47 413 417
f 52 422 431
f 70 486 488
f 99 573 575
f 95 561 563
f 81 512 519
f 59 452 454
f 58 448 450
f 60 449 456
f 61 455 459
f 62 458 462
f 65 470 472
f 57 437 446
f 77 494 506
f 86 531 535
f 88 539 541
f 98 568 570
f 68 478 480
f 48 419 421
f 78 509 511
f 93 554 556
f 69 482 484
f 101 576 580
f 97 558 567
f 82 516 522
f 50 425 427
f 89 542 544
f 64 463 468
f 53 434 436
f 74 497 499
f 84 528 530
f 90 546 548
f 63 464 466
f 55 440 442
f 76 500 505
f 87 524 536
f 72 479 491
f 49 418 423
f 79 508 513
f 96 553 564
f 102 569 581
f 91 538 549
f 67 471 477
f 56 443 445
f 75 501 503
f 83 523 525
f 66 467 474
f 54 433 438
f 73 493 495
f 85 527 532
f 92 543 552
f 71 485 490
f 100 572 577
f 94 557 559
f 80 515 517
f 51 428 430
f 116 591 590
f 108 587 584
f 106 588 585
f 112 594 592
f 115 597 595
f 119 600 598
f 156 634 636
f 139 619 621
f 160 639 642
f 120 602 601
f 149 624 623
f 132 608 611
f 128 610 609
f 145 627 625
f 148 630 628
f 155 635 632
f 133 615 613
f 134 617 616
f 157 637 638
f 124 604 606
f 44 164 407
f 43 163 403
f 45 165 404
f 46 166 410
f 47 167 413
f 52 172 422
f 70 190 486
f 99 219 573
f 95 215 561
f 81 201 512
f 59 179 452
f 58 178 448
f 60 180 449
f 61 181 455
f 62 182 458
f 65 185 470
f 57 177 437
f 77 197 494
f 86 206 531
f 88 208 539
f 98 218 568
f 68 188 478
f 48 168 419
f 78 198 509
f 93 213 554
f 69 189 482
f 101 221 576
f 97 217 558
f 82 202 516
f 50 170 425
f 89 209 542
f 64 184 463
f 53 173 434
f 74 194 497
f 84 204 528
f 90 210 546
f 63 183 464
f 55 175 440
f 76 196 500
f 87 207 524
f 72 192 479
f 49 169 418
f 79 199 508
f 96 216 553
f 102 222 569
f 91 211 538
f 67 187 471
f 56 176 443
f 75 195 501
f 83 203 523
f 66 186 467
f 54 174 433
f 73 193 493
f 85 205 527
f 92 212 543
f 71 191 485
f 100 220 572
f 94 214 557
f 80 200 515
f 51 171 428
f 116 358 591
f 108 256 587
f 106 261 588
f 112 387 594
f 115 399 597
f 119 351 600
f 156 348 634
f 139 300 619
f 160 366 639
f 120 267 602
f 149 340 624
f 132 287 608
f 128 291 610
f 145 369 627
f 148 395 630
f 155 354 635
f 133 345 615
f 134 297 617
f 157 363 637
f 124 270 604
f 47 247 416
f 44 229 408
f 43 223 406
f 45 235 412
f 46 241 415
f 49 253 424
f 72 355 492
f 102 398 582
f 96 386 565
f 79 260 514
f 62 325 461
f 59 307 453
f 58 278 451
f 60 313 457
f 61 319 460
f 66 337 475
f 54 283 439
f 73 290 496
f 85 368 533
f 92 392 551
f 101 356 579
f 69 254 483
f 50 259 426
f 82 385 521
f 97 397 566
f 71 349 489
f 100 344 578
f 94 296 560
f 80 362 518
f 51 265 429
f 90 338 547
f 63 284 465
f 55 289 441
f 76 367 504
f 87 391 537
f 91 350 550
f 67 343 476
f 56 295 444
f 75 361 502
f 83 266 526
f 68 230 481
f 48 224 420
f 78 236 510
f 93 242 555
f 98 248 571
f 88 272 540
f 65 331 473
f 57 301 447
f 77 373 507
f 86 380 534
f 64 308 469
f 53 277 435
f 74 314 498
f 84 320 529
f 89 326 545
f 70 332 487
f 99 302 574
f 95 374 562
f 81 379 520
f 52 271 432
f 109 234 589
f 105 227 583
f 111 239 586
f 114 245 593
f 117 252 596
f 125 275 599
f 152 334 633
f 137 304 620
f 158 377 640
f 123 382 603
f 143 312 622
f 127 279 607
f 135 316 612
f 147 323 626
f 150 330 629
f 153 335 631
f 140 305 614
f 138 376 618
f 159 383 641
f 122 274 605
f 107 232 409
f 103 225 405
f 104 237 411
f 110 243 414
f 113 250 417
f 118 273 431
f 154 336 488
f 141 306 575
f 162 378 563
f 121 381 519
f 142 311 454
f 129 281 450
f 130 315 456
f 144 321 459
f 146 328 462
f 151 333 472
f 131 303 446
f 136 375 506
f 161 384 535
f 126 276 541
f 116 251 570
f 108 233 480
f 106 228 421
f 112 240 511
f 115 246 556
f 119 258 484
f 156 360 580
f 139 401 567
f 160 389 522
f 120 263 427
f 149 329 544
f 132 310 468
f 128 280 436
f 145 318 499
f 148 324 530
f 155 342 548
f 133 288 466
f 134 292 442
f 157 371 505
f 124 393 536
f 109 357 491
f 105 255 423
f 111 262 513
f 114 388 564
f 117 400 581
f 125 352 549
f 152 347 477
f 137 298 445
f 158 364 503
f 123 269 525
f 143 339 474
f 127 285 438
f 135 293 495
f 147 370 532
f 150 396 552
f 153 353 490
f 140 346 577
f 138 299 559
f 159 365 517
f 122 268 430
f 107 249 590
f 103 231 584
f 104 226 585
f 110 238 592
f 113 244 595
f 118 257 598
f 154 359 636
f 141 402 621
f 162 390 642
f 121 264 601
f 142 327 623
f 129 309 611
f 130 282 609
f 144 317 625
f 146 322 628
f 151 341 632
f 131 286 613
f 136 294 616
f 161 372 638
f 126 394 606
f 47 416 407
f 44 408 403
f 43 406 404
f 45 412 410
f 46 415 413
f 49 424 422
f 72 492 486
f 102 582 573
f 96 565 561
f 79 514 512
f 62 461 452
f 59 453 448
f 58 451 449
f 60 457 455
f 61 460 458
f 66 475 470
f 54 439 437
f 73 496 494
f 85 533 531
f 92 551 539
f 101 579 568
f 69 483 478
f 50 426 419
f 82 521 509
f 97 566 554
f 71 489 482
f 100 578 576
f 94 560 558
f 80 518 516
f 51 429 425
f 90 547 542
f 63 465 463
f 55 441 434
f 76 504 497
f 87 537 528
f 91 550 546
f 67 476 464
f 56 444 440
f 75 502 500
f 83 526 524
f 68 481 479
f 48 420 418
f 78 510 508
f 93 555 553
f 98 571 569
f 88 540 538
f 65 473 471
f 57 447 443
f 77 507 501
f 86 534 523
f 64 469 467
f 53 435 433
f 74 498 493
f 84 529 527
f 89 545 543
f 70 487 485
f 99 574 572
f 95 562 557
f 81 520 515
f 52 432 428
f 109 589 591
f 105 583 587
f 111 586 588
f 114 593 594
f 117 596 597
f 125 599 600
f 152 633 634
f 137 620 619
f 158 640 639
f 123 603 602
f 143 622 624
f 127 607 608
f 135 612 610
f 147 626 627
f 150 629 630
f 153 631 635
f 140 614 615
f 138 618 617
f 159 641 637
f 122 605 604
f 407 164 167
f 403 163 164
f 404 165 163
f 410 166 165
f 413 167 166
f 422 172 169
f 486 190 192
f 573 219 222
f 561 215 216
f 512 201 199
f 452 179 182
f 448 178 179
f 449 180 178
f 455 181 180
f 458 182 181
f 470 185 186
f 437 177 174
f 494 197 193
f 531 206 205
f 539 208 212
f 568 218 221
f 478 188 189
f 419 168 170
f 509 198 202
f 554 213 217
f 482 189 191
f 576 221 220
f 558 217 214
f 516 202 200
f 425 170 171
f 542 209 210
f 463 184 183
f 434 173 175
f 497 194 196
f 528 204 207
f 546 210 211
f 464 183 187
f 440 175 176
f 500 196 195
f 524 207 203
f 479 192 188
f 418 169 168
f 508 199 198
f 553 216 213
f 569 222 218
f 538 211 208
f 471 187 185
f 443 176 177
f 501 195 197
f 523 203 206
f 467 186 184
f 433 174 173
f 493 193 194
f 527 205 204
f 543 212 209
f 485 191 190
f 572 220 219
f 557 214 215
f 515 200 201
f 428 171 172
f 591 358 357
f 587 256 255
f 588 261 262
f 594 387 388
f 597 399 400
f 600 351 352
f 634 348 347
f 619 300 298
f 639 366 364
f 602 267 269
f 624 340 339
f 608 287 285
f 610 291 293
f 627 369 370
f 630 395 396
f 635 354 353
f 615 345 346
f 617 297 299
f 637 363 365
f 604 270 268
f 416 247 249
f 408 229 231
f 406 223 226
f 412 235 238
f 415 241 244
f 424 253 257
f 492 355 359
f 582 398 402
f 565 386 390
f 514 260 264
f 461 325 327
f 453 307 309
f 451 278 282
f 457 313 317
f 460 319 322
f 475 337 341
f 439 283 286
f 496 290 294
f 533 368 372
f 551 392 394
f 579 356 358
f 483 254 256
f 426 259 261
f 521 385 387
f 566 397 399
f 489 349 351
f 578 344 348
f 560 296 300
f 518 362 366
f 429 265 267
f 547 338 340
f 465 284 287
f 441 289 291
f 504 367 369
f 537 391 395
f 550 350 354
f 476 343 345
f 444 295 297
f 502 361 363
f 526 266 270
f 481 230 234
f 420 224 227
f 510 236 239
f 555 242 245
f 571 248 252
f 540 272 275
f 473 331 334
f 447 301 304
f 507 373 377
f 534 380 382
f 469 308 312
f 435 277 279
f 498 314 316
f 529 320 323
f 545 326 330
f 487 332 335
f 574 302 305
f 562 374 376
f 520 379 383
f 432 271 274
f 589 234 232
f 583 227 225
f 586 239 237
f 593 245 243
f 596 252 250
f 599 275 273
f 633 334 336
f 620 304 306
f 640 377 378
f 603 382 381
f 622 312 311
f 607 279 281
f 612 316 315
f 626 323 321
f 629 330 328
f 631 335 333
f 614 305 303
f 618 376 375
f 641 383 384
f 605 274 276
f 409 232 229
f 405 225 223
f 411 237 235
f 414 243 241
f 417 250 247
f 431 273 271
f 488 336 332
f 575 306 302
f 563 378 374
f 519 381 379
f 454 311 307
f 450 281 278
f 456 315 313
f 459 321 319
f 462 328 325
f 472 333 331
f 446 303 301
f 506 375 373
f 535 384 380
f 541 276 272
f 570 251 248
f 480 233 230
f 421 228 224
f 511 240 236
f 556 246 242
f 484 258 254
f 580 360 356
f 567 401 397
f 522 389 385
f 427 263 259
f 544 329 326
f 468 310 308
f 436 280 277
f 499 318 314
f 530 324 320
f 548 342 338
f 466 288 284
f 442 292 289
f 505 371 367
f 536 393 391
f 491 357 355
f 423 255 253
f 513 262 260
f 564 388 386
f 581 400 398
f 549 352 350
f 477 347 343
f 445 298 295
f 503 364 361
f 525 269 266
f 474 339 337
f 438 285 283
f 495 293 290
f 532 370 368
f 552 396 392
f 490 353 349
f 577 346 344
f 559 299 296
f 517 365 362
f 430 268 265
f 590 249 251
f 584 231 233
f 585 226 228
f 592 238 240
f 595 244 246
f 598 257 258
f 636 359 360
f 621 402 401
f 642 390 389
f 601 264 263
f 623 327 329
f 611 309 310
f 609 282 280
f 625 317 318
f 628 322 324
f 632 341 342
f 613 286 288
f 616 294 292
f 638 372 371
f 606 394 393
f 407 416 409
f 403 408 405
f 404 406 411
f 410 412 414
f 413 415 417
f 422 424 431
f 486 492 488
f 573 582 575
f 561 565 563
f 512 514 519
f 452 461 454
f 448 453 450
f 449 451 456
f 455 457 459
f 458 460 462
f 470 475 472
f 437 439 446
f 494 496 506
f 531 533 535
f 539 551 541
f 568 579 570
f 478 483 480
f 419 426 421
f 509 521 511
f 554 566 556
f 482 489 484
f 576 578 580
f 558 560 567
f 516 518 522
f 425 429 427
f 542 547 544
f 463 465 468
f 434 441 436
f 497 504 499
f 528 537 530
f 546 550 548
f 464 476 466
f 440 444 442
f 500 502 505
f 524 526 536
f 479 481 491
f 418 420 423
f 508 510 513
f 553 555 564
f 569 571 581
f 538 540 549
f 471 473 477
f 443 447 445
f 501 507 503
f 523 534 525
f 467 469 474
f 433 435 438
f 493 498 495
f 527 529 532
f 543 545 552
f 485 487 490
f 572 574 577
f 557 562 559
f 515 520 517
f 428 432 430
f 591 589 590
f 587 583 584
f 588 586 585
f 594 593 592
f 597 596 595
f 600 599 598
f 634 633 636
f 619 620 621
f 639 640 642
f 602 603 601
f 624 622 623
f 608 607 611
f 610 612 609
f 627 626 625
f 630 629 628
f 635 631 632
f 615 614 613
f 617 618 616
f 637 641 638
f 604 605 606
f 643 809 806
f 643 806 805
f 643 805 807
f 643 807 808
f 643 808 809
f 644 811 814
f 648 834 832
f 654 864 861
f 653 858 857
f 650 841 843
f 646 824 821
f 646 821 820
f 646 820 822
f 646 822 823
f 646 823 824
f 647 828 827
f 645 816 819
f 649 835 839
f 651 847 848
f 652 854 850
f 654 863 860
f 648 831 830
f 644 812 810
f 650 844 840
f 653 859 855
f 648 833 831
f 654 862 863
f 653 856 859
f 650 842 844
f 644 813 812
f 652 852 851
f 647 825 826
f 645 817 815
f 649 838 836
f 651 849 846
f 652 853 852
f 647 829 825
f 645 818 817
f 649 837 838
f 651 845 849
f 648 830 834
f 644 810 811
f 650 840 841
f 653 855 858
f 654 860 864
f 652 850 853
f 647 827 829
f 645 819 818
f 649 839 837
f 651 848 845
f 647 826 828
f 645 815 816
f 649 836 835
f 651 846 847
f 652 851 854
f 648 832 833
f 654 861 862
f 653 857 856
f 650 843 842
f 644 814 813
f 677 999 1000
f 660 897 898
f 661 904 903
f 682 1030 1029
f 684 1042 1041
f 676 994 993
f 675 989 990
f 667 940 942
f 678 1006 1008
f 662 911 909
f 674 981 982
f 665 927 929
f 666 935 933
f 679 1012 1011
f 683 1038 1037
f 676 995 996
f 675 988 987
f 667 941 939
f 678 1007 1005
f 662 910 912
f 659 891 889
f 656 873 871
f 655 868 865
f 657 880 877
f 658 886 883
f 660 899 895
f 677 1001 997
f 684 1044 1040
f 682 1032 1028
f 661 906 902
f 672 969 967
f 669 951 949
f 664 924 920
f 670 959 955
f 671 964 961
f 674 983 979
f 665 928 925
f 666 936 932
f 679 1014 1010
f 683 1036 1034
f 677 1000 998
f 660 898 896
f 661 903 901
f 682 1029 1027
f 684 1041 1039
f 676 993 991
f 675 990 986
f 667 942 938
f 678 1008 1004
f 662 909 907
f 674 982 980
f 665 929 926
f 666 933 931
f 679 1011 1009
f 683 1037 1033
f 676 996 992
f 675 987 985
f 667 939 937
f 678 1005 1003
f 662 912 908
f 656 876 872
f 655 869 866
f 657 881 878
f 658 887 884
f 659 894 890
f 663 917 914
f 673 976 973
f 668 946 943
f 680 1019 1015
f 681 1024 1022
f 669 954 950
f 664 921 919
f 670 958 956
f 671 965 962
f 672 972 968
f 673 977 974
f 668 947 944
f 680 1018 1016
f 681 1025 1021
f 663 916 913
f 656 874 876
f 655 867 869
f 657 879 881
f 658 885 887
f 659 892 894
f 663 915 917
f 673 978 976
f 668 948 946
f 680 1020 1019
f 681 1023 1024
f 669 953 954
f 664 923 921
f 670 957 958
f 671 963 965
f 672 970 972
f 673 975 977
f 668 945 947
f 680 1017 1018
f 681 1026 1025
f 663 918 916
f 656 871 874
f 655 865 867
f 657 877 879
f 658 883 885
f 659 889 892
f 663 913 915
f 673 974 978
f 668 944 948
f 680 1016 1020
f 681 1021 1023
f 669 949 953
f 664 920 923
f 670 955 957
f 671 961 963
f 672 967 970
f 673 973 975
f 668 943 945
f 680 1015 1017
f 681 1022 1026
f 663 914 918
f 659 890 893
f 656 872 875
f 655 866 870
f 657 878 882
f 658 884 888
f 660 896 900
f 677 998 1002
f 684 1039 1043
f 682 1027 1031
f 661 901 905
f 672 968 971
f 669 950 952
f 664 919 922
f 670 956 960
f 671 962 966
f 674 980 984
f 665 926 930
f 666 931 934
f 679 1009 1013
f 683 1033 1035
f 677 997 999
f 660 895 897
f 661 902 904
f 682 1028 1030
f 684 1040 1042
f 676 992 994
f 675 985 989
f 667 937 940
f 678 1003 1006
f 662 908 911
f 674 979 981
f 665 925 927
f 666 932 935
f 679 1010 1012
f 683 1034 1038
f 676 991 995
f 675 986 988
f 667 938 941
f 678 1004 1007
f 662 907 910
f 659 893 891
f 656 875 873
f 655 870 868
f 657 882 880
f 658 888 886
f 660 900 899
f 677 1002 1001
f 684 1043 1044
f 682 1031 1032
f 661 905 906
f 672 971 969
f 669 952 951
f 664 922 924
f 670 960 959
f 671 966 964
f 674 984 983
f 665 930 928
f 666 934 936
f 679 1013 1014
f 683 1035 1036
f 749 1051 1058
f 745 1047 1050
f 746 1053 1048
f 752 1056 1054
f 755 1059 1057
f 760 1073 1066
f 796 1130 1134
f 783 1217 1224
f 804 1205 1207
f 763 1161 1156
f 784 1096 1103
f 771 1092 1095
f 772 1098 1093
f 786 1101 1099
f 788 1104 1102
f 793 1114 1117
f 773 1088 1081
f 778 1148 1138
f 803 1177 1175
f 768 1183 1193
f 758 1212 1221
f 750 1122 1125
f 748 1063 1068
f 754 1153 1163
f 757 1198 1208
f 761 1126 1131
f 798 1222 1220
f 781 1209 1202
f 802 1164 1160
f 762 1069 1071
f 791 1186 1189
f 774 1110 1107
f 770 1078 1083
f 787 1141 1146
f 790 1172 1179
f 797 1190 1192
f 775 1108 1118
f 776 1084 1086
f 799 1147 1144
f 766 1178 1168
f 751 1133 1123
f 747 1065 1062
f 753 1155 1152
f 756 1206 1197
f 759 1223 1213
f 767 1191 1182
f 794 1119 1115
f 779 1087 1089
f 800 1145 1149
f 765 1167 1176
f 785 1116 1111
f 769 1080 1077
f 777 1137 1140
f 789 1174 1171
f 792 1194 1187
f 795 1132 1129
f 782 1219 1216
f 780 1201 1204
f 801 1159 1162
f 764 1072 1074
f 749 1232 1231
f 745 1226 1225
f 746 1227 1228
f 752 1234 1235
f 755 1237 1238
f 760 1240 1241
f 796 1278 1275
f 783 1263 1262
f 804 1284 1282
f 763 1243 1245
f 784 1265 1264
f 771 1253 1249
f 772 1251 1254
f 786 1267 1268
f 788 1270 1271
f 793 1274 1273
f 773 1255 1256
f 778 1258 1260
f 803 1280 1283
f 768 1248 1247
f 689 1049 809
f 686 1045 806
f 685 1046 805
f 687 1052 807
f 688 1055 808
f 691 1064 811
f 714 1128 834
f 744 1215 864
f 738 1203 858
f 721 1154 841
f 704 1094 824
f 701 1090 821
f 700 1091 820
f 702 1097 822
f 703 1100 823
f 708 1112 828
f 696 1079 816
f 715 1136 835
f 727 1173 847
f 734 1181 854
f 743 1210 863
f 711 1120 831
f 692 1061 812
f 724 1151 844
f 739 1196 859
f 713 1124 833
f 742 1218 862
f 736 1200 856
f 722 1158 842
f 693 1067 813
f 732 1184 852
f 705 1105 825
f 697 1076 817
f 718 1139 838
f 729 1170 849
f 733 1188 853
f 709 1106 829
f 698 1082 818
f 717 1142 837
f 725 1166 845
f 710 1121 830
f 690 1060 810
f 720 1150 840
f 735 1195 855
f 740 1211 860
f 730 1180 850
f 707 1113 827
f 699 1085 819
f 719 1143 839
f 728 1165 848
f 706 1109 826
f 695 1075 815
f 716 1135 836
f 726 1169 846
f 731 1185 851
f 712 1127 832
f 741 1214 861
f 737 1199 857
f 723 1157 843
f 694 1070 814
f 751 1233 999
f 747 1229 897
f 753 1230 904
f 756 1236 1030
f 759 1239 1042
f 767 1242 994
f 794 1276 989
f 779 1261 940
f 800 1281 1006
f 765 1244 911
f 785 1266 981
f 769 1250 927
f 777 1252 935
f 789 1269 1012
f 792 1272 1038
f 795 1277 995
f 782 1257 988
f 780 1259 941
f 801 1279 1007
f 764 1246 910
f 749 1058 891
f 745 1050 873
f 746 1048 868
f 752 1054 880
f 755 1057 886
f 760 1066 899
f 796 1134 1001
f 783 1224 1044
f 804 1207 1032
f 763 1156 906
f 784 1103 969
f 771 1095 951
f 772 1093 924
f 786 1099 959
f 788 1102 964
f 793 1117 983
f 773 1081 928
f 778 1138 936
f 803 1175 1014
f 768 1193 1036
f 758 1221 1000
f 750 1125 898
f 748 1068 903
f 754 1163 1029
f 757 1208 1041
f 761 1131 993
f 798 1220 990
f 781 1202 942
f 802 1160 1008
f 762 1071 909
f 791 1189 982
f 774 1107 929
f 770 1083 933
f 787 1146 1011
f 790 1179 1037
f 797 1192 996
f 775 1118 987
f 776 1086 939
f 799 1144 1005
f 766 1168 912
f 751 1123 876
f 747 1062 869
f 753 1152 881
f 756 1197 887
f 759 1213 894
f 767 1182 917
f 794 1115 976
f 779 1089 946
f 800 1149 1019
f 765 1176 1024
f 785 1111 954
f 769 1077 921
f 777 1140 958
f 789 1171 965
f 792 1187 972
f 795 1129 977
f 782 1216 947
f 780 1204 1018
f 801 1162 1025
f 764 1074 916
f 749 1231 874
f 745 1225 867
f 746 1228 879
f 752 1235 885
f 755 1238 892
f 760 1241 915
f 796 1275 978
f 783 1262 948
f 804 1282 1020
f 763 1245 1023
f 784 1264 953
f 771 1249 923
f 772 1254 957
f 786 1268 963
f 788 1271 970
f 793 1273 975
f 773 1256 945
f 778 1260 1017
f 803 1283 1026
f 768 1247 918
f 686 1051 871
f 685 1047 865
f 687 1053 877
f 688 1056 883
f 689 1059 889
f 694 1073 913
f 712 1130 974
f 741 1217 944
f 737 1205 1016
f 723 1161 1021
f 701 1096 949
f 700 1092 920
f 702 1098 955
f 703 1101 961
f 704 1104 967
f 707 1114 973
f 699 1088 943
f 719 1148 1015
f 728 1177 1022
f 730 1183 914
f 740 1212 890
f 710 1122 872
f 690 1063 866
f 720 1153 878
f 735 1198 884
f 711 1126 896
f 743 1222 998
f 739 1209 1039
f 724 1164 1027
f 692 1069 901
f 731 1186 968
f 706 1110 950
f 695 1078 919
f 716 1141 956
f 726 1172 962
f 732 1190 980
f 705 1108 926
f 697 1084 931
f 718 1147 1009
f 729 1178 1033
f 714 1133 997
f 691 1065 895
f 721 1155 902
f 738 1206 1028
f 744 1223 1040
f 733 1191 992
f 709 1119 985
f 698 1087 937
f 717 1145 1003
f 725 1167 908
f 708 1116 979
f 696 1080 925
f 715 1137 932
f 727 1174 1010
f 734 1194 1034
f 713 1132 991
f 742 1219 986
f 736 1201 938
f 722 1159 1004
f 693 1072 907
f 758 1232 893
f 750 1226 875
f 748 1227 870
f 754 1234 882
f 757 1237 888
f 761 1240 900
f 798 1278 1002
f 781 1263 1043
f 802 1284 1031
f 762 1243 905
f 791 1265 971
f 774 1253 952
f 770 1251 922
f 787 1267 960
f 790 1270 966
f 797 1274 984
f 775 1255 930
f 776 1258 934
f 799 1280 1013
f 766 1248 1035
f 686 1049 1051
f 685 1045 1047
f 687 1046 1053
f 688 1052 1056
f 689 1055 1059
f 694 1064 1073
f 712 1128 1130
f 741 1215 1217
f 737 1203 1205
f 723 1154 1161
f 701 1094 1096
f 700 1090 1092
f 702 1091 1098
f 703 1097 1101
f 704 1100 1104
f 707 1112 1114
f 699 1079 1088
f 719 1136 1148
f 728 1173 1177
f 730 1181 1183
f 740 1210 1212
f 710 1120 1122
f 690 1061 1063
f 720 1151 1153
f 735 1196 1198
f 711 1124 1126
f 743 1218 1222
f 739 1200 1209
f 724 1158 1164
f 692 1067 1069
f 731 1184 1186
f 706 1105 1110
f 695 1076 1078
f 716 1139 1141
f 726 1170 1172
f 732 1188 1190
f 705 1106 1108
f 697 1082 1084
f 718 1142 1147
f 729 1166 1178
f 714 1121 1133
f 691 1060 1065
f 721 1150 1155
f 738 1195 1206
f 744 1211 1223
f 733 1180 1191
f 709 1113 1119
f 698 1085 1087
f 717 1143 1145
f 725 1165 1167
f 708 1109 1116
f 696 1075 1080
f 715 1135 1137
f 727 1169 1174
f 734 1185 1194
f 713 1127 1132
f 742 1214 1219
f 736 1199 1201
f 722 1157 1159
f 693 1070 1072
f 758 1233 1232
f 750 1229 1226
f 748 1230 1227
f 754 1236 1234
f 757 1239 1237
f 761 1242 1240
f 798 1276 1278
f 781 1261 1263
f 802 1281 1284
f 762 1244 1243
f 791 1266 1265
f 774 1250 1253
f 770 1252 1251
f 787 1269 1267
f 790 1272 1270
f 797 1277 1274
f 775 1257 1255
f 776 1259 1258
f 799 1279 1280
f 766 1246 1248
f 686 806 1049
f 685 805 1045
f 687 807 1046
f 688 808 1052
f 689 809 1055
f 694 814 1064
f 712 832 1128
f 741 861 1215
f 737 857 1203
f 723 843 1154
f 701 821 1094
f 700 820 1090
f 702 822 1091
f 703 823 1097
f 704 824 1100
f 707 827 1112
f 699 819 1079
f 719 839 1136
f 728 848 1173
f 730 850 1181
f 740 860 1210
f 710 830 1120
f 690 810 1061
f 720 840 1151
f 735 855 1196
f 711 831 1124
f 743 863 1218
f 739 859 1200
f 724 844 1158
f 692 812 1067
f 731 851 1184
f 706 826 1105
f 695 815 1076
f 716 836 1139
f 726 846 1170
f 732 852 1188
f 705 825 1106
f 697 817 1082
f 718 838 1142
f 729 849 1166
f 714 834 1121
f 691 811 1060
f 721 841 1150
f 738 858 1195
f 744 864 1211
f 733 853 1180
f 709 829 1113
f 698 818 1085
f 717 837 1143
f 725 845 1165
f 708 828 1109
f 696 816 1075
f 715 835 1135
f 727 847 1169
f 734 854 1185
f 713 833 1127
f 742 862 1214
f 736 856 1199
f 722 842 1157
f 693 813 1070
f 758 1000 1233
f 750 898 1229
f 748 903 1230
f 754 1029 1236
f 757 1041 1239
f 761 993 1242
f 798 990 1276
f 781 942 1261
f 802 1008 1281
f 762 909 1244
f 791 982 1266
f 774 929 1250
f 770 933 1252
f 787 1011 1269
f 790 1037 1272
f 797 996 1277
f 775 987 1257
f 776 939 1259
f 799 1005 1279
f 766 912 1246
f 689 889 1058
f 686 871 1050
f 685 865 1048
f 687 877 1054
f 688 883 1057
f 691 895 1066
f 714 997 1134
f 744 1040 1224
f 738 1028 1207
f 721 902 1156
f 704 967 1103
f 701 949 1095
f 700 920 1093
f 702 955 1099
f 703 961 1102
f 708 979 1117
f 696 925 1081
f 715 932 1138
f 727 1010 1175
f 734 1034 1193
f 743 998 1221
f 711 896 1125
f 692 901 1068
f 724 1027 1163
f 739 1039 1208
f 713 991 1131
f 742 986 1220
f 736 938 1202
f 722 1004 1160
f 693 907 1071
f 732 980 1189
f 705 926 1107
f 697 931 1083
f 718 1009 1146
f 729 1033 1179
f 733 992 1192
f 709 985 1118
f 698 937 1086
f 717 1003 1144
f 725 908 1168
f 710 872 1123
f 690 866 1062
f 720 878 1152
f 735 884 1197
f 740 890 1213
f 730 914 1182
f 707 973 1115
f 699 943 1089
f 719 1015 1149
f 728 1022 1176
f 706 950 1111
f 695 919 1077
f 716 956 1140
f 726 962 1171
f 731 968 1187
f 712 974 1129
f 741 944 1216
f 737 1016 1204
f 723 1021 1162
f 694 913 1074
f 751 876 1231
f 747 869 1225
f 753 881 1228
f 756 887 1235
f 759 894 1238
f 767 917 1241
f 794 976 1275
f 779 946 1262
f 800 1019 1282
f 765 1024 1245
f 785 954 1264
f 769 921 1249
f 777 958 1254
f 789 965 1268
f 792 972 1271
f 795 977 1273
f 782 947 1256
f 780 1018 1260
f 801 1025 1283
f 764 916 1247
f 749 874 1051
f 745 867 1047
f 746 879 1053
f 752 885 1056
f 755 892 1059
f 760 915 1073
f 796 978 1130
f 783 948 1217
f 804 1020 1205
f 763 1023 1161
f 784 953 1096
f 771 923 1092
f 772 957 1098
f 786 963 1101
f 788 970 1104
f 793 975 1114
f 773 945 1088
f 778 1017 1148
f 803 1026 1177
f 768 918 1183
f 758 893 1212
f 750 875 1122
f 748 870 1063
f 754 882 1153
f 757 888 1198
f 761 900 1126
f 798 1002 1222
f 781 1043 1209
f 802 1031 1164
f 762 905 1069
f 791 971 1186
f 774 952 1110
f 770 922 1078
f 787 960 1141
f 790 966 1172
f 797 984 1190
f 775 930 1108
f 776 934 1084
f 799 1013 1147
f 766 1035 1178
f 751 999 1133
f 747 897 1065
f 753 904 1155
f 756 1030 1206
f 759 1042 1223
f 767 994 1191
f 794 989 1119
f 779 940 1087
f 800 1006 1145
f 765 911 1167
f 785 981 1116
f 769 927 1080
f 777 935 1137
f 789 1012 1174
f 792 1038 1194
f 795 995 1132
f 782 988 1219
f 780 941 1201
f 801 1007 1159
f 764 910 1072
f 749 891 1232
f 745 873 1226
f 746 868 1227
f 752 880 1234
f 755 886 1237
f 760 899 1240
f 796 1001 1278
f 783 1044 1263
f 804 1032 1284
f 763 906 1243
f 784 969 1265
f 771 951 1253
f 772 924 1251
f 786 959 1267
f 788 964 1270
f 793 983 1274
f 773 928 1255
f 778 936 1258
f 803 1014 1280
f 768 1036 1248
f 689 1058 1049
f 686 1050 1045
f 685 1048 1046
f 687 1054 1052
f 688 1057 1055
f 691 1066 1064
f 714 1134 1128
f 744 1224 1215
f 738 1207 1203
f 721 1156 1154
f 704 1103 1094
f 701 1095 1090
f 700 1093 1091
f 702 1099 1097
f 703 1102 1100
f 708 1117 1112
f 696 1081 1079
f 715 1138 1136
f 727 1175 1173
f 734 1193 1181
f 743 1221 1210
f 711 1125 1120
f 692 1068 1061
f 724 1163 1151
f 739 1208 1196
f 713 1131 1124
f 742 1220 1218
f 736 1202 1200
f 722 1160 1158
f 693 1071 1067
f 732 1189 1184
f 705 1107 1105
f 697 1083 1076
f 718 1146 1139
f 729 1179 1170
f 733 1192 1188
f 709 1118 1106
f 698 1086 1082
f 717 1144 1142
f 725 1168 1166
f 710 1123 1121
f 690 1062 1060
f 720 1152 1150
f 735 1197 1195
f 740 1213 1211
f 730 1182 1180
f 707 1115 1113
f 699 1089 1085
f 719 1149 1143
f 728 1176 1165
f 706 1111 1109
f 695 1077 1075
f 716 1140 1135
f 726 1171 1169
f 731 1187 1185
f 712 1129 1127
f 741 1216 1214
f 737 1204 1199
f 723 1162 1157
f 694 1074 1070
f 751 1231 1233
f 747 1225 1229
f 753 1228 1230
f 756 1235 1236
f 759 1238 1239
f 767 1241 1242
f 794 1275 1276
f 779 1262 1261
f 800 1282 1281
f 765 1245 1244
f 785 1264 1266
f 769 1249 1250
f 777 1254 1252
f 789 1268 1269
f 792 1271 1272
f 795 1273 1277
f 782 1256 1257
f 780 1260 1259
f 801 1283 1279
f 764 1247 1246
f 1049 806 809
f 1045 805 806
f 1046 807 805
f 1052 808 807
f 1055 809 808
f 1064 814 811
f 1128 832 834
f 1215 861 864
f 1203 857 858
f 1154 843 841
f 1094 821 824
f 1090 820 821
f 1091 822 820
f 1097 823 822
f 1100 824 823
f 1112 827 828
f 1079 819 816
f 1136 839 835
f 1173 848 847
f 1181 850 854
f 1210 860 863
f 1120 830 831
f 1061 810 812
f 1151 840 844
f 1196 855 859
f 1124 831 833
f 1218 863 862
f 1200 859 856
f 1158 844 842
f 1067 812 813
f 1184 851 852
f 1105 826 825
f 1076 815 817
f 1139 836 838
f 1170 846 849
f 1188 852 853
f 1106 825 829
f 1082 817 818
f 1142 838 837
f 1166 849 845
f 1121 834 830
f 1060 811 810
f 1150 841 840
f 1195 858 855
f 1211 864 860
f 1180 853 850
f 1113 829 827
f 1085 818 819
f 1143 837 839
f 1165 845 848
f 1109 828 826
f 1075 816 815
f 1135 835 836
f 1169 847 846
f 1185 854 851
f 1127 833 832
f 1214 862 861
f 1199 856 857
f 1157 842 843
f 1070 813 814
f 1233 1000 999
f 1229 898 897
f 1230 903 904
f 1236 1029 1030
f 1239 1041 1042
f 1242 993 994
f 1276 990 989
f 1261 942 940
f 1281 1008 1006
f 1244 909 911
f 1266 982 981
f 1250 929 927
f 1252 933 935
f 1269 1011 1012
f 1272 1037 1038
f 1277 996 995
f 1257 987 988
f 1259 939 941
f 1279 1005 1007
f 1246 912 910
f 1058 889 891
f 1050 871 873
f 1048 865 868
f 1054 877 880
f 1057 883 886
f 1066 895 899
f 1134 997 1001
f 1224 1040 1044
f 1207 1028 1032
f 1156 902 906
f 1103 967 969
f 1095 949 951
f 1093 920 924
f 1099 955 959
f 1102 961 964
f 1117 979 983
f 1081 925 928
f 1138 932 936
f 1175 1010 1014
f 1193 1034 1036
f 1221 998 1000
f 1125 896 898
f 1068 901 903
f 1163 1027 1029
f 1208 1039 1041
f 1131 991 993
f 1220 986 990
f 1202 938 942
f 1160 1004 1008
f 1071 907 909
f 1189 980 982
f 1107 926 929
f 1083 931 933
f 1146 1009 1011
f 1179 1033 1037
f 1192 992 996
f 1118 985 987
f 1086 937 939
f 1144 1003 1005
f 1168 908 912
f 1123 872 876
f 1062 866 869
f 1152 878 881
f 1197 884 887
f 1213 890 894
f 1182 914 917
f 1115 973 976
f 1089 943 946
f 1149 1015 1019
f 1176 1022 1024
f 1111 950 954
f 1077 919 921
f 1140 956 958
f 1171 962 965
f 1187 968 972
f 1129 974 977
f 1216 944 947
f 1204 1016 1018
f 1162 1021 1025
f 1074 913 916
f 1231 876 874
f 1225 869 867
f 1228 881 879
f 1235 887 885
f 1238 894 892
f 1241 917 915
f 1275 976 978
f 1262 946 948
f 1282 1019 1020
f 1245 1024 1023
f 1264 954 953
f 1249 921 923
f 1254 958 957
f 1268 965 963
f 1271 972 970
f 1273 977 975
f 1256 947 945
f 1260 1018 1017
f 1283 1025 1026
f 1247 916 918
f 1051 874 871
f 1047 867 865
f 1053 879 877
f 1056 885 883
f 1059 892 889
f 1073 915 913
f 1130 978 974
f 1217 948 944
f 1205 1020 1016
f 1161 1023 1021
f 1096 953 949
f 1092 923 920
f 1098 957 955
f 1101 963 961
f 1104 970 967
f 1114 975 973
f 1088 945 943
f 1148 1017 1015
f 1177 1026 1022
f 1183 918 914
f 1212 893 890
f 1122 875 872
f 1063 870 866
f 1153 882 878
f 1198 888 884
f 1126 900 896
f 1222 1002 998
f 1209 1043 1039
f 1164 1031 1027
f 1069 905 901
f 1186 971 968
f 1110 952 950
f 1078 922 919
f 1141 960 956
f 1172 966 962
f 1190 984 980
f 1108 930 926
f 1084 934 931
f 1147 1013 1009
f 1178 1035 1033
f 1133 999 997
f 1065 897 895
f 1155 904 902
f 1206 1030 1028
f 1223 1042 1040
f 1191 994 992
f 1119 989 985
f 1087 940 937
f 1145 1006 1003
f 1167 911 908
f 1116 981 979
f 1080 927 925
f 1137 935 932
f 1174 1012 1010
f 1194 1038 1034
f 1132 995 991
f 1219 988 986
f 1201 941 938
f 1159 1007 1004
f 1072 910 907
f 1232 891 893
f 1226 873 875
f 1227 868 870
f 1234 880 882
f 1237 886 888
f 1240 899 900
f 1278 1001 1002
f 1263 1044 1043
f 1284 1032 1031
f 1243 906 905
f 1265 969 971
f 1253 951 952
f 1251 924 922
f 1267 959 960
f 1270 964 966
f 1274 983 984
f 1255 928 930
f 1258 936 934
f 1280 1014 1013
f 1248 1036 1035
f 1049 1058 1051
f 1045 1050 1047
f 1046 1048 1053
f 1052 1054 1056
f 1055 1057 1059
f 1064 1066 1073
f 1128 1134 1130
f 1215 1224 1217
f 1203 1207 1205
f 1154 1156 1161
f 1094 1103 1096
f 1090 1095 1092
f 1091 1093 1098
f 1097 1099 1101
f 1100 1102 1104
f 1112 1117 1114
f 1079 1081 1088
f 1136 1138 1148
f 1173 1175 1177
f 1181 1193 1183
f 1210 1221 1212
f 1120 1125 1122
f 1061 1068 1063
f 1151 1163 1153
f 1196 1208 1198
f 1124 1131 1126
f 1218 1220 1222
f 1200 1202 1209
f 1158 1160 1164
f 1067 1071 1069
f 1184 1189 1186
f 1105 1107 1110
f 1076 1083 1078
f 1139 1146 1141
f 1170 1179 1172
f 1188 1192 1190
f 1106 1118 1108
f 1082 1086 1084
f 1142 1144 1147
f 1166 1168 1178
f 1121 1123 1133
f 1060 1062 1065
f 1150 1152 1155
f 1195 1197 1206
f 1211 1213 1223
f 1180 1182 1191
f 1113 1115 1119
f 1085 1089 1087
f 1143 1149 1145
f 1165 1176 1167
f 1109 1111 1116
f 1075 1077 1080
f 1135 1140 1137
f 1169 1171 1174
f 1185 1187 1194
f 1127 1129 1132
f 1214 1216 1219
f 1199 1204 1201
f 1157 1162 1159
f 1070 1074 1072
f 1233 1231 1232
f 1229 1225 1226
f 1230 1228 1227
f 1236 1235 1234
f 1239 1238 1237
f 1242 1241 1240
f 1276 1275 1278
f 1261 1262 1263
f 1281 1282 1284
f 1244 1245 1243
f 1266 1264 1265
f 1250 1249 1253
f 1252 1254 1251
f 1269 1268 1267
f 1272 1271 1270
f 1277 1273 1274
f 1257 1256 1255
f 1259 1260 1258
f 1279 1283 1280
f 1246 1247 1248
f 1285 1451 1448
f 1285 1448 1447
f 1285 1447 1449
f 1285 1449 1450
f 1285 1450 1451
f 1286 1453 1456
f 1290 1476 1474
f 1296 1506 1503
f 1295 1500 1499
f 1292 1483 1485
f 1288 1466 1463
f 1288 1463 1462
f 1288 1462 1464
f 1288 1464 1465
f 1288 1465 1466
f 1289 1470 1469
f 1287 1458 1461
f 1291 1477 1481
f 1293 1489 1490
f 1294 1496 1492
f 1296 1505 1502
f 1290 1473 1472
f 1286 1454 1452
f 1292 1486 1482
f 1295 1501 1497
f 1290 1475 1473
f 1296 1504 1505
f 1295 1498 1501
f 1292 1484 1486
f 1286 1455 1454
f 1294 1494 1493
f 1289 1467 1468
f 1287 1459 1457
f 1291 1480 1478
f 1293 1491 1488
f 1294 1495 1494
f 1289 1471 1467
f 1287 1460 1459
f 1291 1479 1480
f 1293 1487 1491
f 1290 1472 1476
f 1286 1452 1453
f 1292 1482 1483
f 1295 1497 1500
f 1296 1502 1506
f 1294 1492 1495
f 1289 1469 1471
f 1287 1461 1460
f 1291 1481 1479
f 1293 1490 1487
f 1289 1468 1470
f 1287 1457 1458
f 1291 1478 1477
f 1293 1488 1489
f 1294 1493 1496
f 1290 1474 1475
f 1296 1503 1504
f 1295 1499 1498
f 1292 1485 1484
f 1286 1456 1455
f 1319 1641 1642
f 1302 1539 1540
f 1303 1546 1545
f 1324 1672 1671
f 1326 1684 1683
f 1318 1636 1635
f 1317 1631 1632
f 1309 1582 1584
f 1320 1648 1650
f 1304 1553 1551
f 1316 1623 1624
f 1307 1569 1571
f 1308 1577 1575
f 1321 1654 1653
f 1325 1680 1679
f 1318 1637 1638
f 1317 1630 1629
f 1309 1583 1581
f 1320 1649 1647
f 1304 1552 1554
f 1301 1533 1531
f 1298 1515 1513
f 1297 1510 1507
f 1299 1522 1519
f 1300 1528 1525
f 1302 1541 1537
f 1319 1643 1639
f 1326 1686 1682
f 1324 1674 1670
f 1303 1548 1544
f 1314 1611 1609
f 1311 1593 1591
f 1306 1566 1562
f 1312 1601 1597
f 1313 1606 1603
f 1316 1625 1621
f 1307 1570 1567
f 1308 1578 1574
f 1321 1656 1652
f 1325 1678 1676
f 1319 1642 1640
f 1302 1540 1538
f 1303 1545 1543
f 1324 1671 1669
f 1326 1683 1681
f 1318 1635 1633
f 1317 1632 1628
f 1309 1584 1580
f 1320 1650 1646
f 1304 1551 1549
f 1316 1624 1622
f 1307 1571 1568
f 1308 1575 1573
f 1321 1653 1651
f 1325 1679 1675
f 1318 1638 1634
f 1317 1629 1627
f 1309 1581 1579
f 1320 1647 1645
f 1304 1554 1550
f 1298 1518 1514
f 1297 1511 1508
f 1299 1523 1520
f 1300 1529 1526
f 1301 1536 1532
f 1305 1559 1556
f 1315 1618 1615
f 1310 1588 1585
f 1322 1661 1657
f 1323 1666 1664
f 1311 1596 1592
f 1306 1563 1561
f 1312 1600 1598
f 1313 1607 1604
f 1314 1614 1610
f 1315 1619 1616
f 1310 1589 1586
f 1322 1660 1658
f 1323 1667 1663
f 1305 1558 1555
f 1298 1516 1518
f 1297 1509 1511
f 1299 1521 1523
f 1300 1527 1529
f 1301 1534 1536
f 1305 1557 1559
f 1315 1620 1618
f 1310 1590 1588
f 1322 1662 1661
f 1323 1665 1666
f 1311 1595 1596
f 1306 1565 1563
f 1312 1599 1600
f 1313 1605 1607
f 1314 1612 1614
f 1315 1617 1619
f 1310 1587 1589
f 1322 1659 1660
f 1323 1668 1667
f 1305 1560 1558
f 1298 1513 1516
f 1297 1507 1509
f 1299 1519 1521
f 1300 1525 1527
f 1301 1531 1534
f 1305 1555 1557
f 1315 1616 1620
f 1310 1586 1590
f 1322 1658 1662
f 1323 1663 1665
f 1311 1591 1595
f 1306 1562 1565
f 1312 1597 1599
f 1313 1603 1605
f 1314 1609 1612
f 1315 1615 1617
f 1310 1585 1587
f 1322 1657 1659
f 1323 1664 1668
f 1305 1556 1560
f 1301 1532 1535
f 1298 1514 1517
f 1297 1508 1512
f 1299 1520 1524
f 1300 1526 1530
f 1302 1538 1542
f 1319 1640 1644
f 1326 1681 1685
f 1324 1669 1673
f 1303 1543 1547
f 1314 1610 1613
f 1311 1592 1594
f 1306 1561 1564
f 1312 1598 1602
f 1313 1604 1608
f 1316 1622 1626
f 1307 1568 1572
f 1308 1573 1576
f 1321 1651 1655
f 1325 1675 1677
f 1319 1639 1641
f 1302 1537 1539
f 1303 1544 1546
f 1324 1670 1672
f 1326 1682 1684
f 1318 1634 1636
f 1317 1627 1631
f 1309 1579 1582
f 1320 1645 1648
f 1304 1550 1553
f 1316 1621 1623
f 1307 1567 1569
f 1308 1574 1577
f 1321 1652 1654
f 1325 1676 1680
f 1318 1633 1637
f 1317 1628 1630
f 1309 1580 1583
f 1320 1646 1649
f 1304 1549 1552
f 1301 1535 1533
f 1298 1517 1515
f 1297 1512 1510
f 1299 1524 1522
f 1300 1530 1528
f 1302 1542 1541
f 1319 1644 1643
f 1326 1685 1686
f 1324 1673 1674
f 1303 1547 1548
f 1314 1613 1611
f 1311 1594 1593
f 1306 1564 1566
f 1312 1602 1601
f 1313 1608 1606
f 1316 1626 1625
f 1307 1572 1570
f 1308 1576 1578
f 1321 1655 1656
f 1325 1677 1678
f 1391 1693 1700
f 1387 1689 1692
f 1388 1695 1690
f 1394 1698 1696
f 1397 1701 1699
f 1402 1715 1708
f 1438 1772 1776
f 1425 1859 1866
f 1446 1847 1849
f 1405 1803 1798
f 1426 1738 1745
f 1413 1734 1737
f 1414 1740 1735
f 1428 1743 1741
f 1430 1746 1744
f 1435 1756 1759
f 1415 1730 1723
f 1420 1790 1780
f 1445 1819 1817
f 1410 1825 1835
f 1400 1854 1863
f 1392 1764 1767
f 1390 1705 1710
f 1396 1795 1805
f 1399 1840 1850
f 1403 1768 1773
f 1440 1864 1862
f 1423 1851 1844
f 1444 1806 1802
f 1404 1711 1713
f 1433 1828 1831
f 1416 1752 1749
f 1412 1720 1725
f 1429 1783 1788
f 1432 1814 1821
f 1439 1832 1834
f 1417 1750 1760
f 1418 1726 1728
f 1441 1789 1786
f 1408 1820 1810
f 1393 1775 1765
f 1389 1707 1704
f 1395 1797 1794
f 1398 1848 1839
f 1401 1865 1855
f 1409 1833 1824
f 1436 1761 1757
f 1421 1729 1731
f 1442 1787 1791
f 1407 1809 1818
f 1427 1758 1753
f 1411 1722 1719
f 1419 1779 1782
f 1431 1816 1813
f 1434 1836 1829
f 1437 1774 1771
f 1424 1861 1858
f 1422 1843 1846
f 1443 1801 1804
f 1406 1714 1716
f 1391 1874 1873
f 1387 1868 1867
f 1388 1869 1870
f 1394 1876 1877
f 1397 1879 1880
f 1402 1882 1883
f 1438 1920 1917
f 1425 1905 1904
f 1446 1926 1924
f 1405 1885 1887
f 1426 1907 1906
f 1413 1895 1891
f 1414 1893 1896
f 1428 1909 1910
f 1430 1912 1913
f 1435 1916 1915
f 1415 1897 1898
f 1420 1900 1902
f 1445 1922 1925
f 1410 1890 1889
f 1331 1691 1451
f 1328 1687 1448
f 1327 1688 1447
f 1329 1694 1449
f 1330 1697 1450
f 1333 1706 1453
f 1356 1770 1476
f 1386 1857 1506
f 1380 1845 1500
f 1363 1796 1483
f 1346 1736 1466
f 1343 1732 1463
f 1342 1733 1462
f 1344 1739 1464
f 1345 1742 1465
f 1350 1754 1470
f 1338 1721 1458
f 1357 1778 1477
f 1369 1815 1489
f 1376 1823 1496
f 1385 1852 1505
f 1353 1762 1473
f 1334 1703 1454
f 1366 1793 1486
f 1381 1838 1501
f 1355 1766 1475
f 1384 1860 1504
f 1378 1842 1498
f 1364 1800 1484
f 1335 1709 1455
f 1374 1826 1494
f 1347 1747 1467
f 1339 1718 1459
f 1360 1781 1480
f 1371 1812 1491
f 1375 1830 1495
f 1351 1748 1471
f 1340 1724 1460
f 1359 1784 1479
f 1367 1808 1487
f 1352 1763 1472
f 1332 1702 1452
f 1362 1792 1482
f 1377 1837 1497
f 1382 1853 1502
f 1372 1822 1492
f 1349 1755 1469
f 1341 1727 1461
f 1361 1785 1481
f 1370 1807 1490
f 1348 1751 1468
f 1337 1717 1457
f 1358 1777 1478
f 1368 1811 1488
f 1373 1827 1493
f 1354 1769 1474
f 1383 1856 1503
f 1379 1841 1499
f 1365 1799 1485
f 1336 1712 1456
f 1393 1875 1641
f 1389 1871 1539
f 1395 1872 1546
f 1398 1878 1672
f 1401 1881 1684
f 1409 1884 1636
f 1436 1918 1631
f 1421 1903 1582
f 1442 1923 1648
f 1407 1886 1553
f 1427 1908 1623
f 1411 1892 1569
f 1419 1894 1577
f 1431 1911 1654
f 1434 1914 1680
f 1437 1919 1637
f 1424 1899 1630
f 1422 1901 1583
f 1443 1921 1649
f 1406 1888 1552
f 1391 1700 1533
f 1387 1692 1515
f 1388 1690 1510
f 1394 1696 1522
f 1397 1699 1528
f 1402 1708 1541
f 1438 1776 1643
f 1425 1866 1686
f 1446 1849 1674
f 1405 1798 1548
f 1426 1745 1611
f 1413 1737 1593
f 1414 1735 1566
f 1428 1741 1601
f 1430 1744 1606
f 1435 1759 1625
f 1415 1723 1570
f 1420 1780 1578
f 1445 1817 1656
f 1410 1835 1678
f 1400 1863 1642
f 1392 1767 1540
f 1390 1710 1545
f 1396 1805 1671
f 1399 1850 1683
f 1403 1773 1635
f 1440 1862 1632
f 1423 1844 1584
f 1444 1802 1650
f 1404 1713 1551
f 1433 1831 1624
f 1416 1749 1571
f 1412 1725 1575
f 1429 1788 1653
f 1432 1821 1679
f 1439 1834 1638
f 1417 1760 1629
f 1418 1728 1581
f 1441 1786 1647
f 1408 1810 1554
f 1393 1765 1518
f 1389 1704 1511
f 1395 1794 1523
f 1398 1839 1529
f 1401 1855 1536
f 1409 1824 1559
f 1436 1757 1618
f 1421 1731 1588
f 1442 1791 1661
f 1407 1818 1666
f 1427 1753 1596
f 1411 1719 1563
f 1419 1782 1600
f 1431 1813 1607
f 1434 1829 1614
f 1437 1771 1619
f 1424 1858 1589
f 1422 1846 1660
f 1443 1804 1667
f 1406 1716 1558
f 1391 1873 1516
f 1387 1867 1509
f 1388 1870 1521
f 1394 1877 1527
f 1397 1880 1534
f 1402 1883 1557
f 1438 1917 1620
f 1425 1904 1590
f 1446 1924 1662
f 1405 1887 1665
f 1426 1906 1595
f 1413 1891 1565
f 1414 1896 1599
f 1428 1910 1605
f 1430 1913 1612
f 1435 1915 1617
f 1415 1898 1587
f 1420 1902 1659
f 1445 1925 1668
f 1410 1889 1560
f 1328 1693 1513
f 1327 1689 1507
f 1329 1695 1519
f 1330 1698 1525
f 1331 1701 1531
f 1336 1715 1555
f 1354 1772 1616
f 1383 1859 1586
f 1379 1847 1658
f 1365 1803 1663
f 1343 1738 1591
f 1342 1734 1562
f 1344 1740 1597
f 1345 1743 1603
f 1346 1746 1609
f 1349 1756 1615
f 1341 1730 1585
f 1361 1790 1657
f 1370 1819 1664
f 1372 1825 1556
f 1382 1854 1532
f 1352 1764 1514
f 1332 1705 1508
f 1362 1795 1520
f 1377 1840 1526
f 1353 1768 1538
f 1385 1864 1640
f 1381 1851 1681
f 1366 1806 1669
f 1334 1711 1543
f 1373 1828 1610
f 1348 1752 1592
f 1337 1720 1561
f 1358 1783 1598
f 1368 1814 1604
f 1374 1832 1622
f 1347 1750 1568
f 1339 1726 1573
f 1360 1789 1651
f 1371 1820 1675
f 1356 1775 1639
f 1333 1707 1537
f 1363 1797 1544
f 1380 1848 1670
f 1386 1865 1682
f 1375 1833 1634
f 1351 1761 1627
f 1340 1729 1579
f 1359 1787 1645
f 1367 1809 1550
f 1350 1758 1621
f 1338 1722 1567
f 1357 1779 1574
f 1369 1816 1652
f 1376 1836 1676
f 1355 1774 1633
f 1384 1861 1628
f 1378 1843 1580
f 1364 1801 1646
f 1335 1714 1549
f 1400 1874 1535
f 1392 1868 1517
f 1390 1869 1512
f 1396 1876 1524
f 1399 1879 1530
f 1403 1882 1542
f 1440 1920 1644
f 1423 1905 1685
f 1444 1926 1673
f 1404 1885 1547
f 1433 1907 1613
f 1416 1895 1594
f 1412 1893 1564
f 1429 1909 1602
f 1432 1912 1608
f 1439 1916 1626
f 1417 1897 1572
f 1418 1900 1576
f 1441 1922 1655
f 1408 1890 1677
f 1328 1691 1693
f 1327 1687 1689
f 1329 1688 1695
f 1330 1694 1698
f 1331 1697 1701
f 1336 1706 1715
f 1354 1770 1772
f 1383 1857 1859
f 1379 1845 1847
f 1365 1796 1803
f 1343 1736 1738
f 1342 1732 1734
f 1344 1733 1740
f 1345 1739 1743
f 1346 1742 1746
f 1349 1754 1756
f 1341 1721 1730
f 1361 1778 1790
f 1370 1815 1819
f 1372 1823 1825
f 1382 1852 1854
f 1352 1762 1764
f 1332 1703 1705
f 1362 1793 1795
f 1377 1838 1840
f 1353 1766 1768
f 1385 1860 1864
f 1381 1842 1851
f 1366 1800 1806
f 1334 1709 1711
f 1373 1826 1828
f 1348 1747 1752
f 1337 1718 1720
f 1358 1781 1783
f 1368 1812 1814
f 1374 1830 1832
f 1347 1748 1750
f 1339 1724 1726
f 1360 1784 1789
f 1371 1808 1820
f 1356 1763 1775
f 1333 1702 1707
f 1363 1792 1797
f 1380 1837 1848
f 1386 1853 1865
f 1375 1822 1833
f 1351 1755 1761
f 1340 1727 1729
f 1359 1785 1787
f 1367 1807 1809
f 1350 1751 1758
f 1338 1717 1722
f 1357 1777 1779
f 1369 1811 1816
f 1376 1827 1836
f 1355 1769 1774
f 1384 1856 1861
f 1378 1841 1843
f 1364 1799 1801
f 1335 1712 1714
f 1400 1875 1874
f 1392 1871 1868
f 1390 1872 1869
f 1396 1878 1876
f 1399 1881 1879
f 1403 1884 1882
f 1440 1918 1920
f 1423 1903 1905
f 1444 1923 1926
f 1404 1886 1885
f 1433 1908 1907
f 1416 1892 1895
f 1412 1894 1893
f 1429 1911 1909
f 1432 1914 1912
f 1439 1919 1916
f 1417 1899 1897
f 1418 1901 1900
f 1441 1921 1922
f 1408 1888 1890
f 1328 1448 1691
f 1327 1447 1687
f 1329 1449 1688
f 1330 1450 1694
f 1331 1451 1697
f 1336 1456 1706
f 1354 1474 1770
f 1383 1503 1857
f 1379 1499 1845
f 1365 1485 1796
f 1343 1463 1736
f 1342 1462 1732
f 1344 1464 1733
f 1345 1465 1739
f 1346 1466 1742
f 1349 1469 1754
f 1341 1461 1721
f 1361 1481 1778
f 1370 1490 1815
f 1372 1492 1823
f 1382 1502 1852
f 1352 1472 1762
f 1332 1452 1703
f 1362 1482 1793
f 1377 1497 1838
f 1353 1473 1766
f 1385 1505 1860
f 1381 1501 1842
f 1366 1486 1800
f 1334 1454 1709
f 1373 1493 1826
f 1348 1468 1747
f 1337 1457 1718
f 1358 1478 1781
f 1368 1488 1812
f 1374 1494 1830
f 1347 1467 1748
f 1339 1459 1724
f 1360 1480 1784
f 1371 1491 1808
f 1356 1476 1763
f 1333 1453 1702
f 1363 1483 1792
f 1380 1500 1837
f 1386 1506 1853
f 1375 1495 1822
f 1351 1471 1755
f 1340 1460 1727
f 1359 1479 1785
f 1367 1487 1807
f 1350 1470 1751
f 1338 1458 1717
f 1357 1477 1777
f 1369 1489 1811
f 1376 1496 1827
f 1355 1475 1769
f 1384 1504 1856
f 1378 1498 1841
f 1364 1484 1799
f 1335 1455 1712
f 1400 1642 1875
f 1392 1540 1871
f 1390 1545 1872
f 1396 1671 1878
f 1399 1683 1881
f 1403 1635 1884
f 1440 1632 1918
f 1423 1584 1903
f 1444 1650 1923
f 1404 1551 1886
f 1433 1624 1908
f 1416 1571 1892
f 1412 1575 1894
f 1429 1653 1911
f 1432 1679 1914
f 1439 1638 1919
f 1417 1629 1899
f 1418 1581 1901
f 1441 1647 1921
f 1408 1554 1888
f 1331 1531 1700
f 1328 1513 1692
f 1327 1507 1690
f 1329 1519 1696
f 1330 1525 1699
f 1333 1537 1708
f 1356 1639 1776
f 1386 1682 1866
f 1380 1670 1849
f 1363 1544 1798
f 1346 1609 1745
f 1343 1591 1737
f 1342 1562 1735
f 1344 1597 1741
f 1345 1603 1744
f 1350 1621 1759
f 1338 1567 1723
f 1357 1574 1780
f 1369 1652 1817
f 1376 1676 1835
f 1385 1640 1863
f 1353 1538 1767
f 1334 1543 1710
f 1366 1669 1805
f 1381 1681 1850
f 1355 1633 1773
f 1384 1628 1862
f 1378 1580 1844
f 1364 1646 1802
f 1335 1549 1713
f 1374 1622 1831
f 1347 1568 1749
f 1339 1573 1725
f 1360 1651 1788
f 1371 1675 1821
f 1375 1634 1834
f 1351 1627 1760
f 1340 1579 1728
f 1359 1645 1786
f 1367 1550 1810
f 1352 1514 1765
f 1332 1508 1704
f 1362 1520 1794
f 1377 1526 1839
f 1382 1532 1855
f 1372 1556 1824
f 1349 1615 1757
f 1341 1585 1731
f 1361 1657 1791
f 1370 1664 1818
f 1348 1592 1753
f 1337 1561 1719
f 1358 1598 1782
f 1368 1604 1813
f 1373 1610 1829
f 1354 1616 1771
f 1383 1586 1858
f 1379 1658 1846
f 1365 1663 1804
f 1336 1555 1716
f 1393 1518 1873
f 1389 1511 1867
f 1395 1523 1870
f 1398 1529 1877
f 1401 1536 1880
f 1409 1559 1883
f 1436 1618 1917
f 1421 1588 1904
f 1442 1661 1924
f 1407 1666 1887
f 1427 1596 1906
f 1411 1563 1891
f 1419 1600 1896
f 1431 1607 1910
f 1434 1614 1913
f 1437 1619 1915
f 1424 1589 1898
f 1422 1660 1902
f 1443 1667 1925
f 1406 1558 1889
f 1391 1516 1693
f 1387 1509 1689
f 1388 1521 1695
f 1394 1527 1698
f 1397 1534 1701
f 1402 1557 1715
f 1438 1620 1772
f 1425 1590 1859
f 1446 1662 1847
f 1405 1665 1803
f 1426 1595 1738
f 1413 1565 1734
f 1414 1599 1740
f 1428 1605 1743
f 1430 1612 1746
f 1435 1617 1756
f 1415 1587 1730
f 1420 1659 1790
f 1445 1668 1819
f 1410 1560 1825
f 1400 1535 1854
f 1392 1517 1764
f 1390 1512 1705
f 1396 1524 1795
f 1399 1530 1840
f 1403 1542 1768
f 1440 1644 1864
f 1423 1685 1851
f 1444 1673 1806
f 1404 1547 1711
f 1433 1613 1828
f 1416 1594 1752
f 1412 1564 1720
f 1429 1602 1783
f 1432 1608 1814
f 1439 1626 1832
f 1417 1572 1750
f 1418 1576 1726
f 1441 1655 1789
f 1408 1677 1820
f 1393 1641 1775
f 1389 1539 1707
f 1395 1546 1797
f 1398 1672 1848
f 1401 1684 1865
f 1409 1636 1833
f 1436 1631 1761
f 1421 1582 1729
f 1442 1648 1787
f 1407 1553 1809
f 1427 1623 1758
f 1411 1569 1722
f 1419 1577 1779
f 1431 1654 1816
f 1434 1680 1836
f 1437 1637 1774
f 1424 1630 1861
f 1422 1583 1843
f 1443 1649 1801
f 1406 1552 1714
f 1391 1533 1874
f 1387 1515 1868
f 1388 1510 1869
f 1394 1522 1876
f 1397 1528 1879
f 1402 1541 1882
f 1438 1643 1920
f 1425 1686 1905
f 1446 1674 1926
f 1405 1548 1885
f 1426 1611 1907
f 1413 1593 1895
f 1414 1566 1893
f 1428 1601 1909
f 1430 1606 1912
f 1435 1625 1916
f 1415 1570 1897
f 1420 1578 1900
f 1445 1656 1922
f 1410 1678 1890
f 1331 1700 1691
f 1328 1692 1687
f 1327 1690 1688
f 1329 1696 1694
f 1330 1699 1697
f 1333 1708 1706
f 1356 1776 1770
f 1386 1866 1857
f 1380 1849 1845
f 1363 1798 1796
f 1346 1745 1736
f 1343 1737 1732
f 1342 1735 1733
f 1344 1741 1739
f 1345 1744 1742
f 1350 1759 1754
f 1338 1723 1721
f 1357 1780 1778
f 1369 1817 1815
f 1376 1835 1823
f 1385 1863 1852
f 1353 1767 1762
f 1334 1710 1703
f 1366 1805 1793
f 1381 1850 1838
f 1355 1773 1766
f 1384 1862 1860
f 1378 1844 1842
f 1364 1802 1800
f 1335 1713 1709
f 1374 1831 1826
f 1347 1749 1747
f 1339 1725 1718
f 1360 1788 1781
f 1371 1821 1812
f 1375 1834 1830
f 1351 1760 1748
f 1340 1728 1724
f 1359 1786 1784
f 1367 1810 1808
f 1352 1765 1763
f 1332 1704 1702
f 1362 1794 1792
f 1377 1839 1837
f 1382 1855 1853
f 1372 1824 1822
f 1349 1757 1755
f 1341 1731 1727
f 1361 1791 1785
f 1370 1818 1807
f 1348 1753 1751
f 1337 1719 1717
f 1358 1782 1777
f 1368 1813 1811
f 1373 1829 1827
f 1354 1771 1769
f 1383 1858 1856
f 1379 1846 1841
f 1365 1804 1799
f 1336 1716 1712
f 1393 1873 1875
f 1389 1867 1871
f 1395 1870 1872
f 1398 1877 1878
f 1401 1880 1881
f 1409 1883 1884
f 1436 1917 1918
f 1421 1904 1903
f 1442 1924 1923
f 1407 1887 1886
f 1427 1906 1908
f 1411 1891 1892
f 1419 1896 1894
f 1431 1910 1911
f 1434 1913 1914
f 1437 1915 1919
f 1424 1898 1899
f 1422 1902 1901
f 1443 1925 1921
f 1406 1889 1888
f 1691 1448 1451
f 1687 1447 1448
f 1688 1449 1447
f 1694 1450 1449
f 1697 1451 1450
f 1706 1456 1453
f 1770 1474 1476
f 1857 1503 1506
f 1845 1499 1500
f 1796 1485 1483
f 1736 1463 1466
f 1732 1462 1463
f 1733 1464 1462
f 1739 1465 1464
f 1742 1466 1465
f 1754 1469 1470
f 1721 1461 1458
f 1778 1481 1477
f 1815 1490 1489
f 1823 1492 1496
f 1852 1502 1505
f 1762 1472 1473
f 1703 1452 1454
f 1793 1482 1486
f 1838 1497 1501
f 1766 1473 1475
f 1860 1505 1504
f 1842 1501 1498
f 1800 1486 1484
f 1709 1454 1455
f 1826 1493 1494
f 1747 1468 1467
f 1718 1457 1459
f 1781 1478 1480
f 1812 1488 1491
f 1830 1494 1495
f 1748 1467 1471
f 1724 1459 1460
f 1784 1480 1479
f 1808 1491 1487
f 1763 1476 1472
f 1702 1453 1452
f 1792 1483 1482
f 1837 1500 1497
f 1853 1506 1502
f 1822 1495 1492
f 1755 1471 1469
f 1727 1460 1461
f 1785 1479 1481
f 1807 1487 1490
f 1751 1470 1468
f 1717 1458 1457
f 1777 1477 1478
f 1811 1489 1488
f 1827 1496 1493
f 1769 1475 1474
f 1856 1504 1503
f 1841 1498 1499
f 1799 1484 1485
f 1712 1455 1456
f 1875 1642 1641
f 1871 1540 1539
f 1872 1545 1546
f 1878 1671 1672
f 1881 1683 1684
f 1884 1635 1636
f 1918 1632 1631
f 1903 1584 1582
f 1923 1650 1648
f 1886 1551 1553
f 1908 1624 1623
f 1892 1571 1569
f 1894 1575 1577
f 1911 1653 1654
f 1914 1679 1680
f 1919 1638 1637
f 1899 1629 1630
f 1901 1581 1583
f 1921 1647 1649
f 1888 1554 1552
f 1700 1531 1533
f 1692 1513 1515
f 1690 1507 1510
f 1696 1519 1522
f 1699 1525 1528
f 1708 1537 1541
f 1776 1639 1643
f 1866 1682 1686
f 1849 1670 1674
f 1798 1544 1548
f 1745 1609 1611
f 1737 1591 1593
f 1735 1562 1566
f 1741 1597 1601
f 1744 1603 1606
f 1759 1621 1625
f 1723 1567 1570
f 1780 1574 1578
f 1817 1652 1656
f 1835 1676 1678
f 1863 1640 1642
f 1767 1538 1540
f 1710 1543 1545
f 1805 1669 1671
f 1850 1681 1683
f 1773 1633 1635
f 1862 1628 1632
f 1844 1580 1584
f 1802 1646 1650
f 1713 1549 1551
f 1831 1622 1624
f 1749 1568 1571
f 1725 1573 1575
f 1788 1651 1653
f 1821 1675 1679
f 1834 1634 1638
f 1760 1627 1629
f 1728 1579 1581
f 1786 1645 1647
f 1810 1550 1554
f 1765 1514 1518
f 1704 1508 1511
f 1794 1520 1523
f 1839 1526 1529
f 1855 1532 1536
f 1824 1556 1559
f 1757 1615 1618
f 1731 1585 1588
f 1791 1657 1661
f 1818 1664 1666
f 1753 1592 1596
f 1719 1561 1563
f 1782 1598 1600
f 1813 1604 1607
f 1829 1610 1614
f 1771 1616 1619
f 1858 1586 1589
f 1846 1658 1660
f 1804 1663 1667
f 1716 1555 1558
f 1873 1518 1516
f 1867 1511 1509
f 1870 1523 1521
f 1877 1529 1527
f 1880 1536 1534
f 1883 1559 1557
f 1917 1618 1620
f 1904 1588 1590
f 1924 1661 1662
f 1887 1666 1665
f 1906 1596 1595
f 1891 1563 1565
f 1896 1600 1599
f 1910 1607 1605
f 1913 1614 1612
f 1915 1619 1617
f 1898 1589 1587
f 1902 1660 1659
f 1925 1667 1668
f 1889 1558 1560
f 1693 1516 1513
f 1689 1509 1507
f 1695 1521 1519
f 1698 1527 1525
f 1701 1534 1531
f 1715 1557 1555
f 1772 1620 1616
f 1859 1590 1586
f 1847 1662 1658
f 1803 1665 1663
f 1738 1595 1591
f 1734 1565 1562
f 1740 1599 1597
f 1743 1605 1603
f 1746 1612 1609
f 1756 1617 1615
f 1730 1587 1585
f 1790 1659 1657
f 1819 1668 1664
f 1825 1560 1556
f 1854 1535 1532
f 1764 1517 1514
f 1705 1512 1508
f 1795 1524 1520
f 1840 1530 1526
f 1768 1542 1538
f 1864 1644 1640
f 1851 1685 1681
f 1806 1673 1669
f 1711 1547 1543
f 1828 1613 1610
f 1752 1594 1592
f 1720 1564 1561
f 1783 1602 1598
f 1814 1608 1604
f 1832 1626 1622
f 1750 1572 1568
f 1726 1576 1573
f 1789 1655 1651
f 1820 1677 1675
f 1775 1641 1639
f 1707 1539 1537
f 1797 1546 1544
f 1848 1672 1670
f 1865 1684 1682
f 1833 1636 1634
f 1761 1631 1627
f 1729 1582 1579
f 1787 1648 1645
f 1809 1553 1550
f 1758 1623 1621
f 1722 1569 1567
f 1779 1577 1574
f 1816 1654 1652
f 1836 1680 1676
f 1774 1637 1633
f 1861 1630 1628
f 1843 1583 1580
f 1801 1649 1646
f 1714 1552 1549
f 1874 1533 1535
f 1868 1515 1517
f 1869 1510 1512
f 1876 1522 1524
f 1879 1528 1530
f 1882 1541 1542
f 1920 1643 1644
f 1905 1686 1685
f 1926 1674 1673
f 1885 1548 1547
f 1907 1611 1613
f 1895 1593 1594
f 1893 1566 1564
f 1909 1601 1602
f 1912 1606 1608
f 1916 1625 1626
f 1897 1570 1572
f 1900 1578 1576
f 1922 1656 1655
f 1890 1678 1677
f 1691 1700 1693
f 1687 1692 1689
f 1688 1690 1695
f 1694 1696 1698
f 1697 1699 1701
f 1706 1708 1715
f 1770 1776 1772
f 1857 1866 1859
f 1845 1849 1847
f 1796 1798 1803
f 1736 1745 1738
f 1732 1737 1734
f 1733 1735 1740
f 1739 1741 1743
f 1742 1744 1746
f 1754 1759 1756
f 1721 1723 1730
f 1778 1780 1790
f 1815 1817 1819
f 1823 1835 1825
f 1852 1863 1854
f 1762 1767 1764
f 1703 1710 1705
f 1793 1805 1795
f 1838 1850 1840
f 1766 1773 1768
f 1860 1862 1864
f 1842 1844 1851
f 1800 1802 1806
f 1709 1713 1711
f 1826 1831 1828
f 1747 1749 1752
f 1718 1725 1720
f 1781 1788 1783
f 1812 1821 1814
f 1830 1834 1832
f 1748 1760 1750
f 1724 1728 1726
f 1784 1786 1789
f 1808 1810 1820
f 1763 1765 1775
f 1702 1704 1707
f 1792 1794 1797
f 1837 1839 1848
f 1853 1855 1865
f 1822 1824 1833
f 1755 1757 1761
f 1727 1731 1729
f 1785 1791 1787
f 1807 1818 1809
f 1751 1753 1758
f 1717 1719 1722
f 1777 1782 1779
f 1811 1813 1816
f 1827 1829 1836
f 1769 1771 1774
f 1856 1858 1861
f 1841 1846 1843
f 1799 1804 1801
f 1712 1716 1714
f 1875 1873 1874
f 1871 1867 1868
f 1872 1870 1869
f 1878 1877 1876
f 1881 1880 1879
f 1884 1883 1882
f 1918 1917 1920
f 1903 1904 1905
f 1923 1924 1926
f 1886 1887 1885
f 1908 1906 1907
f 1892 1891 1895
f 1894 1896 1893
f 1911 1910 1909
f 1914 1913 1912
f 1919 1915 1916
f 1899 1898 1897
f 1901 1902 1900
f 1921 1925 1922
f 1888 1889 1890
f 1927 2093 2090
f 1927 2090 2089
f 1927 2089 2091
f 1927 2091 2092
f 1927 2092 2093
f 1928 2095 2098
f 1932 2118 2116
f 1938 2148 2145
f 1937 2142 2141
f 1934 2125 2127
f 1930 2108 2105
f 1930 2105 2104
f 1930 2104 2106
f 1930 2106 2107
f 1930 2107 2108
f 1931 2112 2111
f 1929 2100 2103
f 1933 2119 2123
f 1935 2131 2132
f 1936 2138 2134
f 1938 2147 2144
f 1932 2115 2114
f 1928 2096 2094
f 1934 2128 2124
f 1937 2143 2139
f 1932 2117 2115
f 1938 2146 2147
f 1937 2140 2143
f 1934 2126 2128
f 1928 2097 2096
f 1936 2136 2135
f 1931 2109 2110
f 1929 2101 2099
f 1933 2122 2120
f 1935 2133 2130
f 1936 2137 2136
f 1931 2113 2109
f 1929 2102 2101
f 1933 2121 2122
f 1935 2129 2133
f 1932 2114 2118
f 1928 2094 2095
f 1934 2124 2125
f 1937 2139 2142
f 1938 2144 2148
f 1936 2134 2137
f 1931 2111 2113
f 1929 2103 2102
f 1933 2123 2121
f 1935 2132 2129
f 1931 2110 2112
f 1929 2099 2100
f 1933 2120 2119
f 1935 2130 2131
f 1936 2135 2138
f 1932 2116 2117
f 1938 2145 2146
f 1937 2141 2140
f 1934 2127 2126
f 1928 2098 2097
f 1961 2283 2284
f 1944 2181 2182
f 1945 2188 2187
f 1966 2314 2313
f 1968 2326 2325
f 1960 2278 2277
f 1959 2273 2274
f 1951 2224 2226
f 1962 2290 2292
f 1946 2195 2193
f 1958 2265 2266
f 1949 2211 2213
f 1950 2219 2217
f 1963 2296 2295
f 1967 2322 2321
f 1960 2279 2280
f 1959 2272 2271
f 1951 2225 2223
f 1962 2291 2289
f 1946 2194 2196
f 1943 2175 2173
f 1940 2157 2155
f 1939 2152 2149
f 1941 2164 2161
f 1942 2170 2167
f 1944 2183 2179
f 1961 2285 2281
f 1968 2328 2324
f 1966 2316 2312
f 1945 2190 2186
f 1956 2253 2251
f 1953 2235 2233
f 1948 2208 2204
f 1954 2243 2239
f 1955 2248 2245
f 1958 2267 2263
f 1949 2212 2209
f 1950 2220 2216
f 1963 2298 2294
f 1967 2320 2318
f 1961 2284 2282
f 1944 2182 2180
f 1945 2187 2185
f 1966 2313 2311
f 1968 2325 2323
f 1960 2277 2275
f 1959 2274 2270
f 1951 2226 2222
f 1962 2292 2288
f 1946 2193 2191
f 1958 2266 2264
f 1949 2213 2210
f 1950 2217 2215
f 1963 2295 2293
f 1967 2321 2317
f 1960 2280 2276
f 1959 2271 2269
f 1951 2223 2221
f 1962 2289 2287
f 1946 2196 2192
f 1940 2160 2156
f 1939 2153 2150
f 1941 2165 2162
f 1942 2171 2168
f 1943 2178 2174
f 1947 2201 2198
f 1957 2260 2257
f 1952 2230 2227
f 1964 2303 2299
f 1965 2308 2306
f 1953 2238 2234
f 1948 2205 2203
f 1954 2242 2240
f 1955 2249 2246
f 1956 2256 2252
f 1957 2261 2258
f 1952 2231 2228
f 1964 2302 2300
f 1965 2309 2305
f 1947 2200 2197
f 1940 2158 2160
f 1939 2151 2153
f 1941 2163 2165
f 1942 2169 2171
f 1943 2176 2178
f 1947 2199 2201
f 1957 2262 2260
f 1952 2232 2230
f 1964 2304 2303
f 1965 2307 2308
f 1953 2237 2238
f 1948 2207 2205
f 1954 2241 2242
f 1955 2247 2249
f 1956 2254 2256
f 1957 2259 2261
f 1952 2229 2231
f 1964 2301 2302
f 1965 2310 2309
f 1947 2202 2200
f 1940 2155 2158
f 1939 2149 2151
f 1941 2161 2163
f 1942 2167 2169
f 1943 2173 2176
f 1947 2197 2199
f 1957 2258 2262
f 1952 2228 2232
f 1964 2300 2304
f 1965 2305 2307
f 1953 2233 2237
f 1948 2204 2207
f 1954 2239 2241
f 1955 2245 2247
f 1956 2251 2254
f 1957 2257 2259
f 1952 2227 2229
f 1964 2299 2301
f 1965 2306 2310
f 1947 2198 2202
f 1943 2174 2177
f 1940 2156 2159
f 1939 2150 2154
f 1941 2162 2166
f 1942 2168 2172
f 1944 2180 2184
f 1961 2282 2286
f 1968 2323 2327
f 1966 2311 2315
f 1945 2185 2189
f 1956 2252 2255
f 1953 2234 2236
f 1948 2203 2206
f 1954 2240 2244
f 1955 2246 2250
f 1958 2264 2268
f 1949 2210 2214
f 1950 2215 2218
f 1963 2293 2297
f 1967 2317 2319
f 1961 2281 2283
f 1944 2179 2181
f 1945 2186 2188
f 1966 2312 2314
f 1968 2324 2326
f 1960 2276 2278
f 1959 2269 2273
f 1951 2221 2224
f 1962 2287 2290
f 1946 2192 2195
f 1958 2263 2265
f 1949 2209 2211
f 1950 2216 2219
f 1963 2294 2296
f 1967 2318 2322
f 1960 2275 2279
f 1959 2270 2272
f 1951 2222 2225
f 1962 2288 2291
f 1946 2191 2194
f 1943 2177 2175
f 1940 2159 2157
f 1939 2154 2152
f 1941 2166 2164
f 1942 2172 2170
f 1944 2184 2183
f 1961 2286 2285
f 1968 2327 2328
f 1966 2315 2316
f 1945 2189 2190
f 1956 2255 2253
f 1953 2236 2235
f 1948 2206 2208
f 1954 2244 2243
f 1955 2250 2248
f 1958 2268 2267
f 1949 2214 2212
f 1950 2218 2220
f 1963 2297 2298
f 1967 2319 2320
f 2033 2335 2342
f 2029 2331 2334
f 2030 2337 2332
f 2036 2340 2338
f 2039 2343 2341
f 2044 2357 2350
f 2080 2414 2418
f 2067 2501 2508
f 2088 2489 2491
f 2047 2445 2440
f 2068 2380 2387
f 2055 2376 2379
f 2056 2382 2377
f 2070 2385 2383
f 2072 2388 2386
f 2077 2398 2401
f 2057 2372 2365
f 2062 2432 2422
f 2087 2461 2459
f 2052 2467 2477
f 2042 2496 2505
f 2034 2406 2409
f 2032 2347 2352
f 2038 2437 2447
f 2041 2482 2492
f 2045 2410 2415
f 2082 2506 2504
f 2065 2493 2486
f 2086 2448 2444
f 2046 2353 2355
f 2075 2470 2473
f 2058 2394 2391
f 2054 2362 2367
f 2071 2425 2430
f 2074 2456 2463
f 2081 2474 2476
f 2059 2392 2402
f 2060 2368 2370
f 2083 2431 2428
f 2050 2462 2452
f 2035 2417 2407
f 2031 2349 2346
f 2037 2439 2436
f 2040 2490 2481
f 2043 2507 2497
f 2051 2475 2466
f 2078 2403 2399
f 2063 2371 2373
f 2084 2429 2433
f 2049 2451 2460
f 2069 2400 2395
f 2053 2364 2361
f 2061 2421 2424
f 2073 2458 2455
f 2076 2478 2471
f 2079 2416 2413
f 2066 2503 2500
f 2064 2485 2488
f 2085 2443 2446
f 2048 2356 2358
f 2033 2516 2515
f 2029 2510 2509
f 2030 2511 2512
f 2036 2518 2519
f 2039 2521 2522
f 2044 2524 2525
f 2080 2562 2559
f 2067 2547 2546
f 2088 2568 2566
f 2047 2527 2529
f 2068 2549 2548
f 2055 2537 2533
f 2056 2535 2538
f 2070 2551 2552
f 2072 2554 2555
f 2077 2558 2557
f 2057 2539 2540
f 2062 2542 2544
f 2087 2564 2567
f 2052 2532 2531
f 1973 2333 2093
f 1970 2329 2090
f 1969 2330 2089
f 1971 2336 2091
f 1972 2339 2092
f 1975 2348 2095
f 1998 2412 2118
f 2028 2499 2148
f 2022 2487 2142
f 2005 2438 2125
f 1988 2378 2108
f 1985 2374 2105
f 1984 2375 2104
f 1986 2381 2106
f 1987 2384 2107
f 1992 2396 2112
f 1980 2363 2100
f 1999 2420 2119
f 2011 2457 2131
f 2018 2465 2138
f 2027 2494 2147
f 1995 2404 2115
f 1976 2345 2096
f 2008 2435 2128
f 2023 2480 2143
f 1997 2408 2117
f 2026 2502 2146
f 2020 2484 2140
f 2006 2442 2126
f 1977 2351 2097
f 2016 2468 2136
f 1989 2389 2109
f 1981 2360 2101
f 2002 2423 2122
f 2013 2454 2133
f 2017 2472 2137
f 1993 2390 2113
f 1982 2366 2102
f 2001 2426 2121
f 2009 2450 2129
f 1994 2405 2114
f 1974 2344 2094
f 2004 2434 2124
f 2019 2479 2139
f 2024 2495 2144
f 2014 2464 2134
f 1991 2397 2111
f 1983 2369 2103
f 2003 2427 2123
f 2012 2449 2132
f 1990 2393 2110
f 1979 2359 2099
f 2000 2419 2120
f 2010 2453 2130
f 2015 2469 2135
f 1996 2411 2116
f 2025 2498 2145
f 2021 2483 2141
f 2007 2441 2127
f 1978 2354 2098
f 2035 2517 2283
f 2031 2513 2181
f 2037 2514 2188
f 2040 2520 2314
f 2043 2523 2326
f 2051 2526 2278
f 2078 2560 2273
f 2063 2545 2224
f 2084 2565 2290
f 2049 2528 2195
f 2069 2550 2265
f 2053 2534 2211
f 2061 2536 2219
f 2073 2553 2296
f 2076 2556 2322
f 2079 2561 2279
f 2066 2541 2272
f 2064 2543 2225
f 2085 2563 2291
f 2048 2530 2194
f 2033 2342 2175
f 2029 2334 2157
f 2030 2332 2152
f 2036 2338 2164
f 2039 2341 2170
f 2044 2350 2183
f 2080 2418 2285
f 2067 2508 2328
f 2088 2491 2316
f 2047 2440 2190
f 2068 2387 2253
f 2055 2379 2235
f 2056 2377 2208
f 2070 2383 2243
f 2072 2386 2248
f 2077 2401 2267
f 2057 2365 2212
f 2062 2422 2220
f 2087 2459 2298
f 2052 2477 2320
f 2042 2505 2284
f 2034 2409 2182
f 2032 2352 2187
f 2038 2447 2313
f 2041 2492 2325
f 2045 2415 2277
f 2082 2504 2274
f 2065 2486 2226
f 2086 2444 2292
f 2046 2355 2193
f 2075 2473 2266
f 2058 2391 2213
f 2054 2367 2217
f 2071 2430 2295
f 2074 2463 2321
f 2081 2476 2280
f 2059 2402 2271
f 2060 2370 2223
f 2083 2428 2289
f 2050 2452 2196
f 2035 2407 2160
f 2031 2346 2153
f 2037 2436 2165
f 2040 2481 2171
f 2043 2497 2178
f 2051 2466 2201
f 2078 2399 2260
f 2063 2373 2230
f 2084 2433 2303
f 2049 2460 2308
f 2069 2395 2238
f 2053 2361 2205
f 2061 2424 2242
f 2073 2455 2249
f 2076 2471 2256
f 2079 2413 2261
f 2066 2500 2231
f 2064 2488 2302
f 2085 2446 2309
f 2048 2358 2200
f 2033 2515 2158
f 2029 2509 2151
f 2030 2512 2163
f 2036 2519 2169
f 2039 2522 2176
f 2044 2525 2199
f 2080 2559 2262
f 2067 2546 2232
f 2088 2566 2304
f 2047 2529 2307
f 2068 2548 2237
f 2055 2533 2207
f 2056 2538 2241
f 2070 2552 2247
f 2072 2555 2254
f 2077 2557 2259
f 2057 2540 2229
f 2062 2544 2301
f 2087 2567 2310
f 2052 2531 2202
f 1970 2335 2155
f 1969 2331 2149
f 1971 2337 2161
f 1972 2340 2167
f 1973 2343 2173
f 1978 2357 2197
f 1996 2414 2258
f 2025 2501 2228
f 2021 2489 2300
f 2007 2445 2305
f 1985 2380 2233
f 1984 2376 2204
f 1986 2382 2239
f 1987 2385 2245
f 1988 2388 2251
f 1991 2398 2257
f 1983 2372 2227
f 2003 2432 2299
f 2012 2461 2306
f 2014 2467 2198
f 2024 2496 2174
f 1994 2406 2156
f 1974 2347 2150
f 2004 2437 2162
f 2019 2482 2168
f 1995 2410 2180
f 2027 2506 2282
f 2023 2493 2323
f 2008 2448 2311
f 1976 2353 2185
f 2015 2470 2252
f 1990 2394 2234
f 1979 2362 2203
f 2000 2425 2240
f 2010 2456 2246
f 2016 2474 2264
f 1989 2392 2210
f 1981 2368 2215
f 2002 2431 2293
f 2013 2462 2317
f 1998 2417 2281
f 1975 2349 2179
f 2005 2439 2186
f 2022 2490 2312
f 2028 2507 2324
f 2017 2475 2276
f 1993 2403 2269
f 1982 2371 2221
f 2001 2429 2287
f 2009 2451 2192
f 1992 2400 2263
f 1980 2364 2209
f 1999 2421 2216
f 2011 2458 2294
f 2018 2478 2318
f 1997 2416 2275
f 2026 2503 2270
f 2020 2485 2222
f 2006 2443 2288
f 1977 2356 2191
f 2042 2516 2177
f 2034 2510 2159
f 2032 2511 2154
f 2038 2518 2166
f 2041 2521 2172
f 2045 2524 2184
f 2082 2562 2286
f 2065 2547 2327
f 2086 2568 2315
f 2046 2527 2189
f 2075 2549 2255
f 2058 2537 2236
f 2054 2535 2206
f 2071 2551 2244
f 2074 2554 2250
f 2081 2558 2268
f 2059 2539 2214
f 2060 2542 2218
f 2083 2564 2297
f 2050 2532 2319
f 1970 2333 2335
f 1969 2329 2331
f 1971 2330 2337
f 1972 2336 2340
f 1973 2339 2343
f 1978 2348 2357
f 1996 2412 2414
f 2025 2499 2501
f 2021 2487 2489
f 2007 2438 2445
f 1985 2378 2380
f 1984 2374 2376
f 1986 2375 2382
f 1987 2381 2385
f 1988 2384 2388
f 1991 2396 2398
f 1983 2363 2372
f 2003 2420 2432
f 2012 2457 2461
f 2014 2465 2467
f 2024 2494 2496
f 1994 2404 2406
f 1974 2345 2347
f 2004 2435 2437
f 2019 2480 2482
f 1995 2408 2410
f 2027 2502 2506
f 2023 2484 2493
f 2008 2442 2448
f 1976 2351 2353
f 2015 2468 2470
f 1990 2389 2394
f 1979 2360 2362
f 2000 2423 2425
f 2010 2454 2456
f 2016 2472 2474
f 1989 2390 2392
f 1981 2366 2368
f 2002 2426 2431
f 2013 2450 2462
f 1998 2405 2417
f 1975 2344 2349
f 2005 2434 2439
f 2022 2479 2490
f 2028 2495 2507
f 2017 2464 2475
f 1993 2397 2403
f 1982 2369 2371
f 2001 2427 2429
f 2009 2449 2451
f 1992 2393 2400
f 1980 2359 2364
f 1999 2419 2421
f 2011 2453 2458
f 2018 2469 2478
f 1997 2411 2416
f 2026 2498 2503
f 2020 2483 2485
f 2006 2441 2443
f 1977 2354 2356
f 2042 2517 2516
f 2034 2513 2510
f 2032 2514 2511
f 2038 2520 2518
f 2041 2523 2521
f 2045 2526 2524
f 2082 2560 2562
f 2065 2545 2547
f 2086 2565 2568
f 2046 2528 2527
f 2075 2550 2549
f 2058 2534 2537
f 2054 2536 2535
f 2071 2553 2551
f 2074 2556 2554
f 2081 2561 2558
f 2059 2541 2539
f 2060 2543 2542
f 2083 2563 2564
f 2050 2530 2532
f 1970 2090 2333
f 1969 2089 2329
f 1971 2091 2330
f 1972 2092 2336
f 1973 2093 2339
f 1978 2098 2348
f 1996 2116 2412
f 2025 2145 2499
f 2021 2141 2487
f 2007 2127 2438
f 1985 2105 2378
f 1984 2104 2374
f 1986 2106 2375
f 1987 2107 2381
f 1988 2108 2384
f 1991 2111 2396
f 1983 2103 2363
f 2003 2123 2420
f 2012 2132 2457
f 2014 2134 2465
f 2024 2144 2494
f 1994 2114 2404
f 1974 2094 2345
f 2004 2124 2435
f 2019 2139 2480
f 1995 2115 2408
f 2027 2147 2502
f 2023 2143 2484
f 2008 2128 2442
f 1976 2096 2351
f 2015 2135 2468
f 1990 2110 2389
f 1979 2099 2360
f 2000 2120 2423
f 2010 2130 2454
f 2016 2136 2472
f 1989 2109 2390
f 1981 2101 2366
f 2002 2122 2426
f 2013 2133 2450
f 1998 2118 2405
f 1975 2095 2344
f 2005 2125 2434
f 2022 2142 2479
f 2028 2148 2495
f 2017 2137 2464
f 1993 2113 2397
f 1982 2102 2369
f 2001 2121 2427
f 2009 2129 2449
f 1992 2112 2393
f 1980 2100 2359
f 1999 2119 2419
f 2011 2131 2453
f 2018 2138 2469
f 1997 2117 2411
f 2026 2146 2498
f 2020 2140 2483
f 2006 2126 2441
f 1977 2097 2354
f 2042 2284 2517
f 2034 2182 2513
f 2032 2187 2514
f 2038 2313 2520
f 2041 2325 2523
f 2045 2277 2526
f 2082 2274 2560
f 2065 2226 2545
f 2086 2292 2565
f 2046 2193 2528
f 2075 2266 2550
f 2058 2213 2534
f 2054 2217 2536
f 2071 2295 2553
f 2074 2321 2556
f 2081 2280 2561
f 2059 2271 2541
f 2060 2223 2543
f 2083 2289 2563
f 2050 2196 2530
f 1973 2173 2342
f 1970 2155 2334
f 1969 2149 2332
f 1971 2161 2338
f 1972 2167 2341
f 1975 2179 2350
f 1998 2281 2418
f 2028 2324 2508
f 2022 2312 2491
f 2005 2186 2440
f 1988 2251 2387
f 1985 2233 2379
f 1984 2204 2377
f 1986 2239 2383
f 1987 2245 2386
f 1992 2263 2401
f 1980 2209 2365
f 1999 2216 2422
f 2011 2294 2459
f 2018 2318 2477
f 2027 2282 2505
f 1995 2180 2409
f 1976 2185 2352
f 2008 2311 2447
f 2023 2323 2492
f 1997 2275 2415
f 2026 2270 2504
f 2020 2222 2486
f 2006 2288 2444
f 1977 2191 2355
f 2016 2264 2473
f 1989 2210 2391
f 1981 2215 2367
f 2002 2293 2430
f 2013 2317 2463
f 2017 2276 2476
f 1993 2269 2402
f 1982 2221 2370
f 2001 2287 2428
f 2009 2192 2452
f 1994 2156 2407
f 1974 2150 2346
f 2004 2162 2436
f 2019 2168 2481
f 2024 2174 2497
f 2014 2198 2466
f 1991 2257 2399
f 1983 2227 2373
f 2003 2299 2433
f 2012 2306 2460
f 1990 2234 2395
f 1979 2203 2361
f 2000 2240 2424
f 2010 2246 2455
f 2015 2252 2471
f 1996 2258 2413
f 2025 2228 2500
f 2021 2300 2488
f 2007 2305 2446
f 1978 2197 2358
f 2035 2160 2515
f 2031 2153 2509
f 2037 2165 2512
f 2040 2171 2519
f 2043 2178 2522
f 2051 2201 2525
f 2078 2260 2559
f 2063 2230 2546
f 2084 2303 2566
f 2049 2308 2529
f 2069 2238 2548
f 2053 2205 2533
f 2061 2242 2538
f 2073 2249 2552
f 2076 2256 2555
f 2079 2261 2557
f 2066 2231 2540
f 2064 2302 2544
f 2085 2309 2567
f 2048 2200 2531
f 2033 2158 2335
f 2029 2151 2331
f 2030 2163 2337
f 2036 2169 2340
f 2039 2176 2343
f 2044 2199 2357
f 2080 2262 2414
f 2067 2232 2501
f 2088 2304 2489
f 2047 2307 2445
f 2068 2237 2380
f 2055 2207 2376
f 2056 2241 2382
f 2070 2247 2385
f 2072 2254 2388
f 2077 2259 2398
f 2057 2229 2372
f 2062 2301 2432
f 2087 2310 2461
f 2052 2202 2467
f 2042 2177 2496
f 2034 2159 2406
f 2032 2154 2347
f 2038 2166 2437
f 2041 2172 2482
f 2045 2184 2410
f 2082 2286 2506
f 2065 2327 2493
f 2086 2315 2448
f 2046 2189 2353
f 2075 2255 2470
f 2058 2236 2394
f 2054 2206 2362
f 2071 2244 2425
f 2074 2250 2456
f 2081 2268 2474
f 2059 2214 2392
f 2060 2218 2368
f 2083 2297 2431
f 2050 2319 2462
f 2035 2283 2417
f 2031 2181 2349
f 2037 2188 2439
f 2040 2314 2490
f 2043 2326 2507
f 2051 2278 2475
f 2078 2273 2403
f 2063 2224 2371
f 2084 2290 2429
f 2049 2195 2451
f 2069 2265 2400
f 2053 2211 2364
f 2061 2219 2421
f 2073 2296 2458
f 2076 2322 2478
f 2079 2279 2416
f 2066 2272 2503
f 2064 2225 2485
f 2085 2291 2443
f 2048 2194 2356
f 2033 2175 2516
f 2029 2157 2510
f 2030 2152 2511
f 2036 2164 2518
f 2039 2170 2521
f 2044 2183 2524
f 2080 2285 2562
f 2067 2328 2547
f 2088 2316 2568
f 2047 2190 2527
f 2068 2253 2549
f 2055 2235 2537
f 2056 2208 2535
f 2070 2243 2551
f 2072 2248 2554
f 2077 2267 2558
f 2057 2212 2539
f 2062 2220 2542
f 2087 2298 2564
f 2052 2320 2532
f 1973 2342 2333
f 1970 2334 2329
f 1969 2332 2330
f 1971 2338 2336
f 1972 2341 2339
f 1975 2350 2348
f 1998 2418 2412
f 2028 2508 2499
f 2022 2491 2487
f 2005 2440 2438
f 1988 2387 2378
f 1985 2379 2374
f 1984 2377 2375
f 1986 2383 2381
f 1987 2386 2384
f 1992 2401 2396
f 1980 2365 2363
f 1999 2422 2420
f 2011 2459 2457
f 2018 2477 2465
f 2027 2505 2494
f 1995 2409 2404
f 1976 2352 2345
f 2008 2447 2435
f 2023 2492 2480
f 1997 2415 2408
f 2026 2504 2502
f 2020 2486 2484
f 2006 2444 2442
f 1977 2355 2351
f 2016 2473 2468
f 1989 2391 2389
f 1981 2367 2360
f 2002 2430 2423
f 2013 2463 2454
f 2017 2476 2472
f 1993 2402 2390
f 1982 2370 2366
f 2001 2428 2426
f 2009 2452 2450
f 1994 2407 2405
f 1974 2346 2344
f 2004 2436 2434
f 2019 2481 2479
f 2024 2497 2495
f 2014 2466 2464
f 1991 2399 2397
f 1983 2373 2369
f 2003 2433 2427
f 2012 2460 2449
f 1990 2395 2393
f 1979 2361 2359
f 2000 2424 2419
f 2010 2455 2453
f 2015 2471 2469
f 1996 2413 2411
f 2025 2500 2498
f 2021 2488 2483
f 2007 2446 2441
f 1978 2358 2354
f 2035 2515 2517
f 2031 2509 2513
f 2037 2512 2514
f 2040 2519 2520
f 2043 2522 2523
f 2051 2525 2526
f 2078 2559 2560
f 2063 2546 2545
f 2084 2566 2565
f 2049 2529 2528
f 2069 2548 2550
f 2053 2533 2534
f 2061 2538 2536
f 2073 2552 2553
f 2076 2555 2556
f 2079 2557 2561
f 2066 2540 2541
f 2064 2544 2543
f 2085 2567 2563
f 2048 2531 2530
f 2333 2090 2093
f 2329 2089 2090
f 2330 2091 2089
f 2336 2092 2091
f 2339 2093 2092
f 2348 2098 2095
f 2412 2116 2118
f 2499 2145 2148
f 2487 2141 2142
f 2438 2127 2125
f 2378 2105 2108
f 2374 2104 2105
f 2375 2106 2104
f 2381 2107 2106
f 2384 2108 2107
f 2396 2111 2112
f 2363 2103 2100
f 2420 2123 2119
f 2457 2132 2131
f 2465 2134 2138
f 2494 2144 2147
f 2404 2114 2115
f 2345 2094 2096
f 2435 2124 2128
f 2480 2139 2143
f 2408 2115 2117
f 2502 2147 2146
f 2484 2143 2140
f 2442 2128 2126
f 2351 2096 2097
f 2468 2135 2136
f 2389 2110 2109
f 2360 2099 2101
f 2423 2120 2122
f 2454 2130 2133
f 2472 2136 2137
f 2390 2109 2113
f 2366 2101 2102
f 2426 2122 2121
f 2450 2133 2129
f 2405 2118 2114
f 2344 2095 2094
f 2434 2125 2124
f 2479 2142 2139
f 2495 2148 2144
f 2464 2137 2134
f 2397 2113 2111
f 2369 2102 2103
f 2427 2121 2123
f 2449 2129 2132
f 2393 2112 2110
f 2359 2100 2099
f 2419 2119 2120
f 2453 2131 2130
f 2469 2138 2135
f 2411 2117 2116
f 2498 2146 2145
f 2483 2140 2141
f 2441 2126 2127
f 2354 2097 2098
f 2517 2284 2283
f 2513 2182 2181
f 2514 2187 2188
f 2520 2313 2314
f 2523 2325 2326
f 2526 2277 2278
f 2560 2274 2273
f 2545 2226 2224
f 2565 2292 2290
f 2528 2193 2195
f 2550 2266 2265
f 2534 2213 2211
f 2536 2217 2219
f 2553 2295 2296
f 2556 2321 2322
f 2561 2280 2279
f 2541 2271 2272
f 2543 2223 2225
f 2563 2289 2291
f 2530 2196 2194
f 2342 2173 2175
f 2334 2155 2157
f 2332 2149 2152
f 2338 2161 2164
f 2341 2167 2170
f 2350 2179 2183
f 2418 2281 2285
f 2508 2324 2328
f 2491 2312 2316
f 2440 2186 2190
f 2387 2251 2253
f 2379 2233 2235
f 2377 2204 2208
f 2383 2239 2243
f 2386 2245 2248
f 2401 2263 2267
f 2365 2209 2212
f 2422 2216 2220
f 2459 2294 2298
f 2477 2318 2320
f 2505 2282 2284
f 2409 2180 2182
f 2352 2185 2187
f 2447 2311 2313
f 2492 2323 2325
f 2415 2275 2277
f 2504 2270 2274
f 2486 2222 2226
f 2444 2288 2292
f 2355 2191 2193
f 2473 2264 2266
f 2391 2210 2213
f 2367 2215 2217
f 2430 2293 2295
f 2463 2317 2321
f 2476 2276 2280
f 2402 2269 2271
f 2370 2221 2223
f 2428 2287 2289
f 2452 2192 2196
f 2407 2156 2160
f 2346 2150 2153
f 2436 2162 2165
f 2481 2168 2171
f 2497 2174 2178
f 2466 2198 2201
f 2399 2257 2260
f 2373 2227 2230
f 2433 2299 2303
f 2460 2306 2308
f 2395 2234 2238
f 2361 2203 2205
f 2424 2240 2242
f 2455 2246 2249
f 2471 2252 2256
f 2413 2258 2261
f 2500 2228 2231
f 2488 2300 2302
f 2446 2305 2309
f 2358 2197 2200
f 2515 2160 2158
f 2509 2153 2151
f 2512 2165 2163
f 2519 2171 2169
f 2522 2178 2176
f 2525 2201 2199
f 2559 2260 2262
f 2546 2230 2232
f 2566 2303 2304
f 2529 2308 2307
f 2548 2238 2237
f 2533 2205 2207
f 2538 2242 2241
f 2552 2249 2247
f 2555 2256 2254
f 2557 2261 2259
f 2540 2231 2229
f 2544 2302 2301
f 2567 2309 2310
f 2531 2200 2202
f 2335 2158 2155
f 2331 2151 2149
f 2337 2163 2161
f 2340 2169 2167
f 2343 2176 2173
f 2357 2199 2197
f 2414 2262 2258
f 2501 2232 2228
f 2489 2304 2300
f 2445 2307 2305
f 2380 2237 2233
f 2376 2207 2204
f 2382 2241 2239
f 2385 2247 2245
f 2388 2254 2251
f 2398 2259 2257
f 2372 2229 2227
f 2432 2301 2299
f 2461 2310 2306
f 2467 2202 2198
f 2496 2177 2174
f 2406 2159 2156
f 2347 2154 2150
f 2437 2166 2162
f 2482 2172 2168
f 2410 2184 2180
f 2506 2286 2282
f 2493 2327 2323
f 2448 2315 2311
f 2353 2189 2185
f 2470 2255 2252
f 2394 2236 2234
f 2362 2206 2203
f 2425 2244 2240
f 2456 2250 2246
f 2474 2268 2264
f 2392 2214 2210
f 2368 2218 2215
f 2431 2297 2293
f 2462 2319 2317
f 2417 2283 2281
f 2349 2181 2179
f 2439 2188 2186
f 2490 2314 2312
f 2507 2326 2324
f 2475 2278 2276
f 2403 2273 2269
f 2371 2224 2221
f 2429 2290 2287
f 2451 2195 2192
f 2400 2265 2263
f 2364 2211 2209
f 2421 2219 2216
f 2458 2296 2294
f 2478 2322 2318
f 2416 2279 2275
f 2503 2272 2270
f 2485 2225 2222
f 2443 2291 2288
f 2356 2194 2191
f 2516 2175 2177
f 2510 2157 2159
f 2511 2152 2154
f 2518 2164 2166
f 2521 2170 2172
f 2524 2183 2184
f 2562 2285 2286
f 2547 2328 2327
f 2568 2316 2315
f 2527 2190 2189
f 2549 2253 2255
f 2537 2235 2236
f 2535 2208 2206
f 2551 2243 2244
f 2554 2248 2250
f 2558 2267 2268
f 2539 2212 2214
f 2542 2220 2218
f 2564 2298 2297
f 2532 2320 2319
f 2333 2342 2335
f 2329 2334 2331
f 2330 2332 2337
f 2336 2338 2340
f 2339 2341 2343
f 2348 2350 2357
f 2412 2418 2414
f 2499 2508 2501
f 2487 2491 2489
f 2438 2440 2445
f 2378 2387 2380
f 2374 2379 2376
f 2375 2377 2382
f 2381 2383 2385
f 2384 2386 2388
f 2396 2401 2398
f 2363 2365 2372
f 2420 2422 2432
f 2457 2459 2461
f 2465 2477 2467
f 2494 2505 2496
f 2404 2409 2406
f 2345 2352 2347
f 2435 2447 2437
f 2480 2492 2482
f 2408 2415 2410
f 2502 2504 2506
f 2484 2486 2493
f 2442 2444 2448
f 2351 2355 2353
f 2468 2473 2470
f 2389 2391 2394
f 2360 2367 2362
f 2423 2430 2425
f 2454 2463 2456
f 2472 2476 2474
f 2390 2402 2392
f 2366 2370 2368
f 2426 2428 2431
f 2450 2452 2462
f 2405 2407 2417
f 2344 2346 2349
f 2434 2436 2439
f 2479 2481 2490
f 2495 2497 2507
f 2464 2466 2475
f 2397 2399 2403
f 2369 2373 2371
f 2427 2433 2429
f 2449 2460 2451
f 2393 2395 2400
f 2359 2361 2364
f 2419 2424 2421
f 2453 2455 2458
f 2469 2471 2478
f 2411 2413 2416
f 2498 2500 2503
f 2483 2488 2485
f 2441 2446 2443
f 2354 2358 2356
f 2517 2515 2516
f 2513 2509 2510
f 2514 2512 2511
f 2520 2519 2518
f 2523 2522 2521
f 2526 2525 2524
f 2560 2559 2562
f 2545 2546 2547
f 2565 2566 2568
f 2528 2529 2527
f 2550 2548 2549
f 2534 2533 2537
f 2536 2538 2535
f 2553 2552 2551
f 2556 2555 2554
f 2561 2557 2558
f 2541 2540 2539
f 2543 2544 2542
f 2563 2567 2564
f 2530 2531 2532