v -0.998804 0.028054 0.000000
v 0.998804 0.028054 0.000000
v -0.998804 -0.108054 0.000000
v 0.998804 -0.108054 0.000000
v 0.000000 -0.082055 0.850678
v 0.000000 0.002055 0.850678
v 0.000000 -0.082055 -0.850678
v 0.000000 0.002055 -0.850678
v 1.616289 -0.040000 -0.525687
v 1.616289 -0.040000 0.525687
v -1.616289 -0.040000 -0.525687
v -1.616289 -0.040000 0.525687
v 0.000000 0.040000 0.000000
v -0.587087 0.024721 0.500020
v -0.587087 0.024721 -0.500020
v -1.537126 0.000002 -0.308993
v -1.537126 0.000002 0.308993
v 0.587087 0.024721 0.500020
v 0.587087 0.024721 -0.500020
v 1.537126 0.000002 -0.308993
v 1.537126 0.000002 0.308993
v 0.000000 -0.120000 0.000000
v -0.587087 -0.104721 0.500020
v -0.587087 -0.104721 -0.500020
v -1.537126 -0.080002 -0.308993
v -1.537126 -0.080002 0.308993
v 0.587087 -0.104721 0.500020
v 0.587087 -0.104721 -0.500020
v 1.537126 -0.080002 -0.308993
v 1.537126 -0.080002 0.308993
v 0.000000 -0.040000 1.000000
v 0.950038 -0.064719 0.809014
v -0.950038 -0.064719 0.809014
v 0.950038 -0.015281 0.809014
v -0.950038 -0.015281 0.809014
v 0.000000 -0.040000 -1.000000
v 0.950038 -0.064719 -0.809014
v -0.950038 -0.064719 -0.809014
v 0.950038 -0.015281 -0.809014
v -0.950038 -0.015281 -0.809014
v 1.900000 -0.040000 0.000000
v -1.900000 -0.040000 0.000000
v -0.519159 0.036956 0.000000
v -0.824322 0.029015 0.259903
v -0.824322 0.029015 -0.259903
v -1.318138 0.016166 -0.160610
v -1.318138 0.016166 0.160610
v 0.519159 0.036956 0.000000
v 0.824322 0.029015 0.259903
v 0.824322 0.029015 -0.259903
v 1.318138 0.016166 -0.160610
v 1.318138 0.016166 0.160610
v -0.519159 -0.116956 0.000000
v -0.824322 -0.109015 0.259903
v -0.824322 -0.109015 -0.259903
v -1.318138 -0.096166 -0.160610
v -1.318138 -0.096166 0.160610
v 0.519159 -0.116956 0.000000
v 0.824322 -0.109015 0.259903
v 0.824322 -0.109015 -0.259903
v 1.318138 -0.096166 -0.160610
v 1.318138 -0.096166 0.160610
v -0.305159 -0.095501 0.702073
v 0.305159 -0.095501 0.702073
v 0.000000 -0.061859 0.961946
v 0.493816 -0.074708 0.862683
v -0.493816 -0.074708 0.862683
v -0.305159 0.015501 0.702073
v 0.305159 0.015501 0.702073
v 0.000000 -0.018141 0.961946
v 0.493816 -0.005292 0.862683
v -0.493816 -0.005292 0.862683
v -0.305159 -0.095501 -0.702073
v 0.305159 -0.095501 -0.702073
v 0.000000 -0.061859 -0.961946
v 0.493816 -0.074708 -0.862683
v -0.493816 -0.074708 -0.862683
v -0.305159 0.015501 -0.702073
v 0.305159 0.015501 -0.702073
v 0.000000 -0.018141 -0.961946
v 0.493816 -0.005292 -0.862683
v -0.493816 -0.005292 -0.862683
v 1.639097 -0.019208 -0.433854
v 1.639097 -0.060792 -0.433854
v 1.333938 -0.052849 -0.693757
v 1.333938 -0.027151 -0.693757
v 1.827696 -0.040000 -0.273241
v 1.639097 -0.019208 0.433854
v 1.639097 -0.060792 0.433854
v 1.333938 -0.052849 0.693757
v 1.333938 -0.027151 0.693757
v 1.827696 -0.040000 0.273241
v -1.639097 -0.019208 -0.433854
v -1.639097 -0.060792 -0.433854
v -1.333938 -0.052849 -0.693757
v -1.333938 -0.027151 -0.693757
v -1.827696 -0.040000 -0.273241
v -1.639097 -0.019208 0.433854
v -1.639097 -0.060792 0.433854
v -1.333938 -0.052849 0.693757
v -1.333938 -0.027151 0.693757
v -1.827696 -0.040000 0.273241
v -0.308650 0.036084 0.262876
v -0.308650 0.036084 -0.262876
v 0.308650 0.036084 0.262876
v 0.308650 0.036084 -0.262876
v -1.116768 0.015056 0.425325
v 0.000000 0.028051 0.525748
v -0.808117 0.007022 0.688202
v -1.116768 0.015056 -0.425325
v 0.000000 0.028051 -0.525748
v -0.808117 0.007022 -0.688202
v -1.616217 0.002060 0.000000
v -1.307584 -0.005974 -0.587773
v -1.807006 -0.018970 -0.162448
v -1.307584 -0.005974 0.587773
v -1.807006 -0.018970 0.162448
v 1.116768 0.015056 0.425325
v 0.808117 0.007022 0.688202
v 1.116768 0.015056 -0.425325
v 0.808117 0.007022 -0.688202
v 1.616217 0.002060 0.000000
v 1.307584 -0.005974 -0.587773
v 1.807006 -0.018970 -0.162448
v 1.307584 -0.005974 0.587773
v 1.807006 -0.018970 0.162448
v -0.308650 -0.116084 0.262876
v -0.308650 -0.116084 -0.262876
v 0.308650 -0.116084 0.262876
v 0.308650 -0.116084 -0.262876
v -1.116768 -0.095056 0.425325
v 0.000000 -0.108051 0.525748
v -0.808117 -0.087022 0.688202
v -1.116768 -0.095056 -0.425325
v 0.000000 -0.108051 -0.525748
v -0.808117 -0.087022 -0.688202
v -1.616217 -0.082060 0.000000
v -1.307584 -0.074026 -0.587773
v -1.807006 -0.061030 -0.162448
v -1.307584 -0.074026 0.587773
v -1.807006 -0.061030 0.162448
v 1.116768 -0.095056 0.425325
v 0.808117 -0.087022 0.688202
v 1.116768 -0.095056 -0.425325
v 0.808117 -0.087022 -0.688202
v 1.616217 -0.082060 0.000000
v 1.307584 -0.074026 -0.587773
v 1.807006 -0.061030 -0.162448
v 1.307584 -0.074026 0.587773
v 1.807006 -0.061030 0.162448
v 0.499465 -0.052996 0.951056
v -0.499465 -0.052996 0.951056
v 0.499465 -0.027004 0.951056
v -0.499465 -0.027004 0.951056
v 0.998921 -0.040000 0.850640
v -0.998921 -0.040000 0.850640
v 0.499465 -0.052996 -0.951056
v -0.499465 -0.052996 -0.951056
v 0.499465 -0.027004 -0.951056
v -0.499465 -0.027004 -0.951056
v 0.998921 -0.040000 -0.850640
v -0.998921 -0.040000 -0.850640
v -0.766307 0.033205 0.000000
v -0.920364 0.029196 0.131206
v -0.920364 0.029196 -0.131206
v -1.169655 0.022710 -0.081080
v -1.169655 0.022710 0.081080
v 0.766307 0.033205 0.000000
v 0.920364 0.029196 0.131206
v 0.920364 0.029196 -0.131206
v 1.169655 0.022710 -0.081080
v 1.169655 0.022710 0.081080
v -0.766307 -0.113205 0.000000
v -0.920364 -0.109196 0.131206
v -0.920364 -0.109196 -0.131206
v -1.169655 -0.102710 -0.081080
v -1.169655 -0.102710 0.081080
v 0.766307 -0.113205 0.000000
v 0.920364 -0.109196 0.131206
v 0.920364 -0.109196 -0.131206
v 1.169655 -0.102710 -0.081080
v 1.169655 -0.102710 0.081080
v -0.154053 -0.089249 0.783870
v 0.154053 -0.089249 0.783870
v 0.000000 -0.072266 0.915059
v 0.249291 -0.078752 0.864951
v -0.249291 -0.078752 0.864951
v -0.154053 0.009249 0.783870
v 0.154053 0.009249 0.783870
v 0.000000 -0.007734 0.915059
v 0.249291 -0.001248 0.864951
v -0.249291 -0.001248 0.864951
v -0.154053 -0.089249 -0.783870
v 0.154053 -0.089249 -0.783870
v 0.000000 -0.072266 -0.915059
v 0.249291 -0.078752 -0.864951
v -0.249291 -0.078752 -0.864951
v -0.154053 0.009249 -0.783870
v 0.154053 0.009249 -0.783870
v 0.000000 -0.007734 -0.915059
v 0.249291 -0.001248 -0.864951
v -0.249291 -0.001248 -0.864951
v 1.643407 -0.029504 -0.484402
v 1.643407 -0.050496 -0.484402
v 1.489354 -0.046486 -0.615608
v 1.489354 -0.033514 -0.615608
v 1.738613 -0.040000 -0.403319
v 1.643407 -0.029504 0.484402
v 1.643407 -0.050496 0.484402
v 1.489354 -0.046486 0.615608
v 1.489354 -0.033514 0.615608
v 1.738613 -0.040000 0.403319
v -1.643407 -0.029504 -0.484402
v -1.643407 -0.050496 -0.484402
v -1.489354 -0.046486 -0.615608
v -1.489354 -0.033514 -0.615608
v -1.738613 -0.040000 -0.403319
v -1.643407 -0.029504 0.484402
v -1.643407 -0.050496 0.484402
v -1.489354 -0.046486 0.615608
v -1.489354 -0.033514 0.615608
v -1.738613 -0.040000 0.403319
v -0.262085 0.039235 0.000000
v 0.262085 0.039235 0.000000
v -0.156249 0.039015 0.133077
v -0.156249 0.039015 -0.133077
v 0.156249 0.039015 0.133077
v 0.156249 0.039015 -0.133077
v -0.712518 0.027513 0.383630
v -0.450430 0.020691 0.606849
v -0.453452 0.031280 0.386203
v -0.862548 0.020635 0.468440
v -0.297202 0.027214 0.519276
v -0.706299 0.016568 0.601517
v -0.712518 0.027513 -0.383630
v -0.450430 0.020691 -0.606849
v -0.453452 0.031280 -0.386203
v -0.862548 0.020635 -0.468440
v -0.297202 0.027214 -0.519276
v -0.706299 0.016568 -0.601517
v -1.441414 0.008548 -0.237068
v -1.603443 -0.009310 -0.375009
v -1.343489 0.008121 -0.371736
v -1.596321 0.001542 -0.156422
v -1.440086 -0.002525 -0.453973
v -1.692909 -0.009104 -0.238659
v -1.441414 0.008548 0.237068
v -1.603443 -0.009310 0.375009
v -1.343489 0.008121 0.371736
v -1.596321 0.001542 0.156422
v -1.440086 -0.002525 0.453973
v -1.692909 -0.009104 0.238659
v 0.712518 0.027513 0.383630
v 0.450430 0.020691 0.606849
v 0.453452 0.031280 0.386203
v 0.297202 0.027214 0.519276
v 0.862548 0.020635 0.468440
v 0.706299 0.016568 0.601517
v 0.712518 0.027513 -0.383630
v 0.450430 0.020691 -0.606849
v 0.453452 0.031280 -0.386203
v 0.297202 0.027214 -0.519276
v 0.862548 0.020635 -0.468440
v 0.706299 0.016568 -0.601517
v 1.441414 0.008548 -0.237068
v 1.603443 -0.009310 -0.375009
v 1.343489 0.008121 -0.371736
v 1.596321 0.001542 -0.156422
v 1.440086 -0.002525 -0.453973
v 1.692909 -0.009104 -0.238659
v 1.441414 0.008548 0.237068
v 1.603443 -0.009310 0.375009
v 1.343489 0.008121 0.371736
v 1.596321 0.001542 0.156422
v 1.440086 -0.002525 0.453973
v 1.692909 -0.009104 0.238659
v -0.262085 -0.119235 0.000000
v 0.262085 -0.119235 0.000000
v -0.156249 -0.119015 0.133077
v -0.156249 -0.119015 -0.133077
v 0.156249 -0.119015 0.133077
v 0.156249 -0.119015 -0.133077
v -0.712518 -0.107513 0.383630
v -0.450430 -0.100691 0.606849
v -0.453452 -0.111280 0.386203
v -0.862548 -0.100635 0.468440
v -0.297202 -0.107214 0.519276
v -0.706299 -0.096568 0.601517
v -0.712518 -0.107513 -0.383630
v -0.450430 -0.100691 -0.606849
v -0.453452 -0.111280 -0.386203
v -0.862548 -0.100635 -0.468440
v -0.297202 -0.107214 -0.519276
v -0.706299 -0.096568 -0.601517
v -1.441414 -0.088548 -0.237068
v -1.603443 -0.070690 -0.375009
v -1.343489 -0.088121 -0.371736
v -1.596321 -0.081542 -0.156422
v -1.440086 -0.077475 -0.453973
v -1.692909 -0.070896 -0.238659
v -1.441414 -0.088548 0.237068
v -1.603443 -0.070690 0.375009
v -1.343489 -0.088121 0.371736
v -1.596321 -0.081542 0.156422
v -1.440086 -0.077475 0.453973
v -1.692909 -0.070896 0.238659
v 0.712518 -0.107513 0.383630
v 0.450430 -0.100691 0.606849
v 0.453452 -0.111280 0.386203
v 0.297202 -0.107214 0.519276
v 0.862548 -0.100635 0.468440
v 0.706299 -0.096568 0.601517
v 0.712518 -0.107513 -0.383630
v 0.450430 -0.100691 -0.606849
v 0.453452 -0.111280 -0.386203
v 0.297202 -0.107214 -0.519276
v 0.862548 -0.100635 -0.468440
v 0.706299 -0.096568 -0.601517
v 1.441414 -0.088548 -0.237068
v 1.603443 -0.070690 -0.375009
v 1.343489 -0.088121 -0.371736
v 1.596321 -0.081542 -0.156422
v 1.440086 -0.077475 -0.453973
v 1.692909 -0.070896 -0.238659
v 1.441414 -0.088548 0.237068
v 1.603443 -0.070690 0.375009
v 1.343489 -0.088121 0.371736
v 1.596321 -0.081542 0.156422
v 1.440086 -0.077475 0.453973
v 1.692909 -0.070896 0.238659
v 0.000000 -0.051035 0.990441
v 0.000000 -0.028965 0.990441
v 0.252846 -0.046579 0.987688
v -0.252846 -0.046579 0.987688
v 0.252846 -0.033421 0.987688
v -0.252846 -0.033421 0.987688
v 0.728896 -0.070001 0.843917
v 1.153013 -0.058965 0.758639
v 0.890036 -0.076318 0.757940
v 1.142883 -0.069739 0.707099
v 0.733786 -0.059093 0.891005
v 0.986625 -0.052514 0.840169
v -0.728896 -0.070001 0.843917
v -1.153013 -0.058965 0.758639
v -0.890036 -0.076318 0.757940
v -1.142883 -0.069739 0.707099
v -0.733786 -0.059093 0.891005
v -0.986625 -0.052514 0.840169
v 0.728896 -0.009999 0.843917
v 1.153013 -0.021035 0.758639
v 0.890036 -0.003682 0.757940
v 1.142883 -0.010261 0.707099
v 0.733786 -0.020907 0.891005
v 0.986625 -0.027486 0.840169
v -0.728896 -0.009999 0.843917
v -1.153013 -0.021035 0.758639
v -0.890036 -0.003682 0.757940
v -1.142883 -0.010261 0.707099
v -0.733786 -0.020907 0.891005
v -0.986625 -0.027486 0.840169
v 0.000000 -0.051035 -0.990441
v 0.000000 -0.028965 -0.990441
v 0.252846 -0.046579 -0.987688
v -0.252846 -0.046579 -0.987688
v 0.252846 -0.033421 -0.987688
v -0.252846 -0.033421 -0.987688
v 0.728896 -0.070001 -0.843917
v 1.153013 -0.058965 -0.758639
v 0.890036 -0.076318 -0.757940
v 1.142883 -0.069739 -0.707099
v 0.733786 -0.059093 -0.891005
v 0.986625 -0.052514 -0.840169
v -0.728896 -0.070001 -0.843917
v -1.153013 -0.058965 -0.758639
v -0.890036 -0.076318 -0.757940
v -1.142883 -0.069739 -0.707099
v -0.733786 -0.059093 -0.891005
v -0.986625 -0.052514 -0.840169
v 0.728896 -0.009999 -0.843917
v 1.153013 -0.021035 -0.758639
v 0.890036 -0.003682 -0.757940
v 1.142883 -0.010261 -0.707099
v 0.733786 -0.020907 -0.891005
v 0.986625 -0.027486 -0.840169
v -0.728896 -0.009999 -0.843917
v -1.153013 -0.021035 -0.758639
v -0.890036 -0.003682 -0.757940
v -1.142883 -0.010261 -0.707099
v -0.733786 -0.020907 -0.891005
v -0.986625 -0.027486 -0.840169
v 1.881837 -0.040000 -0.137939
v 1.881837 -0.040000 0.137939
v 1.876607 -0.029354 -0.082236
v 1.876607 -0.029354 0.082236
v 1.876607 -0.050646 -0.082236
v 1.876607 -0.050646 0.082236
v -1.881837 -0.040000 -0.137939
v -1.881837 -0.040000 0.137939
v -1.876607 -0.029354 -0.082236
v -1.876607 -0.029354 0.082236
v -1.876607 -0.050646 -0.082236
v -1.876607 -0.050646 0.082236
v -0.680577 0.033945 0.131661
v -0.680577 0.033945 -0.131661
v -0.418187 0.037312 0.132798
v -0.418187 0.037312 -0.132798
v -1.085323 0.023414 0.213023
v -0.572346 0.033300 0.264093
v -0.980586 0.022677 0.346158
v -1.085323 0.023414 -0.213023
v -0.572346 0.033300 -0.264093
v -0.980586 0.022677 -0.346158
v -1.335475 0.016905 0.000000
v -1.230049 0.016186 -0.295998
v -1.482356 0.009621 -0.081136
v -1.230049 0.016186 0.295998
v -1.482356 0.009621 0.081136
v 0.680577 0.033945 0.131661
v 0.680577 0.033945 -0.131661
v 0.418187 0.037312 0.132798
v 0.418187 0.037312 -0.132798
v 1.085323 0.023414 0.213023
v 0.572346 0.033300 0.264093
v 0.980586 0.022677 0.346158
v 1.085323 0.023414 -0.213023
v 0.572346 0.033300 -0.264093
v 0.980586 0.022677 -0.346158
v 1.335475 0.016905 0.000000
v 1.230049 0.016186 -0.295998
v 1.482356 0.009621 -0.081136
v 1.230049 0.016186 0.295998
v 1.482356 0.009621 0.081136
v -0.680577 -0.113945 0.131661
v -0.680577 -0.113945 -0.131661
v -0.418187 -0.117312 0.132798
v -0.418187 -0.117312 -0.132798
v -1.085323 -0.103414 0.213023
v -0.572346 -0.113300 0.264093
v -0.980586 -0.102677 0.346158
v -1.085323 -0.103414 -0.213023
v -0.572346 -0.113300 -0.264093
v -0.980586 -0.102677 -0.346158
v -1.335475 -0.096905 0.000000
v -1.230049 -0.096186 -0.295998
v -1.482356 -0.089621 -0.081136
v -1.230049 -0.096186 0.295998
v -1.482356 -0.089621 0.081136
v 0.680577 -0.113945 0.131661
v 0.680577 -0.113945 -0.131661
v 0.418187 -0.117312 0.132798
v 0.418187 -0.117312 -0.132798
v 1.085323 -0.103414 0.213023
v 0.572346 -0.113300 0.264093
v 0.980586 -0.102677 0.346158
v 1.085323 -0.103414 -0.213023
v 0.572346 -0.113300 -0.264093
v 0.980586 -0.102677 -0.346158
v 1.335475 -0.096905 0.000000
v 1.230049 -0.096186 -0.295998
v 1.482356 -0.089621 -0.081136
v 1.230049 -0.096186 0.295998
v 1.482356 -0.089621 0.081136
v 0.000000 -0.096231 0.711307
v -0.404743 -0.085698 0.792670
v -0.154158 -0.102415 0.620262
v -0.562397 -0.091792 0.702329
v 0.404743 -0.085698 0.792670
v 0.154158 -0.102415 0.620262
v 0.562397 -0.091792 0.702329
v 0.250156 -0.068656 0.924316
v -0.250156 -0.068656 0.924316
v 0.252316 -0.057608 0.966396
v -0.252316 -0.057608 0.966396
v 0.657701 -0.081288 0.783465
v 0.501777 -0.064099 0.916249
v -0.657701 -0.081288 0.783465
v -0.501777 -0.064099 0.916249
v 0.000000 0.016231 0.711307
v -0.404743 0.005698 0.792670
v -0.154158 0.022415 0.620262
v -0.562397 0.011792 0.702329
v 0.404743 0.005698 0.792670
v 0.154158 0.022415 0.620262
v 0.562397 0.011792 0.702329
v 0.250156 -0.011344 0.924316
v -0.250156 -0.011344 0.924316
v 0.252316 -0.022392 0.966396
v -0.252316 -0.022392 0.966396
v 0.657701 0.001288 0.783465
v 0.501777 -0.015901 0.916249
v -0.657701 0.001288 0.783465
v -0.501777 -0.015901 0.916249
v 0.000000 -0.096231 -0.711307
v -0.404743 -0.085698 -0.792670
v -0.154158 -0.102415 -0.620262
v -0.562397 -0.091792 -0.702329
v 0.404743 -0.085698 -0.792670
v 0.154158 -0.102415 -0.620262
v 0.562397 -0.091792 -0.702329
v 0.250156 -0.068656 -0.924316
v -0.250156 -0.068656 -0.924316
v 0.252316 -0.057608 -0.966396
v -0.252316 -0.057608 -0.966396
v 0.657701 -0.081288 -0.783465
v 0.501777 -0.064099 -0.916249
v -0.657701 -0.081288 -0.783465
v -0.501777 -0.064099 -0.916249
v 0.000000 0.016231 -0.711307
v -0.404743 0.005698 -0.792670
v -0.154158 0.022415 -0.620262
v -0.562397 0.011792 -0.702329
v 0.404743 0.005698 -0.792670
v 0.154158 0.022415 -0.620262
v 0.562397 0.011792 -0.702329
v 0.250156 -0.011344 -0.924316
v -0.250156 -0.011344 -0.924316
v 0.252316 -0.022392 -0.966396
v -0.252316 -0.022392 -0.966396
v 0.657701 0.001288 -0.783465
v 0.501777 -0.015901 -0.916249
v -0.657701 0.001288 -0.783465
v -0.501777 -0.015901 -0.916249
v 1.506073 -0.022958 -0.571223
v 1.756199 -0.029467 -0.358199
v 1.488583 -0.012307 -0.516098
v 1.740873 -0.018873 -0.301235
v 1.506073 -0.057042 -0.571223
v 1.756199 -0.050533 -0.358199
v 1.488583 -0.067693 -0.516098
v 1.740873 -0.061127 -0.301235
v 1.351483 -0.040000 -0.702882
v 1.334425 -0.063680 -0.647394
v 1.178497 -0.046491 -0.780187
v 1.334425 -0.016320 -0.647394
v 1.178497 -0.033509 -0.780187
v 1.836153 -0.029376 -0.220098
v 1.836153 -0.050624 -0.220098
v 1.506073 -0.022958 0.571223
v 1.756199 -0.029467 0.358199
v 1.488583 -0.012307 0.516098
v 1.740873 -0.018873 0.301235
v 1.506073 -0.057042 0.571223
v 1.756199 -0.050533 0.358199
v 1.488583 -0.067693 0.516098
v 1.740873 -0.061127 0.301235
v 1.351483 -0.040000 0.702882
v 1.334425 -0.063680 0.647394
v 1.178497 -0.046491 0.780187
v 1.334425 -0.016320 0.647394
v 1.178497 -0.033509 0.780187
v 1.836153 -0.029376 0.220098
v 1.836153 -0.050624 0.220098
v -1.506073 -0.022958 -0.571223
v -1.756199 -0.029467 -0.358199
v -1.488583 -0.012307 -0.516098
v -1.740873 -0.018873 -0.301235
v -1.506073 -0.057042 -0.571223
v -1.756199 -0.050533 -0.358199
v -1.488583 -0.067693 -0.516098
v -1.740873 -0.061127 -0.301235
v -1.351483 -0.040000 -0.702882
v -1.334425 -0.063680 -0.647394
v -1.178497 -0.046491 -0.780187
v -1.334425 -0.016320 -0.647394
v -1.178497 -0.033509 -0.780187
v -1.836153 -0.029376 -0.220098
v -1.836153 -0.050624 -0.220098
v -1.506073 -0.022958 0.571223
v -1.756199 -0.029467 0.358199
v -1.488583 -0.012307 0.516098
v -1.740873 -0.018873 0.301235
v -1.506073 -0.057042 0.571223
v -1.756199 -0.050533 0.358199
v -1.488583 -0.067693 0.516098
v -1.740873 -0.061127 0.301235
v -1.351483 -0.040000 0.702882
v -1.334425 -0.063680 0.647394
v -1.178497 -0.046491 0.780187
v -1.334425 -0.016320 0.647394
v -1.178497 -0.033509 0.780187
v -1.836153 -0.029376 0.220098
v -1.836153 -0.050624 0.220098
v 0.000000 0.037109 0.266415
v -0.156403 0.033038 0.399621
v 0.000000 0.037109 -0.266415
v -0.156403 0.033038 -0.399621
v 0.156403 0.033038 0.399621
v 0.156403 0.033038 -0.399621
v -0.975402 0.011726 0.564260
v -1.228498 0.005141 0.513369
v -1.072094 0.001070 0.646578
v -0.975402 0.011726 -0.564260
v -1.228498 0.005141 -0.513369
v -1.072094 0.001070 -0.646578
v -1.734656 -0.008030 -0.082317
v -1.734656 -0.008030 0.082317
v -1.831331 -0.018687 0.000000
v 0.975402 0.011726 0.564260
v 1.228498 0.005141 0.513369
v 1.072094 0.001070 0.646578
v 0.975402 0.011726 -0.564260
v 1.228498 0.005141 -0.513369
v 1.072094 0.001070 -0.646578
v 1.734656 -0.008030 -0.082317
v 1.734656 -0.008030 0.082317
v 1.831331 -0.018687 0.000000
v 0.000000 -0.117109 0.266415
v -0.156403 -0.113038 0.399621
v 0.000000 -0.117109 -0.266415
v -0.156403 -0.113038 -0.399621
v 0.156403 -0.113038 0.399621
v 0.156403 -0.113038 -0.399621
v -0.975402 -0.091726 0.564260
v -1.228498 -0.085141 0.513369
v -1.072094 -0.081070 0.646578
v -0.975402 -0.091726 -0.564260
v -1.228498 -0.085141 -0.513369
v -1.072094 -0.081070 -0.646578
v -1.734656 -0.071970 -0.082317
v -1.734656 -0.071970 0.082317
v -1.831331 -0.061313 0.000000
v 0.975402 -0.091726 0.564260
v 1.228498 -0.085141 0.513369
v 1.072094 -0.081070 0.646578
v 0.975402 -0.091726 -0.564260
v 1.228498 -0.085141 -0.513369
v 1.072094 -0.081070 -0.646578
v 1.734656 -0.071970 -0.082317
v 1.734656 -0.071970 0.082317
v 1.831331 -0.061313 0.000000
v 0.506189 -0.040000 0.963858
v 0.759280 -0.046585 0.912977
v -0.506189 -0.040000 0.963858
v -0.759280 -0.046585 0.912977
v 0.759280 -0.033415 0.912977
v -0.759280 -0.033415 0.912977
v 0.506189 -0.040000 -0.963858
v 0.759280 -0.046585 -0.912977
v -0.506189 -0.040000 -0.963858
v -0.759280 -0.046585 -0.912977
v 0.759280 -0.033415 -0.912977
v -0.759280 -0.033415 -0.912977
v -0.957706 0.135068 0.000000
v -0.642294 0.135068 0.000000
v -0.957706 -0.035068 0.000000
v -0.642294 -0.035068 0.000000
v -0.800000 -0.002569 0.680543
v -0.800000 0.102569 0.680543
v -0.800000 -0.002569 -0.680543
v -0.800000 0.102569 -0.680543
v -0.544796 0.050000 -0.420549
v -0.544796 0.050000 0.420549
v -1.055204 0.050000 -0.420549
v -1.055204 0.050000 0.420549
v -0.800000 0.150000 0.000000
v -0.892698 0.130901 0.400016
v -0.892698 0.130901 -0.400016
v -1.042704 0.100002 -0.247195
v -1.042704 0.100002 0.247195
v -0.707302 0.130901 0.400016
v -0.707302 0.130901 -0.400016
v -0.557296 0.100002 -0.247195
v -0.557296 0.100002 0.247195
v -0.800000 -0.050000 0.000000
v -0.892698 -0.030901 0.400016
v -0.892698 -0.030901 -0.400016
v -1.042704 -0.000002 -0.247195
v -1.042704 -0.000002 0.247195
v -0.707302 -0.030901 0.400016
v -0.707302 -0.030901 -0.400016
v -0.557296 -0.000002 -0.247195
v -0.557296 -0.000002 0.247195
v -0.800000 0.050000 0.800000
v -0.649994 0.019101 0.647211
v -0.950006 0.019101 0.647211
v -0.649994 0.080899 0.647211
v -0.950006 0.080899 0.647211
v -0.800000 0.050000 -0.800000
v -0.649994 0.019101 -0.647211
v -0.950006 0.019101 -0.647211
v -0.649994 0.080899 -0.647211
v -0.950006 0.080899 -0.647211
v -0.500000 0.050000 0.000000
v -1.100000 0.050000 0.000000
v -0.881972 0.146195 0.000000
v -0.930156 0.136268 0.207922
v -0.930156 0.136268 -0.207922
v -1.008127 0.120207 -0.128488
v -1.008127 0.120207 0.128488
v -0.718028 0.146195 0.000000
v -0.669844 0.136268 0.207922
v -0.669844 0.136268 -0.207922
v -0.591873 0.120207 -0.128488
v -0.591873 0.120207 0.128488
v -0.881972 -0.046195 0.000000
v -0.930156 -0.036268 0.207922
v -0.930156 -0.036268 -0.207922
v -1.008127 -0.020207 -0.128488
v -1.008127 -0.020207 0.128488
v -0.718028 -0.046195 0.000000
v -0.669844 -0.036268 0.207922
v -0.669844 -0.036268 -0.207922
v -0.591873 -0.020207 -0.128488
v -0.591873 -0.020207 0.128488
v -0.848183 -0.019376 0.561658
v -0.751817 -0.019376 0.561658
v -0.800000 0.022676 0.769556
v -0.722029 0.006615 0.690146
v -0.877971 0.006615 0.690146
v -0.848183 0.119376 0.561658
v -0.751817 0.119376 0.561658
v -0.800000 0.077324 0.769556
v -0.722029 0.093385 0.690146
v -0.877971 0.093385 0.690146
v -0.848183 -0.019376 -0.561658
v -0.751817 -0.019376 -0.561658
v -0.800000 0.022676 -0.769556
v -0.722029 0.006615 -0.690146
v -0.877971 0.006615 -0.690146
v -0.848183 0.119376 -0.561658
v -0.751817 0.119376 -0.561658
v -0.800000 0.077324 -0.769556
v -0.722029 0.093385 -0.690146
v -0.877971 0.093385 -0.690146
v -0.541195 0.075990 -0.347083
v -0.541195 0.024010 -0.347083
v -0.589378 0.033939 -0.555005
v -0.589378 0.066061 -0.555005
v -0.511416 0.050000 -0.218593
v -0.541195 0.075990 0.347083
v -0.541195 0.024010 0.347083
v -0.589378 0.033939 0.555005
v -0.589378 0.066061 0.555005
v -0.511416 0.050000 0.218593
v -1.058805 0.075990 -0.347083
v -1.058805 0.024010 -0.347083
v -1.010622 0.033939 -0.555005
v -1.010622 0.066061 -0.555005
v -1.088584 0.050000 -0.218593
v -1.058805 0.075990 0.347083
v -1.058805 0.024010 0.347083
v -1.010622 0.033939 0.555005
v -1.010622 0.066061 0.555005
v -1.088584 0.050000 0.218593
v -0.848734 0.145106 0.210301
v -0.848734 0.145106 -0.210301
v -0.751266 0.145106 0.210301
v -0.751266 0.145106 -0.210301
v -0.976332 0.118820 0.340260
v -0.800000 0.135064 0.420598
v -0.927597 0.108777 0.550562
v -0.976332 0.118820 -0.340260
v -0.800000 0.135064 -0.420598
v -0.927597 0.108777 -0.550562
v -1.055192 0.102575 0.000000
v -1.006461 0.092532 -0.470218
v -1.085317 0.076288 -0.129958
v -1.006461 0.092532 0.470218
v -1.085317 0.076288 0.129958
v -0.623668 0.118820 0.340260
v -0.672403 0.108777 0.550562
v -0.623668 0.118820 -0.340260
v -0.672403 0.108777 -0.550562
v -0.544808 0.102575 0.000000
v -0.593539 0.092532 -0.470218
v -0.514683 0.076288 -0.129958
v -0.593539 0.092532 0.470218
v -0.514683 0.076288 0.129958
v -0.848734 -0.045106 0.210301
v -0.848734 -0.045106 -0.210301
v -0.751266 -0.045106 0.210301
v -0.751266 -0.045106 -0.210301
v -0.976332 -0.018820 0.340260
v -0.800000 -0.035064 0.420598
v -0.927597 -0.008777 0.550562
v -0.976332 -0.018820 -0.340260
v -0.800000 -0.035064 -0.420598
v -0.927597 -0.008777 -0.550562
v -1.055192 -0.002575 0.000000
v -1.006461 0.007468 -0.470218
v -1.085317 0.023712 -0.129958
v -1.006461 0.007468 0.470218
v -1.085317 0.023712 0.129958
v -0.623668 -0.018820 0.340260
v -0.672403 -0.008777 0.550562
v -0.623668 -0.018820 -0.340260
v -0.672403 -0.008777 -0.550562
v -0.544808 -0.002575 0.000000
v -0.593539 0.007468 -0.470218
v -0.514683 0.023712 -0.129958
v -0.593539 0.007468 0.470218
v -0.514683 0.023712 0.129958
v -0.721137 0.033755 0.760845
v -0.878863 0.033755 0.760845
v -0.721137 0.066245 0.760845
v -0.878863 0.066245 0.760845
v -0.642276 0.050000 0.680512
v -0.957724 0.050000 0.680512
v -0.721137 0.033755 -0.760845
v -0.878863 0.033755 -0.760845
v -0.721137 0.066245 -0.760845
v -0.878863 0.066245 -0.760845
v -0.642276 0.050000 -0.680512
v -0.957724 0.050000 -0.680512
v -0.920996 0.141506 0.000000
v -0.945321 0.136495 0.104965
v -0.945321 0.136495 -0.104965
v -0.984682 0.128387 -0.064864
v -0.984682 0.128387 0.064864
v -0.679004 0.141506 0.000000
v -0.654679 0.136495 0.104965
v -0.654679 0.136495 -0.104965
v -0.615318 0.128387 -0.064864
v -0.615318 0.128387 0.064864
v -0.920996 -0.041506 0.000000
v -0.945321 -0.036495 0.104965
v -0.945321 -0.036495 -0.104965
v -0.984682 -0.028387 -0.064864
v -0.984682 -0.028387 0.064864
v -0.679004 -0.041506 0.000000
v -0.654679 -0.036495 0.104965
v -0.654679 -0.036495 -0.104965
v -0.615318 -0.028387 -0.064864
v -0.615318 -0.028387 0.064864
v -0.824324 -0.011561 0.627096
v -0.775676 -0.011561 0.627096
v -0.800000 0.009668 0.732047
v -0.760638 0.001560 0.691961
v -0.839362 0.001560 0.691961
v -0.824324 0.111561 0.627096
v -0.775676 0.111561 0.627096
v -0.800000 0.090332 0.732047
v -0.760638 0.098440 0.691961
v -0.839362 0.098440 0.691961
v -0.824324 -0.011561 -0.627096
v -0.775676 -0.011561 -0.627096
v -0.800000 0.009668 -0.732047
v -0.760638 0.001560 -0.691961
v -0.839362 0.001560 -0.691961
v -0.824324 0.111561 -0.627096
v -0.775676 0.111561 -0.627096
v -0.800000 0.090332 -0.732047
v -0.760638 0.098440 -0.691961
v -0.839362 0.098440 -0.691961
v -0.540515 0.063121 -0.387522
v -0.540515 0.036879 -0.387522
v -0.564839 0.041892 -0.492486
v -0.564839 0.058108 -0.492486
v -0.525482 0.050000 -0.322656
v -0.540515 0.063121 0.387522
v -0.540515 0.036879 0.387522
v -0.564839 0.041892 0.492486
v -0.564839 0.058108 0.492486
v -0.525482 0.050000 0.322656
v -1.059485 0.063121 -0.387522
v -1.059485 0.036879 -0.387522
v -1.035161 0.041892 -0.492486
v -1.035161 0.058108 -0.492486
v -1.074518 0.050000 -0.322656
v -1.059485 0.063121 0.387522
v -1.059485 0.036879 0.387522
v -1.035161 0.041892 0.492486
v -1.035161 0.058108 0.492486
v -1.074518 0.050000 0.322656
v -0.841382 0.149044 0.000000
v -0.758618 0.149044 0.000000
v -0.824671 0.148769 0.106461
v -0.824671 0.148769 -0.106461
v -0.775329 0.148769 0.106461
v -0.775329 0.148769 -0.106461
v -0.912503 0.134392 0.306904
v -0.871121 0.125864 0.485479
v -0.871598 0.139100 0.308963
v -0.936192 0.125794 0.374752
v -0.846927 0.134017 0.415421
v -0.911521 0.120710 0.481214
v -0.912503 0.134392 -0.306904
v -0.871121 0.125864 -0.485479
v -0.871598 0.139100 -0.308963
v -0.936192 0.125794 -0.374752
v -0.846927 0.134017 -0.415421
v -0.911521 0.120710 -0.481214
v -1.027592 0.110685 -0.189655
v -1.053175 0.088363 -0.300007
v -1.012130 0.110152 -0.297389
v -1.052051 0.101928 -0.125138
v -1.027382 0.096844 -0.363178
v -1.067301 0.088620 -0.190927
v -1.027592 0.110685 0.189655
v -1.053175 0.088363 0.300007
v -1.012130 0.110152 0.297389
v -1.052051 0.101928 0.125138
v -1.027382 0.096844 0.363178
v -1.067301 0.088620 0.190927
v -0.687497 0.134392 0.306904
v -0.728879 0.125864 0.485479
v -0.728402 0.139100 0.308963
v -0.753073 0.134017 0.415421
v -0.663808 0.125794 0.374752
v -0.688479 0.120710 0.481214
v -0.687497 0.134392 -0.306904
v -0.728879 0.125864 -0.485479
v -0.728402 0.139100 -0.308963
v -0.753073 0.134017 -0.415421
v -0.663808 0.125794 -0.374752
v -0.688479 0.120710 -0.481214
v -0.572408 0.110685 -0.189655
v -0.546825 0.088363 -0.300007
v -0.587870 0.110152 -0.297389
v -0.547949 0.101928 -0.125138
v -0.572618 0.096844 -0.363178
v -0.532699 0.088620 -0.190927
v -0.572408 0.110685 0.189655
v -0.546825 0.088363 0.300007
v -0.587870 0.110152 0.297389
v -0.547949 0.101928 0.125138
v -0.572618 0.096844 0.363178
v -0.532699 0.088620 0.190927
v -0.841382 -0.049044 0.000000
v -0.758618 -0.049044 0.000000
v -0.824671 -0.048769 0.106461
v -0.824671 -0.048769 -0.106461
v -0.775329 -0.048769 0.106461
v -0.775329 -0.048769 -0.106461
v -0.912503 -0.034392 0.306904
v -0.871121 -0.025864 0.485479
v -0.871598 -0.039100 0.308963
v -0.936192 -0.025794 0.374752
v -0.846927 -0.034017 0.415421
v -0.911521 -0.020710 0.481214
v -0.912503 -0.034392 -0.306904
v -0.871121 -0.025864 -0.485479
v -0.871598 -0.039100 -0.308963
v -0.936192 -0.025794 -0.374752
v -0.846927 -0.034017 -0.415421
v -0.911521 -0.020710 -0.481214
v -1.027592 -0.010685 -0.189655
v -1.053175 0.011637 -0.300007
v -1.012130 -0.010152 -0.297389
v -1.052051 -0.001928 -0.125138
v -1.027382 0.003156 -0.363178
v -1.067301 0.011380 -0.190927
v -1.027592 -0.010685 0.189655
v -1.053175 0.011637 0.300007
v -1.012130 -0.010152 0.297389
v -1.052051 -0.001928 0.125138
v -1.027382 0.003156 0.363178
v -1.067301 0.011380 0.190927
v -0.687497 -0.034392 0.306904
v -0.728879 -0.025864 0.485479
v -0.728402 -0.039100 0.308963
v -0.753073 -0.034017 0.415421
v -0.663808 -0.025794 0.374752
v -0.688479 -0.020710 0.481214
v -0.687497 -0.034392 -0.306904
v -0.728879 -0.025864 -0.485479
v -0.728402 -0.039100 -0.308963
v -0.753073 -0.034017 -0.415421
v -0.663808 -0.025794 -0.374752
v -0.688479 -0.020710 -0.481214
v -0.572408 -0.010685 -0.189655
v -0.546825 0.011637 -0.300007
v -0.587870 -0.010152 -0.297389
v -0.547949 -0.001928 -0.125138
v -0.572618 0.003156 -0.363178
v -0.532699 0.011380 -0.190927
v -0.572408 -0.010685 0.189655
v -0.546825 0.011637 0.300007
v -0.587870 -0.010152 0.297389
v -0.547949 -0.001928 0.125138
v -0.572618 0.003156 0.363178
v -0.532699 0.011380 0.190927
v -0.800000 0.036206 0.792353
v -0.800000 0.063794 0.792353
v -0.760077 0.041776 0.790151
v -0.839923 0.041776 0.790151
v -0.760077 0.058224 0.790151
v -0.839923 0.058224 0.790151
v -0.684911 0.012499 0.675134
v -0.617945 0.026293 0.606911
v -0.659468 0.004603 0.606352
v -0.619545 0.012826 0.565679
v -0.684139 0.026134 0.712804
v -0.644217 0.034358 0.672135
v -0.915089 0.012499 0.675134
v -0.982055 0.026293 0.606911
v -0.940532 0.004603 0.606352
v -0.980455 0.012826 0.565679
v -0.915861 0.026134 0.712804
v -0.955783 0.034358 0.672135
v -0.684911 0.087501 0.675134
v -0.617945 0.073707 0.606911
v -0.659468 0.095397 0.606352
v -0.619545 0.087174 0.565679
v -0.684139 0.073866 0.712804
v -0.644217 0.065642 0.672135
v -0.915089 0.087501 0.675134
v -0.982055 0.073707 0.606911
v -0.940532 0.095397 0.606352
v -0.980455 0.087174 0.565679
v -0.915861 0.073866 0.712804
v -0.955783 0.065642 0.672135
v -0.800000 0.036206 -0.792353
v -0.800000 0.063794 -0.792353
v -0.760077 0.041776 -0.790151
v -0.839923 0.041776 -0.790151
v -0.760077 0.058224 -0.790151
v -0.839923 0.058224 -0.790151
v -0.684911 0.012499 -0.675134
v -0.617945 0.026293 -0.606911
v -0.659468 0.004603 -0.606352
v -0.619545 0.012826 -0.565679
v -0.684139 0.026134 -0.712804
v -0.644217 0.034358 -0.672135
v -0.915089 0.012499 -0.675134
v -0.982055 0.026293 -0.606911
v -0.940532 0.004603 -0.606352
v -0.980455 0.012826 -0.565679
v -0.915861 0.026134 -0.712804
v -0.955783 0.034358 -0.672135
v -0.684911 0.087501 -0.675134
v -0.617945 0.073707 -0.606911
v -0.659468 0.095397 -0.606352
v -0.619545 0.087174 -0.565679
v -0.684139 0.073866 -0.712804
v -0.644217 0.065642 -0.672135
v -0.915089 0.087501 -0.675134
v -0.982055 0.073707 -0.606911
v -0.940532 0.095397 -0.606352
v -0.980455 0.087174 -0.565679
v -0.915861 0.073866 -0.712804
v -0.955783 0.065642 -0.672135
v -0.502868 0.050000 -0.110351
v -0.502868 0.050000 0.110351
v -0.503694 0.063308 -0.065789
v -0.503694 0.063308 0.065789
v -0.503694 0.036692 -0.065789
v -0.503694 0.036692 0.065789
v -1.097132 0.050000 -0.110351
v -1.097132 0.050000 0.110351
v -1.096306 0.063308 -0.065789
v -1.096306 0.063308 0.065789
v -1.096306 0.036692 -0.065789
v -1.096306 0.036692 0.065789
v -0.907460 0.142432 0.105329
v -0.907460 0.142432 -0.105329
v -0.866030 0.146640 0.106238
v -0.866030 0.146640 -0.106238
v -0.971367 0.129267 0.170418
v -0.890370 0.141625 0.211275
v -0.954829 0.128346 0.276927
v -0.971367 0.129267 -0.170418
v -0.890370 0.141625 -0.211275
v -0.954829 0.128346 -0.276927
v -1.010864 0.121131 0.000000
v -0.994218 0.120233 -0.236799
v -1.034056 0.112026 -0.064909
v -0.994218 0.120233 0.236799
v -1.034056 0.112026 0.064909
v -0.692540 0.142432 0.105329
v -0.692540 0.142432 -0.105329
v -0.733971 0.146640 0.106238
v -0.733971 0.146640 -0.106238
v -0.628633 0.129267 0.170418
v -0.709630 0.141625 0.211275
v -0.645171 0.128346 0.276927
v -0.628633 0.129267 -0.170418
v -0.709630 0.141625 -0.211275
v -0.645171 0.128346 -0.276927
v -0.589136 0.121131 0.000000
v -0.605782 0.120233 -0.236799
v -0.565944 0.112026 -0.064909
v -0.605782 0.120233 0.236799
v -0.565944 0.112026 0.064909
v -0.907460 -0.042432 0.105329
v -0.907460 -0.042432 -0.105329
v -0.866030 -0.046640 0.106238
v -0.866030 -0.046640 -0.106238
v -0.971367 -0.029267 0.170418
v -0.890370 -0.041625 0.211275
v -0.954829 -0.028346 0.276927
v -0.971367 -0.029267 -0.170418
v -0.890370 -0.041625 -0.211275
v -0.954829 -0.028346 -0.276927
v -1.010864 -0.021131 0.000000
v -0.994218 -0.020233 -0.236799
v -1.034056 -0.012026 -0.064909
v -0.994218 -0.020233 0.236799
v -1.034056 -0.012026 0.064909
v -0.692540 -0.042432 0.105329
v -0.692540 -0.042432 -0.105329
v -0.733971 -0.046640 0.106238
v -0.733971 -0.046640 -0.106238
v -0.628633 -0.029267 0.170418
v -0.709630 -0.041625 0.211275
v -0.645171 -0.028346 0.276927
v -0.628633 -0.029267 -0.170418
v -0.709630 -0.041625 -0.211275
v -0.645171 -0.028346 -0.276927
v -0.589136 -0.021131 0.000000
v -0.605782 -0.020233 -0.236799
v -0.565944 -0.012026 -0.064909
v -0.605782 -0.020233 0.236799
v -0.565944 -0.012026 0.064909
v -0.800000 -0.020288 0.569045
v -0.863907 -0.007122 0.634136
v -0.824341 -0.028019 0.496209
v -0.888800 -0.014739 0.561863
v -0.736093 -0.007122 0.634136
v -0.775659 -0.028019 0.496209
v -0.711200 -0.014739 0.561863
v -0.760502 0.014180 0.739452
v -0.839498 0.014180 0.739452
v -0.760161 0.027990 0.773117
v -0.839839 0.027990 0.773117
v -0.696152 -0.001610 0.626772
v -0.720772 0.019877 0.732999
v -0.903848 -0.001610 0.626772
v -0.879228 0.019877 0.732999
v -0.800000 0.120288 0.569045
v -0.863907 0.107122 0.634136
v -0.824341 0.128019 0.496209
v -0.888800 0.114739 0.561863
v -0.736093 0.107122 0.634136
v -0.775659 0.128019 0.496209
v -0.711200 0.114739 0.561863
v -0.760502 0.085820 0.739452
v -0.839498 0.085820 0.739452
v -0.760161 0.072010 0.773117
v -0.839839 0.072010 0.773117
v -0.696152 0.101610 0.626772
v -0.720772 0.080123 0.732999
v -0.903848 0.101610 0.626772
v -0.879228 0.080123 0.732999
v -0.800000 -0.020288 -0.569045
v -0.863907 -0.007122 -0.634136
v -0.824341 -0.028019 -0.496209
v -0.888800 -0.014739 -0.561863
v -0.736093 -0.007122 -0.634136
v -0.775659 -0.028019 -0.496209
v -0.711200 -0.014739 -0.561863
v -0.760502 0.014180 -0.739452
v -0.839498 0.014180 -0.739452
v -0.760161 0.027990 -0.773117
v -0.839839 0.027990 -0.773117
v -0.696152 -0.001610 -0.626772
v -0.720772 0.019877 -0.732999
v -0.903848 -0.001610 -0.626772
v -0.879228 0.019877 -0.732999
v -0.800000 0.120288 -0.569045
v -0.863907 0.107122 -0.634136
v -0.824341 0.128019 -0.496209
v -0.888800 0.114739 -0.561863
v -0.736093 0.107122 -0.634136
v -0.775659 0.128019 -0.496209
v -0.711200 0.114739 -0.561863
v -0.760502 0.085820 -0.739452
v -0.839498 0.085820 -0.739452
v -0.760161 0.072010 -0.773117
v -0.839839 0.072010 -0.773117
v -0.696152 0.101610 -0.626772
v -0.720772 0.080123 -0.732999
v -0.903848 0.101610 -0.626772
v -0.879228 0.080123 -0.732999
v -0.562199 0.071302 -0.456978
v -0.522705 0.063166 -0.286559
v -0.564961 0.084616 -0.412879
v -0.525125 0.076409 -0.240988
v -0.562199 0.028698 -0.456978
v -0.522705 0.036834 -0.286559
v -0.564961 0.015384 -0.412879
v -0.525125 0.023591 -0.240988
v -0.586608 0.050000 -0.562305
v -0.589301 0.020400 -0.517915
v -0.613922 0.041886 -0.624150
v -0.589301 0.079600 -0.517915
v -0.613922 0.058114 -0.624150
v -0.510081 0.063280 -0.176079
v -0.510081 0.036720 -0.176079
v -0.562199 0.071302 0.456978
v -0.522705 0.063166 0.286559
v -0.564961 0.084616 0.412879
v -0.525125 0.076409 0.240988
v -0.562199 0.028698 0.456978
v -0.522705 0.036834 0.286559
v -0.564961 0.015384 0.412879
v -0.525125 0.023591 0.240988
v -0.586608 0.050000 0.562305
v -0.589301 0.020400 0.517915
v -0.613922 0.041886 0.624150
v -0.589301 0.079600 0.517915
v -0.613922 0.058114 0.624150
v -0.510081 0.063280 0.176079
v -0.510081 0.036720 0.176079
v -1.037801 0.071302 -0.456978
v -1.077295 0.063166 -0.286559
v -1.035039 0.084616 -0.412879
v -1.074875 0.076409 -0.240988
v -1.037801 0.028698 -0.456978
v -1.077295 0.036834 -0.286559
v -1.035039 0.015384 -0.412879
v -1.074875 0.023591 -0.240988
v -1.013392 0.050000 -0.562305
v -1.010699 0.020400 -0.517915
v -0.986079 0.041886 -0.624150
v -1.010699 0.079600 -0.517915
v -0.986079 0.058114 -0.624150
v -1.089919 0.063280 -0.176079
v -1.089919 0.036720 -0.176079
v -1.037801 0.071302 0.456978
v -1.077295 0.063166 0.286559
v -1.035039 0.084616 0.412879
v -1.074875 0.076409 0.240988
v -1.037801 0.028698 0.456978
v -1.077295 0.036834 0.286559
v -1.035039 0.015384 0.412879
v -1.074875 0.023591 0.240988
v -1.013392 0.050000 0.562305
v -1.010699 0.020400 0.517915
v -0.986079 0.041886 0.624150
v -1.010699 0.079600 0.517915
v -0.986079 0.058114 0.624150
v -1.089919 0.063280 0.176079
v -1.089919 0.036720 0.176079
v -0.800000 0.146386 0.213132
v -0.824695 0.141298 0.319697
v -0.800000 0.146386 -0.213132
v -0.824695 0.141298 -0.319697
v -0.775305 0.141298 0.319697
v -0.775305 0.141298 -0.319697
v -0.954011 0.114658 0.451408
v -0.993973 0.106426 0.410695
v -0.969278 0.101337 0.517262
v -0.954011 0.114658 -0.451408
v -0.993973 0.106426 -0.410695
v -0.969278 0.101337 -0.517262
v -1.073893 0.089962 -0.065854
v -1.073893 0.089962 0.065854
v -1.089158 0.076642 0.000000
v -0.645989 0.114658 0.451408
v -0.606027 0.106426 0.410695
v -0.630722 0.101337 0.517262
v -0.645989 0.114658 -0.451408
v -0.606027 0.106426 -0.410695
v -0.630722 0.101337 -0.517262
v -0.526107 0.089962 -0.065854
v -0.526107 0.089962 0.065854
v -0.510843 0.076642 0.000000
v -0.800000 -0.046386 0.213132
v -0.824695 -0.041298 0.319697
v -0.800000 -0.046386 -0.213132
v -0.824695 -0.041298 -0.319697
v -0.775305 -0.041298 0.319697
v -0.775305 -0.041298 -0.319697
v -0.954011 -0.014658 0.451408
v -0.993973 -0.006426 0.410695
v -0.969278 -0.001337 0.517262
v -0.954011 -0.014658 -0.451408
v -0.993973 -0.006426 -0.410695
v -0.969278 -0.001337 -0.517262
v -1.073893 0.010038 -0.065854
v -1.073893 0.010038 0.065854
v -1.089158 0.023358 0.000000
v -0.645989 -0.014658 0.451408
v -0.606027 -0.006426 0.410695
v -0.630722 -0.001337 0.517262
v -0.645989 -0.014658 -0.451408
v -0.606027 -0.006426 -0.410695
v -0.630722 -0.001337 -0.517262
v -0.526107 0.010038 -0.065854
v -0.526107 0.010038 0.065854
v -0.510843 0.023358 0.000000
v -0.720075 0.050000 0.771087
v -0.680114 0.041768 0.730381
v -0.879925 0.050000 0.771087
v -0.919886 0.041768 0.730381
v -0.680114 0.058232 0.730381
v -0.919886 0.058232 0.730381
v -0.720075 0.050000 -0.771087
v -0.680114 0.041768 -0.730381
v -0.879925 0.050000 -0.771087
v -0.919886 0.041768 -0.730381
v -0.680114 0.058232 -0.730381
v -0.919886 0.058232 -0.730381
v -0.557706 0.135068 0.000000
v -0.242294 0.135068 0.000000
v -0.557706 -0.035068 0.000000
v -0.242294 -0.035068 0.000000
v -0.400000 -0.002569 0.680543
v -0.400000 0.102569 0.680543
v -0.400000 -0.002569 -0.680543
v -0.400000 0.102569 -0.680543
v -0.144796 0.050000 -0.420549
v -0.144796 0.050000 0.420549
v -0.655204 0.050000 -0.420549
v -0.655204 0.050000 0.420549
v -0.400000 0.150000 0.000000
v -0.492698 0.130901 0.400016
v -0.492698 0.130901 -0.400016
v -0.642704 0.100002 -0.247195
v -0.642704 0.100002 0.247195
v -0.307302 0.130901 0.400016
v -0.307302 0.130901 -0.400016
v -0.157296 0.100002 -0.247195
v -0.157296 0.100002 0.247195
v -0.400000 -0.050000 0.000000
v -0.492698 -0.030901 0.400016
v -0.492698 -0.030901 -0.400016
v -0.642704 -0.000002 -0.247195
v -0.642704 -0.000002 0.247195
v -0.307302 -0.030901 0.400016
v -0.307302 -0.030901 -0.400016
v -0.157296 -0.000002 -0.247195
v -0.157296 -0.000002 0.247195
v -0.400000 0.050000 0.800000
v -0.249994 0.019101 0.647211
v -0.550006 0.019101 0.647211
v -0.249994 0.080899 0.647211
v -0.550006 0.080899 0.647211
v -0.400000 0.050000 -0.800000
v -0.249994 0.019101 -0.647211
v -0.550006 0.019101 -0.647211
v -0.249994 0.080899 -0.647211
v -0.550006 0.080899 -0.647211
v -0.100000 0.050000 0.000000
v -0.700000 0.050000 0.000000
v -0.481972 0.146195 0.000000
v -0.530156 0.136268 0.207922
v -0.530156 0.136268 -0.207922
v -0.608127 0.120207 -0.128488
v -0.608127 0.120207 0.128488
v -0.318028 0.146195 0.000000
v -0.269844 0.136268 0.207922
v -0.269844 0.136268 -0.207922
v -0.191873 0.120207 -0.128488
v -0.191873 0.120207 0.128488
v -0.481972 -0.046195 0.000000
v -0.530156 -0.036268 0.207922
v -0.530156 -0.036268 -0.207922
v -0.608127 -0.020207 -0.128488
v -0.608127 -0.020207 0.128488
v -0.318028 -0.046195 0.000000
v -0.269844 -0.036268 0.207922
v -0.269844 -0.036268 -0.207922
v -0.191873 -0.020207 -0.128488
v -0.191873 -0.020207 0.128488
v -0.448183 -0.019376 0.561658
v -0.351817 -0.019376 0.561658
v -0.400000 0.022676 0.769556
v -0.322029 0.006615 0.690146
v -0.477971 0.006615 0.690146
v -0.448183 0.119376 0.561658
v -0.351817 0.119376 0.561658
v -0.400000 0.077324 0.769556
v -0.322029 0.093385 0.690146
v -0.477971 0.093385 0.690146
v -0.448183 -0.019376 -0.561658
v -0.351817 -0.019376 -0.561658
v -0.400000 0.022676 -0.769556
v -0.322029 0.006615 -0.690146
v -0.477971 0.006615 -0.690146
v -0.448183 0.119376 -0.561658
v -0.351817 0.119376 -0.561658
v -0.400000 0.077324 -0.769556
v -0.322029 0.093385 -0.690146
v -0.477971 0.093385 -0.690146
v -0.141195 0.075990 -0.347083
v -0.141195 0.024010 -0.347083
v -0.189378 0.033939 -0.555005
v -0.189378 0.066061 -0.555005
v -0.111416 0.050000 -0.218593
v -0.141195 0.075990 0.347083
v -0.141195 0.024010 0.347083
v -0.189378 0.033939 0.555005
v -0.189378 0.066061 0.555005
v -0.111416 0.050000 0.218593
v -0.658805 0.075990 -0.347083
v -0.658805 0.024010 -0.347083
v -0.610622 0.033939 -0.555005
v -0.610622 0.066061 -0.555005
v -0.688584 0.050000 -0.218593
v -0.658805 0.075990 0.347083
v -0.658805 0.024010 0.347083
v -0.610622 0.033939 0.555005
v -0.610622 0.066061 0.555005
v -0.688584 0.050000 0.218593
v -0.448734 0.145106 0.210301
v -0.448734 0.145106 -0.210301
v -0.351266 0.145106 0.210301
v -0.351266 0.145106 -0.210301
v -0.576332 0.118820 0.340260
v -0.400000 0.135064 0.420598
v -0.527597 0.108777 0.550562
v -0.576332 0.118820 -0.340260
v -0.400000 0.135064 -0.420598
v -0.527597 0.108777 -0.550562
v -0.655192 0.102575 0.000000
v -0.606461 0.092532 -0.470218
v -0.685317 0.076288 -0.129958
v -0.606461 0.092532 0.470218
v -0.685317 0.076288 0.129958
v -0.223668 0.118820 0.340260
v -0.272403 0.108777 0.550562
v -0.223668 0.118820 -0.340260
v -0.272403 0.108777 -0.550562
v -0.144808 0.102575 0.000000
v -0.193539 0.092532 -0.470218
v -0.114683 0.076288 -0.129958
v -0.193539 0.092532 0.470218
v -0.114683 0.076288 0.129958
v -0.448734 -0.045106 0.210301
v -0.448734 -0.045106 -0.210301
v -0.351266 -0.045106 0.210301
v -0.351266 -0.045106 -0.210301
v -0.576332 -0.018820 0.340260
v -0.400000 -0.035064 0.420598
v -0.527597 -0.008777 0.550562
v -0.576332 -0.018820 -0.340260
v -0.400000 -0.035064 -0.420598
v -0.527597 -0.008777 -0.550562
v -0.655192 -0.002575 0.000000
v -0.606461 0.007468 -0.470218
v -0.685317 0.023712 -0.129958
v -0.606461 0.007468 0.470218
v -0.685317 0.023712 0.129958
v -0.223668 -0.018820 0.340260
v -0.272403 -0.008777 0.550562
v -0.223668 -0.018820 -0.340260
v -0.272403 -0.008777 -0.550562
v -0.144808 -0.002575 0.000000
v -0.193539 0.007468 -0.470218
v -0.114683 0.023712 -0.129958
v -0.193539 0.007468 0.470218
v -0.114683 0.023712 0.129958
v -0.321137 0.033755 0.760845
v -0.478863 0.033755 0.760845
v -0.321137 0.066245 0.760845
v -0.478863 0.066245 0.760845
v -0.242276 0.050000 0.680512
v -0.557724 0.050000 0.680512
v -0.321137 0.033755 -0.760845
v -0.478863 0.033755 -0.760845
v -0.321137 0.066245 -0.760845
v -0.478863 0.066245 -0.760845
v -0.242276 0.050000 -0.680512
v -0.557724 0.050000 -0.680512
v -0.520996 0.141506 0.000000
v -0.545321 0.136495 0.104965
v -0.545321 0.136495 -0.104965
v -0.584682 0.128387 -0.064864
v -0.584682 0.128387 0.064864
v -0.279004 0.141506 0.000000
v -0.254679 0.136495 0.104965
v -0.254679 0.136495 -0.104965
v -0.215318 0.128387 -0.064864
v -0.215318 0.128387 0.064864
v -0.520996 -0.041506 0.000000
v -0.545321 -0.036495 0.104965
v -0.545321 -0.036495 -0.104965
v -0.584682 -0.028387 -0.064864
v -0.584682 -0.028387 0.064864
v -0.279004 -0.041506 0.000000
v -0.254679 -0.036495 0.104965
v -0.254679 -0.036495 -0.104965
v -0.215318 -0.028387 -0.064864
v -0.215318 -0.028387 0.064864
v -0.424324 -0.011561 0.627096
v -0.375676 -0.011561 0.627096
v -0.400000 0.009668 0.732047
v -0.360638 0.001560 0.691961
v -0.439362 0.001560 0.691961
v -0.424324 0.111561 0.627096
v -0.375676 0.111561 0.627096
v -0.400000 0.090332 0.732047
v -0.360638 0.098440 0.691961
v -0.439362 0.098440 0.691961
v -0.424324 -0.011561 -0.627096
v -0.375676 -0.011561 -0.627096
v -0.400000 0.009668 -0.732047
v -0.360638 0.001560 -0.691961
v -0.439362 0.001560 -0.691961
v -0.424324 0.111561 -0.627096
v -0.375676 0.111561 -0.627096
v -0.400000 0.090332 -0.732047
v -0.360638 0.098440 -0.691961
v -0.439362 0.098440 -0.691961
v -0.140515 0.063121 -0.387522
v -0.140515 0.036879 -0.387522
v -0.164839 0.041892 -0.492486
v -0.164839 0.058108 -0.492486
v -0.125482 0.050000 -0.322656
v -0.140515 0.063121 0.387522
v -0.140515 0.036879 0.387522
v -0.164839 0.041892 0.492486
v -0.164839 0.058108 0.492486
v -0.125482 0.050000 0.322656
v -0.659485 0.063121 -0.387522
v -0.659485 0.036879 -0.387522
v -0.635161 0.041892 -0.492486
v -0.635161 0.058108 -0.492486
v -0.674518 0.050000 -0.322656
v -0.659485 0.063121 0.387522
v -0.659485 0.036879 0.387522
v -0.635161 0.041892 0.492486
v -0.635161 0.058108 0.492486
v -0.674518 0.050000 0.322656
v -0.441382 0.149044 0.000000
v -0.358618 0.149044 0.000000
v -0.424671 0.148769 0.106461
v -0.424671 0.148769 -0.106461
v -0.375329 0.148769 0.106461
v -0.375329 0.148769 -0.106461
v -0.512503 0.134392 0.306904
v -0.471121 0.125864 0.485479
v -0.471598 0.139100 0.308963
v -0.536192 0.125794 0.374752
v -0.446927 0.134017 0.415421
v -0.511521 0.120710 0.481214
v -0.512503 0.134392 -0.306904
v -0.471121 0.125864 -0.485479
v -0.471598 0.139100 -0.308963
v -0.536192 0.125794 -0.374752
v -0.446927 0.134017 -0.415421
v -0.511521 0.120710 -0.481214
v -0.627592 0.110685 -0.189655
v -0.653175 0.088363 -0.300007
v -0.612130 0.110152 -0.297389
v -0.652051 0.101928 -0.125138
v -0.627382 0.096844 -0.363178
v -0.667301 0.088620 -0.190927
v -0.627592 0.110685 0.189655
v -0.653175 0.088363 0.300007
v -0.612130 0.110152 0.297389
v -0.652051 0.101928 0.125138
v -0.627382 0.096844 0.363178
v -0.667301 0.088620 0.190927
v -0.287497 0.134392 0.306904
v -0.328879 0.125864 0.485479
v -0.328402 0.139100 0.308963
v -0.353073 0.134017 0.415421
v -0.263808 0.125794 0.374752
v -0.288479 0.120710 0.481214
v -0.287497 0.134392 -0.306904
v -0.328879 0.125864 -0.485479
v -0.328402 0.139100 -0.308963
v -0.353073 0.134017 -0.415421
v -0.263808 0.125794 -0.374752
v -0.288479 0.120710 -0.481214
v -0.172408 0.110685 -0.189655
v -0.146825 0.088363 -0.300007
v -0.187870 0.110152 -0.297389
v -0.147949 0.101928 -0.125138
v -0.172618 0.096844 -0.363178
v -0.132699 0.088620 -0.190927
v -0.172408 0.110685 0.189655
v -0.146825 0.088363 0.300007
v -0.187870 0.110152 0.297389
v -0.147949 0.101928 0.125138
v -0.172618 0.096844 0.363178
v -0.132699 0.088620 0.190927
v -0.441382 -0.049044 0.000000
v -0.358618 -0.049044 0.000000
v -0.424671 -0.048769 0.106461
v -0.424671 -0.048769 -0.106461
v -0.375329 -0.048769 0.106461
v -0.375329 -0.048769 -0.106461
v -0.512503 -0.034392 0.306904
v -0.471121 -0.025864 0.485479
v -0.471598 -0.039100 0.308963
v -0.536192 -0.025794 0.374752
v -0.446927 -0.034017 0.415421
v -0.511521 -0.020710 0.481214
v -0.512503 -0.034392 -0.306904
v -0.471121 -0.025864 -0.485479
v -0.471598 -0.039100 -0.308963
v -0.536192 -0.025794 -0.374752
v -0.446927 -0.034017 -0.415421
v -0.511521 -0.020710 -0.481214
v -0.627592 -0.010685 -0.189655
v -0.653175 0.011637 -0.300007
v -0.612130 -0.010152 -0.297389
v -0.652051 -0.001928 -0.125138
v -0.627382 0.003156 -0.363178
v -0.667301 0.011380 -0.190927
v -0.627592 -0.010685 0.189655
v -0.653175 0.011637 0.300007
v -0.612130 -0.010152 0.297389
v -0.652051 -0.001928 0.125138
v -0.627382 0.003156 0.363178
v -0.667301 0.011380 0.190927
v -0.287497 -0.034392 0.306904
v -0.328879 -0.025864 0.485479
v -0.328402 -0.039100 0.308963
v -0.353073 -0.034017 0.415421
v -0.263808 -0.025794 0.374752
v -0.288479 -0.020710 0.481214
v -0.287497 -0.034392 -0.306904
v -0.328879 -0.025864 -0.485479
v -0.328402 -0.039100 -0.308963
v -0.353073 -0.034017 -0.415421
v -0.263808 -0.025794 -0.374752
v -0.288479 -0.020710 -0.481214
v -0.172408 -0.010685 -0.189655
v -0.146825 0.011637 -0.300007
v -0.187870 -0.010152 -0.297389
v -0.147949 -0.001928 -0.125138
v -0.172618 0.003156 -0.363178
v -0.132699 0.011380 -0.190927
v -0.172408 -0.010685 0.189655
v -0.146825 0.011637 0.300007
v -0.187870 -0.010152 0.297389
v -0.147949 -0.001928 0.125138
v -0.172618 0.003156 0.363178
v -0.132699 0.011380 0.190927
v -0.400000 0.036206 0.792353
v -0.400000 0.063794 0.792353
v -0.360077 0.041776 0.790151
v -0.439923 0.041776 0.790151
v -0.360077 0.058224 0.790151
v -0.439923 0.058224 0.790151
v -0.284911 0.012499 0.675134
v -0.217945 0.026293 0.606911
v -0.259468 0.004603 0.606352
v -0.219545 0.012826 0.565679
v -0.284139 0.026134 0.712804
v -0.244217 0.034358 0.672135
v -0.515089 0.012499 0.675134
v -0.582055 0.026293 0.606911
v -0.540532 0.004603 0.606352
v -0.580455 0.012826 0.565679
v -0.515861 0.026134 0.712804
v -0.555783 0.034358 0.672135
v -0.284911 0.087501 0.675134
v -0.217945 0.073707 0.606911
v -0.259468 0.095397 0.606352
v -0.219545 0.087174 0.565679
v -0.284139 0.073866 0.712804
v -0.244217 0.065642 0.672135
v -0.515089 0.087501 0.675134
v -0.582055 0.073707 0.606911
v -0.540532 0.095397 0.606352
v -0.580455 0.087174 0.565679
v -0.515861 0.073866 0.712804
v -0.555783 0.065642 0.672135
v -0.400000 0.036206 -0.792353
v -0.400000 0.063794 -0.792353
v -0.360077 0.041776 -0.790151
v -0.439923 0.041776 -0.790151
v -0.360077 0.058224 -0.790151
v -0.439923 0.058224 -0.790151
v -0.284911 0.012499 -0.675134
v -0.217945 0.026293 -0.606911
v -0.259468 0.004603 -0.606352
v -0.219545 0.012826 -0.565679
v -0.284139 0.026134 -0.712804
v -0.244217 0.034358 -0.672135
v -0.515089 0.012499 -0.675134
v -0.582055 0.026293 -0.606911
v -0.540532 0.004603 -0.606352
v -0.580455 0.012826 -0.565679
v -0.515861 0.026134 -0.712804
v -0.555783 0.034358 -0.672135
v -0.284911 0.087501 -0.675134
v -0.217945 0.073707 -0.606911
v -0.259468 0.095397 -0.606352
v -0.219545 0.087174 -0.565679
v -0.284139 0.073866 -0.712804
v -0.244217 0.065642 -0.672135
v -0.515089 0.087501 -0.675134
v -0.582055 0.073707 -0.606911
v -0.540532 0.095397 -0.606352
v -0.580455 0.087174 -0.565679
v -0.515861 0.073866 -0.712804
v -0.555783 0.065642 -0.672135
v -0.102868 0.050000 -0.110351
v -0.102868 0.050000 0.110351
v -0.103694 0.063308 -0.065789
v -0.103694 0.063308 0.065789
v -0.103694 0.036692 -0.065789
v -0.103694 0.036692 0.065789
v -0.697132 0.050000 -0.110351
v -0.697132 0.050000 0.110351
v -0.696306 0.063308 -0.065789
v -0.696306 0.063308 0.065789
v -0.696306 0.036692 -0.065789
v -0.696306 0.036692 0.065789
v -0.507460 0.142432 0.105329
v -0.507460 0.142432 -0.105329
v -0.466029 0.146640 0.106238
v -0.466029 0.146640 -0.106238
v -0.571367 0.129267 0.170418
v -0.490370 0.141625 0.211275
v -0.554829 0.128346 0.276927
v -0.571367 0.129267 -0.170418
v -0.490370 0.141625 -0.211275
v -0.554829 0.128346 -0.276927
v -0.610865 0.121131 0.000000
v -0.594218 0.120233 -0.236799
v -0.634056 0.112026 -0.064909
v -0.594218 0.120233 0.236799
v -0.634056 0.112026 0.064909
v -0.292540 0.142432 0.105329
v -0.292540 0.142432 -0.105329
v -0.333971 0.146640 0.106238
v -0.333971 0.146640 -0.106238
v -0.228633 0.129267 0.170418
v -0.309630 0.141625 0.211275
v -0.245171 0.128346 0.276927
v -0.228633 0.129267 -0.170418
v -0.309630 0.141625 -0.211275
v -0.245171 0.128346 -0.276927
v -0.189135 0.121131 0.000000
v -0.205782 0.120233 -0.236799
v -0.165944 0.112026 -0.064909
v -0.205782 0.120233 0.236799
v -0.165944 0.112026 0.064909
v -0.507460 -0.042432 0.105329
v -0.507460 -0.042432 -0.105329
v -0.466029 -0.046640 0.106238
v -0.466029 -0.046640 -0.106238
v -0.571367 -0.029267 0.170418
v -0.490370 -0.041625 0.211275
v -0.554829 -0.028346 0.276927
v -0.571367 -0.029267 -0.170418
v -0.490370 -0.041625 -0.211275
v -0.554829 -0.028346 -0.276927
v -0.610865 -0.021131 0.000000
v -0.594218 -0.020233 -0.236799
v -0.634056 -0.012026 -0.064909
v -0.594218 -0.020233 0.236799
v -0.634056 -0.012026 0.064909
v -0.292540 -0.042432 0.105329
v -0.292540 -0.042432 -0.105329
v -0.333971 -0.046640 0.106238
v -0.333971 -0.046640 -0.106238
v -0.228633 -0.029267 0.170418
v -0.309630 -0.041625 0.211275
v -0.245171 -0.028346 0.276927
v -0.228633 -0.029267 -0.170418
v -0.309630 -0.041625 -0.211275
v -0.245171 -0.028346 -0.276927
v -0.189135 -0.021131 0.000000
v -0.205782 -0.020233 -0.236799
v -0.165944 -0.012026 -0.064909
v -0.205782 -0.020233 0.236799
v -0.165944 -0.012026 0.064909
v -0.400000 -0.020288 0.569045
v -0.463907 -0.007122 0.634136
v -0.424341 -0.028019 0.496209
v -0.488800 -0.014739 0.561863
v -0.336093 -0.007122 0.634136
v -0.375659 -0.028019 0.496209
v -0.311200 -0.014739 0.561863
v -0.360502 0.014180 0.739452
v -0.439498 0.014180 0.739452
v -0.360161 0.027990 0.773117
v -0.439839 0.027990 0.773117
v -0.296152 -0.001610 0.626772
v -0.320772 0.019877 0.732999
v -0.503848 -0.001610 0.626772
v -0.479228 0.019877 0.732999
v -0.400000 0.120288 0.569045
v -0.463907 0.107122 0.634136
v -0.424341 0.128019 0.496209
v -0.488800 0.114739 0.561863
v -0.336093 0.107122 0.634136
v -0.375659 0.128019 0.496209
v -0.311200 0.114739 0.561863
v -0.360502 0.085820 0.739452
v -0.439498 0.085820 0.739452
v -0.360161 0.072010 0.773117
v -0.439839 0.072010 0.773117
v -0.296152 0.101610 0.626772
v -0.320772 0.080123 0.732999
v -0.503848 0.101610 0.626772
v -0.479228 0.080123 0.732999
v -0.400000 -0.020288 -0.569045
v -0.463907 -0.007122 -0.634136
v -0.424341 -0.028019 -0.496209
v -0.488800 -0.014739 -0.561863
v -0.336093 -0.007122 -0.634136
v -0.375659 -0.028019 -0.496209
v -0.311200 -0.014739 -0.561863
v -0.360502 0.014180 -0.739452
v -0.439498 0.014180 -0.739452
v -0.360161 0.027990 -0.773117
v -0.439839 0.027990 -0.773117
v -0.296152 -0.001610 -0.626772
v -0.320772 0.019877 -0.732999
v -0.503848 -0.001610 -0.626772
v -0.479228 0.019877 -0.732999
v -0.400000 0.120288 -0.569045
v -0.463907 0.107122 -0.634136
v -0.424341 0.128019 -0.496209
v -0.488800 0.114739 -0.561863
v -0.336093 0.107122 -0.634136
v -0.375659 0.128019 -0.496209
v -0.311200 0.114739 -0.561863
v -0.360502 0.085820 -0.739452
v -0.439498 0.085820 -0.739452
v -0.360161 0.072010 -0.773117
v -0.439839 0.072010 -0.773117
v -0.296152 0.101610 -0.626772
v -0.320772 0.080123 -0.732999
v -0.503848 0.101610 -0.626772
v -0.479228 0.080123 -0.732999
v -0.162199 0.071302 -0.456978
v -0.122705 0.063166 -0.286559
v -0.164961 0.084616 -0.412879
v -0.125125 0.076409 -0.240988
v -0.162199 0.028698 -0.456978
v -0.122705 0.036834 -0.286559
v -0.164961 0.015384 -0.412879
v -0.125125 0.023591 -0.240988
v -0.186608 0.050000 -0.562305
v -0.189301 0.020400 -0.517915
v -0.213922 0.041886 -0.624150
v -0.189301 0.079600 -0.517915
v -0.213922 0.058114 -0.624150
v -0.110081 0.063280 -0.176079
v -0.110081 0.036720 -0.176079
v -0.162199 0.071302 0.456978
v -0.122705 0.063166 0.286559
v -0.164961 0.084616 0.412879
v -0.125125 0.076409 0.240988
v -0.162199 0.028698 0.456978
v -0.122705 0.036834 0.286559
v -0.164961 0.015384 0.412879
v -0.125125 0.023591 0.240988
v -0.186608 0.050000 0.562305
v -0.189301 0.020400 0.517915
v -0.213922 0.041886 0.624150
v -0.189301 0.079600 0.517915
v -0.213922 0.058114 0.624150
v -0.110081 0.063280 0.176079
v -0.110081 0.036720 0.176079
v -0.637801 0.071302 -0.456978
v -0.677295 0.063166 -0.286559
v -0.635039 0.084616 -0.412879
v -0.674875 0.076409 -0.240988
v -0.637801 0.028698 -0.456978
v -0.677295 0.036834 -0.286559
v -0.635039 0.015384 -0.412879
v -0.674875 0.023591 -0.240988
v -0.613392 0.050000 -0.562305
v -0.610699 0.020400 -0.517915
v -0.586079 0.041886 -0.624150
v -0.610699 0.079600 -0.517915
v -0.586079 0.058114 -0.624150
v -0.689919 0.063280 -0.176079
v -0.689919 0.036720 -0.176079
v -0.637801 0.071302 0.456978
v -0.677295 0.063166 0.286559
v -0.635039 0.084616 0.412879
v -0.674875 0.076409 0.240988
v -0.637801 0.028698 0.456978
v -0.677295 0.036834 0.286559
v -0.635039 0.015384 0.412879
v -0.674875 0.023591 0.240988
v -0.613392 0.050000 0.562305
v -0.610699 0.020400 0.517915
v -0.586079 0.041886 0.624150
v -0.610699 0.079600 0.517915
v -0.586079 0.058114 0.624150
v -0.689919 0.063280 0.176079
v -0.689919 0.036720 0.176079
v -0.400000 0.146386 0.213132
v -0.424695 0.141298 0.319697
v -0.400000 0.146386 -0.213132
v -0.424695 0.141298 -0.319697
v -0.375305 0.141298 0.319697
v -0.375305 0.141298 -0.319697
v -0.554011 0.114658 0.451408
v -0.593973 0.106426 0.410695
v -0.569278 0.101337 0.517262
v -0.554011 0.114658 -0.451408
v -0.593973 0.106426 -0.410695
v -0.569278 0.101337 -0.517262
v -0.673893 0.089962 -0.065854
v -0.673893 0.089962 0.065854
v -0.689157 0.076642 0.000000
v -0.245989 0.114658 0.451408
v -0.206027 0.106426 0.410695
v -0.230722 0.101337 0.517262
v -0.245989 0.114658 -0.451408
v -0.206027 0.106426 -0.410695
v -0.230722 0.101337 -0.517262
v -0.126107 0.089962 -0.065854
v -0.126107 0.089962 0.065854
v -0.110842 0.076642 0.000000
v -0.400000 -0.046386 0.213132
v -0.424695 -0.041298 0.319697
v -0.400000 -0.046386 -0.213132
v -0.424695 -0.041298 -0.319697
v -0.375305 -0.041298 0.319697
v -0.375305 -0.041298 -0.319697
v -0.554011 -0.014658 0.451408
v -0.593973 -0.006426 0.410695
v -0.569278 -0.001337 0.517262
v -0.554011 -0.014658 -0.451408
v -0.593973 -0.006426 -0.410695
v -0.569278 -0.001337 -0.517262
v -0.673893 0.010038 -0.065854
v -0.673893 0.010038 0.065854
v -0.689157 0.023358 0.000000
v -0.245989 -0.014658 0.451408
v -0.206027 -0.006426 0.410695
v -0.230722 -0.001337 0.517262
v -0.245989 -0.014658 -0.451408
v -0.206027 -0.006426 -0.410695
v -0.230722 -0.001337 -0.517262
v -0.126107 0.010038 -0.065854
v -0.126107 0.010038 0.065854
v -0.110842 0.023358 0.000000
v -0.320075 0.050000 0.771087
v -0.280114 0.041768 0.730381
v -0.479925 0.050000 0.771087
v -0.519886 0.041768 0.730381
v -0.280114 0.058232 0.730381
v -0.519886 0.058232 0.730381
v -0.320075 0.050000 -0.771087
v -0.280114 0.041768 -0.730381
v -0.479925 0.050000 -0.771087
v -0.519886 0.041768 -0.730381
v -0.280114 0.058232 -0.730381
v -0.519886 0.058232 -0.730381
v -0.157706 0.135068 0.000000
v 0.157706 0.135068 0.000000
v -0.157706 -0.035068 0.000000
v 0.157706 -0.035068 0.000000
v 0.000000 -0.002569 0.680543
v 0.000000 0.102569 0.680543
v 0.000000 -0.002569 -0.680543
v 0.000000 0.102569 -0.680543
v 0.255204 0.050000 -0.420549
v 0.255204 0.050000 0.420549
v -0.255204 0.050000 -0.420549
v -0.255204 0.050000 0.420549
v 0.000000 0.150000 0.000000
v -0.092698 0.130901 0.400016
v -0.092698 0.130901 -0.400016
v -0.242704 0.100002 -0.247195
v -0.242704 0.100002 0.247195
v 0.092698 0.130901 0.400016
v 0.092698 0.130901 -0.400016
v 0.242704 0.100002 -0.247195
v 0.242704 0.100002 0.247195
v 0.000000 -0.050000 0.000000
v -0.092698 -0.030901 0.400016
v -0.092698 -0.030901 -0.400016
v -0.242704 -0.000002 -0.247195
v -0.242704 -0.000002 0.247195
v 0.092698 -0.030901 0.400016
v 0.092698 -0.030901 -0.400016
v 0.242704 -0.000002 -0.247195
v 0.242704 -0.000002 0.247195
v 0.000000 0.050000 0.800000
v 0.150006 0.019101 0.647211
v -0.150006 0.019101 0.647211
v 0.150006 0.080899 0.647211
v -0.150006 0.080899 0.647211
v 0.000000 0.050000 -0.800000
v 0.150006 0.019101 -0.647211
v -0.150006 0.019101 -0.647211
v 0.150006 0.080899 -0.647211
v -0.150006 0.080899 -0.647211
v 0.300000 0.050000 0.000000
v -0.300000 0.050000 0.000000
v -0.081972 0.146195 0.000000
v -0.130156 0.136268 0.207922
v -0.130156 0.136268 -0.207922
v -0.208127 0.120207 -0.128488
v -0.208127 0.120207 0.128488
v 0.081972 0.146195 0.000000
v 0.130156 0.136268 0.207922
v 0.130156 0.136268 -0.207922
v 0.208127 0.120207 -0.128488
v 0.208127 0.120207 0.128488
v -0.081972 -0.046195 0.000000
v -0.130156 -0.036268 0.207922
v -0.130156 -0.036268 -0.207922
v -0.208127 -0.020207 -0.128488
v -0.208127 -0.020207 0.128488
v 0.081972 -0.046195 0.000000
v 0.130156 -0.036268 0.207922
v 0.130156 -0.036268 -0.207922
v 0.208127 -0.020207 -0.128488
v 0.208127 -0.020207 0.128488
v -0.048183 -0.019376 0.561658
v 0.048183 -0.019376 0.561658
v 0.000000 0.022676 0.769556
v 0.077971 0.006615 0.690146
v -0.077971 0.006615 0.690146
v -0.048183 0.119376 0.561658
v 0.048183 0.119376 0.561658
v 0.000000 0.077324 0.769556
v 0.077971 0.093385 0.690146
v -0.077971 0.093385 0.690146
v -0.048183 -0.019376 -0.561658
v 0.048183 -0.019376 -0.561658
v 0.000000 0.022676 -0.769556
v 0.077971 0.006615 -0.690146
v -0.077971 0.006615 -0.690146
v -0.048183 0.119376 -0.561658
v 0.048183 0.119376 -0.561658
v 0.000000 0.077324 -0.769556
v 0.077971 0.093385 -0.690146
v -0.077971 0.093385 -0.690146
v 0.258805 0.075990 -0.347083
v 0.258805 0.024010 -0.347083
v 0.210622 0.033939 -0.555005
v 0.210622 0.066061 -0.555005
v 0.288584 0.050000 -0.218593
v 0.258805 0.075990 0.347083
v 0.258805 0.024010 0.347083
v 0.210622 0.033939 0.555005
v 0.210622 0.066061 0.555005
v 0.288584 0.050000 0.218593
v -0.258805 0.075990 -0.347083
v -0.258805 0.024010 -0.347083
v -0.210622 0.033939 -0.555005
v -0.210622 0.066061 -0.555005
v -0.288584 0.050000 -0.218593
v -0.258805 0.075990 0.347083
v -0.258805 0.024010 0.347083
v -0.210622 0.033939 0.555005
v -0.210622 0.066061 0.555005
v -0.288584 0.050000 0.218593
v -0.048734 0.145106 0.210301
v -0.048734 0.145106 -0.210301
v 0.048734 0.145106 0.210301
v 0.048734 0.145106 -0.210301
v -0.176332 0.118820 0.340260
v 0.000000 0.135064 0.420598
v -0.127597 0.108777 0.550562
v -0.176332 0.118820 -0.340260
v 0.000000 0.135064 -0.420598
v -0.127597 0.108777 -0.550562
v -0.255192 0.102575 0.000000
v -0.206461 0.092532 -0.470218
v -0.285317 0.076288 -0.129958
v -0.206461 0.092532 0.470218
v -0.285317 0.076288 0.129958
v 0.176332 0.118820 0.340260
v 0.127597 0.108777 0.550562
v 0.176332 0.118820 -0.340260
v 0.127597 0.108777 -0.550562
v 0.255192 0.102575 0.000000
v 0.206461 0.092532 -0.470218
v 0.285317 0.076288 -0.129958
v 0.206461 0.092532 0.470218
v 0.285317 0.076288 0.129958
v -0.048734 -0.045106 0.210301
v -0.048734 -0.045106 -0.210301
v 0.048734 -0.045106 0.210301
v 0.048734 -0.045106 -0.210301
v -0.176332 -0.018820 0.340260
v 0.000000 -0.035064 0.420598
v -0.127597 -0.008777 0.550562
v -0.176332 -0.018820 -0.340260
v 0.000000 -0.035064 -0.420598
v -0.127597 -0.008777 -0.550562
v -0.255192 -0.002575 0.000000
v -0.206461 0.007468 -0.470218
v -0.285317 0.023712 -0.129958
v -0.206461 0.007468 0.470218
v -0.285317 0.023712 0.129958
v 0.176332 -0.018820 0.340260
v 0.127597 -0.008777 0.550562
v 0.176332 -0.018820 -0.340260
v 0.127597 -0.008777 -0.550562
v 0.255192 -0.002575 0.000000
v 0.206461 0.007468 -0.470218
v 0.285317 0.023712 -0.129958
v 0.206461 0.007468 0.470218
v 0.285317 0.023712 0.129958
v 0.078863 0.033755 0.760845
v -0.078863 0.033755 0.760845
v 0.078863 0.066245 0.760845
v -0.078863 0.066245 0.760845
v 0.157724 0.050000 0.680512
v -0.157724 0.050000 0.680512
v 0.078863 0.033755 -0.760845
v -0.078863 0.033755 -0.760845
v 0.078863 0.066245 -0.760845
v -0.078863 0.066245 -0.760845
v 0.157724 0.050000 -0.680512
v -0.157724 0.050000 -0.680512
v -0.120996 0.141506 0.000000
v -0.145321 0.136495 0.104965
v -0.145321 0.136495 -0.104965
v -0.184682 0.128387 -0.064864
v -0.184682 0.128387 0.064864
v 0.120996 0.141506 0.000000
v 0.145321 0.136495 0.104965
v 0.145321 0.136495 -0.104965
v 0.184682 0.128387 -0.064864
v 0.184682 0.128387 0.064864
v -0.120996 -0.041506 0.000000
v -0.145321 -0.036495 0.104965
v -0.145321 -0.036495 -0.104965
v -0.184682 -0.028387 -0.064864
v -0.184682 -0.028387 0.064864
v 0.120996 -0.041506 0.000000
v 0.145321 -0.036495 0.104965
v 0.145321 -0.036495 -0.104965
v 0.184682 -0.028387 -0.064864
v 0.184682 -0.028387 0.064864
v -0.024324 -0.011561 0.627096
v 0.024324 -0.011561 0.627096
v 0.000000 0.009668 0.732047
v 0.039362 0.001560 0.691961
v -0.039362 0.001560 0.691961
v -0.024324 0.111561 0.627096
v 0.024324 0.111561 0.627096
v 0.000000 0.090332 0.732047
v 0.039362 0.098440 0.691961
v -0.039362 0.098440 0.691961
v -0.024324 -0.011561 -0.627096
v 0.024324 -0.011561 -0.627096
v 0.000000 0.009668 -0.732047
v 0.039362 0.001560 -0.691961
v -0.039362 0.001560 -0.691961
v -0.024324 0.111561 -0.627096
v 0.024324 0.111561 -0.627096
v 0.000000 0.090332 -0.732047
v 0.039362 0.098440 -0.691961
v -0.039362 0.098440 -0.691961
v 0.259485 0.063121 -0.387522
v 0.259485 0.036879 -0.387522
v 0.235161 0.041892 -0.492486
v 0.235161 0.058108 -0.492486
v 0.274518 0.050000 -0.322656
v 0.259485 0.063121 0.387522
v 0.259485 0.036879 0.387522
v 0.235161 0.041892 0.492486
v 0.235161 0.058108 0.492486
v 0.274518 0.050000 0.322656
v -0.259485 0.063121 -0.387522
v -0.259485 0.036879 -0.387522
v -0.235161 0.041892 -0.492486
v -0.235161 0.058108 -0.492486
v -0.274518 0.050000 -0.322656
v -0.259485 0.063121 0.387522
v -0.259485 0.036879 0.387522
v -0.235161 0.041892 0.492486
v -0.235161 0.058108 0.492486
v -0.274518 0.050000 0.322656
v -0.041382 0.149044 0.000000
v 0.041382 0.149044 0.000000
v -0.024671 0.148769 0.106461
v -0.024671 0.148769 -0.106461
v 0.024671 0.148769 0.106461
v 0.024671 0.148769 -0.106461
v -0.112503 0.134392 0.306904
v -0.071121 0.125864 0.485479
v -0.071598 0.139100 0.308963
v -0.136192 0.125794 0.374752
v -0.046927 0.134017 0.415421
v -0.111521 0.120710 0.481214
v -0.112503 0.134392 -0.306904
v -0.071121 0.125864 -0.485479
v -0.071598 0.139100 -0.308963
v -0.136192 0.125794 -0.374752
v -0.046927 0.134017 -0.415421
v -0.111521 0.120710 -0.481214
v -0.227592 0.110685 -0.189655
v -0.253175 0.088363 -0.300007
v -0.212130 0.110152 -0.297389
v -0.252051 0.101928 -0.125138
v -0.227382 0.096844 -0.363178
v -0.267301 0.088620 -0.190927
v -0.227592 0.110685 0.189655
v -0.253175 0.088363 0.300007
v -0.212130 0.110152 0.297389
v -0.252051 0.101928 0.125138
v -0.227382 0.096844 0.363178
v -0.267301 0.088620 0.190927
v 0.112503 0.134392 0.306904
v 0.071121 0.125864 0.485479
v 0.071598 0.139100 0.308963
v 0.046927 0.134017 0.415421
v 0.136192 0.125794 0.374752
v 0.111521 0.120710 0.481214
v 0.112503 0.134392 -0.306904
v 0.071121 0.125864 -0.485479
v 0.071598 0.139100 -0.308963
v 0.046927 0.134017 -0.415421
v 0.136192 0.125794 -0.374752
v 0.111521 0.120710 -0.481214
v 0.227592 0.110685 -0.189655
v 0.253175 0.088363 -0.300007
v 0.212130 0.110152 -0.297389
v 0.252051 0.101928 -0.125138
v 0.227382 0.096844 -0.363178
v 0.267301 0.088620 -0.190927
v 0.227592 0.110685 0.189655
v 0.253175 0.088363 0.300007
v 0.212130 0.110152 0.297389
v 0.252051 0.101928 0.125138
v 0.227382 0.096844 0.363178
v 0.267301 0.088620 0.190927
v -0.041382 -0.049044 0.000000
v 0.041382 -0.049044 0.000000
v -0.024671 -0.048769 0.106461
v -0.024671 -0.048769 -0.106461
v 0.024671 -0.048769 0.106461
v 0.024671 -0.048769 -0.106461
v -0.112503 -0.034392 0.306904
v -0.071121 -0.025864 0.485479
v -0.071598 -0.039100 0.308963
v -0.136192 -0.025794 0.374752
v -0.046927 -0.034017 0.415421
v -0.111521 -0.020710 0.481214
v -0.112503 -0.034392 -0.306904
v -0.071121 -0.025864 -0.485479
v -0.071598 -0.039100 -0.308963
v -0.136192 -0.025794 -0.374752
v -0.046927 -0.034017 -0.415421
v -0.111521 -0.020710 -0.481214
v -0.227592 -0.010685 -0.189655
v -0.253175 0.011637 -0.300007
v -0.212130 -0.010152 -0.297389
v -0.252051 -0.001928 -0.125138
v -0.227382 0.003156 -0.363178
v -0.267301 0.011380 -0.190927
v -0.227592 -0.010685 0.189655
v -0.253175 0.011637 0.300007
v -0.212130 -0.010152 0.297389
v -0.252051 -0.001928 0.125138
v -0.227382 0.003156 0.363178
v -0.267301 0.011380 0.190927
v 0.112503 -0.034392 0.306904
v 0.071121 -0.025864 0.485479
v 0.071598 -0.039100 0.308963
v 0.046927 -0.034017 0.415421
v 0.136192 -0.025794 0.374752
v 0.111521 -0.020710 0.481214
v 0.112503 -0.034392 -0.306904
v 0.071121 -0.025864 -0.485479
v 0.071598 -0.039100 -0.308963
v 0.046927 -0.034017 -0.415421
v 0.136192 -0.025794 -0.374752
v 0.111521 -0.020710 -0.481214
v 0.227592 -0.010685 -0.189655
v 0.253175 0.011637 -0.300007
v 0.212130 -0.010152 -0.297389
v 0.252051 -0.001928 -0.125138
v 0.227382 0.003156 -0.363178
v 0.267301 0.011380 -0.190927
v 0.227592 -0.010685 0.189655
v 0.253175 0.011637 0.300007
v 0.212130 -0.010152 0.297389
v 0.252051 -0.001928 0.125138
v 0.227382 0.003156 0.363178
v 0.267301 0.011380 0.190927
v 0.000000 0.036206 0.792353
v 0.000000 0.063794 0.792353
v 0.039923 0.041776 0.790151
v -0.039923 0.041776 0.790151
v 0.039923 0.058224 0.790151
v -0.039923 0.058224 0.790151
v 0.115089 0.012499 0.675134
v 0.182055 0.026293 0.606911
v 0.140532 0.004603 0.606352
v 0.180455 0.012826 0.565679
v 0.115861 0.026134 0.712804
v 0.155783 0.034358 0.672135
v -0.115089 0.012499 0.675134
v -0.182055 0.026293 0.606911
v -0.140532 0.004603 0.606352
v -0.180455 0.012826 0.565679
v -0.115861 0.026134 0.712804
v -0.155783 0.034358 0.672135
v 0.115089 0.087501 0.675134
v 0.182055 0.073707 0.606911
v 0.140532 0.095397 0.606352
v 0.180455 0.087174 0.565679
v 0.115861 0.073866 0.712804
v 0.155783 0.065642 0.672135
v -0.115089 0.087501 0.675134
v -0.182055 0.073707 0.606911
v -0.140532 0.095397 0.606352
v -0.180455 0.087174 0.565679
v -0.115861 0.073866 0.712804
v -0.155783 0.065642 0.672135
v 0.000000 0.036206 -0.792353
v 0.000000 0.063794 -0.792353
v 0.039923 0.041776 -0.790151
v -0.039923 0.041776 -0.790151
v 0.039923 0.058224 -0.790151
v -0.039923 0.058224 -0.790151
v 0.115089 0.012499 -0.675134
v 0.182055 0.026293 -0.606911
v 0.140532 0.004603 -0.606352
v 0.180455 0.012826 -0.565679
v 0.115861 0.026134 -0.712804
v 0.155783 0.034358 -0.672135
v -0.115089 0.012499 -0.675134
v -0.182055 0.026293 -0.606911
v -0.140532 0.004603 -0.606352
v -0.180455 0.012826 -0.565679
v -0.115861 0.026134 -0.712804
v -0.155783 0.034358 -0.672135
v 0.115089 0.087501 -0.675134
v 0.182055 0.073707 -0.606911
v 0.140532 0.095397 -0.606352
v 0.180455 0.087174 -0.565679
v 0.115861 0.073866 -0.712804
v 0.155783 0.065642 -0.672135
v -0.115089 0.087501 -0.675134
v -0.182055 0.073707 -0.606911
v -0.140532 0.095397 -0.606352
v -0.180455 0.087174 -0.565679
v -0.115861 0.073866 -0.712804
v -0.155783 0.065642 -0.672135
v 0.297132 0.050000 -0.110351
v 0.297132 0.050000 0.110351
v 0.296306 0.063308 -0.065789
v 0.296306 0.063308 0.065789
v 0.296306 0.036692 -0.065789
v 0.296306 0.036692 0.065789
v -0.297132 0.050000 -0.110351
v -0.297132 0.050000 0.110351
v -0.296306 0.063308 -0.065789
v -0.296306 0.063308 0.065789
v -0.296306 0.036692 -0.065789
v -0.296306 0.036692 0.065789
v -0.107460 0.142432 0.105329
v -0.107460 0.142432 -0.105329
v -0.066029 0.146640 0.106238
v -0.066029 0.146640 -0.106238
v -0.171367 0.129267 0.170418
v -0.090370 0.141625 0.211275
v -0.154829 0.128346 0.276927
v -0.171367 0.129267 -0.170418
v -0.090370 0.141625 -0.211275
v -0.154829 0.128346 -0.276927
v -0.210865 0.121131 0.000000
v -0.194218 0.120233 -0.236799
v -0.234056 0.112026 -0.064909
v -0.194218 0.120233 0.236799
v -0.234056 0.112026 0.064909
v 0.107460 0.142432 0.105329
v 0.107460 0.142432 -0.105329
v 0.066029 0.146640 0.106238
v 0.066029 0.146640 -0.106238
v 0.171367 0.129267 0.170418
v 0.090370 0.141625 0.211275
v 0.154829 0.128346 0.276927
v 0.171367 0.129267 -0.170418
v 0.090370 0.141625 -0.211275
v 0.154829 0.128346 -0.276927
v 0.210865 0.121131 0.000000
v 0.194218 0.120233 -0.236799
v 0.234056 0.112026 -0.064909
v 0.194218 0.120233 0.236799
v 0.234056 0.112026 0.064909
v -0.107460 -0.042432 0.105329
v -0.107460 -0.042432 -0.105329
v -0.066029 -0.046640 0.106238
v -0.066029 -0.046640 -0.106238
v -0.171367 -0.029267 0.170418
v -0.090370 -0.041625 0.211275
v -0.154829 -0.028346 0.276927
v -0.171367 -0.029267 -0.170418
v -0.090370 -0.041625 -0.211275
v -0.154829 -0.028346 -0.276927
v -0.210865 -0.021131 0.000000
v -0.194218 -0.020233 -0.236799
v -0.234056 -0.012026 -0.064909
v -0.194218 -0.020233 0.236799
v -0.234056 -0.012026 0.064909
v 0.107460 -0.042432 0.105329
v 0.107460 -0.042432 -0.105329
v 0.066029 -0.046640 0.106238
v 0.066029 -0.046640 -0.106238
v 0.171367 -0.029267 0.170418
v 0.090370 -0.041625 0.211275
v 0.154829 -0.028346 0.276927
v 0.171367 -0.029267 -0.170418
v 0.090370 -0.041625 -0.211275
v 0.154829 -0.028346 -0.276927
v 0.210865 -0.021131 0.000000
v 0.194218 -0.020233 -0.236799
v 0.234056 -0.012026 -0.064909
v 0.194218 -0.020233 0.236799
v 0.234056 -0.012026 0.064909
v 0.000000 -0.020288 0.569045
v -0.063907 -0.007122 0.634136
v -0.024341 -0.028019 0.496209
v -0.088800 -0.014739 0.561863
v 0.063907 -0.007122 0.634136
v 0.024341 -0.028019 0.496209
v 0.088800 -0.014739 0.561863
v 0.039498 0.014180 0.739452
v -0.039498 0.014180 0.739452
v 0.039839 0.027990 0.773117
v -0.039839 0.027990 0.773117
v 0.103848 -0.001610 0.626772
v 0.079228 0.019877 0.732999
v -0.103848 -0.001610 0.626772
v -0.079228 0.019877 0.732999
v 0.000000 0.120288 0.569045
v -0.063907 0.107122 0.634136
v -0.024341 0.128019 0.496209
v -0.088800 0.114739 0.561863
v 0.063907 0.107122 0.634136
v 0.024341 0.128019 0.496209
v 0.088800 0.114739 0.561863
v 0.039498 0.085820 0.739452
v -0.039498 0.085820 0.739452
v 0.039839 0.072010 0.773117
v -0.039839 0.072010 0.773117
v 0.103848 0.101610 0.626772
v 0.079228 0.080123 0.732999
v -0.103848 0.101610 0.626772
v -0.079228 0.080123 0.732999
v 0.000000 -0.020288 -0.569045
v -0.063907 -0.007122 -0.634136
v -0.024341 -0.028019 -0.496209
v -0.088800 -0.014739 -0.561863
v 0.063907 -0.007122 -0.634136
v 0.024341 -0.028019 -0.496209
v 0.088800 -0.014739 -0.561863
v 0.039498 0.014180 -0.739452
v -0.039498 0.014180 -0.739452
v 0.039839 0.027990 -0.773117
v -0.039839 0.027990 -0.773117
v 0.103848 -0.001610 -0.626772
v 0.079228 0.019877 -0.732999
v -0.103848 -0.001610 -0.626772
v -0.079228 0.019877 -0.732999
v 0.000000 0.120288 -0.569045
v -0.063907 0.107122 -0.634136
v -0.024341 0.128019 -0.496209
v -0.088800 0.114739 -0.561863
v 0.063907 0.107122 -0.634136
v 0.024341 0.128019 -0.496209
v 0.088800 0.114739 -0.561863
v 0.039498 0.085820 -0.739452
v -0.039498 0.085820 -0.739452
v 0.039839 0.072010 -0.773117
v -0.039839 0.072010 -0.773117
v 0.103848 0.101610 -0.626772
v 0.079228 0.080123 -0.732999
v -0.103848 0.101610 -0.626772
v -0.079228 0.080123 -0.732999
v 0.237801 0.071302 -0.456978
v 0.277295 0.063166 -0.286559
v 0.235039 0.084616 -0.412879
v 0.274875 0.076409 -0.240988
v 0.237801 0.028698 -0.456978
v 0.277295 0.036834 -0.286559
v 0.235039 0.015384 -0.412879
v 0.274875 0.023591 -0.240988
v 0.213392 0.050000 -0.562305
v 0.210699 0.020400 -0.517915
v 0.186079 0.041886 -0.624150
v 0.210699 0.079600 -0.517915
v 0.186079 0.058114 -0.624150
v 0.289919 0.063280 -0.176079
v 0.289919 0.036720 -0.176079
v 0.237801 0.071302 0.456978
v 0.277295 0.063166 0.286559
v 0.235039 0.084616 0.412879
v 0.274875 0.076409 0.240988
v 0.237801 0.028698 0.456978
v 0.277295 0.036834 0.286559
v 0.235039 0.015384 0.412879
v 0.274875 0.023591 0.240988
v 0.213392 0.050000 0.562305
v 0.210699 0.020400 0.517915
v 0.186079 0.041886 0.624150
v 0.210699 0.079600 0.517915
v 0.186079 0.058114 0.624150
v 0.289919 0.063280 0.176079
v 0.289919 0.036720 0.176079
v -0.237801 0.071302 -0.456978
v -0.277295 0.063166 -0.286559
v -0.235039 0.084616 -0.412879
v -0.274875 0.076409 -0.240988
v -0.237801 0.028698 -0.456978
v -0.277295 0.036834 -0.286559
v -0.235039 0.015384 -0.412879
v -0.274875 0.023591 -0.240988
v -0.213392 0.050000 -0.562305
v -0.210699 0.020400 -0.517915
v -0.186079 0.041886 -0.624150
v -0.210699 0.079600 -0.517915
v -0.186079 0.058114 -0.624150
v -0.289919 0.063280 -0.176079
v -0.289919 0.036720 -0.176079
v -0.237801 0.071302 0.456978
v -0.277295 0.063166 0.286559
v -0.235039 0.084616 0.412879
v -0.274875 0.076409 0.240988
v -0.237801 0.028698 0.456978
v -0.277295 0.036834 0.286559
v -0.235039 0.015384 0.412879
v -0.274875 0.023591 0.240988
v -0.213392 0.050000 0.562305
v -0.210699 0.020400 0.517915
v -0.186079 0.041886 0.624150
v -0.210699 0.079600 0.517915
v -0.186079 0.058114 0.624150
v -0.289919 0.063280 0.176079
v -0.289919 0.036720 0.176079
v 0.000000 0.146386 0.213132
v -0.024695 0.141298 0.319697
v 0.000000 0.146386 -0.213132
v -0.024695 0.141298 -0.319697
v 0.024695 0.141298 0.319697
v 0.024695 0.141298 -0.319697
v -0.154011 0.114658 0.451408
v -0.193973 0.106426 0.410695
v -0.169278 0.101337 0.517262
v -0.154011 0.114658 -0.451408
v -0.193973 0.106426 -0.410695
v -0.169278 0.101337 -0.517262
v -0.273893 0.089962 -0.065854
v -0.273893 0.089962 0.065854
v -0.289158 0.076642 0.000000
v 0.154011 0.114658 0.451408
v 0.193973 0.106426 0.410695
v 0.169278 0.101337 0.517262
v 0.154011 0.114658 -0.451408
v 0.193973 0.106426 -0.410695
v 0.169278 0.101337 -0.517262
v 0.273893 0.089962 -0.065854
v 0.273893 0.089962 0.065854
v 0.289158 0.076642 0.000000
v 0.000000 -0.046386 0.213132
v -0.024695 -0.041298 0.319697
v 0.000000 -0.046386 -0.213132
v -0.024695 -0.041298 -0.319697
v 0.024695 -0.041298 0.319697
v 0.024695 -0.041298 -0.319697
v -0.154011 -0.014658 0.451408
v -0.193973 -0.006426 0.410695
v -0.169278 -0.001337 0.517262
v -0.154011 -0.014658 -0.451408
v -0.193973 -0.006426 -0.410695
v -0.169278 -0.001337 -0.517262
v -0.273893 0.010038 -0.065854
v -0.273893 0.010038 0.065854
v -0.289158 0.023358 0.000000
v 0.154011 -0.014658 0.451408
v 0.193973 -0.006426 0.410695
v 0.169278 -0.001337 0.517262
v 0.154011 -0.014658 -0.451408
v 0.193973 -0.006426 -0.410695
v 0.169278 -0.001337 -0.517262
v 0.273893 0.010038 -0.065854
v 0.273893 0.010038 0.065854
v 0.289158 0.023358 0.000000
v 0.079925 0.050000 0.771087
v 0.119886 0.041768 0.730381
v -0.079925 0.050000 0.771087
v -0.119886 0.041768 0.730381
v 0.119886 0.058232 0.730381
v -0.119886 0.058232 0.730381
v 0.079925 0.050000 -0.771087
v 0.119886 0.041768 -0.730381
v -0.079925 0.050000 -0.771087
v -0.119886 0.041768 -0.730381
v 0.119886 0.058232 -0.730381
v -0.119886 0.058232 -0.730381
v 0.242294 0.135068 0.000000
v 0.557706 0.135068 0.000000
v 0.242294 -0.035068 0.000000
v 0.557706 -0.035068 0.000000
v 0.400000 -0.002569 0.680543
v 0.400000 0.102569 0.680543
v 0.400000 -0.002569 -0.680543
v 0.400000 0.102569 -0.680543
v 0.655204 0.050000 -0.420549
v 0.655204 0.050000 0.420549
v 0.144796 0.050000 -0.420549
v 0.144796 0.050000 0.420549
v 0.400000 0.150000 0.000000
v 0.307302 0.130901 0.400016
v 0.307302 0.130901 -0.400016
v 0.157296 0.100002 -0.247195
v 0.157296 0.100002 0.247195
v 0.492698 0.130901 0.400016
v 0.492698 0.130901 -0.400016
v 0.642704 0.100002 -0.247195
v 0.642704 0.100002 0.247195
v 0.400000 -0.050000 0.000000
v 0.307302 -0.030901 0.400016
v 0.307302 -0.030901 -0.400016
v 0.157296 -0.000002 -0.247195
v 0.157296 -0.000002 0.247195
v 0.492698 -0.030901 0.400016
v 0.492698 -0.030901 -0.400016
v 0.642704 -0.000002 -0.247195
v 0.642704 -0.000002 0.247195
v 0.400000 0.050000 0.800000
v 0.550006 0.019101 0.647211
v 0.249994 0.019101 0.647211
v 0.550006 0.080899 0.647211
v 0.249994 0.080899 0.647211
v 0.400000 0.050000 -0.800000
v 0.550006 0.019101 -0.647211
v 0.249994 0.019101 -0.647211
v 0.550006 0.080899 -0.647211
v 0.249994 0.080899 -0.647211
v 0.700000 0.050000 0.000000
v 0.100000 0.050000 0.000000
v 0.318028 0.146195 0.000000
v 0.269844 0.136268 0.207922
v 0.269844 0.136268 -0.207922
v 0.191873 0.120207 -0.128488
v 0.191873 0.120207 0.128488
v 0.481972 0.146195 0.000000
v 0.530156 0.136268 0.207922
v 0.530156 0.136268 -0.207922
v 0.608127 0.120207 -0.128488
v 0.608127 0.120207 0.128488
v 0.318028 -0.046195 0.000000
v 0.269844 -0.036268 0.207922
v 0.269844 -0.036268 -0.207922
v 0.191873 -0.020207 -0.128488
v 0.191873 -0.020207 0.128488
v 0.481972 -0.046195 0.000000
v 0.530156 -0.036268 0.207922
v 0.530156 -0.036268 -0.207922
v 0.608127 -0.020207 -0.128488
v 0.608127 -0.020207 0.128488
v 0.351817 -0.019376 0.561658
v 0.448183 -0.019376 0.561658
v 0.400000 0.022676 0.769556
v 0.477971 0.006615 0.690146
v 0.322029 0.006615 0.690146
v 0.351817 0.119376 0.561658
v 0.448183 0.119376 0.561658
v 0.400000 0.077324 0.769556
v 0.477971 0.093385 0.690146
v 0.322029 0.093385 0.690146
v 0.351817 -0.019376 -0.561658
v 0.448183 -0.019376 -0.561658
v 0.400000 0.022676 -0.769556
v 0.477971 0.006615 -0.690146
v 0.322029 0.006615 -0.690146
v 0.351817 0.119376 -0.561658
v 0.448183 0.119376 -0.561658
v 0.400000 0.077324 -0.769556
v 0.477971 0.093385 -0.690146
v 0.322029 0.093385 -0.690146
v 0.658805 0.075990 -0.347083
v 0.658805 0.024010 -0.347083
v 0.610622 0.033939 -0.555005
v 0.610622 0.066061 -0.555005
v 0.688584 0.050000 -0.218593
v 0.658805 0.075990 0.347083
v 0.658805 0.024010 0.347083
v 0.610622 0.033939 0.555005
v 0.610622 0.066061 0.555005
v 0.688584 0.050000 0.218593
v 0.141195 0.075990 -0.347083
v 0.141195 0.024010 -0.347083
v 0.189378 0.033939 -0.555005
v 0.189378 0.066061 -0.555005
v 0.111416 0.050000 -0.218593
v 0.141195 0.075990 0.347083
v 0.141195 0.024010 0.347083
v 0.189378 0.033939 0.555005
v 0.189378 0.066061 0.555005
v 0.111416 0.050000 0.218593
v 0.351266 0.145106 0.210301
v 0.351266 0.145106 -0.210301
v 0.448734 0.145106 0.210301
v 0.448734 0.145106 -0.210301
v 0.223668 0.118820 0.340260
v 0.400000 0.135064 0.420598
v 0.272403 0.108777 0.550562
v 0.223668 0.118820 -0.340260
v 0.400000 0.135064 -0.420598
v 0.272403 0.108777 -0.550562
v 0.144808 0.102575 0.000000
v 0.193539 0.092532 -0.470218
v 0.114683 0.076288 -0.129958
v 0.193539 0.092532 0.470218
v 0.114683 0.076288 0.129958
v 0.576332 0.118820 0.340260
v 0.527597 0.108777 0.550562
v 0.576332 0.118820 -0.340260
v 0.527597 0.108777 -0.550562
v 0.655192 0.102575 0.000000
v 0.606461 0.092532 -0.470218
v 0.685317 0.076288 -0.129958
v 0.606461 0.092532 0.470218
v 0.685317 0.076288 0.129958
v 0.351266 -0.045106 0.210301
v 0.351266 -0.045106 -0.210301
v 0.448734 -0.045106 0.210301
v 0.448734 -0.045106 -0.210301
v 0.223668 -0.018820 0.340260
v 0.400000 -0.035064 0.420598
v 0.272403 -0.008777 0.550562
v 0.223668 -0.018820 -0.340260
v 0.400000 -0.035064 -0.420598
v 0.272403 -0.008777 -0.550562
v 0.144808 -0.002575 0.000000
v 0.193539 0.007468 -0.470218
v 0.114683 0.023712 -0.129958
v 0.193539 0.007468 0.470218
v 0.114683 0.023712 0.129958
v 0.576332 -0.018820 0.340260
v 0.527597 -0.008777 0.550562
v 0.576332 -0.018820 -0.340260
v 0.527597 -0.008777 -0.550562
v 0.655192 -0.002575 0.000000
v 0.606461 0.007468 -0.470218
v 0.685317 0.023712 -0.129958
v 0.606461 0.007468 0.470218
v 0.685317 0.023712 0.129958
v 0.478863 0.033755 0.760845
v 0.321137 0.033755 0.760845
v 0.478863 0.066245 0.760845
v 0.321137 0.066245 0.760845
v 0.557724 0.050000 0.680512
v 0.242276 0.050000 0.680512
v 0.478863 0.033755 -0.760845
v 0.321137 0.033755 -0.760845
v 0.478863 0.066245 -0.760845
v 0.321137 0.066245 -0.760845
v 0.557724 0.050000 -0.680512
v 0.242276 0.050000 -0.680512
v 0.279004 0.141506 0.000000
v 0.254679 0.136495 0.104965
v 0.254679 0.136495 -0.104965
v 0.215318 0.128387 -0.064864
v 0.215318 0.128387 0.064864
v 0.520996 0.141506 0.000000
v 0.545321 0.136495 0.104965
v 0.545321 0.136495 -0.104965
v 0.584682 0.128387 -0.064864
v 0.584682 0.128387 0.064864
v 0.279004 -0.041506 0.000000
v 0.254679 -0.036495 0.104965
v 0.254679 -0.036495 -0.104965
v 0.215318 -0.028387 -0.064864
v 0.215318 -0.028387 0.064864
v 0.520996 -0.041506 0.000000
v 0.545321 -0.036495 0.104965
v 0.545321 -0.036495 -0.104965
v 0.584682 -0.028387 -0.064864
v 0.584682 -0.028387 0.064864
v 0.375676 -0.011561 0.627096
v 0.424324 -0.011561 0.627096
v 0.400000 0.009668 0.732047
v 0.439362 0.001560 0.691961
v 0.360638 0.001560 0.691961
v 0.375676 0.111561 0.627096
v 0.424324 0.111561 0.627096
v 0.400000 0.090332 0.732047
v 0.439362 0.098440 0.691961
v 0.360638 0.098440 0.691961
v 0.375676 -0.011561 -0.627096
v 0.424324 -0.011561 -0.627096
v 0.400000 0.009668 -0.732047
v 0.439362 0.001560 -0.691961
v 0.360638 0.001560 -0.691961
v 0.375676 0.111561 -0.627096
v 0.424324 0.111561 -0.627096
v 0.400000 0.090332 -0.732047
v 0.439362 0.098440 -0.691961
v 0.360638 0.098440 -0.691961
v 0.659485 0.063121 -0.387522
v 0.659485 0.036879 -0.387522
v 0.635161 0.041892 -0.492486
v 0.635161 0.058108 -0.492486
v 0.674518 0.050000 -0.322656
v 0.659485 0.063121 0.387522
v 0.659485 0.036879 0.387522
v 0.635161 0.041892 0.492486
v 0.635161 0.058108 0.492486
v 0.674518 0.050000 0.322656
v 0.140515 0.063121 -0.387522
v 0.140515 0.036879 -0.387522
v 0.164839 0.041892 -0.492486
v 0.164839 0.058108 -0.492486
v 0.125482 0.050000 -0.322656
v 0.140515 0.063121 0.387522
v 0.140515 0.036879 0.387522
v 0.164839 0.041892 0.492486
v 0.164839 0.058108 0.492486
v 0.125482 0.050000 0.322656
v 0.358618 0.149044 0.000000
v 0.441382 0.149044 0.000000
v 0.375329 0.148769 0.106461
v 0.375329 0.148769 -0.106461
v 0.424671 0.148769 0.106461
v 0.424671 0.148769 -0.106461
v 0.287497 0.134392 0.306904
v 0.328879 0.125864 0.485479
v 0.328402 0.139100 0.308963
v 0.263808 0.125794 0.374752
v 0.353073 0.134017 0.415421
v 0.288479 0.120710 0.481214
v 0.287497 0.134392 -0.306904
v 0.328879 0.125864 -0.485479
v 0.328402 0.139100 -0.308963
v 0.263808 0.125794 -0.374752
v 0.353073 0.134017 -0.415421
v 0.288479 0.120710 -0.481214
v 0.172408 0.110685 -0.189655
v 0.146825 0.088363 -0.300007
v 0.187870 0.110152 -0.297389
v 0.147949 0.101928 -0.125138
v 0.172618 0.096844 -0.363178
v 0.132699 0.088620 -0.190927
v 0.172408 0.110685 0.189655
v 0.146825 0.088363 0.300007
v 0.187870 0.110152 0.297389
v 0.147949 0.101928 0.125138
v 0.172618 0.096844 0.363178
v 0.132699 0.088620 0.190927
v 0.512503 0.134392 0.306904
v 0.471121 0.125864 0.485479
v 0.471598 0.139100 0.308963
v 0.446927 0.134017 0.415421
v 0.536192 0.125794 0.374752
v 0.511521 0.120710 0.481214
v 0.512503 0.134392 -0.306904
v 0.471121 0.125864 -0.485479
v 0.471598 0.139100 -0.308963
v 0.446927 0.134017 -0.415421
v 0.536192 0.125794 -0.374752
v 0.511521 0.120710 -0.481214
v 0.627592 0.110685 -0.189655
v 0.653175 0.088363 -0.300007
v 0.612130 0.110152 -0.297389
v 0.652051 0.101928 -0.125138
v 0.627382 0.096844 -0.363178
v 0.667301 0.088620 -0.190927
v 0.627592 0.110685 0.189655
v 0.653175 0.088363 0.300007
v 0.612130 0.110152 0.297389
v 0.652051 0.101928 0.125138
v 0.627382 0.096844 0.363178
v 0.667301 0.088620 0.190927
v 0.358618 -0.049044 0.000000
v 0.441382 -0.049044 0.000000
v 0.375329 -0.048769 0.106461
v 0.375329 -0.048769 -0.106461
v 0.424671 -0.048769 0.106461
v 0.424671 -0.048769 -0.106461
v 0.287497 -0.034392 0.306904
v 0.328879 -0.025864 0.485479
v 0.328402 -0.039100 0.308963
v 0.263808 -0.025794 0.374752
v 0.353073 -0.034017 0.415421
v 0.288479 -0.020710 0.481214
v 0.287497 -0.034392 -0.306904
v 0.328879 -0.025864 -0.485479
v 0.328402 -0.039100 -0.308963
v 0.263808 -0.025794 -0.374752
v 0.353073 -0.034017 -0.415421
v 0.288479 -0.020710 -0.481214
v 0.172408 -0.010685 -0.189655
v 0.146825 0.011637 -0.300007
v 0.187870 -0.010152 -0.297389
v 0.147949 -0.001928 -0.125138
v 0.172618 0.003156 -0.363178
v 0.132699 0.011380 -0.190927
v 0.172408 -0.010685 0.189655
v 0.146825 0.011637 0.300007
v 0.187870 -0.010152 0.297389
v 0.147949 -0.001928 0.125138
v 0.172618 0.003156 0.363178
v 0.132699 0.011380 0.190927
v 0.512503 -0.034392 0.306904
v 0.471121 -0.025864 0.485479
v 0.471598 -0.039100 0.308963
v 0.446927 -0.034017 0.415421
v 0.536192 -0.025794 0.374752
v 0.511521 -0.020710 0.481214
v 0.512503 -0.034392 -0.306904
v 0.471121 -0.025864 -0.485479
v 0.471598 -0.039100 -0.308963
v 0.446927 -0.034017 -0.415421
v 0.536192 -0.025794 -0.374752
v 0.511521 -0.020710 -0.481214
v 0.627592 -0.010685 -0.189655
v 0.653175 0.011637 -0.300007
v 0.612130 -0.010152 -0.297389
v 0.652051 -0.001928 -0.125138
v 0.627382 0.003156 -0.363178
v 0.667301 0.011380 -0.190927
v 0.627592 -0.010685 0.189655
v 0.653175 0.011637 0.300007
v 0.612130 -0.010152 0.297389
v 0.652051 -0.001928 0.125138
v 0.627382 0.003156 0.363178
v 0.667301 0.011380 0.190927
v 0.400000 0.036206 0.792353
v 0.400000 0.063794 0.792353
v 0.439923 0.041776 0.790151
v 0.360077 0.041776 0.790151
v 0.439923 0.058224 0.790151
v 0.360077 0.058224 0.790151
v 0.515089 0.012499 0.675134
v 0.582055 0.026293 0.606911
v 0.540532 0.004603 0.606352
v 0.580455 0.012826 0.565679
v 0.515861 0.026134 0.712804
v 0.555783 0.034358 0.672135
v 0.284911 0.012499 0.675134
v 0.217945 0.026293 0.606911
v 0.259468 0.004603 0.606352
v 0.219545 0.012826 0.565679
v 0.284139 0.026134 0.712804
v 0.244217 0.034358 0.672135
v 0.515089 0.087501 0.675134
v 0.582055 0.073707 0.606911
v 0.540532 0.095397 0.606352
v 0.580455 0.087174 0.565679
v 0.515861 0.073866 0.712804
v 0.555783 0.065642 0.672135
v 0.284911 0.087501 0.675134
v 0.217945 0.073707 0.606911
v 0.259468 0.095397 0.606352
v 0.219545 0.087174 0.565679
v 0.284139 0.073866 0.712804
v 0.244217 0.065642 0.672135
v 0.400000 0.036206 -0.792353
v 0.400000 0.063794 -0.792353
v 0.439923 0.041776 -0.790151
v 0.360077 0.041776 -0.790151
v 0.439923 0.058224 -0.790151
v 0.360077 0.058224 -0.790151
v 0.515089 0.012499 -0.675134
v 0.582055 0.026293 -0.606911
v 0.540532 0.004603 -0.606352
v 0.580455 0.012826 -0.565679
v 0.515861 0.026134 -0.712804
v 0.555783 0.034358 -0.672135
v 0.284911 0.012499 -0.675134
v 0.217945 0.026293 -0.606911
v 0.259468 0.004603 -0.606352
v 0.219545 0.012826 -0.565679
v 0.284139 0.026134 -0.712804
v 0.244217 0.034358 -0.672135
v 0.515089 0.087501 -0.675134
v 0.582055 0.073707 -0.606911
v 0.540532 0.095397 -0.606352
v 0.580455 0.087174 -0.565679
v 0.515861 0.073866 -0.712804
v 0.555783 0.065642 -0.672135
v 0.284911 0.087501 -0.675134
v 0.217945 0.073707 -0.606911
v 0.259468 0.095397 -0.606352
v 0.219545 0.087174 -0.565679
v 0.284139 0.073866 -0.712804
v 0.244217 0.065642 -0.672135
v 0.697132 0.050000 -0.110351
v 0.697132 0.050000 0.110351
v 0.696306 0.063308 -0.065789
v 0.696306 0.063308 0.065789
v 0.696306 0.036692 -0.065789
v 0.696306 0.036692 0.065789
v 0.102868 0.050000 -0.110351
v 0.102868 0.050000 0.110351
v 0.103694 0.063308 -0.065789
v 0.103694 0.063308 0.065789
v 0.103694 0.036692 -0.065789
v 0.103694 0.036692 0.065789
v 0.292540 0.142432 0.105329
v 0.292540 0.142432 -0.105329
v 0.333971 0.146640 0.106238
v 0.333971 0.146640 -0.106238
v 0.228633 0.129267 0.170418
v 0.309630 0.141625 0.211275
v 0.245171 0.128346 0.276927
v 0.228633 0.129267 -0.170418
v 0.309630 0.141625 -0.211275
v 0.245171 0.128346 -0.276927
v 0.189135 0.121131 0.000000
v 0.205782 0.120233 -0.236799
v 0.165944 0.112026 -0.064909
v 0.205782 0.120233 0.236799
v 0.165944 0.112026 0.064909
v 0.507460 0.142432 0.105329
v 0.507460 0.142432 -0.105329
v 0.466029 0.146640 0.106238
v 0.466029 0.146640 -0.106238
v 0.571367 0.129267 0.170418
v 0.490370 0.141625 0.211275
v 0.554829 0.128346 0.276927
v 0.571367 0.129267 -0.170418
v 0.490370 0.141625 -0.211275
v 0.554829 0.128346 -0.276927
v 0.610865 0.121131 0.000000
v 0.594218 0.120233 -0.236799
v 0.634056 0.112026 -0.064909
v 0.594218 0.120233 0.236799
v 0.634056 0.112026 0.064909
v 0.292540 -0.042432 0.105329
v 0.292540 -0.042432 -0.105329
v 0.333971 -0.046640 0.106238
v 0.333971 -0.046640 -0.106238
v 0.228633 -0.029267 0.170418
v 0.309630 -0.041625 0.211275
v 0.245171 -0.028346 0.276927
v 0.228633 -0.029267 -0.170418
v 0.309630 -0.041625 -0.211275
v 0.245171 -0.028346 -0.276927
v 0.189135 -0.021131 0.000000
v 0.205782 -0.020233 -0.236799
v 0.165944 -0.012026 -0.064909
v 0.205782 -0.020233 0.236799
v 0.165944 -0.012026 0.064909
v 0.507460 -0.042432 0.105329
v 0.507460 -0.042432 -0.105329
v 0.466029 -0.046640 0.106238
v 0.466029 -0.046640 -0.106238
v 0.571367 -0.029267 0.170418
v 0.490370 -0.041625 0.211275
v 0.554829 -0.028346 0.276927
v 0.571367 -0.029267 -0.170418
v 0.490370 -0.041625 -0.211275
v 0.554829 -0.028346 -0.276927
v 0.610865 -0.021131 0.000000
v 0.594218 -0.020233 -0.236799
v 0.634056 -0.012026 -0.064909
v 0.594218 -0.020233 0.236799
v 0.634056 -0.012026 0.064909
v 0.400000 -0.020288 0.569045
v 0.336093 -0.007122 0.634136
v 0.375659 -0.028019 0.496209
v 0.311200 -0.014739 0.561863
v 0.463907 -0.007122 0.634136
v 0.424341 -0.028019 0.496209
v 0.488800 -0.014739 0.561863
v 0.439498 0.014180 0.739452
v 0.360502 0.014180 0.739452
v 0.439839 0.027990 0.773117
v 0.360161 0.027990 0.773117
v 0.503848 -0.001610 0.626772
v 0.479228 0.019877 0.732999
v 0.296152 -0.001610 0.626772
v 0.320772 0.019877 0.732999
v 0.400000 0.120288 0.569045
v 0.336093 0.107122 0.634136
v 0.375659 0.128019 0.496209
v 0.311200 0.114739 0.561863
v 0.463907 0.107122 0.634136
v 0.424341 0.128019 0.496209
v 0.488800 0.114739 0.561863
v 0.439498 0.085820 0.739452
v 0.360502 0.085820 0.739452
v 0.439839 0.072010 0.773117
v 0.360161 0.072010 0.773117
v 0.503848 0.101610 0.626772
v 0.479228 0.080123 0.732999
v 0.296152 0.101610 0.626772
v 0.320772 0.080123 0.732999
v 0.400000 -0.020288 -0.569045
v 0.336093 -0.007122 -0.634136
v 0.375659 -0.028019 -0.496209
v 0.311200 -0.014739 -0.561863
v 0.463907 -0.007122 -0.634136
v 0.424341 -0.028019 -0.496209
v 0.488800 -0.014739 -0.561863
v 0.439498 0.014180 -0.739452
v 0.360502 0.014180 -0.739452
v 0.439839 0.027990 -0.773117
v 0.360161 0.027990 -0.773117
v 0.503848 -0.001610 -0.626772
v 0.479228 0.019877 -0.732999
v 0.296152 -0.001610 -0.626772
v 0.320772 0.019877 -0.732999
v 0.400000 0.120288 -0.569045
v 0.336093 0.107122 -0.634136
v 0.375659 0.128019 -0.496209
v 0.311200 0.114739 -0.561863
v 0.463907 0.107122 -0.634136
v 0.424341 0.128019 -0.496209
v 0.488800 0.114739 -0.561863
v 0.439498 0.085820 -0.739452
v 0.360502 0.085820 -0.739452
v 0.439839 0.072010 -0.773117
v 0.360161 0.072010 -0.773117
v 0.503848 0.101610 -0.626772
v 0.479228 0.080123 -0.732999
v 0.296152 0.101610 -0.626772
v 0.320772 0.080123 -0.732999
v 0.637801 0.071302 -0.456978
v 0.677295 0.063166 -0.286559
v 0.635039 0.084616 -0.412879
v 0.674875 0.076409 -0.240988
v 0.637801 0.028698 -0.456978
v 0.677295 0.036834 -0.286559
v 0.635039 0.015384 -0.412879
v 0.674875 0.023591 -0.240988
v 0.613392 0.050000 -0.562305
v 0.610699 0.020400 -0.517915
v 0.586079 0.041886 -0.624150
v 0.610699 0.079600 -0.517915
v 0.586079 0.058114 -0.624150
v 0.689919 0.063280 -0.176079
v 0.689919 0.036720 -0.176079
v 0.637801 0.071302 0.456978
v 0.677295 0.063166 0.286559
v 0.635039 0.084616 0.412879
v 0.674875 0.076409 0.240988
v 0.637801 0.028698 0.456978
v 0.677295 0.036834 0.286559
v 0.635039 0.015384 0.412879
v 0.674875 0.023591 0.240988
v 0.613392 0.050000 0.562305
v 0.610699 0.020400 0.517915
v 0.586079 0.041886 0.624150
v 0.610699 0.079600 0.517915
v 0.586079 0.058114 0.624150
v 0.689919 0.063280 0.176079
v 0.689919 0.036720 0.176079
v 0.162199 0.071302 -0.456978
v 0.122705 0.063166 -0.286559
v 0.164961 0.084616 -0.412879
v 0.125125 0.076409 -0.240988
v 0.162199 0.028698 -0.456978
v 0.122705 0.036834 -0.286559
v 0.164961 0.015384 -0.412879
v 0.125125 0.023591 -0.240988
v 0.186608 0.050000 -0.562305
v 0.189301 0.020400 -0.517915
v 0.213922 0.041886 -0.624150
v 0.189301 0.079600 -0.517915
v 0.213922 0.058114 -0.624150
v 0.110081 0.063280 -0.176079
v 0.110081 0.036720 -0.176079
v 0.162199 0.071302 0.456978
v 0.122705 0.063166 0.286559
v 0.164961 0.084616 0.412879
v 0.125125 0.076409 0.240988
v 0.162199 0.028698 0.456978
v 0.122705 0.036834 0.286559
v 0.164961 0.015384 0.412879
v 0.125125 0.023591 0.240988
v 0.186608 0.050000 0.562305
v 0.189301 0.020400 0.517915
v 0.213922 0.041886 0.624150
v 0.189301 0.079600 0.517915
v 0.213922 0.058114 0.624150
v 0.110081 0.063280 0.176079
v 0.110081 0.036720 0.176079
v 0.400000 0.146386 0.213132
v 0.375305 0.141298 0.319697
v 0.400000 0.146386 -0.213132
v 0.375305 0.141298 -0.319697
v 0.424695 0.141298 0.319697
v 0.424695 0.141298 -0.319697
v 0.245989 0.114658 0.451408
v 0.206027 0.106426 0.410695
v 0.230722 0.101337 0.517262
v 0.245989 0.114658 -0.451408
v 0.206027 0.106426 -0.410695
v 0.230722 0.101337 -0.517262
v 0.126107 0.089962 -0.065854
v 0.126107 0.089962 0.065854
v 0.110842 0.076642 0.000000
v 0.554011 0.114658 0.451408
v 0.593973 0.106426 0.410695
v 0.569278 0.101337 0.517262
v 0.554011 0.114658 -0.451408
v 0.593973 0.106426 -0.410695
v 0.569278 0.101337 -0.517262
v 0.673893 0.089962 -0.065854
v 0.673893 0.089962 0.065854
v 0.689157 0.076642 0.000000
v 0.400000 -0.046386 0.213132
v 0.375305 -0.041298 0.319697
v 0.400000 -0.046386 -0.213132
v 0.375305 -0.041298 -0.319697
v 0.424695 -0.041298 0.319697
v 0.424695 -0.041298 -0.319697
v 0.245989 -0.014658 0.451408
v 0.206027 -0.006426 0.410695
v 0.230722 -0.001337 0.517262
v 0.245989 -0.014658 -0.451408
v 0.206027 -0.006426 -0.410695
v 0.230722 -0.001337 -0.517262
v 0.126107 0.010038 -0.065854
v 0.126107 0.010038 0.065854
v 0.110842 0.023358 0.000000
v 0.554011 -0.014658 0.451408
v 0.593973 -0.006426 0.410695
v 0.569278 -0.001337 0.517262
v 0.554011 -0.014658 -0.451408
v 0.593973 -0.006426 -0.410695
v 0.569278 -0.001337 -0.517262
v 0.673893 0.010038 -0.065854
v 0.673893 0.010038 0.065854
v 0.689157 0.023358 0.000000
v 0.479925 0.050000 0.771087
v 0.519886 0.041768 0.730381
v 0.320075 0.050000 0.771087
v 0.280114 0.041768 0.730381
v 0.519886 0.058232 0.730381
v 0.280114 0.058232 0.730381
v 0.479925 0.050000 -0.771087
v 0.519886 0.041768 -0.730381
v 0.320075 0.050000 -0.771087
v 0.280114 0.041768 -0.730381
v 0.519886 0.058232 -0.730381
v 0.280114 0.058232 -0.730381
v 0.642294 0.135068 0.000000
v 0.957706 0.135068 0.000000
v 0.642294 -0.035068 0.000000
v 0.957706 -0.035068 0.000000
v 0.800000 -0.002569 0.680543
v 0.800000 0.102569 0.680543
v 0.800000 -0.002569 -0.680543
v 0.800000 0.102569 -0.680543
v 1.055204 0.050000 -0.420549
v 1.055204 0.050000 0.420549
v 0.544796 0.050000 -0.420549
v 0.544796 0.050000 0.420549
v 0.800000 0.150000 0.000000
v 0.707302 0.130901 0.400016
v 0.707302 0.130901 -0.400016
v 0.557296 0.100002 -0.247195
v 0.557296 0.100002 0.247195
v 0.892698 0.130901 0.400016
v 0.892698 0.130901 -0.400016
v 1.042704 0.100002 -0.247195
v 1.042704 0.100002 0.247195
v 0.800000 -0.050000 0.000000
v 0.707302 -0.030901 0.400016
v 0.707302 -0.030901 -0.400016
v 0.557296 -0.000002 -0.247195
v 0.557296 -0.000002 0.247195
v 0.892698 -0.030901 0.400016
v 0.892698 -0.030901 -0.400016
v 1.042704 -0.000002 -0.247195
v 1.042704 -0.000002 0.247195
v 0.800000 0.050000 0.800000
v 0.950006 0.019101 0.647211
v 0.649994 0.019101 0.647211
v 0.950006 0.080899 0.647211
v 0.649994 0.080899 0.647211
v 0.800000 0.050000 -0.800000
v 0.950006 0.019101 -0.647211
v 0.649994 0.019101 -0.647211
v 0.950006 0.080899 -0.647211
v 0.649994 0.080899 -0.647211
v 1.100000 0.050000 0.000000
v 0.500000 0.050000 0.000000
v 0.718028 0.146195 0.000000
v 0.669844 0.136268 0.207922
v 0.669844 0.136268 -0.207922
v 0.591873 0.120207 -0.128488
v 0.591873 0.120207 0.128488
v 0.881972 0.146195 0.000000
v 0.930156 0.136268 0.207922
v 0.930156 0.136268 -0.207922
v 1.008127 0.120207 -0.128488
v 1.008127 0.120207 0.128488
v 0.718028 -0.046195 0.000000
v 0.669844 -0.036268 0.207922
v 0.669844 -0.036268 -0.207922
v 0.591873 -0.020207 -0.128488
v 0.591873 -0.020207 0.128488
v 0.881972 -0.046195 0.000000
v 0.930156 -0.036268 0.207922
v 0.930156 -0.036268 -0.207922
v 1.008127 -0.020207 -0.128488
v 1.008127 -0.020207 0.128488
v 0.751817 -0.019376 0.561658
v 0.848183 -0.019376 0.561658
v 0.800000 0.022676 0.769556
v 0.877971 0.006615 0.690146
v 0.722029 0.006615 0.690146
v 0.751817 0.119376 0.561658
v 0.848183 0.119376 0.561658
v 0.800000 0.077324 0.769556
v 0.877971 0.093385 0.690146
v 0.722029 0.093385 0.690146
v 0.751817 -0.019376 -0.561658
v 0.848183 -0.019376 -0.561658
v 0.800000 0.022676 -0.769556
v 0.877971 0.006615 -0.690146
v 0.722029 0.006615 -0.690146
v 0.751817 0.119376 -0.561658
v 0.848183 0.119376 -0.561658
v 0.800000 0.077324 -0.769556
v 0.877971 0.093385 -0.690146
v 0.722029 0.093385 -0.690146
v 1.058805 0.075990 -0.347083
v 1.058805 0.024010 -0.347083
v 1.010622 0.033939 -0.555005
v 1.010622 0.066061 -0.555005
v 1.088584 0.050000 -0.218593
v 1.058805 0.075990 0.347083
v 1.058805 0.024010 0.347083
v 1.010622 0.033939 0.555005
v 1.010622 0.066061 0.555005
v 1.088584 0.050000 0.218593
v 0.541195 0.075990 -0.347083
v 0.541195 0.024010 -0.347083
v 0.589378 0.033939 -0.555005
v 0.589378 0.066061 -0.555005
v 0.511416 0.050000 -0.218593
v 0.541195 0.075990 0.347083
v 0.541195 0.024010 0.347083
v 0.589378 0.033939 0.555005
v 0.589378 0.066061 0.555005
v 0.511416 0.050000 0.218593
v 0.751266 0.145106 0.210301
v 0.751266 0.145106 -0.210301
v 0.848734 0.145106 0.210301
v 0.848734 0.145106 -0.210301
v 0.623668 0.118820 0.340260
v 0.800000 0.135064 0.420598
v 0.672403 0.108777 0.550562
v 0.623668 0.118820 -0.340260
v 0.800000 0.135064 -0.420598
v 0.672403 0.108777 -0.550562
v 0.544808 0.102575 0.000000
v 0.593539 0.092532 -0.470218
v 0.514683 0.076288 -0.129958
v 0.593539 0.092532 0.470218
v 0.514683 0.076288 0.129958
v 0.976332 0.118820 0.340260
v 0.927597 0.108777 0.550562
v 0.976332 0.118820 -0.340260
v 0.927597 0.108777 -0.550562
v 1.055192 0.102575 0.000000
v 1.006461 0.092532 -0.470218
v 1.085317 0.076288 -0.129958
v 1.006461 0.092532 0.470218
v 1.085317 0.076288 0.129958
v 0.751266 -0.045106 0.210301
v 0.751266 -0.045106 -0.210301
v 0.848734 -0.045106 0.210301
v 0.848734 -0.045106 -0.210301
v 0.623668 -0.018820 0.340260
v 0.800000 -0.035064 0.420598
v 0.672403 -0.008777 0.550562
v 0.623668 -0.018820 -0.340260
v 0.800000 -0.035064 -0.420598
v 0.672403 -0.008777 -0.550562
v 0.544808 -0.002575 0.000000
v 0.593539 0.007468 -0.470218
v 0.514683 0.023712 -0.129958
v 0.593539 0.007468 0.470218
v 0.514683 0.023712 0.129958
v 0.976332 -0.018820 0.340260
v 0.927597 -0.008777 0.550562
v 0.976332 -0.018820 -0.340260
v 0.927597 -0.008777 -0.550562
v 1.055192 -0.002575 0.000000
v 1.006461 0.007468 -0.470218
v 1.085317 0.023712 -0.129958
v 1.006461 0.007468 0.470218
v 1.085317 0.023712 0.129958
v 0.878863 0.033755 0.760845
v 0.721137 0.033755 0.760845
v 0.878863 0.066245 0.760845
v 0.721137 0.066245 0.760845
v 0.957724 0.050000 0.680512
v 0.642276 0.050000 0.680512
v 0.878863 0.033755 -0.760845
v 0.721137 0.033755 -0.760845
v 0.878863 0.066245 -0.760845
v 0.721137 0.066245 -0.760845
v 0.957724 0.050000 -0.680512
v 0.642276 0.050000 -0.680512
v 0.679004 0.141506 0.000000
v 0.654679 0.136495 0.104965
v 0.654679 0.136495 -0.104965
v 0.615318 0.128387 -0.064864
v 0.615318 0.128387 0.064864
v 0.920996 0.141506 0.000000
v 0.945321 0.136495 0.104965
v 0.945321 0.136495 -0.104965
v 0.984682 0.128387 -0.064864
v 0.984682 0.128387 0.064864
v 0.679004 -0.041506 0.000000
v 0.654679 -0.036495 0.104965
v 0.654679 -0.036495 -0.104965
v 0.615318 -0.028387 -0.064864
v 0.615318 -0.028387 0.064864
v 0.920996 -0.041506 0.000000
v 0.945321 -0.036495 0.104965
v 0.945321 -0.036495 -0.104965
v 0.984682 -0.028387 -0.064864
v 0.984682 -0.028387 0.064864
v 0.775676 -0.011561 0.627096
v 0.824324 -0.011561 0.627096
v 0.800000 0.009668 0.732047
v 0.839362 0.001560 0.691961
v 0.760638 0.001560 0.691961
v 0.775676 0.111561 0.627096
v 0.824324 0.111561 0.627096
v 0.800000 0.090332 0.732047
v 0.839362 0.098440 0.691961
v 0.760638 0.098440 0.691961
v 0.775676 -0.011561 -0.627096
v 0.824324 -0.011561 -0.627096
v 0.800000 0.009668 -0.732047
v 0.839362 0.001560 -0.691961
v 0.760638 0.001560 -0.691961
v 0.775676 0.111561 -0.627096
v 0.824324 0.111561 -0.627096
v 0.800000 0.090332 -0.732047
v 0.839362 0.098440 -0.691961
v 0.760638 0.098440 -0.691961
v 1.059485 0.063121 -0.387522
v 1.059485 0.036879 -0.387522
v 1.035161 0.041892 -0.492486
v 1.035161 0.058108 -0.492486
v 1.074518 0.050000 -0.322656
v 1.059485 0.063121 0.387522
v 1.059485 0.036879 0.387522
v 1.035161 0.041892 0.492486
v 1.035161 0.058108 0.492486
v 1.074518 0.050000 0.322656
v 0.540515 0.063121 -0.387522
v 0.540515 0.036879 -0.387522
v 0.564839 0.041892 -0.492486
v 0.564839 0.058108 -0.492486
v 0.525482 0.050000 -0.322656
v 0.540515 0.063121 0.387522
v 0.540515 0.036879 0.387522
v 0.564839 0.041892 0.492486
v 0.564839 0.058108 0.492486
v 0.525482 0.050000 0.322656
v 0.758618 0.149044 0.000000
v 0.841382 0.149044 0.000000
v 0.775329 0.148769 0.106461
v 0.775329 0.148769 -0.106461
v 0.824671 0.148769 0.106461
v 0.824671 0.148769 -0.106461
v 0.687497 0.134392 0.306904
v 0.728879 0.125864 0.485479
v 0.728402 0.139100 0.308963
v 0.663808 0.125794 0.374752
v 0.753073 0.134017 0.415421
v 0.688479 0.120710 0.481214
v 0.687497 0.134392 -0.306904
v 0.728879 0.125864 -0.485479
v 0.728402 0.139100 -0.308963
v 0.663808 0.125794 -0.374752
v 0.753073 0.134017 -0.415421
v 0.688479 0.120710 -0.481214
v 0.572408 0.110685 -0.189655
v 0.546825 0.088363 -0.300007
v 0.587870 0.110152 -0.297389
v 0.547949 0.101928 -0.125138
v 0.572618 0.096844 -0.363178
v 0.532699 0.088620 -0.190927
v 0.572408 0.110685 0.189655
v 0.546825 0.088363 0.300007
v 0.587870 0.110152 0.297389
v 0.547949 0.101928 0.125138
v 0.572618 0.096844 0.363178
v 0.532699 0.088620 0.190927
v 0.912503 0.134392 0.306904
v 0.871121 0.125864 0.485479
v 0.871598 0.139100 0.308963
v 0.846927 0.134017 0.415421
v 0.936192 0.125794 0.374752
v 0.911521 0.120710 0.481214
v 0.912503 0.134392 -0.306904
v 0.871121 0.125864 -0.485479
v 0.871598 0.139100 -0.308963
v 0.846927 0.134017 -0.415421
v 0.936192 0.125794 -0.374752
v 0.911521 0.120710 -0.481214
v 1.027592 0.110685 -0.189655
v 1.053175 0.088363 -0.300007
v 1.012130 0.110152 -0.297389
v 1.052051 0.101928 -0.125138
v 1.027382 0.096844 -0.363178
v 1.067301 0.088620 -0.190927
v 1.027592 0.110685 0.189655
v 1.053175 0.088363 0.300007
v 1.012130 0.110152 0.297389
v 1.052051 0.101928 0.125138
v 1.027382 0.096844 0.363178
v 1.067301 0.088620 0.190927
v 0.758618 -0.049044 0.000000
v 0.841382 -0.049044 0.000000
v 0.775329 -0.048769 0.106461
v 0.775329 -0.048769 -0.106461
v 0.824671 -0.048769 0.106461
v 0.824671 -0.048769 -0.106461
v 0.687497 -0.034392 0.306904
v 0.728879 -0.025864 0.485479
v 0.728402 -0.039100 0.308963
v 0.663808 -0.025794 0.374752
v 0.753073 -0.034017 0.415421
v 0.688479 -0.020710 0.481214
v 0.687497 -0.034392 -0.306904
v 0.728879 -0.025864 -0.485479
v 0.728402 -0.039100 -0.308963
v 0.663808 -0.025794 -0.374752
v 0.753073 -0.034017 -0.415421
v 0.688479 -0.020710 -0.481214
v 0.572408 -0.010685 -0.189655
v 0.546825 0.011637 -0.300007
v 0.587870 -0.010152 -0.297389
v 0.547949 -0.001928 -0.125138
v 0.572618 0.003156 -0.363178
v 0.532699 0.011380 -0.190927
v 0.572408 -0.010685 0.189655
v 0.546825 0.011637 0.300007
v 0.587870 -0.010152 0.297389
v 0.547949 -0.001928 0.125138
v 0.572618 0.003156 0.363178
v 0.532699 0.011380 0.190927
v 0.912503 -0.034392 0.306904
v 0.871121 -0.025864 0.485479
v 0.871598 -0.039100 0.308963
v 0.846927 -0.034017 0.415421
v 0.936192 -0.025794 0.374752
v 0.911521 -0.020710 0.481214
v 0.912503 -0.034392 -0.306904
v 0.871121 -0.025864 -0.485479
v 0.871598 -0.039100 -0.308963
v 0.846927 -0.034017 -0.415421
v 0.936192 -0.025794 -0.374752
v 0.911521 -0.020710 -0.481214
v 1.027592 -0.010685 -0.189655
v 1.053175 0.011637 -0.300007
v 1.012130 -0.010152 -0.297389
v 1.052051 -0.001928 -0.125138
v 1.027382 0.003156 -0.363178
v 1.067301 0.011380 -0.190927
v 1.027592 -0.010685 0.189655
v 1.053175 0.011637 0.300007
v 1.012130 -0.010152 0.297389
v 1.052051 -0.001928 0.125138
v 1.027382 0.003156 0.363178
v 1.067301 0.011380 0.190927
v 0.800000 0.036206 0.792353
v 0.800000 0.063794 0.792353
v 0.839923 0.041776 0.790151
v 0.760077 0.041776 0.790151
v 0.839923 0.058224 0.790151
v 0.760077 0.058224 0.790151
v 0.915089 0.012499 0.675134
v 0.982055 0.026293 0.606911
v 0.940532 0.004603 0.606352
v 0.980455 0.012826 0.565679
v 0.915861 0.026134 0.712804
v 0.955783 0.034358 0.672135
v 0.684911 0.012499 0.675134
v 0.617945 0.026293 0.606911
v 0.659468 0.004603 0.606352
v 0.619545 0.012826 0.565679
v 0.684139 0.026134 0.712804
v 0.644217 0.034358 0.672135
v 0.915089 0.087501 0.675134
v 0.982055 0.073707 0.606911
v 0.940532 0.095397 0.606352
v 0.980455 0.087174 0.565679
v 0.915861 0.073866 0.712804
v 0.955783 0.065642 0.672135
v 0.684911 0.087501 0.675134
v 0.617945 0.073707 0.606911
v 0.659468 0.095397 0.606352
v 0.619545 0.087174 0.565679
v 0.684139 0.073866 0.712804
v 0.644217 0.065642 0.672135
v 0.800000 0.036206 -0.792353
v 0.800000 0.063794 -0.792353
v 0.839923 0.041776 -0.790151
v 0.760077 0.041776 -0.790151
v 0.839923 0.058224 -0.790151
v 0.760077 0.058224 -0.790151
v 0.915089 0.012499 -0.675134
v 0.982055 0.026293 -0.606911
v 0.940532 0.004603 -0.606352
v 0.980455 0.012826 -0.565679
v 0.915861 0.026134 -0.712804
v 0.955783 0.034358 -0.672135
v 0.684911 0.012499 -0.675134
v 0.617945 0.026293 -0.606911
v 0.659468 0.004603 -0.606352
v 0.619545 0.012826 -0.565679
v 0.684139 0.026134 -0.712804
v 0.644217 0.034358 -0.672135
v 0.915089 0.087501 -0.675134
v 0.982055 0.073707 -0.606911
v 0.940532 0.095397 -0.606352
v 0.980455 0.087174 -0.565679
v 0.915861 0.073866 -0.712804
v 0.955783 0.065642 -0.672135
v 0.684911 0.087501 -0.675134
v 0.617945 0.073707 -0.606911
v 0.659468 0.095397 -0.606352
v 0.619545 0.087174 -0.565679
v 0.684139 0.073866 -0.712804
v 0.644217 0.065642 -0.672135
v 1.097132 0.050000 -0.110351
v 1.097132 0.050000 0.110351
v 1.096306 0.063308 -0.065789
v 1.096306 0.063308 0.065789
v 1.096306 0.036692 -0.065789
v 1.096306 0.036692 0.065789
v 0.502868 0.050000 -0.110351
v 0.502868 0.050000 0.110351
v 0.503694 0.063308 -0.065789
v 0.503694 0.063308 0.065789
v 0.503694 0.036692 -0.065789
v 0.503694 0.036692 0.065789
v 0.692540 0.142432 0.105329
v 0.692540 0.142432 -0.105329
v 0.733971 0.146640 0.106238
v 0.733971 0.146640 -0.106238
v 0.628633 0.129267 0.170418
v 0.709630 0.141625 0.211275
v 0.645171 0.128346 0.276927
v 0.628633 0.129267 -0.170418
v 0.709630 0.141625 -0.211275
v 0.645171 0.128346 -0.276927
v 0.589136 0.121131 0.000000
v 0.605782 0.120233 -0.236799
v 0.565944 0.112026 -0.064909
v 0.605782 0.120233 0.236799
v 0.565944 0.112026 0.064909
v 0.907460 0.142432 0.105329
v 0.907460 0.142432 -0.105329
v 0.866030 0.146640 0.106238
v 0.866030 0.146640 -0.106238
v 0.971367 0.129267 0.170418
v 0.890370 0.141625 0.211275
v 0.954829 0.128346 0.276927
v 0.971367 0.129267 -0.170418
v 0.890370 0.141625 -0.211275
v 0.954829 0.128346 -0.276927
v 1.010864 0.121131 0.000000
v 0.994218 0.120233 -0.236799
v 1.034056 0.112026 -0.064909
v 0.994218 0.120233 0.236799
v 1.034056 0.112026 0.064909
v 0.692540 -0.042432 0.105329
v 0.692540 -0.042432 -0.105329
v 0.733971 -0.046640 0.106238
v 0.733971 -0.046640 -0.106238
v 0.628633 -0.029267 0.170418
v 0.709630 -0.041625 0.211275
v 0.645171 -0.028346 0.276927
v 0.628633 -0.029267 -0.170418
v 0.709630 -0.041625 -0.211275
v 0.645171 -0.028346 -0.276927
v 0.589136 -0.021131 0.000000
v 0.605782 -0.020233 -0.236799
v 0.565944 -0.012026 -0.064909
v 0.605782 -0.020233 0.236799
v 0.565944 -0.012026 0.064909
v 0.907460 -0.042432 0.105329
v 0.907460 -0.042432 -0.105329
v 0.866030 -0.046640 0.106238
v 0.866030 -0.046640 -0.106238
v 0.971367 -0.029267 0.170418
v 0.890370 -0.041625 0.211275
v 0.954829 -0.028346 0.276927
v 0.971367 -0.029267 -0.170418
v 0.890370 -0.041625 -0.211275
v 0.954829 -0.028346 -0.276927
v 1.010864 -0.021131 0.000000
v 0.994218 -0.020233 -0.236799
v 1.034056 -0.012026 -0.064909
v 0.994218 -0.020233 0.236799
v 1.034056 -0.012026 0.064909
v 0.800000 -0.020288 0.569045
v 0.736093 -0.007122 0.634136
v 0.775659 -0.028019 0.496209
v 0.711200 -0.014739 0.561863
v 0.863907 -0.007122 0.634136
v 0.824341 -0.028019 0.496209
v 0.888800 -0.014739 0.561863
v 0.839498 0.014180 0.739452
v 0.760502 0.014180 0.739452
v 0.839839 0.027990 0.773117
v 0.760161 0.027990 0.773117
v 0.903848 -0.001610 0.626772
v 0.879228 0.019877 0.732999
v 0.696152 -0.001610 0.626772
v 0.720772 0.019877 0.732999
v 0.800000 0.120288 0.569045
v 0.736093 0.107122 0.634136
v 0.775659 0.128019 0.496209
v 0.711200 0.114739 0.561863
v 0.863907 0.107122 0.634136
v 0.824341 0.128019 0.496209
v 0.888800 0.114739 0.561863
v 0.839498 0.085820 0.739452
v 0.760502 0.085820 0.739452
v 0.839839 0.072010 0.773117
v 0.760161 0.072010 0.773117
v 0.903848 0.101610 0.626772
v 0.879228 0.080123 0.732999
v 0.696152 0.101610 0.626772
v 0.720772 0.080123 0.732999
v 0.800000 -0.020288 -0.569045
v 0.736093 -0.007122 -0.634136
v 0.775659 -0.028019 -0.496209
v 0.711200 -0.014739 -0.561863
v 0.863907 -0.007122 -0.634136
v 0.824341 -0.028019 -0.496209
v 0.888800 -0.014739 -0.561863
v 0.839498 0.014180 -0.739452
v 0.760502 0.014180 -0.739452
v 0.839839 0.027990 -0.773117
v 0.760161 0.027990 -0.773117
v 0.903848 -0.001610 -0.626772
v 0.879228 0.019877 -0.732999
v 0.696152 -0.001610 -0.626772
v 0.720772 0.019877 -0.732999
v 0.800000 0.120288 -0.569045
v 0.736093 0.107122 -0.634136
v 0.775659 0.128019 -0.496209
v 0.711200 0.114739 -0.561863
v 0.863907 0.107122 -0.634136
v 0.824341 0.128019 -0.496209
v 0.888800 0.114739 -0.561863
v 0.839498 0.085820 -0.739452
v 0.760502 0.085820 -0.739452
v 0.839839 0.072010 -0.773117
v 0.760161 0.072010 -0.773117
v 0.903848 0.101610 -0.626772
v 0.879228 0.080123 -0.732999
v 0.696152 0.101610 -0.626772
v 0.720772 0.080123 -0.732999
v 1.037801 0.071302 -0.456978
v 1.077295 0.063166 -0.286559
v 1.035039 0.084616 -0.412879
v 1.074875 0.076409 -0.240988
v 1.037801 0.028698 -0.456978
v 1.077295 0.036834 -0.286559
v 1.035039 0.015384 -0.412879
v 1.074875 0.023591 -0.240988
v 1.013392 0.050000 -0.562305
v 1.010699 0.020400 -0.517915
v 0.986079 0.041886 -0.624150
v 1.010699 0.079600 -0.517915
v 0.986079 0.058114 -0.624150
v 1.089919 0.063280 -0.176079
v 1.089919 0.036720 -0.176079
v 1.037801 0.071302 0.456978
v 1.077295 0.063166 0.286559
v 1.035039 0.084616 0.412879
v 1.074875 0.076409 0.240988
v 1.037801 0.028698 0.456978
v 1.077295 0.036834 0.286559
v 1.035039 0.015384 0.412879
v 1.074875 0.023591 0.240988
v 1.013392 0.050000 0.562305
v 1.010699 0.020400 0.517915
v 0.986079 0.041886 0.624150
v 1.010699 0.079600 0.517915
v 0.986079 0.058114 0.624150
v 1.089919 0.063280 0.176079
v 1.089919 0.036720 0.176079
v 0.562199 0.071302 -0.456978
v 0.522705 0.063166 -0.286559
v 0.564961 0.084616 -0.412879
v 0.525125 0.076409 -0.240988
v 0.562199 0.028698 -0.456978
v 0.522705 0.036834 -0.286559
v 0.564961 0.015384 -0.412879
v 0.525125 0.023591 -0.240988
v 0.586608 0.050000 -0.562305
v 0.589301 0.020400 -0.517915
v 0.613922 0.041886 -0.624150
v 0.589301 0.079600 -0.517915
v 0.613922 0.058114 -0.624150
v 0.510081 0.063280 -0.176079
v 0.510081 0.036720 -0.176079
v 0.562199 0.071302 0.456978
v 0.522705 0.063166 0.286559
v 0.564961 0.084616 0.412879
v 0.525125 0.076409 0.240988
v 0.562199 0.028698 0.456978
v 0.522705 0.036834 0.286559
v 0.564961 0.015384 0.412879
v 0.525125 0.023591 0.240988
v 0.586608 0.050000 0.562305
v 0.589301 0.020400 0.517915
v 0.613922 0.041886 0.624150
v 0.589301 0.079600 0.517915
v 0.613922 0.058114 0.624150
v 0.510081 0.063280 0.176079
v 0.510081 0.036720 0.176079
v 0.800000 0.146386 0.213132
v 0.775305 0.141298 0.319697
v 0.800000 0.146386 -0.213132
v 0.775305 0.141298 -0.319697
v 0.824695 0.141298 0.319697
v 0.824695 0.141298 -0.319697
v 0.645989 0.114658 0.451408
v 0.606027 0.106426 0.410695
v 0.630722 0.101337 0.517262
v 0.645989 0.114658 -0.451408
v 0.606027 0.106426 -0.410695
v 0.630722 0.101337 -0.517262
v 0.526107 0.089962 -0.065854
v 0.526107 0.089962 0.065854
v 0.510843 0.076642 0.000000
v 0.954011 0.114658 0.451408
v 0.993973 0.106426 0.410695
v 0.969278 0.101337 0.517262
v 0.954011 0.114658 -0.451408
v 0.993973 0.106426 -0.410695
v 0.969278 0.101337 -0.517262
v 1.073893 0.089962 -0.065854
v 1.073893 0.089962 0.065854
v 1.089158 0.076642 0.000000
v 0.800000 -0.046386 0.213132
v 0.775305 -0.041298 0.319697
v 0.800000 -0.046386 -0.213132
v 0.775305 -0.041298 -0.319697
v 0.824695 -0.041298 0.319697
v 0.824695 -0.041298 -0.319697
v 0.645989 -0.014658 0.451408
v 0.606027 -0.006426 0.410695
v 0.630722 -0.001337 0.517262
v 0.645989 -0.014658 -0.451408
v 0.606027 -0.006426 -0.410695
v 0.630722 -0.001337 -0.517262
v 0.526107 0.010038 -0.065854
v 0.526107 0.010038 0.065854
v 0.510843 0.023358 0.000000
v 0.954011 -0.014658 0.451408
v 0.993973 -0.006426 0.410695
v 0.969278 -0.001337 0.517262
v 0.954011 -0.014658 -0.451408
v 0.993973 -0.006426 -0.410695
v 0.969278 -0.001337 -0.517262
v 1.073893 0.010038 -0.065854
v 1.073893 0.010038 0.065854
v 1.089158 0.023358 0.000000
v 0.879925 0.050000 0.771087
v 0.919886 0.041768 0.730381
v 0.720075 0.050000 0.771087
v 0.680114 0.041768 0.730381
v 0.919886 0.058232 0.730381
v 0.680114 0.058232 0.730381
v 0.879925 0.050000 -0.771087
v 0.919886 0.041768 -0.730381
v 0.720075 0.050000 -0.771087
v 0.680114 0.041768 -0.730381
v 0.919886 0.058232 -0.730381
v 0.680114 0.058232 -0.730381
f 1 167 164
f 1 164 163
f 1 163 165
f 1 165 166
f 1 166 167
f 2 169 172
f 6 192 190
f 12 222 219
f 11 216 215
f 8 199 201
f 4 182 179
f 4 179 178
f 4 178 180
f 4 180 181
f 4 181 182
f 5 186 185
f 3 174 177
f 7 193 197
f 9 205 206
f 10 212 208
f 12 221 218
f 6 189 188
f 2 170 168
f 8 202 198
f 11 217 213
f 6 191 189
f 12 220 221
f 11 214 217
f 8 200 202
f 2 171 170
f 10 210 209
f 5 183 184
f 3 175 173
f 7 196 194
f 9 207 204
f 10 211 210
f 5 187 183
f 3 176 175
f 7 195 196
f 9 203 207
f 6 188 192
f 2 168 169
f 8 198 199
f 11 213 216
f 12 218 222
f 10 208 211
f 5 185 187
f 3 177 176
f 7 197 195
f 9 206 203
f 5 184 186
f 3 173 174
f 7 194 193
f 9 204 205
f 10 209 212
f 6 190 191
f 12 219 220
f 11 215 214
f 8 201 200
f 2 172 171
f 35 357 358
f 18 255 256
f 19 262 261
f 40 388 387
f 42 400 399
f 34 352 351
f 33 347 348
f 25 298 300
f 36 364 366
f 20 269 267
f 32 339 340
f 23 285 287
f 24 293 291
f 37 370 369
f 41 396 395
f 34 353 354
f 33 346 345
f 25 299 297
f 36 365 363
f 20 268 270
f 17 249 247
f 14 231 229
f 13 226 223
f 15 238 235
f 16 244 241
f 18 257 253
f 35 359 355
f 42 402 398
f 40 390 386
f 19 264 260
f 30 327 325
f 27 309 307
f 22 282 278
f 28 317 313
f 29 322 319
f 32 341 337
f 23 286 283
f 24 294 290
f 37 372 368
f 41 394 392
f 35 358 356
f 18 256 254
f 19 261 259
f 40 387 385
f 42 399 397
f 34 351 349
f 33 348 344
f 25 300 296
f 36 366 362
f 20 267 265
f 32 340 338
f 23 287 284
f 24 291 289
f 37 369 367
f 41 395 391
f 34 354 350
f 33 345 343
f 25 297 295
f 36 363 361
f 20 270 266
f 14 234 230
f 13 227 224
f 15 239 236
f 16 245 242
f 17 252 248
f 21 275 272
f 31 334 331
f 26 304 301
f 38 377 373
f 39 382 380
f 27 312 308
f 22 279 277
f 28 316 314
f 29 323 320
f 30 330 326
f 31 335 332
f 26 305 302
f 38 376 374
f 39 383 379
f 21 274 271
f 14 232 234
f 13 225 227
f 15 237 239
f 16 243 245
f 17 250 252
f 21 273 275
f 31 336 334
f 26 306 304
f 38 378 377
f 39 381 382
f 27 311 312
f 22 281 279
f 28 315 316
f 29 321 323
f 30 328 330
f 31 333 335
f 26 303 305
f 38 375 376
f 39 384 383
f 21 276 274
f 14 229 232
f 13 223 225
f 15 235 237
f 16 241 243
f 17 247 250
f 21 271 273
f 31 332 336
f 26 302 306
f 38 374 378
f 39 379 381
f 27 307 311
f 22 278 281
f 28 313 315
f 29 319 321
f 30 325 328
f 31 331 333
f 26 301 303
f 38 373 375
f 39 380 384
f 21 272 276
f 17 248 251
f 14 230 233
f 13 224 228
f 15 236 240
f 16 242 246
f 18 254 258
f 35 356 360
f 42 397 401
f 40 385 389
f 19 259 263
f 30 326 329
f 27 308 310
f 22 277 280
f 28 314 318
f 29 320 324
f 32 338 342
f 23 284 288
f 24 289 292
f 37 367 371
f 41 391 393
f 35 355 357
f 18 253 255
f 19 260 262
f 40 386 388
f 42 398 400
f 34 350 352
f 33 343 347
f 25 295 298
f 36 361 364
f 20 266 269
f 32 337 339
f 23 283 285
f 24 290 293
f 37 368 370
f 41 392 396
f 34 349 353
f 33 344 346
f 25 296 299
f 36 362 365
f 20 265 268
f 17 251 249
f 14 233 231
f 13 228 226
f 15 240 238
f 16 246 244
f 18 258 257
f 35 360 359
f 42 401 402
f 40 389 390
f 19 263 264
f 30 329 327
f 27 310 309
f 22 280 282
f 28 318 317
f 29 324 322
f 32 342 341
f 23 288 286
f 24 292 294
f 37 371 372
f 41 393 394
f 107 409 416
f 103 405 408
f 104 411 406
f 110 414 412
f 113 417 415
f 118 431 424
f 154 488 492
f 141 575 582
f 162 563 565
f 121 519 514
f 142 454 461
f 129 450 453
f 130 456 451
f 144 459 457
f 146 462 460
f 151 472 475
f 131 446 439
f 136 506 496
f 161 535 533
f 126 541 551
f 116 570 579
f 108 480 483
f 106 421 426
f 112 511 521
f 115 556 566
f 119 484 489
f 156 580 578
f 139 567 560
f 160 522 518
f 120 427 429
f 149 544 547
f 132 468 465
f 128 436 441
f 145 499 504
f 148 530 537
f 155 548 550
f 133 466 476
f 134 442 444
f 157 505 502
f 124 536 526
f 109 491 481
f 105 423 420
f 111 513 510
f 114 564 555
f 117 581 571
f 125 549 540
f 152 477 473
f 137 445 447
f 158 503 507
f 123 525 534
f 143 474 469
f 127 438 435
f 135 495 498
f 147 532 529
f 150 552 545
f 153 490 487
f 140 577 574
f 138 559 562
f 159 517 520
f 122 430 432
f 107 590 589
f 103 584 583
f 104 585 586
f 110 592 593
f 113 595 596
f 118 598 599
f 154 636 633
f 141 621 620
f 162 642 640
f 121 601 603
f 142 623 622
f 129 611 607
f 130 609 612
f 144 625 626
f 146 628 629
f 151 632 631
f 131 613 614
f 136 616 618
f 161 638 641
f 126 606 605
f 47 407 167
f 44 403 164
f 43 404 163
f 45 410 165
f 46 413 166
f 49 422 169
f 72 486 192
f 102 573 222
f 96 561 216
f 79 512 199
f 62 452 182
f 59 448 179
f 58 449 178
f 60 455 180
f 61 458 181
f 66 470 186
f 54 437 174
f 73 494 193
f 85 531 205
f 92 539 212
f 101 568 221
f 69 478 189
f 50 419 170
f 82 509 202
f 97 554 217
f 71 482 191
f 100 576 220
f 94 558 214
f 80 516 200
f 51 425 171
f 90 542 210
f 63 463 183
f 55 434 175
f 76 497 196
f 87 528 207
f 91 546 211
f 67 464 187
f 56 440 176
f 75 500 195
f 83 524 203
f 68 479 188
f 48 418 168
f 78 508 198
f 93 553 213
f 98 569 218
f 88 538 208
f 65 471 185
f 57 443 177
f 77 501 197
f 86 523 206
f 64 467 184
f 53 433 173
f 74 493 194
f 84 527 204
f 89 543 209
f 70 485 190
f 99 572 219
f 95 557 215
f 81 515 201
f 52 428 172
f 109 591 357
f 105 587 255
f 111 588 262
f 114 594 388
f 117 597 400
f 125 600 352
f 152 634 347
f 137 619 298
f 158 639 364
f 123 602 269
f 143 624 339
f 127 608 285
f 135 610 293
f 147 627 370
f 150 630 396
f 153 635 353
f 140 615 346
f 138 617 299
f 159 637 365
f 122 604 268
f 107 416 249
f 103 408 231
f 104 406 226
f 110 412 238
f 113 415 244
f 118 424 257
f 154 492 359
f 141 582 402
f 162 565 390
f 121 514 264
f 142 461 327
f 129 453 309
f 130 451 282
f 144 457 317
f 146 460 322
f 151 475 341
f 131 439 286
f 136 496 294
f 161 533 372
f 126 551 394
f 116 579 358
f 108 483 256
f 106 426 261
f 112 521 387
f 115 566 399
f 119 489 351
f 156 578 348
f 139 560 300
f 160 518 366
f 120 429 267
f 149 547 340
f 132 465 287
f 128 441 291
f 145 504 369
f 148 537 395
f 155 550 354
f 133 476 345
f 134 444 297
f 157 502 363
f 124 526 270
f 109 481 234
f 105 420 227
f 111 510 239
f 114 555 245
f 117 571 252
f 125 540 275
f 152 473 334
f 137 447 304
f 158 507 377
f 123 534 382
f 143 469 312
f 127 435 279
f 135 498 316
f 147 529 323
f 150 545 330
f 153 487 335
f 140 574 305
f 138 562 376
f 159 520 383
f 122 432 274
f 107 589 232
f 103 583 225
f 104 586 237
f 110 593 243
f 113 596 250
f 118 599 273
f 154 633 336
f 141 620 306
f 162 640 378
f 121 603 381
f 142 622 311
f 129 607 281
f 130 612 315
f 144 626 321
f 146 629 328
f 151 631 333
f 131 614 303
f 136 618 375
f 161 641 384
f 126 605 276
f 44 409 229
f 43 405 223
f 45 411 235
f 46 414 241
f 47 417 247
f 52 431 271
f 70 488 332
f 99 575 302
f 95 563 374
f 81 519 379
f 59 454 307
f 58 450 278
f 60 456 313
f 61 459 319
f 62 462 325
f 65 472 331
f 57 446 301
f 77 506 373
f 86 535 380
f 88 541 272
f 98 570 248
f 68 480 230
f 48 421 224
f 78 511 236
f 93 556 242
f 69 484 254
f 101 580 356
f 97 567 397
f 82 522 385
f 50 427 259
f 89 544 326
f 64 468 308
f 53 436 277
f 74 499 314
f 84 530 320
f 90 548 338
f 63 466 284
f 55 442 289
f 76 505 367
f 87 536 391
f 72 491 355
f 49 423 253
f 79 513 260
f 96 564 386
f 102 581 398
f 91 549 350
f 67 477 343
f 56 445 295
f 75 503 361
f 83 525 266
f 66 474 337
f 54 438 283
f 73 495 290
f 85 532 368
f 92 552 392
f 71 490 349
f 100 577 344
f 94 559 296
f 80 517 362
f 51 430 265
f 116 590 251
f 108 584 233
f 106 585 228
f 112 592 240
f 115 595 246
f 119 598 258
f 156 636 360
f 139 621 401
f 160 642 389
f 120 601 263
f 149 623 329
f 132 611 310
f 128 609 280
f 145 625 318
f 148 628 324
f 155 632 342
f 133 613 288
f 134 616 292
f 157 638 371
f 124 606 393
f 44 407 409
f 43 403 405
f 45 404 411
f 46 410 414
f 47 413 417
f 52 422 431
f 70 486 488
f 99 573 575
f 95 561 563
f 81 512 519
f 59 452 454
f 58 448 450
f 60 449 456
f 61 455 459
f 62 458 462
f 65 470 472
f 57 437 446
f 77 494 506
f 86 531 535
f 88 539 541
f 98 568 570
f 68 478 480
f 48 419 421
f 78 509 511
f 93 554 556
f 69 482 484
f 101 576 580
f 97 558 567
f 82 516 522
f 50 425 427
f 89 542 544
f 64 463 468
f 53 434 436
f 74 497 499
f 84 528 530
f 90 546 548
f 63 464 466
f 55 440 442
f 76 500 505
f 87 524 536
f 72 479 491
f 49 418 423
f 79 508 513
f 96 553 564
f 102 569 581
f 91 538 549
f 67 471 477
f 56 443 445
f 75 501 503
f 83 523 525
f 66 467 474
f 54 433 438
f 73 493 495
f 85 527 532
f 92 543 552
f 71 485 490
f 100 572 577
f 94 557 559
f 80 515 517
f 51 428 430
f 116 591 590
f 108 587 584
f 106 588 585
f 112 594 592
f 115 597 595
f 119 600 598
f 156 634 636
f 139 619 621
f 160 639 642
f 120 602 601
f 149 624 623
f 132 608 611
f 128 610 609
f 145 627 625
f 148 630 628
f 155 635 632
f 133 615 613
f 134 617 616
f 157 637 638
f 124 604 606
f 44 164 407
f 43 163 403
f 45 165 404
f 46 166 410
f 47 167 413
f 52 172 422
f 70 190 486
f 99 219 573
f 95 215 561
f 81 201 512
f 59 179 452
f 58 178 448
f 60 180 449
f 61 181 455
f 62 182 458
f 65 185 470
f 57 177 437
f 77 197 494
f 86 206 531
f 88 208 539
f 98 218 568
f 68 188 478
f 48 168 419
f 78 198 509
f 93 213 554
f 69 189 482
f 101 221 576
f 97 217 558
f 82 202 516
f 50 170 425
f 89 209 542
f 64 184 463
f 53 173 434
f 74 194 497
f 84 204 528
f 90 210 546
f 63 183 464
f 55 175 440
f 76 196 500
f 87 207 524
f 72 192 479
f 49 169 418
f 79 199 508
f 96 216 553
f 102 222 569
f 91 211 538
f 67 187 471
f 56 176 443
f 75 195 501
f 83 203 523
f 66 186 467
f 54 174 433
f 73 193 493
f 85 205 527
f 92 212 543
f 71 191 485
f 100 220 572
f 94 214 557
f 80 200 515
f 51 171 428
f 116 358 591
f 108 256 587
f 106 261 588
f 112 387 594
f 115 399 597
f 119 351 600
f 156 348 634
f 139 300 619
f 160 366 639
f 120 267 602
f 149 340 624
f 132 287 608
f 128 291 610
f 145 369 627
f 148 395 630
f 155 354 635
f 133 345 615
f 134 297 617
f 157 363 637
f 124 270 604
f 47 247 416
f 44 229 408
f 43 223 406
f 45 235 412
f 46 241 415
f 49 253 424
f 72 355 492
f 102 398 582
f 96 386 565
f 79 260 514
f 62 325 461
f 59 307 453
f 58 278 451
f 60 313 457
f 61 319 460
f 66 337 475
f 54 283 439
f 73 290 496
f 85 368 533
f 92 392 551
f 101 356 579
f 69 254 483
f 50 259 426
f 82 385 521
f 97 397 566
f 71 349 489
f 100 344 578
f 94 296 560
f 80 362 518
f 51 265 429
f 90 338 547
f 63 284 465
f 55 289 441
f 76 367 504
f 87 391 537
f 91 350 550
f 67 343 476
f 56 295 444
f 75 361 502
f 83 266 526
f 68 230 481
f 48 224 420
f 78 236 510
f 93 242 555
f 98 248 571
f 88 272 540
f 65 331 473
f 57 301 447
f 77 373 507
f 86 380 534
f 64 308 469
f 53 277 435
f 74 314 498
f 84 320 529
f 89 326 545
f 70 332 487
f 99 302 574
f 95 374 562
f 81 379 520
f 52 271 432
f 109 234 589
f 105 227 583
f 111 239 586
f 114 245 593
f 117 252 596
f 125 275 599
f 152 334 633
f 137 304 620
f 158 377 640
f 123 382 603
f 143 312 622
f 127 279 607
f 135 316 612
f 147 323 626
f 150 330 629
f 153 335 631
f 140 305 614
f 138 376 618
f 159 383 641
f 122 274 605
f 107 232 409
f 103 225 405
f 104 237 411
f 110 243 414
f 113 250 417
f 118 273 431
f 154 336 488
f 141 306 575
f 162 378 563
f 121 381 519
f 142 311 454
f 129 281 450
f 130 315 456
f 144 321 459
f 146 328 462
f 151 333 472
f 131 303 446
f 136 375 506
f 161 384 535
f 126 276 541
f 116 251 570
f 108 233 480
f 106 228 421
f 112 240 511
f 115 246 556
f 119 258 484
f 156 360 580
f 139 401 567
f 160 389 522
f 120 263 427
f 149 329 544
f 132 310 468
f 128 280 436
f 145 318 499
f 148 324 530
f 155 342 548
f 133 288 466
f 134 292 442
f 157 371 505
f 124 393 536
f 109 357 491
f 105 255 423
f 111 262 513
f 114 388 564
f 117 400 581
f 125 352 549
f 152 347 477
f 137 298 445
f 158 364 503
f 123 269 525
f 143 339 474
f 127 285 438
f 135 293 495
f 147 370 532
f 150 396 552
f 153 353 490
f 140 346 577
f 138 299 559
f 159 365 517
f 122 268 430
f 107 249 590
f 103 231 584
f 104 226 585
f 110 238 592
f 113 244 595
f 118 257 598
f 154 359 636
f 141 402 621
f 162 390 642
f 121 264 601
f 142 327 623
f 129 309 611
f 130 282 609
f 144 317 625
f 146 322 628
f 151 341 632
f 131 286 613
f 136 294 616
f 161 372 638
f 126 394 606
f 47 416 407
f 44 408 403
f 43 406 404
f 45 412 410
f 46 415 413
f 49 424 422
f 72 492 486
f 102 582 573
f 96 565 561
f 79 514 512
f 62 461 452
f 59 453 448
f 58 451 449
f 60 457 455
f 61 460 458
f 66 475 470
f 54 439 437
f 73 496 494
f 85 533 531
f 92 551 539
f 101 579 568
f 69 483 478
f 50 426 419
f 82 521 509
f 97 566 554
f 71 489 482
f 100 578 576
f 94 560 558
f 80 518 516
f 51 429 425
f 90 547 542
f 63 465 463
f 55 441 434
f 76 504 497
f 87 537 528
f 91 550 546
f 67 476 464
f 56 444 440
f 75 502 500
f 83 526 524
f 68 481 479
f 48 420 418
f 78 510 508
f 93 555 553
f 98 571 569
f 88 540 538
f 65 473 471
f 57 447 443
f 77 507 501
f 86 534 523
f 64 469 467
f 53 435 433
f 74 498 493
f 84 529 527
f 89 545 543
f 70 487 485
f 99 574 572
f 95 562 557
f 81 520 515
f 52 432 428
f 109 589 591
f 105 583 587
f 111 586 588
f 114 593 594
f 117 596 597
f 125 599 600
f 152 633 634
f 137 620 619
f 158 640 639
f 123 603 602
f 143 622 624
f 127 607 608
f 135 612 610
f 147 626 627
f 150 629 630
f 153 631 635
f 140 614 615
f 138 618 617
f 159 641 637
f 122 605 604
f 407 164 167
f 403 163 164
f 404 165 163
f 410 166 165
f 413 167 166
f 422 172 169
f 486 190 192
f 573 219 222
f 561 215 216
f 512 201 199
f 452 179 182
f 448 178 179
f 449 180 178
f 455 181 180
f 458 182 181
f 470 185 186
f 437 177 174
f 494 197 193
f 531 206 205
f 539 208 212
f 568 218 221
f 478 188 189
f 419 168 170
f 509 198 202
f 554 213 217
f 482 189 191
f 576 221 220
f 558 217 214
f 516 202 200
f 425 170 171
f 542 209 210
f 463 184 183
f 434 173 175
f 497 194 196
f 528 204 207
f 546 210 211
f 464 183 187
f 440 175 176
f 500 196 195
f 524 207 203
f 479 192 188
f 418 169 168
f 508 199 198
f 553 216 213
f 569 222 218
f 538 211 208
f 471 187 185
f 443 176 177
f 501 195 197
f 523 203 206
f 467 186 184
f 433 174 173
f 493 193 194
f 527 205 204
f 543 212 209
f 485 191 190
f 572 220 219
f 557 214 215
f 515 200 201
f 428 171 172
f 591 358 357
f 587 256 255
f 588 261 262
f 594 387 388
f 597 399 400
f 600 351 352
f 634 348 347
f 619 300 298
f 639 366 364
f 602 267 269
f 624 340 339
f 608 287 285
f 610 291 293
f 627 369 370
f 630 395 396
f 635 354 353
f 615 345 346
f 617 297 299
f 637 363 365
f 604 270 268
f 416 247 249
f 408 229 231
f 406 223 226
f 412 235 238
f 415 241 244
f 424 253 257
f 492 355 359
f 582 398 402
f 565 386 390
f 514 260 264
f 461 325 327
f 453 307 309
f 451 278 282
f 457 313 317
f 460 319 322
f 475 337 341
f 439 283 286
f 496 290 294
f 533 368 372
f 551 392 394
f 579 356 358
f 483 254 256
f 426 259 261
f 521 385 387
f 566 397 399
f 489 349 351
f 578 344 348
f 560 296 300
f 518 362 366
f 429 265 267
f 547 338 340
f 465 284 287
f 441 289 291
f 504 367 369
f 537 391 395
f 550 350 354
f 476 343 345
f 444 295 297
f 502 361 363
f 526 266 270
f 481 230 234
f 420 224 227
f 510 236 239
f 555 242 245
f 571 248 252
f 540 272 275
f 473 331 334
f 447 301 304
f 507 373 377
f 534 380 382
f 469 308 312
f 435 277 279
f 498 314 316
f 529 320 323
f 545 326 330
f 487 332 335
f 574 302 305
f 562 374 376
f 520 379 383
f 432 271 274
f 589 234 232
f 583 227 225
f 586 239 237
f 593 245 243
f 596 252 250
f 599 275 273
f 633 334 336
f 620 304 306
f 640 377 378
f 603 382 381
f 622 312 311
f 607 279 281
f 612 316 315
f 626 323 321
f 629 330 328
f 631 335 333
f 614 305 303
f 618 376 375
f 641 383 384
f 605 274 276
f 409 232 229
f 405 225 223
f 411 237 235
f 414 243 241
f 417 250 247
f 431 273 271
f 488 336 332
f 575 306 302
f 563 378 374
f 519 381 379
f 454 311 307
f 450 281 278
f 456 315 313
f 459 321 319
f 462 328 325
f 472 333 331
f 446 303 301
f 506 375 373
f 535 384 380
f 541 276 272
f 570 251 248
f 480 233 230
f 421 228 224
f 511 240 236
f 556 246 242
f 484 258 254
f 580 360 356
f 567 401 397
f 522 389 385
f 427 263 259
f 544 329 326
f 468 310 308
f 436 280 277
f 499 318 314
f 530 324 320
f 548 342 338
f 466 288 284
f 442 292 289
f 505 371 367
f 536 393 391
f 491 357 355
f 423 255 253
f 513 262 260
f 564 388 386
f 581 400 398
f 549 352 350
f 477 347 343
f 445 298 295
f 503 364 361
f 525 269 266
f 474 339 337
f 438 285 283
f 495 293 290
f 532 370 368
f 552 396 392
f 490 353 349
f 577 346 344
f 559 299 296
f 517 365 362
f 430 268 265
f 590 249 251
f 584 231 233
f 585 226 228
f 592 238 240
f 595 244 246
f 598 257 258
f 636 359 360
f 621 402 401
f 642 390 389
f 601 264 263
f 623 327 329
f 611 309 310
f 609 282 280
f 625 317 318
f 628 322 324
f 632 341 342
f 613 286 288
f 616 294 292
f 638 372 371
f 606 394 393
f 407 416 409
f 403 408 405
f 404 406 411
f 410 412 414
f 413 415 417
f 422 424 431
f 486 492 488
f 573 582 575
f 561 565 563
f 512 514 519
f 452 461 454
f 448 453 450
f 449 451 456
f 455 457 459
f 458 460 462
f 470 475 472
f 437 439 446
f 494 496 506
f 531 533 535
f 539 551 541
f 568 579 570
f 478 483 480
f 419 426 421
f 509 521 511
f 554 566 556
f 482 489 484
f 576 578 580
f 558 560 567
f 516 518 522
f 425 429 427
f 542 547 544
f 463 465 468
f 434 441 436
f 497 504 499
f 528 537 530
f 546 550 548
f 464 476 466
f 440 444 442
f 500 502 505
f 524 526 536
f 479 481 491
f 418 420 423
f 508 510 513
f 553 555 564
f 569 571 581
f 538 540 549
f 471 473 477
f 443 447 445
f 501 507 503
f 523 534 525
f 467 469 474
f 433 435 438
f 493 498 495
f 527 529 532
f 543 545 552
f 485 487 490
f 572 574 577
f 557 562 559
f 515 520 517
f 428 432 430
f 591 589 590
f 587 583 584
f 588 586 585
f 594 593 592
f 597 596 595
f 600 599 598
f 634 633 636
f 619 620 621
f 639 640 642
f 602 603 601
f 624 622 623
f 608 607 611
f 610 612 609
f 627 626 625
f 630 629 628
f 635 631 632
f 615 614 613
f 617 618 616
f 637 641 638
f 604 605 606
f 643 809 806
f 643 806 805
f 643 805 807
f 643 807 808
f 643 808 809
f 644 811 814
f 648 834 832
f 654 864 861
f 653 858 857
f 650 841 843
f 646 824 821
f 646 821 820
f 646 820 822
f 646 822 823
f 646 823 824
f 647 828 827
f 645 816 819
f 649 835 839
f 651 847 848
f 652 854 850
f 654 863 860
f 648 831 830
f 644 812 810
f 650 844 840
f 653 859 855
f 648 833 831
f 654 862 863
f 653 856 859
f 650 842 844
f 644 813 812
f 652 852 851
f 647 825 826
f 645 817 815
f 649 838 836
f 651 849 846
f 652 853 852
f 647 829 825
f 645 818 817
f 649 837 838
f 651 845 849
f 648 830 834
f 644 810 811
f 650 840 841
f 653 855 858
f 654 860 864
f 652 850 853
f 647 827 829
f 645 819 818
f 649 839 837
f 651 848 845
f 647 826 828
f 645 815 816
f 649 836 835
f 651 846 847
f 652 851 854
f 648 832 833
f 654 861 862
f 653 857 856
f 650 843 842
f 644 814 813
f 677 999 1000
f 660 897 898
f 661 904 903
f 682 1030 1029
f 684 1042 1041
f 676 994 993
f 675 989 990
f 667 940 942
f 678 1006 1008
f 662 911 909
f 674 981 982
f 665 927 929
f 666 935 933
f 679 1012 1011
f 683 1038 1037
f 676 995 996
f 675 988 987
f 667 941 939
f 678 1007 1005
f 662 910 912
f 659 891 889
f 656 873 871
f 655 868 865
f 657 880 877
f 658 886 883
f 660 899 895
f 677 1001 997
f 684 1044 1040
f 682 1032 1028
f 661 906 902
f 672 969 967
f 669 951 949
f 664 924 920
f 670 959 955
f 671 964 961
f 674 983 979
f 665 928 925
f 666 936 932
f 679 1014 1010
f 683 1036 1034
f 677 1000 998
f 660 898 896
f 661 903 901
f 682 1029 1027
f 684 1041 1039
f 676 993 991
f 675 990 986
f 667 942 938
f 678 1008 1004
f 662 909 907
f 674 982 980
f 665 929 926
f 666 933 931
f 679 1011 1009
f 683 1037 1033
f 676 996 992
f 675 987 985
f 667 939 937
f 678 1005 1003
f 662 912 908
f 656 876 872
f 655 869 866
f 657 881 878
f 658 887 884
f 659 894 890
f 663 917 914
f 673 976 973
f 668 946 943
f 680 1019 1015
f 681 1024 1022
f 669 954 950
f 664 921 919
f 670 958 956
f 671 965 962
f 672 972 968
f 673 977 974
f 668 947 944
f 680 1018 1016
f 681 1025 1021
f 663 916 913
f 656 874 876
f 655 867 869
f 657 879 881
f 658 885 887
f 659 892 894
f 663 915 917
f 673 978 976
f 668 948 946
f 680 1020 1019
f 681 1023 1024
f 669 953 954
f 664 923 921
f 670 957 958
f 671 963 965
f 672 970 972
f 673 975 977
f 668 945 947
f 680 1017 1018
f 681 1026 1025
f 663 918 916
f 656 871 874
f 655 865 867
f 657 877 879
f 658 883 885
f 659 889 892
f 663 913 915
f 673 974 978
f 668 944 948
f 680 1016 1020
f 681 1021 1023
f 669 949 953
f 664 920 923
f 670 955 957
f 671 961 963
f 672 967 970
f 673 973 975
f 668 943 945
f 680 1015 1017
f 681 1022 1026
f 663 914 918
f 659 890 893
f 656 872 875
f 655 866 870
f 657 878 882
f 658 884 888
f 660 896 900
f 677 998 1002
f 684 1039 1043
f 682 1027 1031
f 661 901 905
f 672 968 971
f 669 950 952
f 664 919 922
f 670 956 960
f 671 962 966
f 674 980 984
f 665 926 930
f 666 931 934
f 679 1009 1013
f 683 1033 1035
f 677 997 999
f 660 895 897
f 661 902 904
f 682 1028 1030
f 684 1040 1042
f 676 992 994
f 675 985 989
f 667 937 940
f 678 1003 1006
f 662 908 911
f 674 979 981
f 665 925 927
f 666 932 935
f 679 1010 1012
f 683 1034 1038
f 676 991 995
f 675 986 988
f 667 938 941
f 678 1004 1007
f 662 907 910
f 659 893 891
f 656 875 873
f 655 870 868
f 657 882 880
f 658 888 886
f 660 900 899
f 677 1002 1001
f 684 1043 1044
f 682 1031 1032
f 661 905 906
f 672 971 969
f 669 952 951
f 664 922 924
f 670 960 959
f 671 966 964
f 674 984 983
f 665 930 928
f 666 934 936
f 679 1013 1014
f 683 1035 1036
f 749 1051 1058
f 745 1047 1050
f 746 1053 1048
f 752 1056 1054
f 755 1059 1057
f 760 1073 1066
f 796 1130 1134
f 783 1217 1224
f 804 1205 1207
f 763 1161 1156
f 784 1096 1103
f 771 1092 1095
f 772 1098 1093
f 786 1101 1099
f 788 1104 1102
f 793 1114 1117
f 773 1088 1081
f 778 1148 1138
f 803 1177 1175
f 768 1183 1193
f 758 1212 1221
f 750 1122 1125
f 748 1063 1068
f 754 1153 1163
f 757 1198 1208
f 761 1126 1131
f 798 1222 1220
f 781 1209 1202
f 802 1164 1160
f 762 1069 1071
f 791 1186 1189
f 774 1110 1107
f 770 1078 1083
f 787 1141 1146
f 790 1172 1179
f 797 1190 1192
f 775 1108 1118
f 776 1084 1086
f 799 1147 1144
f 766 1178 1168
f 751 1133 1123
f 747 1065 1062
f 753 1155 1152
f 756 1206 1197
f 759 1223 1213
f 767 1191 1182
f 794 1119 1115
f 779 1087 1089
f 800 1145 1149
f 765 1167 1176
f 785 1116 1111
f 769 1080 1077
f 777 1137 1140
f 789 1174 1171
f 792 1194 1187
f 795 1132 1129
f 782 1219 1216
f 780 1201 1204
f 801 1159 1162
f 764 1072 1074
f 749 1232 1231
f 745 1226 1225
f 746 1227 1228
f 752 1234 1235
f 755 1237 1238
f 760 1240 1241
f 796 1278 1275
f 783 1263 1262
f 804 1284 1282
f 763 1243 1245
f 784 1265 1264
f 771 1253 1249
f 772 1251 1254
f 786 1267 1268
f 788 1270 1271
f 793 1274 1273
f 773 1255 1256
f 778 1258 1260
f 803 1280 1283
f 768 1248 1247
f 689 1049 809
f 686 1045 806
f 685 1046 805
f 687 1052 807
f 688 1055 808
f 691 1064 811
f 714 1128 834
f 744 1215 864
f 738 1203 858
f 721 1154 841
f 704 1094 824
f 701 1090 821
f 700 1091 820
f 702 1097 822
f 703 1100 823
f 708 1112 828
f 696 1079 816
f 715 1136 835
f 727 1173 847
f 734 1181 854
f 743 1210 863
f 711 1120 831
f 692 1061 812
f 724 1151 844
f 739 1196 859
f 713 1124 833
f 742 1218 862
f 736 1200 856
f 722 1158 842
f 693 1067 813
f 732 1184 852
f 705 1105 825
f 697 1076 817
f 718 1139 838
f 729 1170 849
f 733 1188 853
f 709 1106 829
f 698 1082 818
f 717 1142 837
f 725 1166 845
f 710 1121 830
f 690 1060 810
f 720 1150 840
f 735 1195 855
f 740 1211 860
f 730 1180 850
f 707 1113 827
f 699 1085 819
f 719 1143 839
f 728 1165 848
f 706 1109 826
f 695 1075 815
f 716 1135 836
f 726 1169 846
f 731 1185 851
f 712 1127 832
f 741 1214 861
f 737 1199 857
f 723 1157 843
f 694 1070 814
f 751 1233 999
f 747 1229 897
f 753 1230 904
f 756 1236 1030
f 759 1239 1042
f 767 1242 994
f 794 1276 989
f 779 1261 940
f 800 1281 1006
f 765 1244 911
f 785 1266 981
f 769 1250 927
f 777 1252 935
f 789 1269 1012
f 792 1272 1038
f 795 1277 995
f 782 1257 988
f 780 1259 941
f 801 1279 1007
f 764 1246 910
f 749 1058 891
f 745 1050 873
f 746 1048 868
f 752 1054 880
f 755 1057 886
f 760 1066 899
f 796 1134 1001
f 783 1224 1044
f 804 1207 1032
f 763 1156 906
f 784 1103 969
f 771 1095 951
f 772 1093 924
f 786 1099 959
f 788 1102 964
f 793 1117 983
f 773 1081 928
f 778 1138 936
f 803 1175 1014
f 768 1193 1036
f 758 1221 1000
f 750 1125 898
f 748 1068 903
f 754 1163 1029
f 757 1208 1041
f 761 1131 993
f 798 1220 990
f 781 1202 942
f 802 1160 1008
f 762 1071 909
f 791 1189 982
f 774 1107 929
f 770 1083 933
f 787 1146 1011
f 790 1179 1037
f 797 1192 996
f 775 1118 987
f 776 1086 939
f 799 1144 1005
f 766 1168 912
f 751 1123 876
f 747 1062 869
f 753 1152 881
f 756 1197 887
f 759 1213 894
f 767 1182 917
f 794 1115 976
f 779 1089 946
f 800 1149 1019
f 765 1176 1024
f 785 1111 954
f 769 1077 921
f 777 1140 958
f 789 1171 965
f 792 1187 972
f 795 1129 977
f 782 1216 947
f 780 1204 1018
f 801 1162 1025
f 764 1074 916
f 749 1231 874
f 745 1225 867
f 746 1228 879
f 752 1235 885
f 755 1238 892
f 760 1241 915
f 796 1275 978
f 783 1262 948
f 804 1282 1020
f 763 1245 1023
f 784 1264 953
f 771 1249 923
f 772 1254 957
f 786 1268 963
f 788 1271 970
f 793 1273 975
f 773 1256 945
f 778 1260 1017
f 803 1283 1026
f 768 1247 918
f 686 1051 871
f 685 1047 865
f 687 1053 877
f 688 1056 883
f 689 1059 889
f 694 1073 913
f 712 1130 974
f 741 1217 944
f 737 1205 1016
f 723 1161 1021
f 701 1096 949
f 700 1092 920
f 702 1098 955
f 703 1101 961
f 704 1104 967
f 707 1114 973
f 699 1088 943
f 719 1148 1015
f 728 1177 1022
f 730 1183 914
f 740 1212 890
f 710 1122 872
f 690 1063 866
f 720 1153 878
f 735 1198 884
f 711 1126 896
f 743 1222 998
f 739 1209 1039
f 724 1164 1027
f 692 1069 901
f 731 1186 968
f 706 1110 950
f 695 1078 919
f 716 1141 956
f 726 1172 962
f 732 1190 980
f 705 1108 926
f 697 1084 931
f 718 1147 1009
f 729 1178 1033
f 714 1133 997
f 691 1065 895
f 721 1155 902
f 738 1206 1028
f 744 1223 1040
f 733 1191 992
f 709 1119 985
f 698 1087 937
f 717 1145 1003
f 725 1167 908
f 708 1116 979
f 696 1080 925
f 715 1137 932
f 727 1174 1010
f 734 1194 1034
f 713 1132 991
f 742 1219 986
f 736 1201 938
f 722 1159 1004
f 693 1072 907
f 758 1232 893
f 750 1226 875
f 748 1227 870
f 754 1234 882
f 757 1237 888
f 761 1240 900
f 798 1278 1002
f 781 1263 1043
f 802 1284 1031
f 762 1243 905
f 791 1265 971
f 774 1253 952
f 770 1251 922
f 787 1267 960
f 790 1270 966
f 797 1274 984
f 775 1255 930
f 776 1258 934
f 799 1280 1013
f 766 1248 1035
f 686 1049 1051
f 685 1045 1047
f 687 1046 1053
f 688 1052 1056
f 689 1055 1059
f 694 1064 1073
f 712 1128 1130
f 741 1215 1217
f 737 1203 1205
f 723 1154 1161
f 701 1094 1096
f 700 1090 1092
f 702 1091 1098
f 703 1097 1101
f 704 1100 1104
f 707 1112 1114
f 699 1079 1088
f 719 1136 1148
f 728 1173 1177
f 730 1181 1183
f 740 1210 1212
f 710 1120 1122
f 690 1061 1063
f 720 1151 1153
f 735 1196 1198
f 711 1124 1126
f 743 1218 1222
f 739 1200 1209
f 724 1158 1164
f 692 1067 1069
f 731 1184 1186
f 706 1105 1110
f 695 1076 1078
f 716 1139 1141
f 726 1170 1172
f 732 1188 1190
f 705 1106 1108
f 697 1082 1084
f 718 1142 1147
f 729 1166 1178
f 714 1121 1133
f 691 1060 1065
f 721 1150 1155
f 738 1195 1206
f 744 1211 1223
f 733 1180 1191
f 709 1113 1119
f 698 1085 1087
f 717 1143 1145
f 725 1165 1167
f 708 1109 1116
f 696 1075 1080
f 715 1135 1137
f 727 1169 1174
f 734 1185 1194
f 713 1127 1132
f 742 1214 1219
f 736 1199 1201
f 722 1157 1159
f 693 1070 1072
f 758 1233 1232
f 750 1229 1226
f 748 1230 1227
f 754 1236 1234
f 757 1239 1237
f 761 1242 1240
f 798 1276 1278
f 781 1261 1263
f 802 1281 1284
f 762 1244 1243
f 791 1266 1265
f 774 1250 1253
f 770 1252 1251
f 787 1269 1267
f 790 1272 1270
f 797 1277 1274
f 775 1257 1255
f 776 1259 1258
f 799 1279 1280
f 766 1246 1248
f 686 806 1049
f 685 805 1045
f 687 807 1046
f 688 808 1052
f 689 809 1055
f 694 814 1064
f 712 832 1128
f 741 861 1215
f 737 857 1203
f 723 843 1154
f 701 821 1094
f 700 820 1090
f 702 822 1091
f 703 823 1097
f 704 824 1100
f 707 827 1112
f 699 819 1079
f 719 839 1136
f 728 848 1173
f 730 850 1181
f 740 860 1210
f 710 830 1120
f 690 810 1061
f 720 840 1151
f 735 855 1196
f 711 831 1124
f 743 863 1218
f 739 859 1200
f 724 844 1158
f 692 812 1067
f 731 851 1184
f 706 826 1105
f 695 815 1076
f 716 836 1139
f 726 846 1170
f 732 852 1188
f 705 825 1106
f 697 817 1082
f 718 838 1142
f 729 849 1166
f 714 834 1121
f 691 811 1060
f 721 841 1150
f 738 858 1195
f 744 864 1211
f 733 853 1180
f 709 829 1113
f 698 818 1085
f 717 837 1143
f 725 845 1165
f 708 828 1109
f 696 816 1075
f 715 835 1135
f 727 847 1169
f 734 854 1185
f 713 833 1127
f 742 862 1214
f 736 856 1199
f 722 842 1157
f 693 813 1070
f 758 1000 1233
f 750 898 1229
f 748 903 1230
f 754 1029 1236
f 757 1041 1239
f 761 993 1242
f 798 990 1276
f 781 942 1261
f 802 1008 1281
f 762 909 1244
f 791 982 1266
f 774 929 1250
f 770 933 1252
f 787 1011 1269
f 790 1037 1272
f 797 996 1277
f 775 987 1257
f 776 939 1259
f 799 1005 1279
f 766 912 1246
f 689 889 1058
f 686 871 1050
f 685 865 1048
f 687 877 1054
f 688 883 1057
f 691 895 1066
f 714 997 1134
f 744 1040 1224
f 738 1028 1207
f 721 902 1156
f 704 967 1103
f 701 949 1095
f 700 920 1093
f 702 955 1099
f 703 961 1102
f 708 979 1117
f 696 925 1081
f 715 932 1138
f 727 1010 1175
f 734 1034 1193
f 743 998 1221
f 711 896 1125
f 692 901 1068
f 724 1027 1163
f 739 1039 1208
f 713 991 1131
f 742 986 1220
f 736 938 1202
f 722 1004 1160
f 693 907 1071
f 732 980 1189
f 705 926 1107
f 697 931 1083
f 718 1009 1146
f 729 1033 1179
f 733 992 1192
f 709 985 1118
f 698 937 1086
f 717 1003 1144
f 725 908 1168
f 710 872 1123
f 690 866 1062
f 720 878 1152
f 735 884 1197
f 740 890 1213
f 730 914 1182
f 707 973 1115
f 699 943 1089
f 719 1015 1149
f 728 1022 1176
f 706 950 1111
f 695 919 1077
f 716 956 1140
f 726 962 1171
f 731 968 1187
f 712 974 1129
f 741 944 1216
f 737 1016 1204
f 723 1021 1162
f 694 913 1074
f 751 876 1231
f 747 869 1225
f 753 881 1228
f 756 887 1235
f 759 894 1238
f 767 917 1241
f 794 976 1275
f 779 946 1262
f 800 1019 1282
f 765 1024 1245
f 785 954 1264
f 769 921 1249
f 777 958 1254
f 789 965 1268
f 792 972 1271
f 795 977 1273
f 782 947 1256
f 780 1018 1260
f 801 1025 1283
f 764 916 1247
f 749 874 1051
f 745 867 1047
f 746 879 1053
f 752 885 1056
f 755 892 1059
f 760 915 1073
f 796 978 1130
f 783 948 1217
f 804 1020 1205
f 763 1023 1161
f 784 953 1096
f 771 923 1092
f 772 957 1098
f 786 963 1101
f 788 970 1104
f 793 975 1114
f 773 945 1088
f 778 1017 1148
f 803 1026 1177
f 768 918 1183
f 758 893 1212
f 750 875 1122
f 748 870 1063
f 754 882 1153
f 757 888 1198
f 761 900 1126
f 798 1002 1222
f 781 1043 1209
f 802 1031 1164
f 762 905 1069
f 791 971 1186
f 774 952 1110
f 770 922 1078
f 787 960 1141
f 790 966 1172
f 797 984 1190
f 775 930 1108
f 776 934 1084
f 799 1013 1147
f 766 1035 1178
f 751 999 1133
f 747 897 1065
f 753 904 1155
f 756 1030 1206
f 759 1042 1223
f 767 994 1191
f 794 989 1119
f 779 940 1087
f 800 1006 1145
f 765 911 1167
f 785 981 1116
f 769 927 1080
f 777 935 1137
f 789 1012 1174
f 792 1038 1194
f 795 995 1132
f 782 988 1219
f 780 941 1201
f 801 1007 1159
f 764 910 1072
f 749 891 1232
f 745 873 1226
f 746 868 1227
f 752 880 1234
f 755 886 1237
f 760 899 1240
f 796 1001 1278
f 783 1044 1263
f 804 1032 1284
f 763 906 1243
f 784 969 1265
f 771 951 1253
f 772 924 1251
f 786 959 1267
f 788 964 1270
f 793 983 1274
f 773 928 1255
f 778 936 1258
f 803 1014 1280
f 768 1036 1248
f 689 1058 1049
f 686 1050 1045
f 685 1048 1046
f 687 1054 1052
f 688 1057 1055
f 691 1066 1064
f 714 1134 1128
f 744 1224 1215
f 738 1207 1203
f 721 1156 1154
f 704 1103 1094
f 701 1095 1090
f 700 1093 1091
f 702 1099 1097
f 703 1102 1100
f 708 1117 1112
f 696 1081 1079
f 715 1138 1136
f 727 1175 1173
f 734 1193 1181
f 743 1221 1210
f 711 1125 1120
f 692 1068 1061
f 724 1163 1151
f 739 1208 1196
f 713 1131 1124
f 742 1220 1218
f 736 1202 1200
f 722 1160 1158
f 693 1071 1067
f 732 1189 1184
f 705 1107 1105
f 697 1083 1076
f 718 1146 1139
f 729 1179 1170
f 733 1192 1188
f 709 1118 1106
f 698 1086 1082
f 717 1144 1142
f 725 1168 1166
f 710 1123 1121
f 690 1062 1060
f 720 1152 1150
f 735 1197 1195
f 740 1213 1211
f 730 1182 1180
f 707 1115 1113
f 699 1089 1085
f 719 1149 1143
f 728 1176 1165
f 706 1111 1109
f 695 1077 1075
f 716 1140 1135
f 726 1171 1169
f 731 1187 1185
f 712 1129 1127
f 741 1216 1214
f 737 1204 1199
f 723 1162 1157
f 694 1074 1070
f 751 1231 1233
f 747 1225 1229
f 753 1228 1230
f 756 1235 1236
f 759 1238 1239
f 767 1241 1242
f 794 1275 1276
f 779 1262 1261
f 800 1282 1281
f 765 1245 1244
f 785 1264 1266
f 769 1249 1250
f 777 1254 1252
f 789 1268 1269
f 792 1271 1272
f 795 1273 1277
f 782 1256 1257
f 780 1260 1259
f 801 1283 1279
f 764 1247 1246
f 1049 806 809
f 1045 805 806
f 1046 807 805
f 1052 808 807
f 1055 809 808
f 1064 814 811
f 1128 832 834
f 1215 861 864
f 1203 857 858
f 1154 843 841
f 1094 821 824
f 1090 820 821
f 1091 822 820
f 1097 823 822
f 1100 824 823
f 1112 827 828
f 1079 819 816
f 1136 839 835
f 1173 848 847
f 1181 850 854
f 1210 860 863
f 1120 830 831
f 1061 810 812
f 1151 840 844
f 1196 855 859
f 1124 831 833
f 1218 863 862
f 1200 859 856
f 1158 844 842
f 1067 812 813
f 1184 851 852
f 1105 826 825
f 1076 815 817
f 1139 836 838
f 1170 846 849
f 1188 852 853
f 1106 825 829
f 1082 817 818
f 1142 838 837
f 1166 849 845
f 1121 834 830
f 1060 811 810
f 1150 841 840
f 1195 858 855
f 1211 864 860
f 1180 853 850
f 1113 829 827
f 1085 818 819
f 1143 837 839
f 1165 845 848
f 1109 828 826
f 1075 816 815
f 1135 835 836
f 1169 847 846
f 1185 854 851
f 1127 833 832
f 1214 862 861
f 1199 856 857
f 1157 842 843
f 1070 813 814
f 1233 1000 999
f 1229 898 897
f 1230 903 904
f 1236 1029 1030
f 1239 1041 1042
f 1242 993 994
f 1276 990 989
f 1261 942 940
f 1281 1008 1006
f 1244 909 911
f 1266 982 981
f 1250 929 927
f 1252 933 935
f 1269 1011 1012
f 1272 1037 1038
f 1277 996 995
f 1257 987 988
f 1259 939 941
f 1279 1005 1007
f 1246 912 910
f 1058 889 891
f 1050 871 873
f 1048 865 868
f 1054 877 880
f 1057 883 886
f 1066 895 899
f 1134 997 1001
f 1224 1040 1044
f 1207 1028 1032
f 1156 902 906
f 1103 967 969
f 1095 949 951
f 1093 920 924
f 1099 955 959
f 1102 961 964
f 1117 979 983
f 1081 925 928
f 1138 932 936
f 1175 1010 1014
f 1193 1034 1036
f 1221 998 1000
f 1125 896 898
f 1068 901 903
f 1163 1027 1029
f 1208 1039 1041
f 1131 991 993
f 1220 986 990
f 1202 938 942
f 1160 1004 1008
f 1071 907 909
f 1189 980 982
f 1107 926 929
f 1083 931 933
f 1146 1009 1011
f 1179 1033 1037
f 1192 992 996
f 1118 985 987
f 1086 937 939
f 1144 1003 1005
f 1168 908 912
f 1123 872 876
f 1062 866 869
f 1152 878 881
f 1197 884 887
f 1213 890 894
f 1182 914 917
f 1115 973 976
f 1089 943 946
f 1149 1015 1019
f 1176 1022 1024
f 1111 950 954
f 1077 919 921
f 1140 956 958
f 1171 962 965
f 1187 968 972
f 1129 974 977
f 1216 944 947
f 1204 1016 1018
f 1162 1021 1025
f 1074 913 916
f 1231 876 874
f 1225 869 867
f 1228 881 879
f 1235 887 885
f 1238 894 892
f 1241 917 915
f 1275 976 978
f 1262 946 948
f 1282 1019 1020
f 1245 1024 1023
f 1264 954 953
f 1249 921 923
f 1254 958 957
f 1268 965 963
f 1271 972 970
f 1273 977 975
f 1256 947 945
f 1260 1018 1017
f 1283 1025 1026
f 1247 916 918
f 1051 874 871
f 1047 867 865
f 1053 879 877
f 1056 885 883
f 1059 892 889
f 1073 915 913
f 1130 978 974
f 1217 948 944
f 1205 1020 1016
f 1161 1023 1021
f 1096 953 949
f 1092 923 920
f 1098 957 955
f 1101 963 961
f 1104 970 967
f 1114 975 973
f 1088 945 943
f 1148 1017 1015
f 1177 1026 1022
f 1183 918 914
f 1212 893 890
f 1122 875 872
f 1063 870 866
f 1153 882 878
f 1198 888 884
f 1126 900 896
f 1222 1002 998
f 1209 1043 1039
f 1164 1031 1027
f 1069 905 901
f 1186 971 968
f 1110 952 950
f 1078 922 919
f 1141 960 956
f 1172 966 962
f 1190 984 980
f 1108 930 926
f 1084 934 931
f 1147 1013 1009
f 1178 1035 1033
f 1133 999 997
f 1065 897 895
f 1155 904 902
f 1206 1030 1028
f 1223 1042 1040
f 1191 994 992
f 1119 989 985
f 1087 940 937
f 1145 1006 1003
f 1167 911 908
f 1116 981 979
f 1080 927 925
f 1137 935 932
f 1174 1012 1010
f 1194 1038 1034
f 1132 995 991
f 1219 988 986
f 1201 941 938
f 1159 1007 1004
f 1072 910 907
f 1232 891 893
f 1226 873 875
f 1227 868 870
f 1234 880 882
f 1237 886 888
f 1240 899 900
f 1278 1001 1002
f 1263 1044 1043
f 1284 1032 1031
f 1243 906 905
f 1265 969 971
f 1253 951 952
f 1251 924 922
f 1267 959 960
f 1270 964 966
f 1274 983 984
f 1255 928 930
f 1258 936 934
f 1280 1014 1013
f 1248 1036 1035
f 1049 1058 1051
f 1045 1050 1047
f 1046 1048 1053
f 1052 1054 1056
f 1055 1057 1059
f 1064 1066 1073
f 1128 1134 1130
f 1215 1224 1217
f 1203 1207 1205
f 1154 1156 1161
f 1094 1103 1096
f 1090 1095 1092
f 1091 1093 1098
f 1097 1099 1101
f 1100 1102 1104
f 1112 1117 1114
f 1079 1081 1088
f 1136 1138 1148
f 1173 1175 1177
f 1181 1193 1183
f 1210 1221 1212
f 1120 1125 1122
f 1061 1068 1063
f 1151 1163 1153
f 1196 1208 1198
f 1124 1131 1126
f 1218 1220 1222
f 1200 1202 1209
f 1158 1160 1164
f 1067 1071 1069
f 1184 1189 1186
f 1105 1107 1110
f 1076 1083 1078
f 1139 1146 1141
f 1170 1179 1172
f 1188 1192 1190
f 1106 1118 1108
f 1082 1086 1084
f 1142 1144 1147
f 1166 1168 1178
f 1121 1123 1133
f 1060 1062 1065
f 1150 1152 1155
f 1195 1197 1206
f 1211 1213 1223
f 1180 1182 1191
f 1113 1115 1119
f 1085 1089 1087
f 1143 1149 1145
f 1165 1176 1167
f 1109 1111 1116
f 1075 1077 1080
f 1135 1140 1137
f 1169 1171 1174
f 1185 1187 1194
f 1127 1129 1132
f 1214 1216 1219
f 1199 1204 1201
f 1157 1162 1159
f 1070 1074 1072
f 1233 1231 1232
f 1229 1225 1226
f 1230 1228 1227
f 1236 1235 1234
f 1239 1238 1237
f 1242 1241 1240
f 1276 1275 1278
f 1261 1262 1263
f 1281 1282 1284
f 1244 1245 1243
f 1266 1264 1265
f 1250 1249 1253
f 1252 1254 1251
f 1269 1268 1267
f 1272 1271 1270
f 1277 1273 1274
f 1257 1256 1255
f 1259 1260 1258
f 1279 1283 1280
f 1246 1247 1248
f 1285 1451 1448
f 1285 1448 1447
f 1285 1447 1449
f 1285 1449 1450
f 1285 1450 1451
f 1286 1453 1456
f 1290 1476 1474
f 1296 1506 1503
f 1295 1500 1499
f 1292 1483 1485
f 1288 1466 1463
f 1288 1463 1462
f 1288 1462 1464
f 1288 1464 1465
f 1288 1465 1466
f 1289 1470 1469
f 1287 1458 1461
f 1291 1477 1481
f 1293 1489 1490
f 1294 1496 1492
f 1296 1505 1502
f 1290 1473 1472
f 1286 1454 1452
f 1292 1486 1482
f 1295 1501 1497
f 1290 1475 1473
f 1296 1504 1505
f 1295 1498 1501
f 1292 1484 1486
f 1286 1455 1454
f 1294 1494 1493
f 1289 1467 1468
f 1287 1459 1457
f 1291 1480 1478
f 1293 1491 1488
f 1294 1495 1494
f 1289 1471 1467
f 1287 1460 1459
f 1291 1479 1480
f 1293 1487 1491
f 1290 1472 1476
f 1286 1452 1453
f 1292 1482 1483
f 1295 1497 1500
f 1296 1502 1506
f 1294 1492 1495
f 1289 1469 1471
f 1287 1461 1460
f 1291 1481 1479
f 1293 1490 1487
f 1289 1468 1470
f 1287 1457 1458
f 1291 1478 1477
f 1293 1488 1489
f 1294 1493 1496
f 1290 1474 1475
f 1296 1503 1504
f 1295 1499 1498
f 1292 1485 1484
f 1286 1456 1455
f 1319 1641 1642
f 1302 1539 1540
f 1303 1546 1545
f 1324 1672 1671
f 1326 1684 1683
f 1318 1636 1635
f 1317 1631 1632
f 1309 1582 1584
f 1320 1648 1650
f 1304 1553 1551
f 1316 1623 1624
f 1307 1569 1571
f 1308 1577 1575
f 1321 1654 1653
f 1325 1680 1679
f 1318 1637 1638
f 1317 1630 1629
f 1309 1583 1581
f 1320 1649 1647
f 1304 1552 1554
f 1301 1533 1531
f 1298 1515 1513
f 1297 1510 1507
f 1299 1522 1519
f 1300 1528 1525
f 1302 1541 1537
f 1319 1643 1639
f 1326 1686 1682
f 1324 1674 1670
f 1303 1548 1544
f 1314 1611 1609
f 1311 1593 1591
f 1306 1566 1562
f 1312 1601 1597
f 1313 1606 1603
f 1316 1625 1621
f 1307 1570 1567
f 1308 1578 1574
f 1321 1656 1652
f 1325 1678 1676
f 1319 1642 1640
f 1302 1540 1538
f 1303 1545 1543
f 1324 1671 1669
f 1326 1683 1681
f 1318 1635 1633
f 1317 1632 1628
f 1309 1584 1580
f 1320 1650 1646
f 1304 1551 1549
f 1316 1624 1622
f 1307 1571 1568
f 1308 1575 1573
f 1321 1653 1651
f 1325 1679 1675
f 1318 1638 1634
f 1317 1629 1627
f 1309 1581 1579
f 1320 1647 1645
f 1304 1554 1550
f 1298 1518 1514
f 1297 1511 1508
f 1299 1523 1520
f 1300 1529 1526
f 1301 1536 1532
f 1305 1559 1556
f 1315 1618 1615
f 1310 1588 1585
f 1322 1661 1657
f 1323 1666 1664
f 1311 1596 1592
f 1306 1563 1561
f 1312 1600 1598
f 1313 1607 1604
f 1314 1614 1610
f 1315 1619 1616
f 1310 1589 1586
f 1322 1660 1658
f 1323 1667 1663
f 1305 1558 1555
f 1298 1516 1518
f 1297 1509 1511
f 1299 1521 1523
f 1300 1527 1529
f 1301 1534 1536
f 1305 1557 1559
f 1315 1620 1618
f 1310 1590 1588
f 1322 1662 1661
f 1323 1665 1666
f 1311 1595 1596
f 1306 1565 1563
f 1312 1599 1600
f 1313 1605 1607
f 1314 1612 1614
f 1315 1617 1619
f 1310 1587 1589
f 1322 1659 1660
f 1323 1668 1667
f 1305 1560 1558
f 1298 1513 1516
f 1297 1507 1509
f 1299 1519 1521
f 1300 1525 1527
f 1301 1531 1534
f 1305 1555 1557
f 1315 1616 1620
f 1310 1586 1590
f 1322 1658 1662
f 1323 1663 1665
f 1311 1591 1595
f 1306 1562 1565
f 1312 1597 1599
f 1313 1603 1605
f 1314 1609 1612
f 1315 1615 1617
f 1310 1585 1587
f 1322 1657 1659
f 1323 1664 1668
f 1305 1556 1560
f 1301 1532 1535
f 1298 1514 1517
f 1297 1508 1512
f 1299 1520 1524
f 1300 1526 1530
f 1302 1538 1542
f 1319 1640 1644
f 1326 1681 1685
f 1324 1669 1673
f 1303 1543 1547
f 1314 1610 1613
f 1311 1592 1594
f 1306 1561 1564
f 1312 1598 1602
f 1313 1604 1608
f 1316 1622 1626
f 1307 1568 1572
f 1308 1573 1576
f 1321 1651 1655
f 1325 1675 1677
f 1319 1639 1641
f 1302 1537 1539
f 1303 1544 1546
f 1324 1670 1672
f 1326 1682 1684
f 1318 1634 1636
f 1317 1627 1631
f 1309 1579 1582
f 1320 1645 1648
f 1304 1550 1553
f 1316 1621 1623
f 1307 1567 1569
f 1308 1574 1577
f 1321 1652 1654
f 1325 1676 1680
f 1318 1633 1637
f 1317 1628 1630
f 1309 1580 1583
f 1320 1646 1649
f 1304 1549 1552
f 1301 1535 1533
f 1298 1517 1515
f 1297 1512 1510
f 1299 1524 1522
f 1300 1530 1528
f 1302 1542 1541
f 1319 1644 1643
f 1326 1685 1686
f 1324 1673 1674
f 1303 1547 1548
f 1314 1613 1611
f 1311 1594 1593
f 1306 1564 1566
f 1312 1602 1601
f 1313 1608 1606
f 1316 1626 1625
f 1307 1572 1570
f 1308 1576 1578
f 1321 1655 1656
f 1325 1677 1678
f 1391 1693 1700
f 1387 1689 1692
f 1388 1695 1690
f 1394 1698 1696
f 1397 1701 1699
f 1402 1715 1708
f 1438 1772 1776
f 1425 1859 1866
f 1446 1847 1849
f 1405 1803 1798
f 1426 1738 1745
f 1413 1734 1737
f 1414 1740 1735
f 1428 1743 1741
f 1430 1746 1744
f 1435 1756 1759
f 1415 1730 1723
f 1420 1790 1780
f 1445 1819 1817
f 1410 1825 1835
f 1400 1854 1863
f 1392 1764 1767
f 1390 1705 1710
f 1396 1795 1805
f 1399 1840 1850
f 1403 1768 1773
f 1440 1864 1862
f 1423 1851 1844
f 1444 1806 1802
f 1404 1711 1713
f 1433 1828 1831
f 1416 1752 1749
f 1412 1720 1725
f 1429 1783 1788
f 1432 1814 1821
f 1439 1832 1834
f 1417 1750 1760
f 1418 1726 1728
f 1441 1789 1786
f 1408 1820 1810
f 1393 1775 1765
f 1389 1707 1704
f 1395 1797 1794
f 1398 1848 1839
f 1401 1865 1855
f 1409 1833 1824
f 1436 1761 1757
f 1421 1729 1731
f 1442 1787 1791
f 1407 1809 1818
f 1427 1758 1753
f 1411 1722 1719
f 1419 1779 1782
f 1431 1816 1813
f 1434 1836 1829
f 1437 1774 1771
f 1424 1861 1858
f 1422 1843 1846
f 1443 1801 1804
f 1406 1714 1716
f 1391 1874 1873
f 1387 1868 1867
f 1388 1869 1870
f 1394 1876 1877
f 1397 1879 1880
f 1402 1882 1883
f 1438 1920 1917
f 1425 1905 1904
f 1446 1926 1924
f 1405 1885 1887
f 1426 1907 1906
f 1413 1895 1891
f 1414 1893 1896
f 1428 1909 1910
f 1430 1912 1913
f 1435 1916 1915
f 1415 1897 1898
f 1420 1900 1902
f 1445 1922 1925
f 1410 1890 1889
f 1331 1691 1451
f 1328 1687 1448
f 1327 1688 1447
f 1329 1694 1449
f 1330 1697 1450
f 1333 1706 1453
f 1356 1770 1476
f 1386 1857 1506
f 1380 1845 1500
f 1363 1796 1483
f 1346 1736 1466
f 1343 1732 1463
f 1342 1733 1462
f 1344 1739 1464
f 1345 1742 1465
f 1350 1754 1470
f 1338 1721 1458
f 1357 1778 1477
f 1369 1815 1489
f 1376 1823 1496
f 1385 1852 1505
f 1353 1762 1473
f 1334 1703 1454
f 1366 1793 1486
f 1381 1838 1501
f 1355 1766 1475
f 1384 1860 1504
f 1378 1842 1498
f 1364 1800 1484
f 1335 1709 1455
f 1374 1826 1494
f 1347 1747 1467
f 1339 1718 1459
f 1360 1781 1480
f 1371 1812 1491
f 1375 1830 1495
f 1351 1748 1471
f 1340 1724 1460
f 1359 1784 1479
f 1367 1808 1487
f 1352 1763 1472
f 1332 1702 1452
f 1362 1792 1482
f 1377 1837 1497
f 1382 1853 1502
f 1372 1822 1492
f 1349 1755 1469
f 1341 1727 1461
f 1361 1785 1481
f 1370 1807 1490
f 1348 1751 1468
f 1337 1717 1457
f 1358 1777 1478
f 1368 1811 1488
f 1373 1827 1493
f 1354 1769 1474
f 1383 1856 1503
f 1379 1841 1499
f 1365 1799 1485
f 1336 1712 1456
f 1393 1875 1641
f 1389 1871 1539
f 1395 1872 1546
f 1398 1878 1672
f 1401 1881 1684
f 1409 1884 1636
f 1436 1918 1631
f 1421 1903 1582
f 1442 1923 1648
f 1407 1886 1553
f 1427 1908 1623
f 1411 1892 1569
f 1419 1894 1577
f 1431 1911 1654
f 1434 1914 1680
f 1437 1919 1637
f 1424 1899 1630
f 1422 1901 1583
f 1443 1921 1649
f 1406 1888 1552
f 1391 1700 1533
f 1387 1692 1515
f 1388 1690 1510
f 1394 1696 1522
f 1397 1699 1528
f 1402 1708 1541
f 1438 1776 1643
f 1425 1866 1686
f 1446 1849 1674
f 1405 1798 1548
f 1426 1745 1611
f 1413 1737 1593
f 1414 1735 1566
f 1428 1741 1601
f 1430 1744 1606
f 1435 1759 1625
f 1415 1723 1570
f 1420 1780 1578
f 1445 1817 1656
f 1410 1835 1678
f 1400 1863 1642
f 1392 1767 1540
f 1390 1710 1545
f 1396 1805 1671
f 1399 1850 1683
f 1403 1773 1635
f 1440 1862 1632
f 1423 1844 1584
f 1444 1802 1650
f 1404 1713 1551
f 1433 1831 1624
f 1416 1749 1571
f 1412 1725 1575
f 1429 1788 1653
f 1432 1821 1679
f 1439 1834 1638
f 1417 1760 1629
f 1418 1728 1581
f 1441 1786 1647
f 1408 1810 1554
f 1393 1765 1518
f 1389 1704 1511
f 1395 1794 1523
f 1398 1839 1529
f 1401 1855 1536
f 1409 1824 1559
f 1436 1757 1618
f 1421 1731 1588
f 1442 1791 1661
f 1407 1818 1666
f 1427 1753 1596
f 1411 1719 1563
f 1419 1782 1600
f 1431 1813 1607
f 1434 1829 1614
f 1437 1771 1619
f 1424 1858 1589
f 1422 1846 1660
f 1443 1804 1667
f 1406 1716 1558
f 1391 1873 1516
f 1387 1867 1509
f 1388 1870 1521
f 1394 1877 1527
f 1397 1880 1534
f 1402 1883 1557
f 1438 1917 1620
f 1425 1904 1590
f 1446 1924 1662
f 1405 1887 1665
f 1426 1906 1595
f 1413 1891 1565
f 1414 1896 1599
f 1428 1910 1605
f 1430 1913 1612
f 1435 1915 1617
f 1415 1898 1587
f 1420 1902 1659
f 1445 1925 1668
f 1410 1889 1560
f 1328 1693 1513
f 1327 1689 1507
f 1329 1695 1519
f 1330 1698 1525
f 1331 1701 1531
f 1336 1715 1555
f 1354 1772 1616
f 1383 1859 1586
f 1379 1847 1658
f 1365 1803 1663
f 1343 1738 1591
f 1342 1734 1562
f 1344 1740 1597
f 1345 1743 1603
f 1346 1746 1609
f 1349 1756 1615
f 1341 1730 1585
f 1361 1790 1657
f 1370 1819 1664
f 1372 1825 1556
f 1382 1854 1532
f 1352 1764 1514
f 1332 1705 1508
f 1362 1795 1520
f 1377 1840 1526
f 1353 1768 1538
f 1385 1864 1640
f 1381 1851 1681
f 1366 1806 1669
f 1334 1711 1543
f 1373 1828 1610
f 1348 1752 1592
f 1337 1720 1561
f 1358 1783 1598
f 1368 1814 1604
f 1374 1832 1622
f 1347 1750 1568
f 1339 1726 1573
f 1360 1789 1651
f 1371 1820 1675
f 1356 1775 1639
f 1333 1707 1537
f 1363 1797 1544
f 1380 1848 1670
f 1386 1865 1682
f 1375 1833 1634
f 1351 1761 1627
f 1340 1729 1579
f 1359 1787 1645
f 1367 1809 1550
f 1350 1758 1621
f 1338 1722 1567
f 1357 1779 1574
f 1369 1816 1652
f 1376 1836 1676
f 1355 1774 1633
f 1384 1861 1628
f 1378 1843 1580
f 1364 1801 1646
f 1335 1714 1549
f 1400 1874 1535
f 1392 1868 1517
f 1390 1869 1512
f 1396 1876 1524
f 1399 1879 1530
f 1403 1882 1542
f 1440 1920 1644
f 1423 1905 1685
f 1444 1926 1673
f 1404 1885 1547
f 1433 1907 1613
f 1416 1895 1594
f 1412 1893 1564
f 1429 1909 1602
f 1432 1912 1608
f 1439 1916 1626
f 1417 1897 1572
f 1418 1900 1576
f 1441 1922 1655
f 1408 1890 1677
f 1328 1691 1693
f 1327 1687 1689
f 1329 1688 1695
f 1330 1694 1698
f 1331 1697 1701
f 1336 1706 1715
f 1354 1770 1772
f 1383 1857 1859
f 1379 1845 1847
f 1365 1796 1803
f 1343 1736 1738
f 1342 1732 1734
f 1344 1733 1740
f 1345 1739 1743
f 1346 1742 1746
f 1349 1754 1756
f 1341 1721 1730
f 1361 1778 1790
f 1370 1815 1819
f 1372 1823 1825
f 1382 1852 1854
f 1352 1762 1764
f 1332 1703 1705
f 1362 1793 1795
f 1377 1838 1840
f 1353 1766 1768
f 1385 1860 1864
f 1381 1842 1851
f 1366 1800 1806
f 1334 1709 1711
f 1373 1826 1828
f 1348 1747 1752
f 1337 1718 1720
f 1358 1781 1783
f 1368 1812 1814
f 1374 1830 1832
f 1347 1748 1750
f 1339 1724 1726
f 1360 1784 1789
f 1371 1808 1820
f 1356 1763 1775
f 1333 1702 1707
f 1363 1792 1797
f 1380 1837 1848
f 1386 1853 1865
f 1375 1822 1833
f 1351 1755 1761
f 1340 1727 1729
f 1359 1785 1787
f 1367 1807 1809
f 1350 1751 1758
f 1338 1717 1722
f 1357 1777 1779
f 1369 1811 1816
f 1376 1827 1836
f 1355 1769 1774
f 1384 1856 1861
f 1378 1841 1843
f 1364 1799 1801
f 1335 1712 1714
f 1400 1875 1874
f 1392 1871 1868
f 1390 1872 1869
f 1396 1878 1876
f 1399 1881 1879
f 1403 1884 1882
f 1440 1918 1920
f 1423 1903 1905
f 1444 1923 1926
f 1404 1886 1885
f 1433 1908 1907
f 1416 1892 1895
f 1412 1894 1893
f 1429 1911 1909
f 1432 1914 1912
f 1439 1919 1916
f 1417 1899 1897
f 1418 1901 1900
f 1441 1921 1922
f 1408 1888 1890
f 1328 1448 1691
f 1327 1447 1687
f 1329 1449 1688
f 1330 1450 1694
f 1331 1451 1697
f 1336 1456 1706
f 1354 1474 1770
f 1383 1503 1857
f 1379 1499 1845
f 1365 1485 1796
f 1343 1463 1736
f 1342 1462 1732
f 1344 1464 1733
f 1345 1465 1739
f 1346 1466 1742
f 1349 1469 1754
f 1341 1461 1721
f 1361 1481 1778
f 1370 1490 1815
f 1372 1492 1823
f 1382 1502 1852
f 1352 1472 1762
f 1332 1452 1703
f 1362 1482 1793
f 1377 1497 1838
f 1353 1473 1766
f 1385 1505 1860
f 1381 1501 1842
f 1366 1486 1800
f 1334 1454 1709
f 1373 1493 1826
f 1348 1468 1747
f 1337 1457 1718
f 1358 1478 1781
f 1368 1488 1812
f 1374 1494 1830
f 1347 1467 1748
f 1339 1459 1724
f 1360 1480 1784
f 1371 1491 1808
f 1356 1476 1763
f 1333 1453 1702
f 1363 1483 1792
f 1380 1500 1837
f 1386 1506 1853
f 1375 1495 1822
f 1351 1471 1755
f 1340 1460 1727
f 1359 1479 1785
f 1367 1487 1807
f 1350 1470 1751
f 1338 1458 1717
f 1357 1477 1777
f 1369 1489 1811
f 1376 1496 1827
f 1355 1475 1769
f 1384 1504 1856
f 1378 1498 1841
f 1364 1484 1799
f 1335 1455 1712
f 1400 1642 1875
f 1392 1540 1871
f 1390 1545 1872
f 1396 1671 1878
f 1399 1683 1881
f 1403 1635 1884
f 1440 1632 1918
f 1423 1584 1903
f 1444 1650 1923
f 1404 1551 1886
f 1433 1624 1908
f 1416 1571 1892
f 1412 1575 1894
f 1429 1653 1911
f 1432 1679 1914
f 1439 1638 1919
f 1417 1629 1899
f 1418 1581 1901
f 1441 1647 1921
f 1408 1554 1888
f 1331 1531 1700
f 1328 1513 1692
f 1327 1507 1690
f 1329 1519 1696
f 1330 1525 1699
f 1333 1537 1708
f 1356 1639 1776
f 1386 1682 1866
f 1380 1670 1849
f 1363 1544 1798
f 1346 1609 1745
f 1343 1591 1737
f 1342 1562 1735
f 1344 1597 1741
f 1345 1603 1744
f 1350 1621 1759
f 1338 1567 1723
f 1357 1574 1780
f 1369 1652 1817
f 1376 1676 1835
f 1385 1640 1863
f 1353 1538 1767
f 1334 1543 1710
f 1366 1669 1805
f 1381 1681 1850
f 1355 1633 1773
f 1384 1628 1862
f 1378 1580 1844
f 1364 1646 1802
f 1335 1549 1713
f 1374 1622 1831
f 1347 1568 1749
f 1339 1573 1725
f 1360 1651 1788
f 1371 1675 1821
f 1375 1634 1834
f 1351 1627 1760
f 1340 1579 1728
f 1359 1645 1786
f 1367 1550 1810
f 1352 1514 1765
f 1332 1508 1704
f 1362 1520 1794
f 1377 1526 1839
f 1382 1532 1855
f 1372 1556 1824
f 1349 1615 1757
f 1341 1585 1731
f 1361 1657 1791
f 1370 1664 1818
f 1348 1592 1753
f 1337 1561 1719
f 1358 1598 1782
f 1368 1604 1813
f 1373 1610 1829
f 1354 1616 1771
f 1383 1586 1858
f 1379 1658 1846
f 1365 1663 1804
f 1336 1555 1716
f 1393 1518 1873
f 1389 1511 1867
f 1395 1523 1870
f 1398 1529 1877
f 1401 1536 1880
f 1409 1559 1883
f 1436 1618 1917
f 1421 1588 1904
f 1442 1661 1924
f 1407 1666 1887
f 1427 1596 1906
f 1411 1563 1891
f 1419 1600 1896
f 1431 1607 1910
f 1434 1614 1913
f 1437 1619 1915
f 1424 1589 1898
f 1422 1660 1902
f 1443 1667 1925
f 1406 1558 1889
f 1391 1516 1693
f 1387 1509 1689
f 1388 1521 1695
f 1394 1527 1698
f 1397 1534 1701
f 1402 1557 1715
f 1438 1620 1772
f 1425 1590 1859
f 1446 1662 1847
f 1405 1665 1803
f 1426 1595 1738
f 1413 1565 1734
f 1414 1599 1740
f 1428 1605 1743
f 1430 1612 1746
f 1435 1617 1756
f 1415 1587 1730
f 1420 1659 1790
f 1445 1668 1819
f 1410 1560 1825
f 1400 1535 1854
f 1392 1517 1764
f 1390 1512 1705
f 1396 1524 1795
f 1399 1530 1840
f 1403 1542 1768
f 1440 1644 1864
f 1423 1685 1851
f 1444 1673 1806
f 1404 1547 1711
f 1433 1613 1828
f 1416 1594 1752
f 1412 1564 1720
f 1429 1602 1783
f 1432 1608 1814
f 1439 1626 1832
f 1417 1572 1750
f 1418 1576 1726
f 1441 1655 1789
f 1408 1677 1820
f 1393 1641 1775
f 1389 1539 1707
f 1395 1546 1797
f 1398 1672 1848
f 1401 1684 1865
f 1409 1636 1833
f 1436 1631 1761
f 1421 1582 1729
f 1442 1648 1787
f 1407 1553 1809
f 1427 1623 1758
f 1411 1569 1722
f 1419 1577 1779
f 1431 1654 1816
f 1434 1680 1836
f 1437 1637 1774
f 1424 1630 1861
f 1422 1583 1843
f 1443 1649 1801
f 1406 1552 1714
f 1391 1533 1874
f 1387 1515 1868
f 1388 1510 1869
f 1394 1522 1876
f 1397 1528 1879
f 1402 1541 1882
f 1438 1643 1920
f 1425 1686 1905
f 1446 1674 1926
f 1405 1548 1885
f 1426 1611 1907
f 1413 1593 1895
f 1414 1566 1893
f 1428 1601 1909
f 1430 1606 1912
f 1435 1625 1916
f 1415 1570 1897
f 1420 1578 1900
f 1445 1656 1922
f 1410 1678 1890
f 1331 1700 1691
f 1328 1692 1687
f 1327 1690 1688
f 1329 1696 1694
f 1330 1699 1697
f 1333 1708 1706
f 1356 1776 1770
f 1386 1866 1857
f 1380 1849 1845
f 1363 1798 1796
f 1346 1745 1736
f 1343 1737 1732
f 1342 1735 1733
f 1344 1741 1739
f 1345 1744 1742
f 1350 1759 1754
f 1338 1723 1721
f 1357 1780 1778
f 1369 1817 1815
f 1376 1835 1823
f 1385 1863 1852
f 1353 1767 1762
f 1334 1710 1703
f 1366 1805 1793
f 1381 1850 1838
f 1355 1773 1766
f 1384 1862 1860
f 1378 1844 1842
f 1364 1802 1800
f 1335 1713 1709
f 1374 1831 1826
f 1347 1749 1747
f 1339 1725 1718
f 1360 1788 1781
f 1371 1821 1812
f 1375 1834 1830
f 1351 1760 1748
f 1340 1728 1724
f 1359 1786 1784
f 1367 1810 1808
f 1352 1765 1763
f 1332 1704 1702
f 1362 1794 1792
f 1377 1839 1837
f 1382 1855 1853
f 1372 1824 1822
f 1349 1757 1755
f 1341 1731 1727
f 1361 1791 1785
f 1370 1818 1807
f 1348 1753 1751
f 1337 1719 1717
f 1358 1782 1777
f 1368 1813 1811
f 1373 1829 1827
f 1354 1771 1769
f 1383 1858 1856
f 1379 1846 1841
f 1365 1804 1799
f 1336 1716 1712
f 1393 1873 1875
f 1389 1867 1871
f 1395 1870 1872
f 1398 1877 1878
f 1401 1880 1881
f 1409 1883 1884
f 1436 1917 1918
f 1421 1904 1903
f 1442 1924 1923
f 1407 1887 1886
f 1427 1906 1908
f 1411 1891 1892
f 1419 1896 1894
f 1431 1910 1911
f 1434 1913 1914
f 1437 1915 1919
f 1424 1898 1899
f 1422 1902 1901
f 1443 1925 1921
f 1406 1889 1888
f 1691 1448 1451
f 1687 1447 1448
f 1688 1449 1447
f 1694 1450 1449
f 1697 1451 1450
f 1706 1456 1453
f 1770 1474 1476
f 1857 1503 1506
f 1845 1499 1500
f 1796 1485 1483
f 1736 1463 1466
f 1732 1462 1463
f 1733 1464 1462
f 1739 1465 1464
f 1742 1466 1465
f 1754 1469 1470
f 1721 1461 1458
f 1778 1481 1477
f 1815 1490 1489
f 1823 1492 1496
f 1852 1502 1505
f 1762 1472 1473
f 1703 1452 1454
f 1793 1482 1486
f 1838 1497 1501
f 1766 1473 1475
f 1860 1505 1504
f 1842 1501 1498
f 1800 1486 1484
f 1709 1454 1455
f 1826 1493 1494
f 1747 1468 1467
f 1718 1457 1459
f 1781 1478 1480
f 1812 1488 1491
f 1830 1494 1495
f 1748 1467 1471
f 1724 1459 1460
f 1784 1480 1479
f 1808 1491 1487
f 1763 1476 1472
f 1702 1453 1452
f 1792 1483 1482
f 1837 1500 1497
f 1853 1506 1502
f 1822 1495 1492
f 1755 1471 1469
f 1727 1460 1461
f 1785 1479 1481
f 1807 1487 1490
f 1751 1470 1468
f 1717 1458 1457
f 1777 1477 1478
f 1811 1489 1488
f 1827 1496 1493
f 1769 1475 1474
f 1856 1504 1503
f 1841 1498 1499
f 1799 1484 1485
f 1712 1455 1456
f 1875 1642 1641
f 1871 1540 1539
f 1872 1545 1546
f 1878 1671 1672
f 1881 1683 1684
f 1884 1635 1636
f 1918 1632 1631
f 1903 1584 1582
f 1923 1650 1648
f 1886 1551 1553
f 1908 1624 1623
f 1892 1571 1569
f 1894 1575 1577
f 1911 1653 1654
f 1914 1679 1680
f 1919 1638 1637
f 1899 1629 1630
f 1901 1581 1583
f 1921 1647 1649
f 1888 1554 1552
f 1700 1531 1533
f 1692 1513 1515
f 1690 1507 1510
f 1696 1519 1522
f 1699 1525 1528
f 1708 1537 1541
f 1776 1639 1643
f 1866 1682 1686
f 1849 1670 1674
f 1798 1544 1548
f 1745 1609 1611
f 1737 1591 1593
f 1735 1562 1566
f 1741 1597 1601
f 1744 1603 1606
f 1759 1621 1625
f 1723 1567 1570
f 1780 1574 1578
f 1817 1652 1656
f 1835 1676 1678
f 1863 1640 1642
f 1767 1538 1540
f 1710 1543 1545
f 1805 1669 1671
f 1850 1681 1683
f 1773 1633 1635
f 1862 1628 1632
f 1844 1580 1584
f 1802 1646 1650
f 1713 1549 1551
f 1831 1622 1624
f 1749 1568 1571
f 1725 1573 1575
f 1788 1651 1653
f 1821 1675 1679
f 1834 1634 1638
f 1760 1627 1629
f 1728 1579 1581
f 1786 1645 1647
f 1810 1550 1554
f 1765 1514 1518
f 1704 1508 1511
f 1794 1520 1523
f 1839 1526 1529
f 1855 1532 1536
f 1824 1556 1559
f 1757 1615 1618
f 1731 1585 1588
f 1791 1657 1661
f 1818 1664 1666
f 1753 1592 1596
f 1719 1561 1563
f 1782 1598 1600
f 1813 1604 1607
f 1829 1610 1614
f 1771 1616 1619
f 1858 1586 1589
f 1846 1658 1660
f 1804 1663 1667
f 1716 1555 1558
f 1873 1518 1516
f 1867 1511 1509
f 1870 1523 1521
f 1877 1529 1527
f 1880 1536 1534
f 1883 1559 1557
f 1917 1618 1620
f 1904 1588 1590
f 1924 1661 1662
f 1887 1666 1665
f 1906 1596 1595
f 1891 1563 1565
f 1896 1600 1599
f 1910 1607 1605
f 1913 1614 1612
f 1915 1619 1617
f 1898 1589 1587
f 1902 1660 1659
f 1925 1667 1668
f 1889 1558 1560
f 1693 1516 1513
f 1689 1509 1507
f 1695 1521 1519
f 1698 1527 1525
f 1701 1534 1531
f 1715 1557 1555
f 1772 1620 1616
f 1859 1590 1586
f 1847 1662 1658
f 1803 1665 1663
f 1738 1595 1591
f 1734 1565 1562
f 1740 1599 1597
f 1743 1605 1603
f 1746 1612 1609
f 1756 1617 1615
f 1730 1587 1585
f 1790 1659 1657
f 1819 1668 1664
f 1825 1560 1556
f 1854 1535 1532
f 1764 1517 1514
f 1705 1512 1508
f 1795 1524 1520
f 1840 1530 1526
f 1768 1542 1538
f 1864 1644 1640
f 1851 1685 1681
f 1806 1673 1669
f 1711 1547 1543
f 1828 1613 1610
f 1752 1594 1592
f 1720 1564 1561
f 1783 1602 1598
f 1814 1608 1604
f 1832 1626 1622
f 1750 1572 1568
f 1726 1576 1573
f 1789 1655 1651
f 1820 1677 1675
f 1775 1641 1639
f 1707 1539 1537
f 1797 1546 1544
f 1848 1672 1670
f 1865 1684 1682
f 1833 1636 1634
f 1761 1631 1627
f 1729 1582 1579
f 1787 1648 1645
f 1809 1553 1550
f 1758 1623 1621
f 1722 1569 1567
f 1779 1577 1574
f 1816 1654 1652
f 1836 1680 1676
f 1774 1637 1633
f 1861 1630 1628
f 1843 1583 1580
f 1801 1649 1646
f 1714 1552 1549
f 1874 1533 1535
f 1868 1515 1517
f 1869 1510 1512
f 1876 1522 1524
f 1879 1528 1530
f 1882 1541 1542
f 1920 1643 1644
f 1905 1686 1685
f 1926 1674 1673
f 1885 1548 1547
f 1907 1611 1613
f 1895 1593 1594
f 1893 1566 1564
f 1909 1601 1602
f 1912 1606 1608
f 1916 1625 1626
f 1897 1570 1572
f 1900 1578 1576
f 1922 1656 1655
f 1890 1678 1677
f 1691 1700 1693
f 1687 1692 1689
f 1688 1690 1695
f 1694 1696 1698
f 1697 1699 1701
f 1706 1708 1715
f 1770 1776 1772
f 1857 1866 1859
f 1845 1849 1847
f 1796 1798 1803
f 1736 1745 1738
f 1732 1737 1734
f 1733 1735 1740
f 1739 1741 1743
f 1742 1744 1746
f 1754 1759 1756
f 1721 1723 1730
f 1778 1780 1790
f 1815 1817 1819
f 1823 1835 1825
f 1852 1863 1854
f 1762 1767 1764
f 1703 1710 1705
f 1793 1805 1795
f 1838 1850 1840
f 1766 1773 1768
f 1860 1862 1864
f 1842 1844 1851
f 1800 1802 1806
f 1709 1713 1711
f 1826 1831 1828
f 1747 1749 1752
f 1718 1725 1720
f 1781 1788 1783
f 1812 1821 1814
f 1830 1834 1832
f 1748 1760 1750
f 1724 1728 1726
f 1784 1786 1789
f 1808 1810 1820
f 1763 1765 1775
f 1702 1704 1707
f 1792 1794 1797
f 1837 1839 1848
f 1853 1855 1865
f 1822 1824 1833
f 1755 1757 1761
f 1727 1731 1729
f 1785 1791 1787
f 1807 1818 1809
f 1751 1753 1758
f 1717 1719 1722
f 1777 1782 1779
f 1811 1813 1816
f 1827 1829 1836
f 1769 1771 1774
f 1856 1858 1861
f 1841 1846 1843
f 1799 1804 1801
f 1712 1716 1714
f 1875 1873 1874
f 1871 1867 1868
f 1872 1870 1869
f 1878 1877 1876
f 1881 1880 1879
f 1884 1883 1882
f 1918 1917 1920
f 1903 1904 1905
f 1923 1924 1926
f 1886 1887 1885
f 1908 1906 1907
f 1892 1891 1895
f 1894 1896 1893
f 1911 1910 1909
f 1914 1913 1912
f 1919 1915 1916
f 1899 1898 1897
f 1901 1902 1900
f 1921 1925 1922
f 1888 1889 1890
f 1927 2093 2090
f 1927 2090 2089
f 1927 2089 2091
f 1927 2091 2092
f 1927 2092 2093
f 1928 2095 2098
f 1932 2118 2116
f 1938 2148 2145
f 1937 2142 2141
f 1934 2125 2127
f 1930 2108 2105
f 1930 2105 2104
f 1930 2104 2106
f 1930 2106 2107
f 1930 2107 2108
f 1931 2112 2111
f 1929 2100 2103
f 1933 2119 2123
f 1935 2131 2132
f 1936 2138 2134
f 1938 2147 2144
f 1932 2115 2114
f 1928 2096 2094
f 1934 2128 2124
f 1937 2143 2139
f 1932 2117 2115
f 1938 2146 2147
f 1937 2140 2143
f 1934 2126 2128
f 1928 2097 2096
f 1936 2136 2135
f 1931 2109 2110
f 1929 2101 2099
f 1933 2122 2120
f 1935 2133 2130
f 1936 2137 2136
f 1931 2113 2109
f 1929 2102 2101
f 1933 2121 2122
f 1935 2129 2133
f 1932 2114 2118
f 1928 2094 2095
f 1934 2124 2125
f 1937 2139 2142
f 1938 2144 2148
f 1936 2134 2137
f 1931 2111 2113
f 1929 2103 2102
f 1933 2123 2121
f 1935 2132 2129
f 1931 2110 2112
f 1929 2099 2100
f 1933 2120 2119
f 1935 2130 2131
f 1936 2135 2138
f 1932 2116 2117
f 1938 2145 2146
f 1937 2141 2140
f 1934 2127 2126
f 1928 2098 2097
f 1961 2283 2284
f 1944 2181 2182
f 1945 2188 2187
f 1966 2314 2313
f 1968 2326 2325
f 1960 2278 2277
f 1959 2273 2274
f 1951 2224 2226
f 1962 2290 2292
f 1946 2195 2193
f 1958 2265 2266
f 1949 2211 2213
f 1950 2219 2217
f 1963 2296 2295
f 1967 2322 2321
f 1960 2279 2280
f 1959 2272 2271
f 1951 2225 2223
f 1962 2291 2289
f 1946 2194 2196
f 1943 2175 2173
f 1940 2157 2155
f 1939 2152 2149
f 1941 2164 2161
f 1942 2170 2167
f 1944 2183 2179
f 1961 2285 2281
f 1968 2328 2324
f 1966 2316 2312
f 1945 2190 2186
f 1956 2253 2251
f 1953 2235 2233
f 1948 2208 2204
f 1954 2243 2239
f 1955 2248 2245
f 1958 2267 2263
f 1949 2212 2209
f 1950 2220 2216
f 1963 2298 2294
f 1967 2320 2318
f 1961 2284 2282
f 1944 2182 2180
f 1945 2187 2185
f 1966 2313 2311
f 1968 2325 2323
f 1960 2277 2275
f 1959 2274 2270
f 1951 2226 2222
f 1962 2292 2288
f 1946 2193 2191
f 1958 2266 2264
f 1949 2213 2210
f 1950 2217 2215
f 1963 2295 2293
f 1967 2321 2317
f 1960 2280 2276
f 1959 2271 2269
f 1951 2223 2221
f 1962 2289 2287
f 1946 2196 2192
f 1940 2160 2156
f 1939 2153 2150
f 1941 2165 2162
f 1942 2171 2168
f 1943 2178 2174
f 1947 2201 2198
f 1957 2260 2257
f 1952 2230 2227
f 1964 2303 2299
f 1965 2308 2306
f 1953 2238 2234
f 1948 2205 2203
f 1954 2242 2240
f 1955 2249 2246
f 1956 2256 2252
f 1957 2261 2258
f 1952 2231 2228
f 1964 2302 2300
f 1965 2309 2305
f 1947 2200 2197
f 1940 2158 2160
f 1939 2151 2153
f 1941 2163 2165
f 1942 2169 2171
f 1943 2176 2178
f 1947 2199 2201
f 1957 2262 2260
f 1952 2232 2230
f 1964 2304 2303
f 1965 2307 2308
f 1953 2237 2238
f 1948 2207 2205
f 1954 2241 2242
f 1955 2247 2249
f 1956 2254 2256
f 1957 2259 2261
f 1952 2229 2231
f 1964 2301 2302
f 1965 2310 2309
f 1947 2202 2200
f 1940 2155 2158
f 1939 2149 2151
f 1941 2161 2163
f 1942 2167 2169
f 1943 2173 2176
f 1947 2197 2199
f 1957 2258 2262
f 1952 2228 2232
f 1964 2300 2304
f 1965 2305 2307
f 1953 2233 2237
f 1948 2204 2207
f 1954 2239 2241
f 1955 2245 2247
f 1956 2251 2254
f 1957 2257 2259
f 1952 2227 2229
f 1964 2299 2301
f 1965 2306 2310
f 1947 2198 2202
f 1943 2174 2177
f 1940 2156 2159
f 1939 2150 2154
f 1941 2162 2166
f 1942 2168 2172
f 1944 2180 2184
f 1961 2282 2286
f 1968 2323 2327
f 1966 2311 2315
f 1945 2185 2189
f 1956 2252 2255
f 1953 2234 2236
f 1948 2203 2206
f 1954 2240 2244
f 1955 2246 2250
f 1958 2264 2268
f 1949 2210 2214
f 1950 2215 2218
f 1963 2293 2297
f 1967 2317 2319
f 1961 2281 2283
f 1944 2179 2181
f 1945 2186 2188
f 1966 2312 2314
f 1968 2324 2326
f 1960 2276 2278
f 1959 2269 2273
f 1951 2221 2224
f 1962 2287 2290
f 1946 2192 2195
f 1958 2263 2265
f 1949 2209 2211
f 1950 2216 2219
f 1963 2294 2296
f 1967 2318 2322
f 1960 2275 2279
f 1959 2270 2272
f 1951 2222 2225
f 1962 2288 2291
f 1946 2191 2194
f 1943 2177 2175
f 1940 2159 2157
f 1939 2154 2152
f 1941 2166 2164
f 1942 2172 2170
f 1944 2184 2183
f 1961 2286 2285
f 1968 2327 2328
f 1966 2315 2316
f 1945 2189 2190
f 1956 2255 2253
f 1953 2236 2235
f 1948 2206 2208
f 1954 2244 2243
f 1955 2250 2248
f 1958 2268 2267
f 1949 2214 2212
f 1950 2218 2220
f 1963 2297 2298
f 1967 2319 2320
f 2033 2335 2342
f 2029 2331 2334
f 2030 2337 2332
f 2036 2340 2338
f 2039 2343 2341
f 2044 2357 2350
f 2080 2414 2418
f 2067 2501 2508
f 2088 2489 2491
f 2047 2445 2440
f 2068 2380 2387
f 2055 2376 2379
f 2056 2382 2377
f 2070 2385 2383
f 2072 2388 2386
f 2077 2398 2401
f 2057 2372 2365
f 2062 2432 2422
f 2087 2461 2459
f 2052 2467 2477
f 2042 2496 2505
f 2034 2406 2409
f 2032 2347 2352
f 2038 2437 2447
f 2041 2482 2492
f 2045 2410 2415
f 2082 2506 2504
f 2065 2493 2486
f 2086 2448 2444
f 2046 2353 2355
f 2075 2470 2473
f 2058 2394 2391
f 2054 2362 2367
f 2071 2425 2430
f 2074 2456 2463
f 2081 2474 2476
f 2059 2392 2402
f 2060 2368 2370
f 2083 2431 2428
f 2050 2462 2452
f 2035 2417 2407
f 2031 2349 2346
f 2037 2439 2436
f 2040 2490 2481
f 2043 2507 2497
f 2051 2475 2466
f 2078 2403 2399
f 2063 2371 2373
f 2084 2429 2433
f 2049 2451 2460
f 2069 2400 2395
f 2053 2364 2361
f 2061 2421 2424
f 2073 2458 2455
f 2076 2478 2471
f 2079 2416 2413
f 2066 2503 2500
f 2064 2485 2488
f 2085 2443 2446
f 2048 2356 2358
f 2033 2516 2515
f 2029 2510 2509
f 2030 2511 2512
f 2036 2518 2519
f 2039 2521 2522
f 2044 2524 2525
f 2080 2562 2559
f 2067 2547 2546
f 2088 2568 2566
f 2047 2527 2529
f 2068 2549 2548
f 2055 2537 2533
f 2056 2535 2538
f 2070 2551 2552
f 2072 2554 2555
f 2077 2558 2557
f 2057 2539 2540
f 2062 2542 2544
f 2087 2564 2567
f 2052 2532 2531
f 1973 2333 2093
f 1970 2329 2090
f 1969 2330 2089
f 1971 2336 2091
f 1972 2339 2092
f 1975 2348 2095
f 1998 2412 2118
f 2028 2499 2148
f 2022 2487 2142
f 2005 2438 2125
f 1988 2378 2108
f 1985 2374 2105
f 1984 2375 2104
f 1986 2381 2106
f 1987 2384 2107
f 1992 2396 2112
f 1980 2363 2100
f 1999 2420 2119
f 2011 2457 2131
f 2018 2465 2138
f 2027 2494 2147
f 1995 2404 2115
f 1976 2345 2096
f 2008 2435 2128
f 2023 2480 2143
f 1997 2408 2117
f 2026 2502 2146
f 2020 2484 2140
f 2006 2442 2126
f 1977 2351 2097
f 2016 2468 2136
f 1989 2389 2109
f 1981 2360 2101
f 2002 2423 2122
f 2013 2454 2133
f 2017 2472 2137
f 1993 2390 2113
f 1982 2366 2102
f 2001 2426 2121
f 2009 2450 2129
f 1994 2405 2114
f 1974 2344 2094
f 2004 2434 2124
f 2019 2479 2139
f 2024 2495 2144
f 2014 2464 2134
f 1991 2397 2111
f 1983 2369 2103
f 2003 2427 2123
f 2012 2449 2132
f 1990 2393 2110
f 1979 2359 2099
f 2000 2419 2120
f 2010 2453 2130
f 2015 2469 2135
f 1996 2411 2116
f 2025 2498 2145
f 2021 2483 2141
f 2007 2441 2127
f 1978 2354 2098
f 2035 2517 2283
f 2031 2513 2181
f 2037 2514 2188
f 2040 2520 2314
f 2043 2523 2326
f 2051 2526 2278
f 2078 2560 2273
f 2063 2545 2224
f 2084 2565 2290
f 2049 2528 2195
f 2069 2550 2265
f 2053 2534 2211
f 2061 2536 2219
f 2073 2553 2296
f 2076 2556 2322
f 2079 2561 2279
f 2066 2541 2272
f 2064 2543 2225
f 2085 2563 2291
f 2048 2530 2194
f 2033 2342 2175
f 2029 2334 2157
f 2030 2332 2152
f 2036 2338 2164
f 2039 2341 2170
f 2044 2350 2183
f 2080 2418 2285
f 2067 2508 2328
f 2088 2491 2316
f 2047 2440 2190
f 2068 2387 2253
f 2055 2379 2235
f 2056 2377 2208
f 2070 2383 2243
f 2072 2386 2248
f 2077 2401 2267
f 2057 2365 2212
f 2062 2422 2220
f 2087 2459 2298
f 2052 2477 2320
f 2042 2505 2284
f 2034 2409 2182
f 2032 2352 2187
f 2038 2447 2313
f 2041 2492 2325
f 2045 2415 2277
f 2082 2504 2274
f 2065 2486 2226
f 2086 2444 2292
f 2046 2355 2193
f 2075 2473 2266
f 2058 2391 2213
f 2054 2367 2217
f 2071 2430 2295
f 2074 2463 2321
f 2081 2476 2280
f 2059 2402 2271
f 2060 2370 2223
f 2083 2428 2289
f 2050 2452 2196
f 2035 2407 2160
f 2031 2346 2153
f 2037 2436 2165
f 2040 2481 2171
f 2043 2497 2178
f 2051 2466 2201
f 2078 2399 2260
f 2063 2373 2230
f 2084 2433 2303
f 2049 2460 2308
f 2069 2395 2238
f 2053 2361 2205
f 2061 2424 2242
f 2073 2455 2249
f 2076 2471 2256
f 2079 2413 2261
f 2066 2500 2231
f 2064 2488 2302
f 2085 2446 2309
f 2048 2358 2200
f 2033 2515 2158
f 2029 2509 2151
f 2030 2512 2163
f 2036 2519 2169
f 2039 2522 2176
f 2044 2525 2199
f 2080 2559 2262
f 2067 2546 2232
f 2088 2566 2304
f 2047 2529 2307
f 2068 2548 2237
f 2055 2533 2207
f 2056 2538 2241
f 2070 2552 2247
f 2072 2555 2254
f 2077 2557 2259
f 2057 2540 2229
f 2062 2544 2301
f 2087 2567 2310
f 2052 2531 2202
f 1970 2335 2155
f 1969 2331 2149
f 1971 2337 2161
f 1972 2340 2167
f 1973 2343 2173
f 1978 2357 2197
f 1996 2414 2258
f 2025 2501 2228
f 2021 2489 2300
f 2007 2445 2305
f 1985 2380 2233
f 1984 2376 2204
f 1986 2382 2239
f 1987 2385 2245
f 1988 2388 2251
f 1991 2398 2257
f 1983 2372 2227
f 2003 2432 2299
f 2012 2461 2306
f 2014 2467 2198
f 2024 2496 2174
f 1994 2406 2156
f 1974 2347 2150
f 2004 2437 2162
f 2019 2482 2168
f 1995 2410 2180
f 2027 2506 2282
f 2023 2493 2323
f 2008 2448 2311
f 1976 2353 2185
f 2015 2470 2252
f 1990 2394 2234
f 1979 2362 2203
f 2000 2425 2240
f 2010 2456 2246
f 2016 2474 2264
f 1989 2392 2210
f 1981 2368 2215
f 2002 2431 2293
f 2013 2462 2317
f 1998 2417 2281
f 1975 2349 2179
f 2005 2439 2186
f 2022 2490 2312
f 2028 2507 2324
f 2017 2475 2276
f 1993 2403 2269
f 1982 2371 2221
f 2001 2429 2287
f 2009 2451 2192
f 1992 2400 2263
f 1980 2364 2209
f 1999 2421 2216
f 2011 2458 2294
f 2018 2478 2318
f 1997 2416 2275
f 2026 2503 2270
f 2020 2485 2222
f 2006 2443 2288
f 1977 2356 2191
f 2042 2516 2177
f 2034 2510 2159
f 2032 2511 2154
f 2038 2518 2166
f 2041 2521 2172
f 2045 2524 2184
f 2082 2562 2286
f 2065 2547 2327
f 2086 2568 2315
f 2046 2527 2189
f 2075 2549 2255
f 2058 2537 2236
f 2054 2535 2206
f 2071 2551 2244
f 2074 2554 2250
f 2081 2558 2268
f 2059 2539 2214
f 2060 2542 2218
f 2083 2564 2297
f 2050 2532 2319
f 1970 2333 2335
f 1969 2329 2331
f 1971 2330 2337
f 1972 2336 2340
f 1973 2339 2343
f 1978 2348 2357
f 1996 2412 2414
f 2025 2499 2501
f 2021 2487 2489
f 2007 2438 2445
f 1985 2378 2380
f 1984 2374 2376
f 1986 2375 2382
f 1987 2381 2385
f 1988 2384 2388
f 1991 2396 2398
f 1983 2363 2372
f 2003 2420 2432
f 2012 2457 2461
f 2014 2465 2467
f 2024 2494 2496
f 1994 2404 2406
f 1974 2345 2347
f 2004 2435 2437
f 2019 2480 2482
f 1995 2408 2410
f 2027 2502 2506
f 2023 2484 2493
f 2008 2442 2448
f 1976 2351 2353
f 2015 2468 2470
f 1990 2389 2394
f 1979 2360 2362
f 2000 2423 2425
f 2010 2454 2456
f 2016 2472 2474
f 1989 2390 2392
f 1981 2366 2368
f 2002 2426 2431
f 2013 2450 2462
f 1998 2405 2417
f 1975 2344 2349
f 2005 2434 2439
f 2022 2479 2490
f 2028 2495 2507
f 2017 2464 2475
f 1993 2397 2403
f 1982 2369 2371
f 2001 2427 2429
f 2009 2449 2451
f 1992 2393 2400
f 1980 2359 2364
f 1999 2419 2421
f 2011 2453 2458
f 2018 2469 2478
f 1997 2411 2416
f 2026 2498 2503
f 2020 2483 2485
f 2006 2441 2443
f 1977 2354 2356
f 2042 2517 2516
f 2034 2513 2510
f 2032 2514 2511
f 2038 2520 2518
f 2041 2523 2521
f 2045 2526 2524
f 2082 2560 2562
f 2065 2545 2547
f 2086 2565 2568
f 2046 2528 2527
f 2075 2550 2549
f 2058 2534 2537
f 2054 2536 2535
f 2071 2553 2551
f 2074 2556 2554
f 2081 2561 2558
f 2059 2541 2539
f 2060 2543 2542
f 2083 2563 2564
f 2050 2530 2532
f 1970 2090 2333
f 1969 2089 2329
f 1971 2091 2330
f 1972 2092 2336
f 1973 2093 2339
f 1978 2098 2348
f 1996 2116 2412
f 2025 2145 2499
f 2021 2141 2487
f 2007 2127 2438
f 1985 2105 2378
f 1984 2104 2374
f 1986 2106 2375
f 1987 2107 2381
f 1988 2108 2384
f 1991 2111 2396
f 1983 2103 2363
f 2003 2123 2420
f 2012 2132 2457
f 2014 2134 2465
f 2024 2144 2494
f 1994 2114 2404
f 1974 2094 2345
f 2004 2124 2435
f 2019 2139 2480
f 1995 2115 2408
f 2027 2147 2502
f 2023 2143 2484
f 2008 2128 2442
f 1976 2096 2351
f 2015 2135 2468
f 1990 2110 2389
f 1979 2099 2360
f 2000 2120 2423
f 2010 2130 2454
f 2016 2136 2472
f 1989 2109 2390
f 1981 2101 2366
f 2002 2122 2426
f 2013 2133 2450
f 1998 2118 2405
f 1975 2095 2344
f 2005 2125 2434
f 2022 2142 2479
f 2028 2148 2495
f 2017 2137 2464
f 1993 2113 2397
f 1982 2102 2369
f 2001 2121 2427
f 2009 2129 2449
f 1992 2112 2393
f 1980 2100 2359
f 1999 2119 2419
f 2011 2131 2453
f 2018 2138 2469
f 1997 2117 2411
f 2026 2146 2498
f 2020 2140 2483
f 2006 2126 2441
f 1977 2097 2354
f 2042 2284 2517
f 2034 2182 2513
f 2032 2187 2514
f 2038 2313 2520
f 2041 2325 2523
f 2045 2277 2526
f 2082 2274 2560
f 2065 2226 2545
f 2086 2292 2565
f 2046 2193 2528
f 2075 2266 2550
f 2058 2213 2534
f 2054 2217 2536
f 2071 2295 2553
f 2074 2321 2556
f 2081 2280 2561
f 2059 2271 2541
f 2060 2223 2543
f 2083 2289 2563
f 2050 2196 2530
f 1973 2173 2342
f 1970 2155 2334
f 1969 2149 2332
f 1971 2161 2338
f 1972 2167 2341
f 1975 2179 2350
f 1998 2281 2418
f 2028 2324 2508
f 2022 2312 2491
f 2005 2186 2440
f 1988 2251 2387
f 1985 2233 2379
f 1984 2204 2377
f 1986 2239 2383
f 1987 2245 2386
f 1992 2263 2401
f 1980 2209 2365
f 1999 2216 2422
f 2011 2294 2459
f 2018 2318 2477
f 2027 2282 2505
f 1995 2180 2409
f 1976 2185 2352
f 2008 2311 2447
f 2023 2323 2492
f 1997 2275 2415
f 2026 2270 2504
f 2020 2222 2486
f 2006 2288 2444
f 1977 2191 2355
f 2016 2264 2473
f 1989 2210 2391
f 1981 2215 2367
f 2002 2293 2430
f 2013 2317 2463
f 2017 2276 2476
f 1993 2269 2402
f 1982 2221 2370
f 2001 2287 2428
f 2009 2192 2452
f 1994 2156 2407
f 1974 2150 2346
f 2004 2162 2436
f 2019 2168 2481
f 2024 2174 2497
f 2014 2198 2466
f 1991 2257 2399
f 1983 2227 2373
f 2003 2299 2433
f 2012 2306 2460
f 1990 2234 2395
f 1979 2203 2361
f 2000 2240 2424
f 2010 2246 2455
f 2015 2252 2471
f 1996 2258 2413
f 2025 2228 2500
f 2021 2300 2488
f 2007 2305 2446
f 1978 2197 2358
f 2035 2160 2515
f 2031 2153 2509
f 2037 2165 2512
f 2040 2171 2519
f 2043 2178 2522
f 2051 2201 2525
f 2078 2260 2559
f 2063 2230 2546
f 2084 2303 2566
f 2049 2308 2529
f 2069 2238 2548
f 2053 2205 2533
f 2061 2242 2538
f 2073 2249 2552
f 2076 2256 2555
f 2079 2261 2557
f 2066 2231 2540
f 2064 2302 2544
f 2085 2309 2567
f 2048 2200 2531
f 2033 2158 2335
f 2029 2151 2331
f 2030 2163 2337
f 2036 2169 2340
f 2039 2176 2343
f 2044 2199 2357
f 2080 2262 2414
f 2067 2232 2501
f 2088 2304 2489
f 2047 2307 2445
f 2068 2237 2380
f 2055 2207 2376
f 2056 2241 2382
f 2070 2247 2385
f 2072 2254 2388
f 2077 2259 2398
f 2057 2229 2372
f 2062 2301 2432
f 2087 2310 2461
f 2052 2202 2467
f 2042 2177 2496
f 2034 2159 2406
f 2032 2154 2347
f 2038 2166 2437
f 2041 2172 2482
f 2045 2184 2410
f 2082 2286 2506
f 2065 2327 2493
f 2086 2315 2448
f 2046 2189 2353
f 2075 2255 2470
f 2058 2236 2394
f 2054 2206 2362
f 2071 2244 2425
f 2074 2250 2456
f 2081 2268 2474
f 2059 2214 2392
f 2060 2218 2368
f 2083 2297 2431
f 2050 2319 2462
f 2035 2283 2417
f 2031 2181 2349
f 2037 2188 2439
f 2040 2314 2490
f 2043 2326 2507
f 2051 2278 2475
f 2078 2273 2403
f 2063 2224 2371
f 2084 2290 2429
f 2049 2195 2451
f 2069 2265 2400
f 2053 2211 2364
f 2061 2219 2421
f 2073 2296 2458
f 2076 2322 2478
f 2079 2279 2416
f 2066 2272 2503
f 2064 2225 2485
f 2085 2291 2443
f 2048 2194 2356
f 2033 2175 2516
f 2029 2157 2510
f 2030 2152 2511
f 2036 2164 2518
f 2039 2170 2521
f 2044 2183 2524
f 2080 2285 2562
f 2067 2328 2547
f 2088 2316 2568
f 2047 2190 2527
f 2068 2253 2549
f 2055 2235 2537
f 2056 2208 2535
f 2070 2243 2551
f 2072 2248 2554
f 2077 2267 2558
f 2057 2212 2539
f 2062 2220 2542
f 2087 2298 2564
f 2052 2320 2532
f 1973 2342 2333
f 1970 2334 2329
f 1969 2332 2330
f 1971 2338 2336
f 1972 2341 2339
f 1975 2350 2348
f 1998 2418 2412
f 2028 2508 2499
f 2022 2491 2487
f 2005 2440 2438
f 1988 2387 2378
f 1985 2379 2374
f 1984 2377 2375
f 1986 2383 2381
f 1987 2386 2384
f 1992 2401 2396
f 1980 2365 2363
f 1999 2422 2420
f 2011 2459 2457
f 2018 2477 2465
f 2027 2505 2494
f 1995 2409 2404
f 1976 2352 2345
f 2008 2447 2435
f 2023 2492 2480
f 1997 2415 2408
f 2026 2504 2502
f 2020 2486 2484
f 2006 2444 2442
f 1977 2355 2351
f 2016 2473 2468
f 1989 2391 2389
f 1981 2367 2360
f 2002 2430 2423
f 2013 2463 2454
f 2017 2476 2472
f 1993 2402 2390
f 1982 2370 2366
f 2001 2428 2426
f 2009 2452 2450
f 1994 2407 2405
f 1974 2346 2344
f 2004 2436 2434
f 2019 2481 2479
f 2024 2497 2495
f 2014 2466 2464
f 1991 2399 2397
f 1983 2373 2369
f 2003 2433 2427
f 2012 2460 2449
f 1990 2395 2393
f 1979 2361 2359
f 2000 2424 2419
f 2010 2455 2453
f 2015 2471 2469
f 1996 2413 2411
f 2025 2500 2498
f 2021 2488 2483
f 2007 2446 2441
f 1978 2358 2354
f 2035 2515 2517
f 2031 2509 2513
f 2037 2512 2514
f 2040 2519 2520
f 2043 2522 2523
f 2051 2525 2526
f 2078 2559 2560
f 2063 2546 2545
f 2084 2566 2565
f 2049 2529 2528
f 2069 2548 2550
f 2053 2533 2534
f 2061 2538 2536
f 2073 2552 2553
f 2076 2555 2556
f 2079 2557 2561
f 2066 2540 2541
f 2064 2544 2543
f 2085 2567 2563
f 2048 2531 2530
f 2333 2090 2093
f 2329 2089 2090
f 2330 2091 2089
f 2336 2092 2091
f 2339 2093 2092
f 2348 2098 2095
f 2412 2116 2118
f 2499 2145 2148
f 2487 2141 2142
f 2438 2127 2125
f 2378 2105 2108
f 2374 2104 2105
f 2375 2106 2104
f 2381 2107 2106
f 2384 2108 2107
f 2396 2111 2112
f 2363 2103 2100
f 2420 2123 2119
f 2457 2132 2131
f 2465 2134 2138
f 2494 2144 2147
f 2404 2114 2115
f 2345 2094 2096
f 2435 2124 2128
f 2480 2139 2143
f 2408 2115 2117
f 2502 2147 2146
f 2484 2143 2140
f 2442 2128 2126
f 2351 2096 2097
f 2468 2135 2136
f 2389 2110 2109
f 2360 2099 2101
f 2423 2120 2122
f 2454 2130 2133
f 2472 2136 2137
f 2390 2109 2113
f 2366 2101 2102
f 2426 2122 2121
f 2450 2133 2129
f 2405 2118 2114
f 2344 2095 2094
f 2434 2125 2124
f 2479 2142 2139
f 2495 2148 2144
f 2464 2137 2134
f 2397 2113 2111
f 2369 2102 2103
f 2427 2121 2123
f 2449 2129 2132
f 2393 2112 2110
f 2359 2100 2099
f 2419 2119 2120
f 2453 2131 2130
f 2469 2138 2135
f 2411 2117 2116
f 2498 2146 2145
f 2483 2140 2141
f 2441 2126 2127
f 2354 2097 2098
f 2517 2284 2283
f 2513 2182 2181
f 2514 2187 2188
f 2520 2313 2314
f 2523 2325 2326
f 2526 2277 2278
f 2560 2274 2273
f 2545 2226 2224
f 2565 2292 2290
f 2528 2193 2195
f 2550 2266 2265
f 2534 2213 2211
f 2536 2217 2219
f 2553 2295 2296
f 2556 2321 2322
f 2561 2280 2279
f 2541 2271 2272
f 2543 2223 2225
f 2563 2289 2291
f 2530 2196 2194
f 2342 2173 2175
f 2334 2155 2157
f 2332 2149 2152
f 2338 2161 2164
f 2341 2167 2170
f 2350 2179 2183
f 2418 2281 2285
f 2508 2324 2328
f 2491 2312 2316
f 2440 2186 2190
f 2387 2251 2253
f 2379 2233 2235
f 2377 2204 2208
f 2383 2239 2243
f 2386 2245 2248
f 2401 2263 2267
f 2365 2209 2212
f 2422 2216 2220
f 2459 2294 2298
f 2477 2318 2320
f 2505 2282 2284
f 2409 2180 2182
f 2352 2185 2187
f 2447 2311 2313
f 2492 2323 2325
f 2415 2275 2277
f 2504 2270 2274
f 2486 2222 2226
f 2444 2288 2292
f 2355 2191 2193
f 2473 2264 2266
f 2391 2210 2213
f 2367 2215 2217
f 2430 2293 2295
f 2463 2317 2321
f 2476 2276 2280
f 2402 2269 2271
f 2370 2221 2223
f 2428 2287 2289
f 2452 2192 2196
f 2407 2156 2160
f 2346 2150 2153
f 2436 2162 2165
f 2481 2168 2171
f 2497 2174 2178
f 2466 2198 2201
f 2399 2257 2260
f 2373 2227 2230
f 2433 2299 2303
f 2460 2306 2308
f 2395 2234 2238
f 2361 2203 2205
f 2424 2240 2242
f 2455 2246 2249
f 2471 2252 2256
f 2413 2258 2261
f 2500 2228 2231
f 2488 2300 2302
f 2446 2305 2309
f 2358 2197 2200
f 2515 2160 2158
f 2509 2153 2151
f 2512 2165 2163
f 2519 2171 2169
f 2522 2178 2176
f 2525 2201 2199
f 2559 2260 2262
f 2546 2230 2232
f 2566 2303 2304
f 2529 2308 2307
f 2548 2238 2237
f 2533 2205 2207
f 2538 2242 2241
f 2552 2249 2247
f 2555 2256 2254
f 2557 2261 2259
f 2540 2231 2229
f 2544 2302 2301
f 2567 2309 2310
f 2531 2200 2202
f 2335 2158 2155
f 2331 2151 2149
f 2337 2163 2161
f 2340 2169 2167
f 2343 2176 2173
f 2357 2199 2197
f 2414 2262 2258
f 2501 2232 2228
f 2489 2304 2300
f 2445 2307 2305
f 2380 2237 2233
f 2376 2207 2204
f 2382 2241 2239
f 2385 2247 2245
f 2388 2254 2251
f 2398 2259 2257
f 2372 2229 2227
f 2432 2301 2299
f 2461 2310 2306
f 2467 2202 2198
f 2496 2177 2174
f 2406 2159 2156
f 2347 2154 2150
f 2437 2166 2162
f 2482 2172 2168
f 2410 2184 2180
f 2506 2286 2282
f 2493 2327 2323
f 2448 2315 2311
f 2353 2189 2185
f 2470 2255 2252
f 2394 2236 2234
f 2362 2206 2203
f 2425 2244 2240
f 2456 2250 2246
f 2474 2268 2264
f 2392 2214 2210
f 2368 2218 2215
f 2431 2297 2293
f 2462 2319 2317
f 2417 2283 2281
f 2349 2181 2179
f 2439 2188 2186
f 2490 2314 2312
f 2507 2326 2324
f 2475 2278 2276
f 2403 2273 2269
f 2371 2224 2221
f 2429 2290 2287
f 2451 2195 2192
f 2400 2265 2263
f 2364 2211 2209
f 2421 2219 2216
f 2458 2296 2294
f 2478 2322 2318
f 2416 2279 2275
f 2503 2272 2270
f 2485 2225 2222
f 2443 2291 2288
f 2356 2194 2191
f 2516 2175 2177
f 2510 2157 2159
f 2511 2152 2154
f 2518 2164 2166
f 2521 2170 2172
f 2524 2183 2184
f 2562 2285 2286
f 2547 2328 2327
f 2568 2316 2315
f 2527 2190 2189
f 2549 2253 2255
f 2537 2235 2236
f 2535 2208 2206
f 2551 2243 2244
f 2554 2248 2250
f 2558 2267 2268
f 2539 2212 2214
f 2542 2220 2218
f 2564 2298 2297
f 2532 2320 2319
f 2333 2342 2335
f 2329 2334 2331
f 2330 2332 2337
f 2336 2338 2340
f 2339 2341 2343
f 2348 2350 2357
f 2412 2418 2414
f 2499 2508 2501
f 2487 2491 2489
f 2438 2440 2445
f 2378 2387 2380
f 2374 2379 2376
f 2375 2377 2382
f 2381 2383 2385
f 2384 2386 2388
f 2396 2401 2398
f 2363 2365 2372
f 2420 2422 2432
f 2457 2459 2461
f 2465 2477 2467
f 2494 2505 2496
f 2404 2409 2406
f 2345 2352 2347
f 2435 2447 2437
f 2480 2492 2482
f 2408 2415 2410
f 2502 2504 2506
f 2484 2486 2493
f 2442 2444 2448
f 2351 2355 2353
f 2468 2473 2470
f 2389 2391 2394
f 2360 2367 2362
f 2423 2430 2425
f 2454 2463 2456
f 2472 2476 2474
f 2390 2402 2392
f 2366 2370 2368
f 2426 2428 2431
f 2450 2452 2462
f 2405 2407 2417
f 2344 2346 2349
f 2434 2436 2439
f 2479 2481 2490
f 2495 2497 2507
f 2464 2466 2475
f 2397 2399 2403
f 2369 2373 2371
f 2427 2433 2429
f 2449 2460 2451
f 2393 2395 2400
f 2359 2361 2364
f 2419 2424 2421
f 2453 2455 2458
f 2469 2471 2478
f 2411 2413 2416
f 2498 2500 2503
f 2483 2488 2485
f 2441 2446 2443
f 2354 2358 2356
f 2517 2515 2516
f 2513 2509 2510
f 2514 2512 2511
f 2520 2519 2518
f 2523 2522 2521
f 2526 2525 2524
f 2560 2559 2562
f 2545 2546 2547
f 2565 2566 2568
f 2528 2529 2527
f 2550 2548 2549
f 2534 2533 2537
f 2536 2538 2535
f 2553 2552 2551
f 2556 2555 2554
f 2561 2557 2558
f 2541 2540 2539
f 2543 2544 2542
f 2563 2567 2564
f 2530 2531 2532
f 2569 2735 2732
f 2569 2732 2731
f 2569 2731 2733
f 2569 2733 2734
f 2569 2734 2735
f 2570 2737 2740
f 2574 2760 2758
f 2580 2790 2787
f 2579 2784 2783
f 2576 2767 2769
f 2572 2750 2747
f 2572 2747 2746
f 2572 2746 2748
f 2572 2748 2749
f 2572 2749 2750
f 2573 2754 2753
f 2571 2742 2745
f 2575 2761 2765
f 2577 2773 2774
f 2578 2780 2776
f 2580 2789 2786
f 2574 2757 2756
f 2570 2738 2736
f 2576 2770 2766
f 2579 2785 2781
f 2574 2759 2757
f 2580 2788 2789
f 2579 2782 2785
f 2576 2768 2770
f 2570 2739 2738
f 2578 2778 2777
f 2573 2751 2752
f 2571 2743 2741
f 2575 2764 2762
f 2577 2775 2772
f 2578 2779 2778
f 2573 2755 2751
f 2571 2744 2743
f 2575 2763 2764
f 2577 2771 2775
f 2574 2756 2760
f 2570 2736 2737
f 2576 2766 2767
f 2579 2781 2784
f 2580 2786 2790
f 2578 2776 2779
f 2573 2753 2755
f 2571 2745 2744
f 2575 2765 2763
f 2577 2774 2771
f 2573 2752 2754
f 2571 2741 2742
f 2575 2762 2761
f 2577 2772 2773
f 2578 2777 2780
f 2574 2758 2759
f 2580 2787 2788
f 2579 2783 2782
f 2576 2769 2768
f 2570 2740 2739
f 2603 2925 2926
f 2586 2823 2824
f 2587 2830 2829
f 2608 2956 2955
f 2610 2968 2967
f 2602 2920 2919
f 2601 2915 2916
f 2593 2866 2868
f 2604 2932 2934
f 2588 2837 2835
f 2600 2907 2908
f 2591 2853 2855
f 2592 2861 2859
f 2605 2938 2937
f 2609 2964 2963
f 2602 2921 2922
f 2601 2914 2913
f 2593 2867 2865
f 2604 2933 2931
f 2588 2836 2838
f 2585 2817 2815
f 2582 2799 2797
f 2581 2794 2791
f 2583 2806 2803
f 2584 2812 2809
f 2586 2825 2821
f 2603 2927 2923
f 2610 2970 2966
f 2608 2958 2954
f 2587 2832 2828
f 2598 2895 2893
f 2595 2877 2875
f 2590 2850 2846
f 2596 2885 2881
f 2597 2890 2887
f 2600 2909 2905
f 2591 2854 2851
f 2592 2862 2858
f 2605 2940 2936
f 2609 2962 2960
f 2603 2926 2924
f 2586 2824 2822
f 2587 2829 2827
f 2608 2955 2953
f 2610 2967 2965
f 2602 2919 2917
f 2601 2916 2912
f 2593 2868 2864
f 2604 2934 2930
f 2588 2835 2833
f 2600 2908 2906
f 2591 2855 2852
f 2592 2859 2857
f 2605 2937 2935
f 2609 2963 2959
f 2602 2922 2918
f 2601 2913 2911
f 2593 2865 2863
f 2604 2931 2929
f 2588 2838 2834
f 2582 2802 2798
f 2581 2795 2792
f 2583 2807 2804
f 2584 2813 2810
f 2585 2820 2816
f 2589 2843 2840
f 2599 2902 2899
f 2594 2872 2869
f 2606 2945 2941
f 2607 2950 2948
f 2595 2880 2876
f 2590 2847 2845
f 2596 2884 2882
f 2597 2891 2888
f 2598 2898 2894
f 2599 2903 2900
f 2594 2873 2870
f 2606 2944 2942
f 2607 2951 2947
f 2589 2842 2839
f 2582 2800 2802
f 2581 2793 2795
f 2583 2805 2807
f 2584 2811 2813
f 2585 2818 2820
f 2589 2841 2843
f 2599 2904 2902
f 2594 2874 2872
f 2606 2946 2945
f 2607 2949 2950
f 2595 2879 2880
f 2590 2849 2847
f 2596 2883 2884
f 2597 2889 2891
f 2598 2896 2898
f 2599 2901 2903
f 2594 2871 2873
f 2606 2943 2944
f 2607 2952 2951
f 2589 2844 2842
f 2582 2797 2800
f 2581 2791 2793
f 2583 2803 2805
f 2584 2809 2811
f 2585 2815 2818
f 2589 2839 2841
f 2599 2900 2904
f 2594 2870 2874
f 2606 2942 2946
f 2607 2947 2949
f 2595 2875 2879
f 2590 2846 2849
f 2596 2881 2883
f 2597 2887 2889
f 2598 2893 2896
f 2599 2899 2901
f 2594 2869 2871
f 2606 2941 2943
f 2607 2948 2952
f 2589 2840 2844
f 2585 2816 2819
f 2582 2798 2801
f 2581 2792 2796
f 2583 2804 2808
f 2584 2810 2814
f 2586 2822 2826
f 2603 2924 2928
f 2610 2965 2969
f 2608 2953 2957
f 2587 2827 2831
f 2598 2894 2897
f 2595 2876 2878
f 2590 2845 2848
f 2596 2882 2886
f 2597 2888 2892
f 2600 2906 2910
f 2591 2852 2856
f 2592 2857 2860
f 2605 2935 2939
f 2609 2959 2961
f 2603 2923 2925
f 2586 2821 2823
f 2587 2828 2830
f 2608 2954 2956
f 2610 2966 2968
f 2602 2918 2920
f 2601 2911 2915
f 2593 2863 2866
f 2604 2929 2932
f 2588 2834 2837
f 2600 2905 2907
f 2591 2851 2853
f 2592 2858 2861
f 2605 2936 2938
f 2609 2960 2964
f 2602 2917 2921
f 2601 2912 2914
f 2593 2864 2867
f 2604 2930 2933
f 2588 2833 2836
f 2585 2819 2817
f 2582 2801 2799
f 2581 2796 2794
f 2583 2808 2806
f 2584 2814 2812
f 2586 2826 2825
f 2603 2928 2927
f 2610 2969 2970
f 2608 2957 2958
f 2587 2831 2832
f 2598 2897 2895
f 2595 2878 2877
f 2590 2848 2850
f 2596 2886 2885
f 2597 2892 2890
f 2600 2910 2909
f 2591 2856 2854
f 2592 2860 2862
f 2605 2939 2940
f 2609 2961 2962
f 2675 2977 2984
f 2671 2973 2976
f 2672 2979 2974
f 2678 2982 2980
f 2681 2985 2983
f 2686 2999 2992
f 2722 3056 3060
f 2709 3143 3150
f 2730 3131 3133
f 2689 3087 3082
f 2710 3022 3029
f 2697 3018 3021
f 2698 3024 3019
f 2712 3027 3025
f 2714 3030 3028
f 2719 3040 3043
f 2699 3014 3007
f 2704 3074 3064
f 2729 3103 3101
f 2694 3109 3119
f 2684 3138 3147
f 2676 3048 3051
f 2674 2989 2994
f 2680 3079 3089
f 2683 3124 3134
f 2687 3052 3057
f 2724 3148 3146
f 2707 3135 3128
f 2728 3090 3086
f 2688 2995 2997
f 2717 3112 3115
f 2700 3036 3033
f 2696 3004 3009
f 2713 3067 3072
f 2716 3098 3105
f 2723 3116 3118
f 2701 3034 3044
f 2702 3010 3012
f 2725 3073 3070
f 2692 3104 3094
f 2677 3059 3049
f 2673 2991 2988
f 2679 3081 3078
f 2682 3132 3123
f 2685 3149 3139
f 2693 3117 3108
f 2720 3045 3041
f 2705 3013 3015
f 2726 3071 3075
f 2691 3093 3102
f 2711 3042 3037
f 2695 3006 3003
f 2703 3063 3066
f 2715 3100 3097
f 2718 3120 3113
f 2721 3058 3055
f 2708 3145 3142
f 2706 3127 3130
f 2727 3085 3088
f 2690 2998 3000
f 2675 3158 3157
f 2671 3152 3151
f 2672 3153 3154
f 2678 3160 3161
f 2681 3163 3164
f 2686 3166 3167
f 2722 3204 3201
f 2709 3189 3188
f 2730 3210 3208
f 2689 3169 3171
f 2710 3191 3190
f 2697 3179 3175
f 2698 3177 3180
f 2712 3193 3194
f 2714 3196 3197
f 2719 3200 3199
f 2699 3181 3182
f 2704 3184 3186
f 2729 3206 3209
f 2694 3174 3173
f 2615 2975 2735
f 2612 2971 2732
f 2611 2972 2731
f 2613 2978 2733
f 2614 2981 2734
f 2617 2990 2737
f 2640 3054 2760
f 2670 3141 2790
f 2664 3129 2784
f 2647 3080 2767
f 2630 3020 2750
f 2627 3016 2747
f 2626 3017 2746
f 2628 3023 2748
f 2629 3026 2749
f 2634 3038 2754
f 2622 3005 2742
f 2641 3062 2761
f 2653 3099 2773
f 2660 3107 2780
f 2669 3136 2789
f 2637 3046 2757
f 2618 2987 2738
f 2650 3077 2770
f 2665 3122 2785
f 2639 3050 2759
f 2668 3144 2788
f 2662 3126 2782
f 2648 3084 2768
f 2619 2993 2739
f 2658 3110 2778
f 2631 3031 2751
f 2623 3002 2743
f 2644 3065 2764
f 2655 3096 2775
f 2659 3114 2779
f 2635 3032 2755
f 2624 3008 2744
f 2643 3068 2763
f 2651 3092 2771
f 2636 3047 2756
f 2616 2986 2736
f 2646 3076 2766
f 2661 3121 2781
f 2666 3137 2786
f 2656 3106 2776
f 2633 3039 2753
f 2625 3011 2745
f 2645 3069 2765
f 2654 3091 2774
f 2632 3035 2752
f 2621 3001 2741
f 2642 3061 2762
f 2652 3095 2772
f 2657 3111 2777
f 2638 3053 2758
f 2667 3140 2787
f 2663 3125 2783
f 2649 3083 2769
f 2620 2996 2740
f 2677 3159 2925
f 2673 3155 2823
f 2679 3156 2830
f 2682 3162 2956
f 2685 3165 2968
f 2693 3168 2920
f 2720 3202 2915
f 2705 3187 2866
f 2726 3207 2932
f 2691 3170 2837
f 2711 3192 2907
f 2695 3176 2853
f 2703 3178 2861
f 2715 3195 2938
f 2718 3198 2964
f 2721 3203 2921
f 2708 3183 2914
f 2706 3185 2867
f 2727 3205 2933
f 2690 3172 2836
f 2675 2984 2817
f 2671 2976 2799
f 2672 2974 2794
f 2678 2980 2806
f 2681 2983 2812
f 2686 2992 2825
f 2722 3060 2927
f 2709 3150 2970
f 2730 3133 2958
f 2689 3082 2832
f 2710 3029 2895
f 2697 3021 2877
f 2698 3019 2850
f 2712 3025 2885
f 2714 3028 2890
f 2719 3043 2909
f 2699 3007 2854
f 2704 3064 2862
f 2729 3101 2940
f 2694 3119 2962
f 2684 3147 2926
f 2676 3051 2824
f 2674 2994 2829
f 2680 3089 2955
f 2683 3134 2967
f 2687 3057 2919
f 2724 3146 2916
f 2707 3128 2868
f 2728 3086 2934
f 2688 2997 2835
f 2717 3115 2908
f 2700 3033 2855
f 2696 3009 2859
f 2713 3072 2937
f 2716 3105 2963
f 2723 3118 2922
f 2701 3044 2913
f 2702 3012 2865
f 2725 3070 2931
f 2692 3094 2838
f 2677 3049 2802
f 2673 2988 2795
f 2679 3078 2807
f 2682 3123 2813
f 2685 3139 2820
f 2693 3108 2843
f 2720 3041 2902
f 2705 3015 2872
f 2726 3075 2945
f 2691 3102 2950
f 2711 3037 2880
f 2695 3003 2847
f 2703 3066 2884
f 2715 3097 2891
f 2718 3113 2898
f 2721 3055 2903
f 2708 3142 2873
f 2706 3130 2944
f 2727 3088 2951
f 2690 3000 2842
f 2675 3157 2800
f 2671 3151 2793
f 2672 3154 2805
f 2678 3161 2811
f 2681 3164 2818
f 2686 3167 2841
f 2722 3201 2904
f 2709 3188 2874
f 2730 3208 2946
f 2689 3171 2949
f 2710 3190 2879
f 2697 3175 2849
f 2698 3180 2883
f 2712 3194 2889
f 2714 3197 2896
f 2719 3199 2901
f 2699 3182 2871
f 2704 3186 2943
f 2729 3209 2952
f 2694 3173 2844
f 2612 2977 2797
f 2611 2973 2791
f 2613 2979 2803
f 2614 2982 2809
f 2615 2985 2815
f 2620 2999 2839
f 2638 3056 2900
f 2667 3143 2870
f 2663 3131 2942
f 2649 3087 2947
f 2627 3022 2875
f 2626 3018 2846
f 2628 3024 2881
f 2629 3027 2887
f 2630 3030 2893
f 2633 3040 2899
f 2625 3014 2869
f 2645 3074 2941
f 2654 3103 2948
f 2656 3109 2840
f 2666 3138 2816
f 2636 3048 2798
f 2616 2989 2792
f 2646 3079 2804
f 2661 3124 2810
f 2637 3052 2822
f 2669 3148 2924
f 2665 3135 2965
f 2650 3090 2953
f 2618 2995 2827
f 2657 3112 2894
f 2632 3036 2876
f 2621 3004 2845
f 2642 3067 2882
f 2652 3098 2888
f 2658 3116 2906
f 2631 3034 2852
f 2623 3010 2857
f 2644 3073 2935
f 2655 3104 2959
f 2640 3059 2923
f 2617 2991 2821
f 2647 3081 2828
f 2664 3132 2954
f 2670 3149 2966
f 2659 3117 2918
f 2635 3045 2911
f 2624 3013 2863
f 2643 3071 2929
f 2651 3093 2834
f 2634 3042 2905
f 2622 3006 2851
f 2641 3063 2858
f 2653 3100 2936
f 2660 3120 2960
f 2639 3058 2917
f 2668 3145 2912
f 2662 3127 2864
f 2648 3085 2930
f 2619 2998 2833
f 2684 3158 2819
f 2676 3152 2801
f 2674 3153 2796
f 2680 3160 2808
f 2683 3163 2814
f 2687 3166 2826
f 2724 3204 2928
f 2707 3189 2969
f 2728 3210 2957
f 2688 3169 2831
f 2717 3191 2897
f 2700 3179 2878
f 2696 3177 2848
f 2713 3193 2886
f 2716 3196 2892
f 2723 3200 2910
f 2701 3181 2856
f 2702 3184 2860
f 2725 3206 2939
f 2692 3174 2961
f 2612 2975 2977
f 2611 2971 2973
f 2613 2972 2979
f 2614 2978 2982
f 2615 2981 2985
f 2620 2990 2999
f 2638 3054 3056
f 2667 3141 3143
f 2663 3129 3131
f 2649 3080 3087
f 2627 3020 3022
f 2626 3016 3018
f 2628 3017 3024
f 2629 3023 3027
f 2630 3026 3030
f 2633 3038 3040
f 2625 3005 3014
f 2645 3062 3074
f 2654 3099 3103
f 2656 3107 3109
f 2666 3136 3138
f 2636 3046 3048
f 2616 2987 2989
f 2646 3077 3079
f 2661 3122 3124
f 2637 3050 3052
f 2669 3144 3148
f 2665 3126 3135
f 2650 3084 3090
f 2618 2993 2995
f 2657 3110 3112
f 2632 3031 3036
f 2621 3002 3004
f 2642 3065 3067
f 2652 3096 3098
f 2658 3114 3116
f 2631 3032 3034
f 2623 3008 3010
f 2644 3068 3073
f 2655 3092 3104
f 2640 3047 3059
f 2617 2986 2991
f 2647 3076 3081
f 2664 3121 3132
f 2670 3137 3149
f 2659 3106 3117
f 2635 3039 3045
f 2624 3011 3013
f 2643 3069 3071
f 2651 3091 3093
f 2634 3035 3042
f 2622 3001 3006
f 2641 3061 3063
f 2653 3095 3100
f 2660 3111 3120
f 2639 3053 3058
f 2668 3140 3145
f 2662 3125 3127
f 2648 3083 3085
f 2619 2996 2998
f 2684 3159 3158
f 2676 3155 3152
f 2674 3156 3153
f 2680 3162 3160
f 2683 3165 3163
f 2687 3168 3166
f 2724 3202 3204
f 2707 3187 3189
f 2728 3207 3210
f 2688 3170 3169
f 2717 3192 3191
f 2700 3176 3179
f 2696 3178 3177
f 2713 3195 3193
f 2716 3198 3196
f 2723 3203 3200
f 2701 3183 3181
f 2702 3185 3184
f 2725 3205 3206
f 2692 3172 3174
f 2612 2732 2975
f 2611 2731 2971
f 2613 2733 2972
f 2614 2734 2978
f 2615 2735 2981
f 2620 2740 2990
f 2638 2758 3054
f 2667 2787 3141
f 2663 2783 3129
f 2649 2769 3080
f 2627 2747 3020
f 2626 2746 3016
f 2628 2748 3017
f 2629 2749 3023
f 2630 2750 3026
f 2633 2753 3038
f 2625 2745 3005
f 2645 2765 3062
f 2654 2774 3099
f 2656 2776 3107
f 2666 2786 3136
f 2636 2756 3046
f 2616 2736 2987
f 2646 2766 3077
f 2661 2781 3122
f 2637 2757 3050
f 2669 2789 3144
f 2665 2785 3126
f 2650 2770 3084
f 2618 2738 2993
f 2657 2777 3110
f 2632 2752 3031
f 2621 2741 3002
f 2642 2762 3065
f 2652 2772 3096
f 2658 2778 3114
f 2631 2751 3032
f 2623 2743 3008
f 2644 2764 3068
f 2655 2775 3092
f 2640 2760 3047
f 2617 2737 2986
f 2647 2767 3076
f 2664 2784 3121
f 2670 2790 3137
f 2659 2779 3106
f 2635 2755 3039
f 2624 2744 3011
f 2643 2763 3069
f 2651 2771 3091
f 2634 2754 3035
f 2622 2742 3001
f 2641 2761 3061
f 2653 2773 3095
f 2660 2780 3111
f 2639 2759 3053
f 2668 2788 3140
f 2662 2782 3125
f 2648 2768 3083
f 2619 2739 2996
f 2684 2926 3159
f 2676 2824 3155
f 2674 2829 3156
f 2680 2955 3162
f 2683 2967 3165
f 2687 2919 3168
f 2724 2916 3202
f 2707 2868 3187
f 2728 2934 3207
f 2688 2835 3170
f 2717 2908 3192
f 2700 2855 3176
f 2696 2859 3178
f 2713 2937 3195
f 2716 2963 3198
f 2723 2922 3203
f 2701 2913 3183
f 2702 2865 3185
f 2725 2931 3205
f 2692 2838 3172
f 2615 2815 2984
f 2612 2797 2976
f 2611 2791 2974
f 2613 2803 2980
f 2614 2809 2983
f 2617 2821 2992
f 2640 2923 3060
f 2670 2966 3150
f 2664 2954 3133
f 2647 2828 3082
f 2630 2893 3029
f 2627 2875 3021
f 2626 2846 3019
f 2628 2881 3025
f 2629 2887 3028
f 2634 2905 3043
f 2622 2851 3007
f 2641 2858 3064
f 2653 2936 3101
f 2660 2960 3119
f 2669 2924 3147
f 2637 2822 3051
f 2618 2827 2994
f 2650 2953 3089
f 2665 2965 3134
f 2639 2917 3057
f 2668 2912 3146
f 2662 2864 3128
f 2648 2930 3086
f 2619 2833 2997
f 2658 2906 3115
f 2631 2852 3033
f 2623 2857 3009
f 2644 2935 3072
f 2655 2959 3105
f 2659 2918 3118
f 2635 2911 3044
f 2624 2863 3012
f 2643 2929 3070
f 2651 2834 3094
f 2636 2798 3049
f 2616 2792 2988
f 2646 2804 3078
f 2661 2810 3123
f 2666 2816 3139
f 2656 2840 3108
f 2633 2899 3041
f 2625 2869 3015
f 2645 2941 3075
f 2654 2948 3102
f 2632 2876 3037
f 2621 2845 3003
f 2642 2882 3066
f 2652 2888 3097
f 2657 2894 3113
f 2638 2900 3055
f 2667 2870 3142
f 2663 2942 3130
f 2649 2947 3088
f 2620 2839 3000
f 2677 2802 3157
f 2673 2795 3151
f 2679 2807 3154
f 2682 2813 3161
f 2685 2820 3164
f 2693 2843 3167
f 2720 2902 3201
f 2705 2872 3188
f 2726 2945 3208
f 2691 2950 3171
f 2711 2880 3190
f 2695 2847 3175
f 2703 2884 3180
f 2715 2891 3194
f 2718 2898 3197
f 2721 2903 3199
f 2708 2873 3182
f 2706 2944 3186
f 2727 2951 3209
f 2690 2842 3173
f 2675 2800 2977
f 2671 2793 2973
f 2672 2805 2979
f 2678 2811 2982
f 2681 2818 2985
f 2686 2841 2999
f 2722 2904 3056
f 2709 2874 3143
f 2730 2946 3131
f 2689 2949 3087
f 2710 2879 3022
f 2697 2849 3018
f 2698 2883 3024
f 2712 2889 3027
f 2714 2896 3030
f 2719 2901 3040
f 2699 2871 3014
f 2704 2943 3074
f 2729 2952 3103
f 2694 2844 3109
f 2684 2819 3138
f 2676 2801 3048
f 2674 2796 2989
f 2680 2808 3079
f 2683 2814 3124
f 2687 2826 3052
f 2724 2928 3148
f 2707 2969 3135
f 2728 2957 3090
f 2688 2831 2995
f 2717 2897 3112
f 2700 2878 3036
f 2696 2848 3004
f 2713 2886 3067
f 2716 2892 3098
f 2723 2910 3116
f 2701 2856 3034
f 2702 2860 3010
f 2725 2939 3073
f 2692 2961 3104
f 2677 2925 3059
f 2673 2823 2991
f 2679 2830 3081
f 2682 2956 3132
f 2685 2968 3149
f 2693 2920 3117
f 2720 2915 3045
f 2705 2866 3013
f 2726 2932 3071
f 2691 2837 3093
f 2711 2907 3042
f 2695 2853 3006
f 2703 2861 3063
f 2715 2938 3100
f 2718 2964 3120
f 2721 2921 3058
f 2708 2914 3145
f 2706 2867 3127
f 2727 2933 3085
f 2690 2836 2998
f 2675 2817 3158
f 2671 2799 3152
f 2672 2794 3153
f 2678 2806 3160
f 2681 2812 3163
f 2686 2825 3166
f 2722 2927 3204
f 2709 2970 3189
f 2730 2958 3210
f 2689 2832 3169
f 2710 2895 3191
f 2697 2877 3179
f 2698 2850 3177
f 2712 2885 3193
f 2714 2890 3196
f 2719 2909 3200
f 2699 2854 3181
f 2704 2862 3184
f 2729 2940 3206
f 2694 2962 3174
f 2615 2984 2975
f 2612 2976 2971
f 2611 2974 2972
f 2613 2980 2978
f 2614 2983 2981
f 2617 2992 2990
f 2640 3060 3054
f 2670 3150 3141
f 2664 3133 3129
f 2647 3082 3080
f 2630 3029 3020
f 2627 3021 3016
f 2626 3019 3017
f 2628 3025 3023
f 2629 3028 3026
f 2634 3043 3038
f 2622 3007 3005
f 2641 3064 3062
f 2653 3101 3099
f 2660 3119 3107
f 2669 3147 3136
f 2637 3051 3046
f 2618 2994 2987
f 2650 3089 3077
f 2665 3134 3122
f 2639 3057 3050
f 2668 3146 3144
f 2662 3128 3126
f 2648 3086 3084
f 2619 2997 2993
f 2658 3115 3110
f 2631 3033 3031
f 2623 3009 3002
f 2644 3072 3065
f 2655 3105 3096
f 2659 3118 3114
f 2635 3044 3032
f 2624 3012 3008
f 2643 3070 3068
f 2651 3094 3092
f 2636 3049 3047
f 2616 2988 2986
f 2646 3078 3076
f 2661 3123 3121
f 2666 3139 3137
f 2656 3108 3106
f 2633 3041 3039
f 2625 3015 3011
f 2645 3075 3069
f 2654 3102 3091
f 2632 3037 3035
f 2621 3003 3001
f 2642 3066 3061
f 2652 3097 3095
f 2657 3113 3111
f 2638 3055 3053
f 2667 3142 3140
f 2663 3130 3125
f 2649 3088 3083
f 2620 3000 2996
f 2677 3157 3159
f 2673 3151 3155
f 2679 3154 3156
f 2682 3161 3162
f 2685 3164 3165
f 2693 3167 3168
f 2720 3201 3202
f 2705 3188 3187
f 2726 3208 3207
f 2691 3171 3170
f 2711 3190 3192
f 2695 3175 3176
f 2703 3180 3178
f 2715 3194 3195
f 2718 3197 3198
f 2721 3199 3203
f 2708 3182 3183
f 2706 3186 3185
f 2727 3209 3205
f 2690 3173 3172
f 2975 2732 2735
f 2971 2731 2732
f 2972 2733 2731
f 2978 2734 2733
f 2981 2735 2734
f 2990 2740 2737
f 3054 2758 2760
f 3141 2787 2790
f 3129 2783 2784
f 3080 2769 2767
f 3020 2747 2750
f 3016 2746 2747
f 3017 2748 2746
f 3023 2749 2748
f 3026 2750 2749
f 3038 2753 2754
f 3005 2745 2742
f 3062 2765 2761
f 3099 2774 2773
f 3107 2776 2780
f 3136 2786 2789
f 3046 2756 2757
f 2987 2736 2738
f 3077 2766 2770
f 3122 2781 2785
f 3050 2757 2759
f 3144 2789 2788
f 3126 2785 2782
f 3084 2770 2768
f 2993 2738 2739
f 3110 2777 2778
f 3031 2752 2751
f 3002 2741 2743
f 3065 2762 2764
f 3096 2772 2775
f 3114 2778 2779
f 3032 2751 2755
f 3008 2743 2744
f 3068 2764 2763
f 3092 2775 2771
f 3047 2760 2756
f 2986 2737 2736
f 3076 2767 2766
f 3121 2784 2781
f 3137 2790 2786
f 3106 2779 2776
f 3039 2755 2753
f 3011 2744 2745
f 3069 2763 2765
f 3091 2771 2774
f 3035 2754 2752
f 3001 2742 2741
f 3061 2761 2762
f 3095 2773 2772
f 3111 2780 2777
f 3053 2759 2758
f 3140 2788 2787
f 3125 2782 2783
f 3083 2768 2769
f 2996 2739 2740
f 3159 2926 2925
f 3155 2824 2823
f 3156 2829 2830
f 3162 2955 2956
f 3165 2967 2968
f 3168 2919 2920
f 3202 2916 2915
f 3187 2868 2866
f 3207 2934 2932
f 3170 2835 2837
f 3192 2908 2907
f 3176 2855 2853
f 3178 2859 2861
f 3195 2937 2938
f 3198 2963 2964
f 3203 2922 2921
f 3183 2913 2914
f 3185 2865 2867
f 3205 2931 2933
f 3172 2838 2836
f 2984 2815 2817
f 2976 2797 2799
f 2974 2791 2794
f 2980 2803 2806
f 2983 2809 2812
f 2992 2821 2825
f 3060 2923 2927
f 3150 2966 2970
f 3133 2954 2958
f 3082 2828 2832
f 3029 2893 2895
f 3021 2875 2877
f 3019 2846 2850
f 3025 2881 2885
f 3028 2887 2890
f 3043 2905 2909
f 3007 2851 2854
f 3064 2858 2862
f 3101 2936 2940
f 3119 2960 2962
f 3147 2924 2926
f 3051 2822 2824
f 2994 2827 2829
f 3089 2953 2955
f 3134 2965 2967
f 3057 2917 2919
f 3146 2912 2916
f 3128 2864 2868
f 3086 2930 2934
f 2997 2833 2835
f 3115 2906 2908
f 3033 2852 2855
f 3009 2857 2859
f 3072 2935 2937
f 3105 2959 2963
f 3118 2918 2922
f 3044 2911 2913
f 3012 2863 2865
f 3070 2929 2931
f 3094 2834 2838
f 3049 2798 2802
f 2988 2792 2795
f 3078 2804 2807
f 3123 2810 2813
f 3139 2816 2820
f 3108 2840 2843
f 3041 2899 2902
f 3015 2869 2872
f 3075 2941 2945
f 3102 2948 2950
f 3037 2876 2880
f 3003 2845 2847
f 3066 2882 2884
f 3097 2888 2891
f 3113 2894 2898
f 3055 2900 2903
f 3142 2870 2873
f 3130 2942 2944
f 3088 2947 2951
f 3000 2839 2842
f 3157 2802 2800
f 3151 2795 2793
f 3154 2807 2805
f 3161 2813 2811
f 3164 2820 2818
f 3167 2843 2841
f 3201 2902 2904
f 3188 2872 2874
f 3208 2945 2946
f 3171 2950 2949
f 3190 2880 2879
f 3175 2847 2849
f 3180 2884 2883
f 3194 2891 2889
f 3197 2898 2896
f 3199 2903 2901
f 3182 2873 2871
f 3186 2944 2943
f 3209 2951 2952
f 3173 2842 2844
f 2977 2800 2797
f 2973 2793 2791
f 2979 2805 2803
f 2982 2811 2809
f 2985 2818 2815
f 2999 2841 2839
f 3056 2904 2900
f 3143 2874 2870
f 3131 2946 2942
f 3087 2949 2947
f 3022 2879 2875
f 3018 2849 2846
f 3024 2883 2881
f 3027 2889 2887
f 3030 2896 2893
f 3040 2901 2899
f 3014 2871 2869
f 3074 2943 2941
f 3103 2952 2948
f 3109 2844 2840
f 3138 2819 2816
f 3048 2801 2798
f 2989 2796 2792
f 3079 2808 2804
f 3124 2814 2810
f 3052 2826 2822
f 3148 2928 2924
f 3135 2969 2965
f 3090 2957 2953
f 2995 2831 2827
f 3112 2897 2894
f 3036 2878 2876
f 3004 2848 2845
f 3067 2886 2882
f 3098 2892 2888
f 3116 2910 2906
f 3034 2856 2852
f 3010 2860 2857
f 3073 2939 2935
f 3104 2961 2959
f 3059 2925 2923
f 2991 2823 2821
f 3081 2830 2828
f 3132 2956 2954
f 3149 2968 2966
f 3117 2920 2918
f 3045 2915 2911
f 3013 2866 2863
f 3071 2932 2929
f 3093 2837 2834
f 3042 2907 2905
f 3006 2853 2851
f 3063 2861 2858
f 3100 2938 2936
f 3120 2964 2960
f 3058 2921 2917
f 3145 2914 2912
f 3127 2867 2864
f 3085 2933 2930
f 2998 2836 2833
f 3158 2817 2819
f 3152 2799 2801
f 3153 2794 2796
f 3160 2806 2808
f 3163 2812 2814
f 3166 2825 2826
f 3204 2927 2928
f 3189 2970 2969
f 3210 2958 2957
f 3169 2832 2831
f 3191 2895 2897
f 3179 2877 2878
f 3177 2850 2848
f 3193 2885 2886
f 3196 2890 2892
f 3200 2909 2910
f 3181 2854 2856
f 3184 2862 2860
f 3206 2940 2939
f 3174 2962 2961
f 2975 2984 2977
f 2971 2976 2973
f 2972 2974 2979
f 2978 2980 2982
f 2981 2983 2985
f 2990 2992 2999
f 3054 3060 3056
f 3141 3150 3143
f 3129 3133 3131
f 3080 3082 3087
f 3020 3029 3022
f 3016 3021 3018
f 3017 3019 3024
f 3023 3025 3027
f 3026 3028 3030
f 3038 3043 3040
f 3005 3007 3014
f 3062 3064 3074
f 3099 3101 3103
f 3107 3119 3109
f 3136 3147 3138
f 3046 3051 3048
f 2987 2994 2989
f 3077 3089 3079
f 3122 3134 3124
f 3050 3057 3052
f 3144 3146 3148
f 3126 3128 3135
f 3084 3086 3090
f 2993 2997 2995
f 3110 3115 3112
f 3031 3033 3036
f 3002 3009 3004
f 3065 3072 3067
f 3096 3105 3098
f 3114 3118 3116
f 3032 3044 3034
f 3008 3012 3010
f 3068 3070 3073
f 3092 3094 3104
f 3047 3049 3059
f 2986 2988 2991
f 3076 3078 3081
f 3121 3123 3132
f 3137 3139 3149
f 3106 3108 3117
f 3039 3041 3045
f 3011 3015 3013
f 3069 3075 3071
f 3091 3102 3093
f 3035 3037 3042
f 3001 3003 3006
f 3061 3066 3063
f 3095 3097 3100
f 3111 3113 3120
f 3053 3055 3058
f 3140 3142 3145
f 3125 3130 3127
f 3083 3088 3085
f 2996 3000 2998
f 3159 3157 3158
f 3155 3151 3152
f 3156 3154 3153
f 3162 3161 3160
f 3165 3164 3163
f 3168 3167 3166
f 3202 3201 3204
f 3187 3188 3189
f 3207 3208 3210
f 3170 3171 3169
f 3192 3190 3191
f 3176 3175 3179
f 3178 3180 3177
f 3195 3194 3193
f 3198 3197 3196
f 3203 3199 3200
f 3183 3182 3181
f 3185 3186 3184
f 3205 3209 3206
f 3172 3173 3174
f 3211 3377 3374
f 3211 3374 3373
f 3211 3373 3375
f 3211 3375 3376
f 3211 3376 3377
f 3212 3379 3382
f 3216 3402 3400
f 3222 3432 3429
f 3221 3426 3425
f 3218 3409 3411
f 3214 3392 3389
f 3214 3389 3388
f 3214 3388 3390
f 3214 3390 3391
f 3214 3391 3392
f 3215 3396 3395
f 3213 3384 3387
f 3217 3403 3407
f 3219 3415 3416
f 3220 3422 3418
f 3222 3431 3428
f 3216 3399 3398
f 3212 3380 3378
f 3218 3412 3408
f 3221 3427 3423
f 3216 3401 3399
f 3222 3430 3431
f 3221 3424 3427
f 3218 3410 3412
f 3212 3381 3380
f 3220 3420 3419
f 3215 3393 3394
f 3213 3385 3383
f 3217 3406 3404
f 3219 3417 3414
f 3220 3421 3420
f 3215 3397 3393
f 3213 3386 3385
f 3217 3405 3406
f 3219 3413 3417
f 3216 3398 3402
f 3212 3378 3379
f 3218 3408 3409
f 3221 3423 3426
f 3222 3428 3432
f 3220 3418 3421
f 3215 3395 3397
f 3213 3387 3386
f 3217 3407 3405
f 3219 3416 3413
f 3215 3394 3396
f 3213 3383 3384
f 3217 3404 3403
f 3219 3414 3415
f 3220 3419 3422
f 3216 3400 3401
f 3222 3429 3430
f 3221 3425 3424
f 3218 3411 3410
f 3212 3382 3381
f 3245 3567 3568
f 3228 3465 3466
f 3229 3472 3471
f 3250 3598 3597
f 3252 3610 3609
f 3244 3562 3561
f 3243 3557 3558
f 3235 3508 3510
f 3246 3574 3576
f 3230 3479 3477
f 3242 3549 3550
f 3233 3495 3497
f 3234 3503 3501
f 3247 3580 3579
f 3251 3606 3605
f 3244 3563 3564
f 3243 3556 3555
f 3235 3509 3507
f 3246 3575 3573
f 3230 3478 3480
f 3227 3459 3457
f 3224 3441 3439
f 3223 3436 3433
f 3225 3448 3445
f 3226 3454 3451
f 3228 3467 3463
f 3245 3569 3565
f 3252 3612 3608
f 3250 3600 3596
f 3229 3474 3470
f 3240 3537 3535
f 3237 3519 3517
f 3232 3492 3488
f 3238 3527 3523
f 3239 3532 3529
f 3242 3551 3547
f 3233 3496 3493
f 3234 3504 3500
f 3247 3582 3578
f 3251 3604 3602
f 3245 3568 3566
f 3228 3466 3464
f 3229 3471 3469
f 3250 3597 3595
f 3252 3609 3607
f 3244 3561 3559
f 3243 3558 3554
f 3235 3510 3506
f 3246 3576 3572
f 3230 3477 3475
f 3242 3550 3548
f 3233 3497 3494
f 3234 3501 3499
f 3247 3579 3577
f 3251 3605 3601
f 3244 3564 3560
f 3243 3555 3553
f 3235 3507 3505
f 3246 3573 3571
f 3230 3480 3476
f 3224 3444 3440
f 3223 3437 3434
f 3225 3449 3446
f 3226 3455 3452
f 3227 3462 3458
f 3231 3485 3482
f 3241 3544 3541
f 3236 3514 3511
f 3248 3587 3583
f 3249 3592 3590
f 3237 3522 3518
f 3232 3489 3487
f 3238 3526 3524
f 3239 3533 3530
f 3240 3540 3536
f 3241 3545 3542
f 3236 3515 3512
f 3248 3586 3584
f 3249 3593 3589
f 3231 3484 3481
f 3224 3442 3444
f 3223 3435 3437
f 3225 3447 3449
f 3226 3453 3455
f 3227 3460 3462
f 3231 3483 3485
f 3241 3546 3544
f 3236 3516 3514
f 3248 3588 3587
f 3249 3591 3592
f 3237 3521 3522
f 3232 3491 3489
f 3238 3525 3526
f 3239 3531 3533
f 3240 3538 3540
f 3241 3543 3545
f 3236 3513 3515
f 3248 3585 3586
f 3249 3594 3593
f 3231 3486 3484
f 3224 3439 3442
f 3223 3433 3435
f 3225 3445 3447
f 3226 3451 3453
f 3227 3457 3460
f 3231 3481 3483
f 3241 3542 3546
f 3236 3512 3516
f 3248 3584 3588
f 3249 3589 3591
f 3237 3517 3521
f 3232 3488 3491
f 3238 3523 3525
f 3239 3529 3531
f 3240 3535 3538
f 3241 3541 3543
f 3236 3511 3513
f 3248 3583 3585
f 3249 3590 3594
f 3231 3482 3486
f 3227 3458 3461
f 3224 3440 3443
f 3223 3434 3438
f 3225 3446 3450
f 3226 3452 3456
f 3228 3464 3468
f 3245 3566 3570
f 3252 3607 3611
f 3250 3595 3599
f 3229 3469 3473
f 3240 3536 3539
f 3237 3518 3520
f 3232 3487 3490
f 3238 3524 3528
f 3239 3530 3534
f 3242 3548 3552
f 3233 3494 3498
f 3234 3499 3502
f 3247 3577 3581
f 3251 3601 3603
f 3245 3565 3567
f 3228 3463 3465
f 3229 3470 3472
f 3250 3596 3598
f 3252 3608 3610
f 3244 3560 3562
f 3243 3553 3557
f 3235 3505 3508
f 3246 3571 3574
f 3230 3476 3479
f 3242 3547 3549
f 3233 3493 3495
f 3234 3500 3503
f 3247 3578 3580
f 3251 3602 3606
f 3244 3559 3563
f 3243 3554 3556
f 3235 3506 3509
f 3246 3572 3575
f 3230 3475 3478
f 3227 3461 3459
f 3224 3443 3441
f 3223 3438 3436
f 3225 3450 3448
f 3226 3456 3454
f 3228 3468 3467
f 3245 3570 3569
f 3252 3611 3612
f 3250 3599 3600
f 3229 3473 3474
f 3240 3539 3537
f 3237 3520 3519
f 3232 3490 3492
f 3238 3528 3527
f 3239 3534 3532
f 3242 3552 3551
f 3233 3498 3496
f 3234 3502 3504
f 3247 3581 3582
f 3251 3603 3604
f 3317 3619 3626
f 3313 3615 3618
f 3314 3621 3616
f 3320 3624 3622
f 3323 3627 3625
f 3328 3641 3634
f 3364 3698 3702
f 3351 3785 3792
f 3372 3773 3775
f 3331 3729 3724
f 3352 3664 3671
f 3339 3660 3663
f 3340 3666 3661
f 3354 3669 3667
f 3356 3672 3670
f 3361 3682 3685
f 3341 3656 3649
f 3346 3716 3706
f 3371 3745 3743
f 3336 3751 3761
f 3326 3780 3789
f 3318 3690 3693
f 3316 3631 3636
f 3322 3721 3731
f 3325 3766 3776
f 3329 3694 3699
f 3366 3790 3788
f 3349 3777 3770
f 3370 3732 3728
f 3330 3637 3639
f 3359 3754 3757
f 3342 3678 3675
f 3338 3646 3651
f 3355 3709 3714
f 3358 3740 3747
f 3365 3758 3760
f 3343 3676 3686
f 3344 3652 3654
f 3367 3715 3712
f 3334 3746 3736
f 3319 3701 3691
f 3315 3633 3630
f 3321 3723 3720
f 3324 3774 3765
f 3327 3791 3781
f 3335 3759 3750
f 3362 3687 3683
f 3347 3655 3657
f 3368 3713 3717
f 3333 3735 3744
f 3353 3684 3679
f 3337 3648 3645
f 3345 3705 3708
f 3357 3742 3739
f 3360 3762 3755
f 3363 3700 3697
f 3350 3787 3784
f 3348 3769 3772
f 3369 3727 3730
f 3332 3640 3642
f 3317 3800 3799
f 3313 3794 3793
f 3314 3795 3796
f 3320 3802 3803
f 3323 3805 3806
f 3328 3808 3809
f 3364 3846 3843
f 3351 3831 3830
f 3372 3852 3850
f 3331 3811 3813
f 3352 3833 3832
f 3339 3821 3817
f 3340 3819 3822
f 3354 3835 3836
f 3356 3838 3839
f 3361 3842 3841
f 3341 3823 3824
f 3346 3826 3828
f 3371 3848 3851
f 3336 3816 3815
f 3257 3617 3377
f 3254 3613 3374
f 3253 3614 3373
f 3255 3620 3375
f 3256 3623 3376
f 3259 3632 3379
f 3282 3696 3402
f 3312 3783 3432
f 3306 3771 3426
f 3289 3722 3409
f 3272 3662 3392
f 3269 3658 3389
f 3268 3659 3388
f 3270 3665 3390
f 3271 3668 3391
f 3276 3680 3396
f 3264 3647 3384
f 3283 3704 3403
f 3295 3741 3415
f 3302 3749 3422
f 3311 3778 3431
f 3279 3688 3399
f 3260 3629 3380
f 3292 3719 3412
f 3307 3764 3427
f 3281 3692 3401
f 3310 3786 3430
f 3304 3768 3424
f 3290 3726 3410
f 3261 3635 3381
f 3300 3752 3420
f 3273 3673 3393
f 3265 3644 3385
f 3286 3707 3406
f 3297 3738 3417
f 3301 3756 3421
f 3277 3674 3397
f 3266 3650 3386
f 3285 3710 3405
f 3293 3734 3413
f 3278 3689 3398
f 3258 3628 3378
f 3288 3718 3408
f 3303 3763 3423
f 3308 3779 3428
f 3298 3748 3418
f 3275 3681 3395
f 3267 3653 3387
f 3287 3711 3407
f 3296 3733 3416
f 3274 3677 3394
f 3263 3643 3383
f 3284 3703 3404
f 3294 3737 3414
f 3299 3753 3419
f 3280 3695 3400
f 3309 3782 3429
f 3305 3767 3425
f 3291 3725 3411
f 3262 3638 3382
f 3319 3801 3567
f 3315 3797 3465
f 3321 3798 3472
f 3324 3804 3598
f 3327 3807 3610
f 3335 3810 3562
f 3362 3844 3557
f 3347 3829 3508
f 3368 3849 3574
f 3333 3812 3479
f 3353 3834 3549
f 3337 3818 3495
f 3345 3820 3503
f 3357 3837 3580
f 3360 3840 3606
f 3363 3845 3563
f 3350 3825 3556
f 3348 3827 3509
f 3369 3847 3575
f 3332 3814 3478
f 3317 3626 3459
f 3313 3618 3441
f 3314 3616 3436
f 3320 3622 3448
f 3323 3625 3454
f 3328 3634 3467
f 3364 3702 3569
f 3351 3792 3612
f 3372 3775 3600
f 3331 3724 3474
f 3352 3671 3537
f 3339 3663 3519
f 3340 3661 3492
f 3354 3667 3527
f 3356 3670 3532
f 3361 3685 3551
f 3341 3649 3496
f 3346 3706 3504
f 3371 3743 3582
f 3336 3761 3604
f 3326 3789 3568
f 3318 3693 3466
f 3316 3636 3471
f 3322 3731 3597
f 3325 3776 3609
f 3329 3699 3561
f 3366 3788 3558
f 3349 3770 3510
f 3370 3728 3576
f 3330 3639 3477
f 3359 3757 3550
f 3342 3675 3497
f 3338 3651 3501
f 3355 3714 3579
f 3358 3747 3605
f 3365 3760 3564
f 3343 3686 3555
f 3344 3654 3507
f 3367 3712 3573
f 3334 3736 3480
f 3319 3691 3444
f 3315 3630 3437
f 3321 3720 3449
f 3324 3765 3455
f 3327 3781 3462
f 3335 3750 3485
f 3362 3683 3544
f 3347 3657 3514
f 3368 3717 3587
f 3333 3744 3592
f 3353 3679 3522
f 3337 3645 3489
f 3345 3708 3526
f 3357 3739 3533
f 3360 3755 3540
f 3363 3697 3545
f 3350 3784 3515
f 3348 3772 3586
f 3369 3730 3593
f 3332 3642 3484
f 3317 3799 3442
f 3313 3793 3435
f 3314 3796 3447
f 3320 3803 3453
f 3323 3806 3460
f 3328 3809 3483
f 3364 3843 3546
f 3351 3830 3516
f 3372 3850 3588
f 3331 3813 3591
f 3352 3832 3521
f 3339 3817 3491
f 3340 3822 3525
f 3354 3836 3531
f 3356 3839 3538
f 3361 3841 3543
f 3341 3824 3513
f 3346 3828 3585
f 3371 3851 3594
f 3336 3815 3486
f 3254 3619 3439
f 3253 3615 3433
f 3255 3621 3445
f 3256 3624 3451
f 3257 3627 3457
f 3262 3641 3481
f 3280 3698 3542
f 3309 3785 3512
f 3305 3773 3584
f 3291 3729 3589
f 3269 3664 3517
f 3268 3660 3488
f 3270 3666 3523
f 3271 3669 3529
f 3272 3672 3535
f 3275 3682 3541
f 3267 3656 3511
f 3287 3716 3583
f 3296 3745 3590
f 3298 3751 3482
f 3308 3780 3458
f 3278 3690 3440
f 3258 3631 3434
f 3288 3721 3446
f 3303 3766 3452
f 3279 3694 3464
f 3311 3790 3566
f 3307 3777 3607
f 3292 3732 3595
f 3260 3637 3469
f 3299 3754 3536
f 3274 3678 3518
f 3263 3646 3487
f 3284 3709 3524
f 3294 3740 3530
f 3300 3758 3548
f 3273 3676 3494
f 3265 3652 3499
f 3286 3715 3577
f 3297 3746 3601
f 3282 3701 3565
f 3259 3633 3463
f 3289 3723 3470
f 3306 3774 3596
f 3312 3791 3608
f 3301 3759 3560
f 3277 3687 3553
f 3266 3655 3505
f 3285 3713 3571
f 3293 3735 3476
f 3276 3684 3547
f 3264 3648 3493
f 3283 3705 3500
f 3295 3742 3578
f 3302 3762 3602
f 3281 3700 3559
f 3310 3787 3554
f 3304 3769 3506
f 3290 3727 3572
f 3261 3640 3475
f 3326 3800 3461
f 3318 3794 3443
f 3316 3795 3438
f 3322 3802 3450
f 3325 3805 3456
f 3329 3808 3468
f 3366 3846 3570
f 3349 3831 3611
f 3370 3852 3599
f 3330 3811 3473
f 3359 3833 3539
f 3342 3821 3520
f 3338 3819 3490
f 3355 3835 3528
f 3358 3838 3534
f 3365 3842 3552
f 3343 3823 3498
f 3344 3826 3502
f 3367 3848 3581
f 3334 3816 3603
f 3254 3617 3619
f 3253 3613 3615
f 3255 3614 3621
f 3256 3620 3624
f 3257 3623 3627
f 3262 3632 3641
f 3280 3696 3698
f 3309 3783 3785
f 3305 3771 3773
f 3291 3722 3729
f 3269 3662 3664
f 3268 3658 3660
f 3270 3659 3666
f 3271 3665 3669
f 3272 3668 3672
f 3275 3680 3682
f 3267 3647 3656
f 3287 3704 3716
f 3296 3741 3745
f 3298 3749 3751
f 3308 3778 3780
f 3278 3688 3690
f 3258 3629 3631
f 3288 3719 3721
f 3303 3764 3766
f 3279 3692 3694
f 3311 3786 3790
f 3307 3768 3777
f 3292 3726 3732
f 3260 3635 3637
f 3299 3752 3754
f 3274 3673 3678
f 3263 3644 3646
f 3284 3707 3709
f 3294 3738 3740
f 3300 3756 3758
f 3273 3674 3676
f 3265 3650 3652
f 3286 3710 3715
f 3297 3734 3746
f 3282 3689 3701
f 3259 3628 3633
f 3289 3718 3723
f 3306 3763 3774
f 3312 3779 3791
f 3301 3748 3759
f 3277 3681 3687
f 3266 3653 3655
f 3285 3711 3713
f 3293 3733 3735
f 3276 3677 3684
f 3264 3643 3648
f 3283 3703 3705
f 3295 3737 3742
f 3302 3753 3762
f 3281 3695 3700
f 3310 3782 3787
f 3304 3767 3769
f 3290 3725 3727
f 3261 3638 3640
f 3326 3801 3800
f 3318 3797 3794
f 3316 3798 3795
f 3322 3804 3802
f 3325 3807 3805
f 3329 3810 3808
f 3366 3844 3846
f 3349 3829 3831
f 3370 3849 3852
f 3330 3812 3811
f 3359 3834 3833
f 3342 3818 3821
f 3338 3820 3819
f 3355 3837 3835
f 3358 3840 3838
f 3365 3845 3842
f 3343 3825 3823
f 3344 3827 3826
f 3367 3847 3848
f 3334 3814 3816
f 3254 3374 3617
f 3253 3373 3613
f 3255 3375 3614
f 3256 3376 3620
f 3257 3377 3623
f 3262 3382 3632
f 3280 3400 3696
f 3309 3429 3783
f 3305 3425 3771
f 3291 3411 3722
f 3269 3389 3662
f 3268 3388 3658
f 3270 3390 3659
f 3271 3391 3665
f 3272 3392 3668
f 3275 3395 3680
f 3267 3387 3647
f 3287 3407 3704
f 3296 3416 3741
f 3298 3418 3749
f 3308 3428 3778
f 3278 3398 3688
f 3258 3378 3629
f 3288 3408 3719
f 3303 3423 3764
f 3279 3399 3692
f 3311 3431 3786
f 3307 3427 3768
f 3292 3412 3726
f 3260 3380 3635
f 3299 3419 3752
f 3274 3394 3673
f 3263 3383 3644
f 3284 3404 3707
f 3294 3414 3738
f 3300 3420 3756
f 3273 3393 3674
f 3265 3385 3650
f 3286 3406 3710
f 3297 3417 3734
f 3282 3402 3689
f 3259 3379 3628
f 3289 3409 3718
f 3306 3426 3763
f 3312 3432 3779
f 3301 3421 3748
f 3277 3397 3681
f 3266 3386 3653
f 3285 3405 3711
f 3293 3413 3733
f 3276 3396 3677
f 3264 3384 3643
f 3283 3403 3703
f 3295 3415 3737
f 3302 3422 3753
f 3281 3401 3695
f 3310 3430 3782
f 3304 3424 3767
f 3290 3410 3725
f 3261 3381 3638
f 3326 3568 3801
f 3318 3466 3797
f 3316 3471 3798
f 3322 3597 3804
f 3325 3609 3807
f 3329 3561 3810
f 3366 3558 3844
f 3349 3510 3829
f 3370 3576 3849
f 3330 3477 3812
f 3359 3550 3834
f 3342 3497 3818
f 3338 3501 3820
f 3355 3579 3837
f 3358 3605 3840
f 3365 3564 3845
f 3343 3555 3825
f 3344 3507 3827
f 3367 3573 3847
f 3334 3480 3814
f 3257 3457 3626
f 3254 3439 3618
f 3253 3433 3616
f 3255 3445 3622
f 3256 3451 3625
f 3259 3463 3634
f 3282 3565 3702
f 3312 3608 3792
f 3306 3596 3775
f 3289 3470 3724
f 3272 3535 3671
f 3269 3517 3663
f 3268 3488 3661
f 3270 3523 3667
f 3271 3529 3670
f 3276 3547 3685
f 3264 3493 3649
f 3283 3500 3706
f 3295 3578 3743
f 3302 3602 3761
f 3311 3566 3789
f 3279 3464 3693
f 3260 3469 3636
f 3292 3595 3731
f 3307 3607 3776
f 3281 3559 3699
f 3310 3554 3788
f 3304 3506 3770
f 3290 3572 3728
f 3261 3475 3639
f 3300 3548 3757
f 3273 3494 3675
f 3265 3499 3651
f 3286 3577 3714
f 3297 3601 3747
f 3301 3560 3760
f 3277 3553 3686
f 3266 3505 3654
f 3285 3571 3712
f 3293 3476 3736
f 3278 3440 3691
f 3258 3434 3630
f 3288 3446 3720
f 3303 3452 3765
f 3308 3458 3781
f 3298 3482 3750
f 3275 3541 3683
f 3267 3511 3657
f 3287 3583 3717
f 3296 3590 3744
f 3274 3518 3679
f 3263 3487 3645
f 3284 3524 3708
f 3294 3530 3739
f 3299 3536 3755
f 3280 3542 3697
f 3309 3512 3784
f 3305 3584 3772
f 3291 3589 3730
f 3262 3481 3642
f 3319 3444 3799
f 3315 3437 3793
f 3321 3449 3796
f 3324 3455 3803
f 3327 3462 3806
f 3335 3485 3809
f 3362 3544 3843
f 3347 3514 3830
f 3368 3587 3850
f 3333 3592 3813
f 3353 3522 3832
f 3337 3489 3817
f 3345 3526 3822
f 3357 3533 3836
f 3360 3540 3839
f 3363 3545 3841
f 3350 3515 3824
f 3348 3586 3828
f 3369 3593 3851
f 3332 3484 3815
f 3317 3442 3619
f 3313 3435 3615
f 3314 3447 3621
f 3320 3453 3624
f 3323 3460 3627
f 3328 3483 3641
f 3364 3546 3698
f 3351 3516 3785
f 3372 3588 3773
f 3331 3591 3729
f 3352 3521 3664
f 3339 3491 3660
f 3340 3525 3666
f 3354 3531 3669
f 3356 3538 3672
f 3361 3543 3682
f 3341 3513 3656
f 3346 3585 3716
f 3371 3594 3745
f 3336 3486 3751
f 3326 3461 3780
f 3318 3443 3690
f 3316 3438 3631
f 3322 3450 3721
f 3325 3456 3766
f 3329 3468 3694
f 3366 3570 3790
f 3349 3611 3777
f 3370 3599 3732
f 3330 3473 3637
f 3359 3539 3754
f 3342 3520 3678
f 3338 3490 3646
f 3355 3528 3709
f 3358 3534 3740
f 3365 3552 3758
f 3343 3498 3676
f 3344 3502 3652
f 3367 3581 3715
f 3334 3603 3746
f 3319 3567 3701
f 3315 3465 3633
f 3321 3472 3723
f 3324 3598 3774
f 3327 3610 3791
f 3335 3562 3759
f 3362 3557 3687
f 3347 3508 3655
f 3368 3574 3713
f 3333 3479 3735
f 3353 3549 3684
f 3337 3495 3648
f 3345 3503 3705
f 3357 3580 3742
f 3360 3606 3762
f 3363 3563 3700
f 3350 3556 3787
f 3348 3509 3769
f 3369 3575 3727
f 3332 3478 3640
f 3317 3459 3800
f 3313 3441 3794
f 3314 3436 3795
f 3320 3448 3802
f 3323 3454 3805
f 3328 3467 3808
f 3364 3569 3846
f 3351 3612 3831
f 3372 3600 3852
f 3331 3474 3811
f 3352 3537 3833
f 3339 3519 3821
f 3340 3492 3819
f 3354 3527 3835
f 3356 3532 3838
f 3361 3551 3842
f 3341 3496 3823
f 3346 3504 3826
f 3371 3582 3848
f 3336 3604 3816
f 3257 3626 3617
f 3254 3618 3613
f 3253 3616 3614
f 3255 3622 3620
f 3256 3625 3623
f 3259 3634 3632
f 3282 3702 3696
f 3312 3792 3783
f 3306 3775 3771
f 3289 3724 3722
f 3272 3671 3662
f 3269 3663 3658
f 3268 3661 3659
f 3270 3667 3665
f 3271 3670 3668
f 3276 3685 3680
f 3264 3649 3647
f 3283 3706 3704
f 3295 3743 3741
f 3302 3761 3749
f 3311 3789 3778
f 3279 3693 3688
f 3260 3636 3629
f 3292 3731 3719
f 3307 3776 3764
f 3281 3699 3692
f 3310 3788 3786
f 3304 3770 3768
f 3290 3728 3726
f 3261 3639 3635
f 3300 3757 3752
f 3273 3675 3673
f 3265 3651 3644
f 3286 3714 3707
f 3297 3747 3738
f 3301 3760 3756
f 3277 3686 3674
f 3266 3654 3650
f 3285 3712 3710
f 3293 3736 3734
f 3278 3691 3689
f 3258 3630 3628
f 3288 3720 3718
f 3303 3765 3763
f 3308 3781 3779
f 3298 3750 3748
f 3275 3683 3681
f 3267 3657 3653
f 3287 3717 3711
f 3296 3744 3733
f 3274 3679 3677
f 3263 3645 3643
f 3284 3708 3703
f 3294 3739 3737
f 3299 3755 3753
f 3280 3697 3695
f 3309 3784 3782
f 3305 3772 3767
f 3291 3730 3725
f 3262 3642 3638
f 3319 3799 3801
f 3315 3793 3797
f 3321 3796 3798
f 3324 3803 3804
f 3327 3806 3807
f 3335 3809 3810
f 3362 3843 3844
f 3347 3830 3829
f 3368 3850 3849
f 3333 3813 3812
f 3353 3832 3834
f 3337 3817 3818
f 3345 3822 3820
f 3357 3836 3837
f 3360 3839 3840
f 3363 3841 3845
f 3350 3824 3825
f 3348 3828 3827
f 3369 3851 3847
f 3332 3815 3814
f 3617 3374 3377
f 3613 3373 3374
f 3614 3375 3373
f 3620 3376 3375
f 3623 3377 3376
f 3632 3382 3379
f 3696 3400 3402
f 3783 3429 3432
f 3771 3425 3426
f 3722 3411 3409
f 3662 3389 3392
f 3658 3388 3389
f 3659 3390 3388
f 3665 3391 3390
f 3668 3392 3391
f 3680 3395 3396
f 3647 3387 3384
f 3704 3407 3403
f 3741 3416 3415
f 3749 3418 3422
f 3778 3428 3431
f 3688 3398 3399
f 3629 3378 3380
f 3719 3408 3412
f 3764 3423 3427
f 3692 3399 3401
f 3786 3431 3430
f 3768 3427 3424
f 3726 3412 3410
f 3635 3380 3381
f 3752 3419 3420
f 3673 3394 3393
f 3644 3383 3385
f 3707 3404 3406
f 3738 3414 3417
f 3756 3420 3421
f 3674 3393 3397
f 3650 3385 3386
f 3710 3406 3405
f 3734 3417 3413
f 3689 3402 3398
f 3628 3379 3378
f 3718 3409 3408
f 3763 3426 3423
f 3779 3432 3428
f 3748 3421 3418
f 3681 3397 3395
f 3653 3386 3387
f 3711 3405 3407
f 3733 3413 3416
f 3677 3396 3394
f 3643 3384 3383
f 3703 3403 3404
f 3737 3415 3414
f 3753 3422 3419
f 3695 3401 3400
f 3782 3430 3429
f 3767 3424 3425
f 3725 3410 3411
f 3638 3381 3382
f 3801 3568 3567
f 3797 3466 3465
f 3798 3471 3472
f 3804 3597 3598
f 3807 3609 3610
f 3810 3561 3562
f 3844 3558 3557
f 3829 3510 3508
f 3849 3576 3574
f 3812 3477 3479
f 3834 3550 3549
f 3818 3497 3495
f 3820 3501 3503
f 3837 3579 3580
f 3840 3605 3606
f 3845 3564 3563
f 3825 3555 3556
f 3827 3507 3509
f 3847 3573 3575
f 3814 3480 3478
f 3626 3457 3459
f 3618 3439 3441
f 3616 3433 3436
f 3622 3445 3448
f 3625 3451 3454
f 3634 3463 3467
f 3702 3565 3569
f 3792 3608 3612
f 3775 3596 3600
f 3724 3470 3474
f 3671 3535 3537
f 3663 3517 3519
f 3661 3488 3492
f 3667 3523 3527
f 3670 3529 3532
f 3685 3547 3551
f 3649 3493 3496
f 3706 3500 3504
f 3743 3578 3582
f 3761 3602 3604
f 3789 3566 3568
f 3693 3464 3466
f 3636 3469 3471
f 3731 3595 3597
f 3776 3607 3609
f 3699 3559 3561
f 3788 3554 3558
f 3770 3506 3510
f 3728 3572 3576
f 3639 3475 3477
f 3757 3548 3550
f 3675 3494 3497
f 3651 3499 3501
f 3714 3577 3579
f 3747 3601 3605
f 3760 3560 3564
f 3686 3553 3555
f 3654 3505 3507
f 3712 3571 3573
f 3736 3476 3480
f 3691 3440 3444
f 3630 3434 3437
f 3720 3446 3449
f 3765 3452 3455
f 3781 3458 3462
f 3750 3482 3485
f 3683 3541 3544
f 3657 3511 3514
f 3717 3583 3587
f 3744 3590 3592
f 3679 3518 3522
f 3645 3487 3489
f 3708 3524 3526
f 3739 3530 3533
f 3755 3536 3540
f 3697 3542 3545
f 3784 3512 3515
f 3772 3584 3586
f 3730 3589 3593
f 3642 3481 3484
f 3799 3444 3442
f 3793 3437 3435
f 3796 3449 3447
f 3803 3455 3453
f 3806 3462 3460
f 3809 3485 3483
f 3843 3544 3546
f 3830 3514 3516
f 3850 3587 3588
f 3813 3592 3591
f 3832 3522 3521
f 3817 3489 3491
f 3822 3526 3525
f 3836 3533 3531
f 3839 3540 3538
f 3841 3545 3543
f 3824 3515 3513
f 3828 3586 3585
f 3851 3593 3594
f 3815 3484 3486
f 3619 3442 3439
f 3615 3435 3433
f 3621 3447 3445
f 3624 3453 3451
f 3627 3460 3457
f 3641 3483 3481
f 3698 3546 3542
f 3785 3516 3512
f 3773 3588 3584
f 3729 3591 3589
f 3664 3521 3517
f 3660 3491 3488
f 3666 3525 3523
f 3669 3531 3529
f 3672 3538 3535
f 3682 3543 3541
f 3656 3513 3511
f 3716 3585 3583
f 3745 3594 3590
f 3751 3486 3482
f 3780 3461 3458
f 3690 3443 3440
f 3631 3438 3434
f 3721 3450 3446
f 3766 3456 3452
f 3694 3468 3464
f 3790 3570 3566
f 3777 3611 3607
f 3732 3599 3595
f 3637 3473 3469
f 3754 3539 3536
f 3678 3520 3518
f 3646 3490 3487
f 3709 3528 3524
f 3740 3534 3530
f 3758 3552 3548
f 3676 3498 3494
f 3652 3502 3499
f 3715 3581 3577
f 3746 3603 3601
f 3701 3567 3565
f 3633 3465 3463
f 3723 3472 3470
f 3774 3598 3596
f 3791 3610 3608
f 3759 3562 3560
f 3687 3557 3553
f 3655 3508 3505
f 3713 3574 3571
f 3735 3479 3476
f 3684 3549 3547
f 3648 3495 3493
f 3705 3503 3500
f 3742 3580 3578
f 3762 3606 3602
f 3700 3563 3559
f 3787 3556 3554
f 3769 3509 3506
f 3727 3575 3572
f 3640 3478 3475
f 3800 3459 3461
f 3794 3441 3443
f 3795 3436 3438
f 3802 3448 3450
f 3805 3454 3456
f 3808 3467 3468
f 3846 3569 3570
f 3831 3612 3611
f 3852 3600 3599
f 3811 3474 3473
f 3833 3537 3539
f 3821 3519 3520
f 3819 3492 3490
f 3835 3527 3528
f 3838 3532 3534
f 3842 3551 3552
f 3823 3496 3498
f 3826 3504 3502
f 3848 3582 3581
f 3816 3604 3603
f 3617 3626 3619
f 3613 3618 3615
f 3614 3616 3621
f 3620 3622 3624
f 3623 3625 3627
f 3632 3634 3641
f 3696 3702 3698
f 3783 3792 3785
f 3771 3775 3773
f 3722 3724 3729
f 3662 3671 3664
f 3658 3663 3660
f 3659 3661 3666
f 3665 3667 3669
f 3668 3670 3672
f 3680 3685 3682
f 3647 3649 3656
f 3704 3706 3716
f 3741 3743 3745
f 3749 3761 3751
f 3778 3789 3780
f 3688 3693 3690
f 3629 3636 3631
f 3719 3731 3721
f 3764 3776 3766
f 3692 3699 3694
f 3786 3788 3790
f 3768 3770 3777
f 3726 3728 3732
f 3635 3639 3637
f 3752 3757 3754
f 3673 3675 3678
f 3644 3651 3646
f 3707 3714 3709
f 3738 3747 3740
f 3756 3760 3758
f 3674 3686 3676
f 3650 3654 3652
f 3710 3712 3715
f 3734 3736 3746
f 3689 3691 3701
f 3628 3630 3633
f 3718 3720 3723
f 3763 3765 3774
f 3779 3781 3791
f 3748 3750 3759
f 3681 3683 3687
f 3653 3657 3655
f 3711 3717 3713
f 3733 3744 3735
f 3677 3679 3684
f 3643 3645 3648
f 3703 3708 3705
f 3737 3739 3742
f 3753 3755 3762
f 3695 3697 3700
f 3782 3784 3787
f 3767 3772 3769
f 3725 3730 3727
f 3638 3642 3640
f 3801 3799 3800
f 3797 3793 3794
f 3798 3796 3795
f 3804 3803 3802
f 3807 3806 3805
f 3810 3809 3808
f 3844 3843 3846
f 3829 3830 3831
f 3849 3850 3852
f 3812 3813 3811
f 3834 3832 3833
f 3818 3817 3821
f 3820 3822 3819
f 3837 3836 3835
f 3840 3839 3838
f 3845 3841 3842
f 3825 3824 3823
f 3827 3828 3826
f 3847 3851 3848
f 3814 3815 3816