v -0.131422 0.255204 0.000000
v 0.131422 0.255204 0.000000
v -0.131422 -0.255204 0.000000
v 0.131422 -0.255204 0.000000
v 0.000000 -0.157706 0.212670
v 0.000000 0.157706 0.212670
v 0.000000 -0.157706 -0.212670
v 0.000000 0.157706 -0.212670
v 0.212670 0.000000 -0.131422
v 0.212670 0.000000 0.131422
v -0.212670 0.000000 -0.131422
v -0.212670 0.000000 0.131422
v 0.000000 0.300000 0.000000
v -0.077248 0.242704 0.125005
v -0.077248 0.242704 -0.125005
v -0.202253 0.150006 -0.077248
v -0.202253 0.150006 0.077248
v 0.077248 0.242704 0.125005
v 0.077248 0.242704 -0.125005
v 0.202253 0.150006 -0.077248
v 0.202253 0.150006 0.077248
v 0.000000 -0.300000 0.000000
v -0.077248 -0.242704 0.125005
v -0.077248 -0.242704 -0.125005
v -0.202253 -0.150006 -0.077248
v -0.202253 -0.150006 0.077248
v 0.077248 -0.242704 0.125005
v 0.077248 -0.242704 -0.125005
v 0.202253 -0.150006 -0.077248
v 0.202253 -0.150006 0.077248
v 0.000000 0.000000 0.250000
v 0.125005 -0.092698 0.202253
v -0.125005 -0.092698 0.202253
v 0.125005 0.092698 0.202253
v -0.125005 0.092698 0.202253
v 0.000000 0.000000 -0.250000
v 0.125005 -0.092698 -0.202253
v -0.125005 -0.092698 -0.202253
v 0.125005 0.092698 -0.202253
v -0.125005 0.092698 -0.202253
v 0.250000 0.000000 0.000000
v -0.250000 0.000000 0.000000
v -0.068310 0.288584 0.000000
v -0.108463 0.258805 0.064976
v -0.108463 0.258805 -0.064976
v -0.173439 0.210622 -0.040153
v -0.173439 0.210622 0.040153
v 0.068310 0.288584 0.000000
v 0.108463 0.258805 0.064976
v 0.108463 0.258805 -0.064976
v 0.173439 0.210622 -0.040153
v 0.173439 0.210622 0.040153
v -0.068310 -0.288584 0.000000
v -0.108463 -0.258805 0.064976
v -0.108463 -0.258805 -0.064976
v -0.173439 -0.210622 -0.040153
v -0.173439 -0.210622 0.040153
v 0.068310 -0.288584 0.000000
v 0.108463 -0.258805 0.064976
v 0.108463 -0.258805 -0.064976
v 0.173439 -0.210622 -0.040153
v 0.173439 -0.210622 0.040153
v -0.040153 -0.208127 0.175518
v 0.040153 -0.208127 0.175518
v 0.000000 -0.081972 0.240486
v 0.064976 -0.130156 0.215671
v -0.064976 -0.130156 0.215671
v -0.040153 0.208127 0.175518
v 0.040153 0.208127 0.175518
v 0.000000 0.081972 0.240486
v 0.064976 0.130156 0.215671
v -0.064976 0.130156 0.215671
v -0.040153 -0.208127 -0.175518
v 0.040153 -0.208127 -0.175518
v 0.000000 -0.081972 -0.240486
v 0.064976 -0.130156 -0.215671
v -0.064976 -0.130156 -0.215671
v -0.040153 0.208127 -0.175518
v 0.040153 0.208127 -0.175518
v 0.000000 0.081972 -0.240486
v 0.064976 0.130156 -0.215671
v -0.064976 0.130156 -0.215671
v 0.215671 0.077971 -0.108463
v 0.215671 -0.077971 -0.108463
v 0.175518 -0.048183 -0.173439
v 0.175518 0.048183 -0.173439
v 0.240486 0.000000 -0.068310
v 0.215671 0.077971 0.108463
v 0.215671 -0.077971 0.108463
v 0.175518 -0.048183 0.173439
v 0.175518 0.048183 0.173439
v 0.240486 0.000000 0.068310
v -0.215671 0.077971 -0.108463
v -0.215671 -0.077971 -0.108463
v -0.175518 -0.048183 -0.173439
v -0.175518 0.048183 -0.173439
v -0.240486 0.000000 -0.068310
v -0.215671 0.077971 0.108463
v -0.215671 -0.077971 0.108463
v -0.175518 -0.048183 0.173439
v -0.175518 0.048183 0.173439
v -0.240486 0.000000 0.068310
v -0.040612 0.285317 0.065719
v -0.040612 0.285317 -0.065719
v 0.040612 0.285317 0.065719
v 0.040612 0.285317 -0.065719
v -0.146943 0.206461 0.106331
v 0.000000 0.255192 0.131437
v -0.106331 0.176332 0.172050
v -0.146943 0.206461 -0.106331
v 0.000000 0.255192 -0.131437
v -0.106331 0.176332 -0.172050
v -0.212660 0.157724 0.000000
v -0.172050 0.127597 -0.146943
v -0.237764 0.078863 -0.040612
v -0.172050 0.127597 0.146943
v -0.237764 0.078863 0.040612
v 0.146943 0.206461 0.106331
v 0.106331 0.176332 0.172050
v 0.146943 0.206461 -0.106331
v 0.106331 0.176332 -0.172050
v 0.212660 0.157724 0.000000
v 0.172050 0.127597 -0.146943
v 0.237764 0.078863 -0.040612
v 0.172050 0.127597 0.146943
v 0.237764 0.078863 0.040612
v -0.040612 -0.285317 0.065719
v -0.040612 -0.285317 -0.065719
v 0.040612 -0.285317 0.065719
v 0.040612 -0.285317 -0.065719
v -0.146943 -0.206461 0.106331
v 0.000000 -0.255192 0.131437
v -0.106331 -0.176332 0.172050
v -0.146943 -0.206461 -0.106331
v 0.000000 -0.255192 -0.131437
v -0.106331 -0.176332 -0.172050
v -0.212660 -0.157724 0.000000
v -0.172050 -0.127597 -0.146943
v -0.237764 -0.078863 -0.040612
v -0.172050 -0.127597 0.146943
v -0.237764 -0.078863 0.040612
v 0.146943 -0.206461 0.106331
v 0.106331 -0.176332 0.172050
v 0.146943 -0.206461 -0.106331
v 0.106331 -0.176332 -0.172050
v 0.212660 -0.157724 0.000000
v 0.172050 -0.127597 -0.146943
v 0.237764 -0.078863 -0.040612
v 0.172050 -0.127597 0.146943
v 0.237764 -0.078863 0.040612
v 0.065719 -0.048734 0.237764
v -0.065719 -0.048734 0.237764
v 0.065719 0.048734 0.237764
v -0.065719 0.048734 0.237764
v 0.131437 0.000000 0.212660
v -0.131437 0.000000 0.212660
v 0.065719 -0.048734 -0.237764
v -0.065719 -0.048734 -0.237764
v 0.065719 0.048734 -0.237764
v -0.065719 0.048734 -0.237764
v 0.131437 0.000000 -0.212660
v -0.131437 0.000000 -0.212660
v -0.100830 0.274518 0.000000
v -0.121100 0.259485 0.032801
v -0.121100 0.259485 -0.032801
v -0.153902 0.235161 -0.020270
v -0.153902 0.235161 0.020270
v 0.100830 0.274518 0.000000
v 0.121100 0.259485 0.032801
v 0.121100 0.259485 -0.032801
v 0.153902 0.235161 -0.020270
v 0.153902 0.235161 0.020270
v -0.100830 -0.274518 0.000000
v -0.121100 -0.259485 0.032801
v -0.121100 -0.259485 -0.032801
v -0.153902 -0.235161 -0.020270
v -0.153902 -0.235161 0.020270
v 0.100830 -0.274518 0.000000
v 0.121100 -0.259485 0.032801
v 0.121100 -0.259485 -0.032801
v 0.153902 -0.235161 -0.020270
v 0.153902 -0.235161 0.020270
v -0.020270 -0.184682 0.195968
v 0.020270 -0.184682 0.195968
v 0.000000 -0.120996 0.228765
v 0.032801 -0.145321 0.216238
v -0.032801 -0.145321 0.216238
v -0.020270 0.184682 0.195968
v 0.020270 0.184682 0.195968
v 0.000000 0.120996 0.228765
v 0.032801 0.145321 0.216238
v -0.032801 0.145321 0.216238
v -0.020270 -0.184682 -0.195968
v 0.020270 -0.184682 -0.195968
v 0.000000 -0.120996 -0.228765
v 0.032801 -0.145321 -0.216238
v -0.032801 -0.145321 -0.216238
v -0.020270 0.184682 -0.195968
v 0.020270 0.184682 -0.195968
v 0.000000 0.120996 -0.228765
v 0.032801 0.145321 -0.216238
v -0.032801 0.145321 -0.216238
v 0.216238 0.039362 -0.121100
v 0.216238 -0.039362 -0.121100
v 0.195968 -0.024324 -0.153902
v 0.195968 0.024324 -0.153902
v 0.228765 0.000000 -0.100830
v 0.216238 0.039362 0.121100
v 0.216238 -0.039362 0.121100
v 0.195968 -0.024324 0.153902
v 0.195968 0.024324 0.153902
v 0.228765 0.000000 0.100830
v -0.216238 0.039362 -0.121100
v -0.216238 -0.039362 -0.121100
v -0.195968 -0.024324 -0.153902
v -0.195968 0.024324 -0.153902
v -0.228765 0.000000 -0.100830
v -0.216238 0.039362 0.121100
v -0.216238 -0.039362 0.121100
v -0.195968 -0.024324 0.153902
v -0.195968 0.024324 0.153902
v -0.228765 0.000000 0.100830
v -0.034485 0.297132 0.000000
v 0.034485 0.297132 0.000000
v -0.020559 0.296306 0.033269
v -0.020559 0.296306 -0.033269
v 0.020559 0.296306 0.033269
v 0.020559 0.296306 -0.033269
v -0.093752 0.253175 0.095907
v -0.059267 0.227592 0.151712
v -0.059665 0.267301 0.096551
v -0.113493 0.227382 0.117110
v -0.039106 0.252051 0.129819
v -0.092934 0.212130 0.150379
v -0.093752 0.253175 -0.095907
v -0.059267 0.227592 -0.151712
v -0.059665 0.267301 -0.096551
v -0.113493 0.227382 -0.117110
v -0.039106 0.252051 -0.129819
v -0.092934 0.212130 -0.150379
v -0.189660 0.182055 -0.059267
v -0.210979 0.115089 -0.093752
v -0.176775 0.180455 -0.092934
v -0.210042 0.155783 -0.039106
v -0.189485 0.140532 -0.113493
v -0.222751 0.115861 -0.059665
v -0.189660 0.182055 0.059267
v -0.210979 0.115089 0.093752
v -0.176775 0.180455 0.092934
v -0.210042 0.155783 0.039106
v -0.189485 0.140532 0.113493
v -0.222751 0.115861 0.059665
v 0.093752 0.253175 0.095907
v 0.059267 0.227592 0.151712
v 0.059665 0.267301 0.096551
v 0.039106 0.252051 0.129819
v 0.113493 0.227382 0.117110
v 0.092934 0.212130 0.150379
v 0.093752 0.253175 -0.095907
v 0.059267 0.227592 -0.151712
v 0.059665 0.267301 -0.096551
v 0.039106 0.252051 -0.129819
v 0.113493 0.227382 -0.117110
v 0.092934 0.212130 -0.150379
v 0.189660 0.182055 -0.059267
v 0.210979 0.115089 -0.093752
v 0.176775 0.180455 -0.092934
v 0.210042 0.155783 -0.039106
v 0.189485 0.140532 -0.113493
v 0.222751 0.115861 -0.059665
v 0.189660 0.182055 0.059267
v 0.210979 0.115089 0.093752
v 0.176775 0.180455 0.092934
v 0.210042 0.155783 0.039106
v 0.189485 0.140532 0.113493
v 0.222751 0.115861 0.059665
v -0.034485 -0.297132 0.000000
v 0.034485 -0.297132 0.000000
v -0.020559 -0.296306 0.033269
v -0.020559 -0.296306 -0.033269
v 0.020559 -0.296306 0.033269
v 0.020559 -0.296306 -0.033269
v -0.093752 -0.253175 0.095907
v -0.059267 -0.227592 0.151712
v -0.059665 -0.267301 0.096551
v -0.113493 -0.227382 0.117110
v -0.039106 -0.252051 0.129819
v -0.092934 -0.212130 0.150379
v -0.093752 -0.253175 -0.095907
v -0.059267 -0.227592 -0.151712
v -0.059665 -0.267301 -0.096551
v -0.113493 -0.227382 -0.117110
v -0.039106 -0.252051 -0.129819
v -0.092934 -0.212130 -0.150379
v -0.189660 -0.182055 -0.059267
v -0.210979 -0.115089 -0.093752
v -0.176775 -0.180455 -0.092934
v -0.210042 -0.155783 -0.039106
v -0.189485 -0.140532 -0.113493
v -0.222751 -0.115861 -0.059665
v -0.189660 -0.182055 0.059267
v -0.210979 -0.115089 0.093752
v -0.176775 -0.180455 0.092934
v -0.210042 -0.155783 0.039106
v -0.189485 -0.140532 0.113493
v -0.222751 -0.115861 0.059665
v 0.093752 -0.253175 0.095907
v 0.059267 -0.227592 0.151712
v 0.059665 -0.267301 0.096551
v 0.039106 -0.252051 0.129819
v 0.113493 -0.227382 0.117110
v 0.092934 -0.212130 0.150379
v 0.093752 -0.253175 -0.095907
v 0.059267 -0.227592 -0.151712
v 0.059665 -0.267301 -0.096551
v 0.039106 -0.252051 -0.129819
v 0.113493 -0.227382 -0.117110
v 0.092934 -0.212130 -0.150379
v 0.189660 -0.182055 -0.059267
v 0.210979 -0.115089 -0.093752
v 0.176775 -0.180455 -0.092934
v 0.210042 -0.155783 -0.039106
v 0.189485 -0.140532 -0.113493
v 0.222751 -0.115861 -0.059665
v 0.189660 -0.182055 0.059267
v 0.210979 -0.115089 0.093752
v 0.176775 -0.180455 0.092934
v 0.210042 -0.155783 0.039106
v 0.189485 -0.140532 0.113493
v 0.222751 -0.115861 0.059665
v 0.000000 -0.041382 0.247610
v 0.000000 0.041382 0.247610
v 0.033269 -0.024671 0.246922
v -0.033269 -0.024671 0.246922
v 0.033269 0.024671 0.246922
v -0.033269 0.024671 0.246922
v 0.095907 -0.112503 0.210979
v 0.151712 -0.071121 0.189660
v 0.117110 -0.136192 0.189485
v 0.150379 -0.111521 0.176775
v 0.096551 -0.071598 0.222751
v 0.129819 -0.046927 0.210042
v -0.095907 -0.112503 0.210979
v -0.151712 -0.071121 0.189660
v -0.117110 -0.136192 0.189485
v -0.150379 -0.111521 0.176775
v -0.096551 -0.071598 0.222751
v -0.129819 -0.046927 0.210042
v 0.095907 0.112503 0.210979
v 0.151712 0.071121 0.189660
v 0.117110 0.136192 0.189485
v 0.150379 0.111521 0.176775
v 0.096551 0.071598 0.222751
v 0.129819 0.046927 0.210042
v -0.095907 0.112503 0.210979
v -0.151712 0.071121 0.189660
v -0.117110 0.136192 0.189485
v -0.150379 0.111521 0.176775
v -0.096551 0.071598 0.222751
v -0.129819 0.046927 0.210042
v 0.000000 -0.041382 -0.247610
v 0.000000 0.041382 -0.247610
v 0.033269 -0.024671 -0.246922
v -0.033269 -0.024671 -0.246922
v 0.033269 0.024671 -0.246922
v -0.033269 0.024671 -0.246922
v 0.095907 -0.112503 -0.210979
v 0.151712 -0.071121 -0.189660
v 0.117110 -0.136192 -0.189485
v 0.150379 -0.111521 -0.176775
v 0.096551 -0.071598 -0.222751
v 0.129819 -0.046927 -0.210042
v -0.095907 -0.112503 -0.210979
v -0.151712 -0.071121 -0.189660
v -0.117110 -0.136192 -0.189485
v -0.150379 -0.111521 -0.176775
v -0.096551 -0.071598 -0.222751
v -0.129819 -0.046927 -0.210042
v 0.095907 0.112503 -0.210979
v 0.151712 0.071121 -0.189660
v 0.117110 0.136192 -0.189485
v 0.150379 0.111521 -0.176775
v 0.096551 0.071598 -0.222751
v 0.129819 0.046927 -0.210042
v -0.095907 0.112503 -0.210979
v -0.151712 0.071121 -0.189660
v -0.117110 0.136192 -0.189485
v -0.150379 0.111521 -0.176775
v -0.096551 0.071598 -0.222751
v -0.129819 0.046927 -0.210042
v 0.247610 0.000000 -0.034485
v 0.247610 0.000000 0.034485
v 0.246922 0.039923 -0.020559
v 0.246922 0.039923 0.020559
v 0.246922 -0.039923 -0.020559
v 0.246922 -0.039923 0.020559
v -0.247610 0.000000 -0.034485
v -0.247610 0.000000 0.034485
v -0.246922 0.039923 -0.020559
v -0.246922 0.039923 0.020559
v -0.246922 -0.039923 -0.020559
v -0.246922 -0.039923 0.020559
v -0.089550 0.277295 0.032915
v -0.089550 0.277295 -0.032915
v -0.055025 0.289919 0.033200
v -0.055025 0.289919 -0.033200
v -0.142806 0.237801 0.053256
v -0.075309 0.274875 0.066023
v -0.129025 0.235039 0.086540
v -0.142806 0.237801 -0.053256
v -0.075309 0.274875 -0.066023
v -0.129025 0.235039 -0.086540
v -0.175720 0.213392 0.000000
v -0.161849 0.210699 -0.074000
v -0.195047 0.186078 -0.020284
v -0.161849 0.210699 0.074000
v -0.195047 0.186078 0.020284
v 0.089550 0.277295 0.032915
v 0.089550 0.277295 -0.032915
v 0.055025 0.289919 0.033200
v 0.055025 0.289919 -0.033200
v 0.142806 0.237801 0.053256
v 0.075309 0.274875 0.066023
v 0.129025 0.235039 0.086540
v 0.142806 0.237801 -0.053256
v 0.075309 0.274875 -0.066023
v 0.129025 0.235039 -0.086540
v 0.175720 0.213392 0.000000
v 0.161849 0.210699 -0.074000
v 0.195047 0.186078 -0.020284
v 0.161849 0.210699 0.074000
v 0.195047 0.186078 0.020284
v -0.089550 -0.277295 0.032915
v -0.089550 -0.277295 -0.032915
v -0.055025 -0.289919 0.033200
v -0.055025 -0.289919 -0.033200
v -0.142806 -0.237801 0.053256
v -0.075309 -0.274875 0.066023
v -0.129025 -0.235039 0.086540
v -0.142806 -0.237801 -0.053256
v -0.075309 -0.274875 -0.066023
v -0.129025 -0.235039 -0.086540
v -0.175720 -0.213392 0.000000
v -0.161849 -0.210699 -0.074000
v -0.195047 -0.186078 -0.020284
v -0.161849 -0.210699 0.074000
v -0.195047 -0.186078 0.020284
v 0.089550 -0.277295 0.032915
v 0.089550 -0.277295 -0.032915
v 0.055025 -0.289919 0.033200
v 0.055025 -0.289919 -0.033200
v 0.142806 -0.237801 0.053256
v 0.075309 -0.274875 0.066023
v 0.129025 -0.235039 0.086540
v 0.142806 -0.237801 -0.053256
v 0.075309 -0.274875 -0.066023
v 0.129025 -0.235039 -0.086540
v 0.175720 -0.213392 0.000000
v 0.161849 -0.210699 -0.074000
v 0.195047 -0.186078 -0.020284
v 0.161849 -0.210699 0.074000
v 0.195047 -0.186078 0.020284
v 0.000000 -0.210865 0.177827
v -0.053256 -0.171367 0.198168
v -0.020284 -0.234056 0.155065
v -0.074000 -0.194218 0.175582
v 0.053256 -0.171367 0.198168
v 0.020284 -0.234056 0.155065
v 0.074000 -0.194218 0.175582
v 0.032915 -0.107460 0.231079
v -0.032915 -0.107460 0.231079
v 0.033200 -0.066029 0.241599
v -0.033200 -0.066029 0.241599
v 0.086540 -0.154829 0.195866
v 0.066023 -0.090370 0.229062
v -0.086540 -0.154829 0.195866
v -0.066023 -0.090370 0.229062
v 0.000000 0.210865 0.177827
v -0.053256 0.171367 0.198168
v -0.020284 0.234056 0.155065
v -0.074000 0.194218 0.175582
v 0.053256 0.171367 0.198168
v 0.020284 0.234056 0.155065
v 0.074000 0.194218 0.175582
v 0.032915 0.107460 0.231079
v -0.032915 0.107460 0.231079
v 0.033200 0.066029 0.241599
v -0.033200 0.066029 0.241599
v 0.086540 0.154829 0.195866
v 0.066023 0.090370 0.229062
v -0.086540 0.154829 0.195866
v -0.066023 0.090370 0.229062
v 0.000000 -0.210865 -0.177827
v -0.053256 -0.171367 -0.198168
v -0.020284 -0.234056 -0.155065
v -0.074000 -0.194218 -0.175582
v 0.053256 -0.171367 -0.198168
v 0.020284 -0.234056 -0.155065
v 0.074000 -0.194218 -0.175582
v 0.032915 -0.107460 -0.231079
v -0.032915 -0.107460 -0.231079
v 0.033200 -0.066029 -0.241599
v -0.033200 -0.066029 -0.241599
v 0.086540 -0.154829 -0.195866
v 0.066023 -0.090370 -0.229062
v -0.086540 -0.154829 -0.195866
v -0.066023 -0.090370 -0.229062
v 0.000000 0.210865 -0.177827
v -0.053256 0.171367 -0.198168
v -0.020284 0.234056 -0.155065
v -0.074000 0.194218 -0.175582
v 0.053256 0.171367 -0.198168
v 0.020284 0.234056 -0.155065
v 0.074000 0.194218 -0.175582
v 0.032915 0.107460 -0.231079
v -0.032915 0.107460 -0.231079
v 0.033200 0.066029 -0.241599
v -0.033200 0.066029 -0.241599
v 0.086540 0.154829 -0.195866
v 0.066023 0.090370 -0.229062
v -0.086540 0.154829 -0.195866
v -0.066023 0.090370 -0.229062
v 0.198168 0.063907 -0.142806
v 0.231079 0.039498 -0.089550
v 0.195866 0.103848 -0.129025
v 0.229062 0.079228 -0.075309
v 0.198168 -0.063907 -0.142806
v 0.231079 -0.039498 -0.089550
v 0.195866 -0.103848 -0.129025
v 0.229062 -0.079228 -0.075309
v 0.177827 0.000000 -0.175720
v 0.175582 -0.088800 -0.161849
v 0.155065 -0.024341 -0.195047
v 0.175582 0.088800 -0.161849
v 0.155065 0.024341 -0.195047
v 0.241599 0.039839 -0.055025
v 0.241599 -0.039839 -0.055025
v 0.198168 0.063907 0.142806
v 0.231079 0.039498 0.089550
v 0.195866 0.103848 0.129025
v 0.229062 0.079228 0.075309
v 0.198168 -0.063907 0.142806
v 0.231079 -0.039498 0.089550
v 0.195866 -0.103848 0.129025
v 0.229062 -0.079228 0.075309
v 0.177827 0.000000 0.175720
v 0.175582 -0.088800 0.161849
v 0.155065 -0.024341 0.195047
v 0.175582 0.088800 0.161849
v 0.155065 0.024341 0.195047
v 0.241599 0.039839 0.055025
v 0.241599 -0.039839 0.055025
v -0.198168 0.063907 -0.142806
v -0.231079 0.039498 -0.089550
v -0.195866 0.103848 -0.129025
v -0.229062 0.079228 -0.075309
v -0.198168 -0.063907 -0.142806
v -0.231079 -0.039498 -0.089550
v -0.195866 -0.103848 -0.129025
v -0.229062 -0.079228 -0.075309
v -0.177827 0.000000 -0.175720
v -0.175582 -0.088800 -0.161849
v -0.155065 -0.024341 -0.195047
v -0.175582 0.088800 -0.161849
v -0.155065 0.024341 -0.195047
v -0.241599 0.039839 -0.055025
v -0.241599 -0.039839 -0.055025
v -0.198168 0.063907 0.142806
v -0.231079 0.039498 0.089550
v -0.195866 0.103848 0.129025
v -0.229062 0.079228 0.075309
v -0.198168 -0.063907 0.142806
v -0.231079 -0.039498 0.089550
v -0.195866 -0.103848 0.129025
v -0.229062 -0.079228 0.075309
v -0.177827 0.000000 0.175720
v -0.175582 -0.088800 0.161849
v -0.155065 -0.024341 0.195047
v -0.175582 0.088800 0.161849
v -0.155065 0.024341 0.195047
v -0.241599 0.039839 0.055025
v -0.241599 -0.039839 0.055025
v 0.000000 0.289158 0.066604
v -0.020579 0.273893 0.099905
v 0.000000 0.289158 -0.066604
v -0.020579 0.273893 -0.099905
v 0.020579 0.273893 0.099905
v 0.020579 0.273893 -0.099905
v -0.128342 0.193973 0.141065
v -0.161644 0.169278 0.128342
v -0.141065 0.154011 0.161644
v -0.128342 0.193973 -0.141065
v -0.161644 0.169278 -0.128342
v -0.141065 0.154011 -0.161644
v -0.228244 0.119886 -0.020579
v -0.228244 0.119886 0.020579
v -0.240965 0.079925 0.000000
v 0.128342 0.193973 0.141065
v 0.161644 0.169278 0.128342
v 0.141065 0.154011 0.161644
v 0.128342 0.193973 -0.141065
v 0.161644 0.169278 -0.128342
v 0.141065 0.154011 -0.161644
v 0.228244 0.119886 -0.020579
v 0.228244 0.119886 0.020579
v 0.240965 0.079925 0.000000
v 0.000000 -0.289158 0.066604
v -0.020579 -0.273893 0.099905
v 0.000000 -0.289158 -0.066604
v -0.020579 -0.273893 -0.099905
v 0.020579 -0.273893 0.099905
v 0.020579 -0.273893 -0.099905
v -0.128342 -0.193973 0.141065
v -0.161644 -0.169278 0.128342
v -0.141065 -0.154011 0.161644
v -0.128342 -0.193973 -0.141065
v -0.161644 -0.169278 -0.128342
v -0.141065 -0.154011 -0.161644
v -0.228244 -0.119886 -0.020579
v -0.228244 -0.119886 0.020579
v -0.240965 -0.079925 0.000000
v 0.128342 -0.193973 0.141065
v 0.161644 -0.169278 0.128342
v 0.141065 -0.154011 0.161644
v 0.128342 -0.193973 -0.141065
v 0.161644 -0.169278 -0.128342
v 0.141065 -0.154011 -0.161644
v 0.228244 -0.119886 -0.020579
v 0.228244 -0.119886 0.020579
v 0.240965 -0.079925 0.000000
v 0.066604 0.000000 0.240965
v 0.099905 -0.024695 0.228244
v -0.066604 0.000000 0.240965
v -0.099905 -0.024695 0.228244
v 0.099905 0.024695 0.228244
v -0.099905 0.024695 0.228244
v 0.066604 0.000000 -0.240965
v 0.099905 -0.024695 -0.228244
v -0.066604 0.000000 -0.240965
v -0.099905 -0.024695 -0.228244
v 0.099905 0.024695 -0.228244
v -0.099905 0.024695 -0.228244
v -0.630824 0.580543 0.000000
v 0.630824 0.580543 0.000000
v -0.630824 -0.780543 0.000000
v 0.630824 -0.780543 0.000000
v 0.000000 -0.520549 1.020814
v 0.000000 0.320549 1.020814
v 0.000000 -0.520549 -1.020814
v 0.000000 0.320549 -1.020814
v 1.020814 -0.100000 -0.630824
v 1.020814 -0.100000 0.630824
v -1.020814 -0.100000 -0.630824
v -1.020814 -0.100000 0.630824
v 0.000000 0.700000 0.000000
v -0.370792 0.547211 0.600024
v -0.370792 0.547211 -0.600024
v -0.970816 0.300016 -0.370792
v -0.970816 0.300016 0.370792
v 0.370792 0.547211 0.600024
v 0.370792 0.547211 -0.600024
v 0.970816 0.300016 -0.370792
v 0.970816 0.300016 0.370792
v 0.000000 -0.900000 0.000000
v -0.370792 -0.747211 0.600024
v -0.370792 -0.747211 -0.600024
v -0.970816 -0.500016 -0.370792
v -0.970816 -0.500016 0.370792
v 0.370792 -0.747211 0.600024
v 0.370792 -0.747211 -0.600024
v 0.970816 -0.500016 -0.370792
v 0.970816 -0.500016 0.370792
v 0.000000 -0.100000 1.200000
v 0.600024 -0.347195 0.970816
v -0.600024 -0.347195 0.970816
v 0.600024 0.147195 0.970816
v -0.600024 0.147195 0.970816
v 0.000000 -0.100000 -1.200000
v 0.600024 -0.347195 -0.970816
v -0.600024 -0.347195 -0.970816
v 0.600024 0.147195 -0.970816
v -0.600024 0.147195 -0.970816
v 1.200000 -0.100000 0.000000
v -1.200000 -0.100000 0.000000
v -0.327890 0.669556 0.000000
v -0.520625 0.590146 0.311884
v -0.520625 0.590146 -0.311884
v -0.832508 0.461658 -0.192732
v -0.832508 0.461658 0.192732
v 0.327890 0.669556 0.000000
v 0.520625 0.590146 0.311884
v 0.520625 0.590146 -0.311884
v 0.832508 0.461658 -0.192732
v 0.832508 0.461658 0.192732
v -0.327890 -0.869556 0.000000
v -0.520625 -0.790146 0.311884
v -0.520625 -0.790146 -0.311884
v -0.832508 -0.661658 -0.192732
v -0.832508 -0.661658 0.192732
v 0.327890 -0.869556 0.000000
v 0.520625 -0.790146 0.311884
v 0.520625 -0.790146 -0.311884
v 0.832508 -0.661658 -0.192732
v 0.832508 -0.661658 0.192732
v -0.192732 -0.655006 0.842487
v 0.192732 -0.655006 0.842487
v 0.000000 -0.318593 1.154335
v 0.311884 -0.447083 1.035219
v -0.311884 -0.447083 1.035219
v -0.192732 0.455005 0.842487
v 0.192732 0.455005 0.842487
v 0.000000 0.118593 1.154335
v 0.311884 0.247083 1.035219
v -0.311884 0.247083 1.035219
v -0.192732 -0.655006 -0.842487
v 0.192732 -0.655006 -0.842487
v 0.000000 -0.318593 -1.154335
v 0.311884 -0.447083 -1.035219
v -0.311884 -0.447083 -1.035219
v -0.192732 0.455005 -0.842487
v 0.192732 0.455005 -0.842487
v 0.000000 0.118593 -1.154335
v 0.311884 0.247083 -1.035219
v -0.311884 0.247083 -1.035219
v 1.035219 0.107922 -0.520625
v 1.035219 -0.307922 -0.520625
v 0.842487 -0.228488 -0.832508
v 0.842487 0.028488 -0.832508
v 1.154335 -0.100000 -0.327890
v 1.035219 0.107922 0.520625
v 1.035219 -0.307922 0.520625
v 0.842487 -0.228488 0.832508
v 0.842487 0.028488 0.832508
v 1.154335 -0.100000 0.327890
v -1.035219 0.107922 -0.520625
v -1.035219 -0.307922 -0.520625
v -0.842487 -0.228488 -0.832508
v -0.842487 0.028488 -0.832508
v -1.154335 -0.100000 -0.327890
v -1.035219 0.107922 0.520625
v -1.035219 -0.307922 0.520625
v -0.842487 -0.228488 0.832508
v -0.842487 0.028488 0.832508
v -1.154335 -0.100000 0.327890
v -0.194937 0.660845 0.315452
v -0.194937 0.660845 -0.315452
v 0.194937 0.660845 0.315452
v 0.194937 0.660845 -0.315452
v -0.705327 0.450562 0.510390
v 0.000000 0.580512 0.630898
v -0.510390 0.370218 0.825842
v -0.705327 0.450562 -0.510390
v 0.000000 0.580512 -0.630898
v -0.510390 0.370218 -0.825842
v -1.020768 0.320598 0.000000
v -0.825842 0.240260 -0.705327
v -1.141267 0.110301 -0.194937
v -0.825842 0.240260 0.705327
v -1.141267 0.110301 0.194937
v 0.705327 0.450562 0.510390
v 0.510390 0.370218 0.825842
v 0.705327 0.450562 -0.510390
v 0.510390 0.370218 -0.825842
v 1.020768 0.320598 0.000000
v 0.825842 0.240260 -0.705327
v 1.141267 0.110301 -0.194937
v 0.825842 0.240260 0.705327
v 1.141267 0.110301 0.194937
v -0.194937 -0.860845 0.315452
v -0.194937 -0.860845 -0.315452
v 0.194937 -0.860845 0.315452
v 0.194937 -0.860845 -0.315452
v -0.705327 -0.650562 0.510390
v 0.000000 -0.780512 0.630898
v -0.510390 -0.570218 0.825842
v -0.705327 -0.650562 -0.510390
v 0.000000 -0.780512 -0.630898
v -0.510390 -0.570218 -0.825842
v -1.020768 -0.520598 0.000000
v -0.825842 -0.440260 -0.705327
v -1.141267 -0.310301 -0.194937
v -0.825842 -0.440260 0.705327
v -1.141267 -0.310301 0.194937
v 0.705327 -0.650562 0.510390
v 0.510390 -0.570218 0.825842
v 0.705327 -0.650562 -0.510390
v 0.510390 -0.570218 -0.825842
v 1.020768 -0.520598 0.000000
v 0.825842 -0.440260 -0.705327
v 1.141267 -0.310301 -0.194937
v 0.825842 -0.440260 0.705327
v 1.141267 -0.310301 0.194937
v 0.315452 -0.229958 1.141267
v -0.315452 -0.229958 1.141267
v 0.315452 0.029958 1.141267
v -0.315452 0.029958 1.141267
v 0.630898 -0.100000 1.020768
v -0.630898 -0.100000 1.020768
v 0.315452 -0.229958 -1.141267
v -0.315452 -0.229958 -1.141267
v 0.315452 0.029958 -1.141267
v -0.315452 0.029958 -1.141267
v 0.630898 -0.100000 -1.020768
v -0.630898 -0.100000 -1.020768
v -0.483983 0.632047 0.000000
v -0.581282 0.591961 0.157447
v -0.581282 0.591961 -0.157447
v -0.738729 0.527096 -0.097296
v -0.738729 0.527096 0.097296
v 0.483983 0.632047 0.000000
v 0.581282 0.591961 0.157447
v 0.581282 0.591961 -0.157447
v 0.738729 0.527096 -0.097296
v 0.738729 0.527096 0.097296
v -0.483983 -0.832047 0.000000
v -0.581282 -0.791961 0.157447
v -0.581282 -0.791961 -0.157447
v -0.738729 -0.727096 -0.097296
v -0.738729 -0.727096 0.097296
v 0.483983 -0.832047 0.000000
v 0.581282 -0.791961 0.157447
v 0.581282 -0.791961 -0.157447
v 0.738729 -0.727096 -0.097296
v 0.738729 -0.727096 0.097296
v -0.097296 -0.592486 0.940645
v 0.097296 -0.592486 0.940645
v 0.000000 -0.422656 1.098071
v 0.157447 -0.487522 1.037941
v -0.157447 -0.487522 1.037941
v -0.097296 0.392486 0.940645
v 0.097296 0.392486 0.940645
v 0.000000 0.222656 1.098071
v 0.157447 0.287522 1.037941
v -0.157447 0.287522 1.037941
v -0.097296 -0.592486 -0.940645
v 0.097296 -0.592486 -0.940645
v 0.000000 -0.422656 -1.098071
v 0.157447 -0.487522 -1.037941
v -0.157447 -0.487522 -1.037941
v -0.097296 0.392486 -0.940645
v 0.097296 0.392486 -0.940645
v 0.000000 0.222656 -1.098071
v 0.157447 0.287522 -1.037941
v -0.157447 0.287522 -1.037941
v 1.037941 0.004965 -0.581282
v 1.037941 -0.204965 -0.581282
v 0.940645 -0.164864 -0.738729
v 0.940645 -0.035136 -0.738729
v 1.098071 -0.100000 -0.483983
v 1.037941 0.004965 0.581282
v 1.037941 -0.204965 0.581282
v 0.940645 -0.164864 0.738729
v 0.940645 -0.035136 0.738729
v 1.098071 -0.100000 0.483983
v -1.037941 0.004965 -0.581282
v -1.037941 -0.204965 -0.581282
v -0.940645 -0.164864 -0.738729
v -0.940645 -0.035136 -0.738729
v -1.098071 -0.100000 -0.483983
v -1.037941 0.004965 0.581282
v -1.037941 -0.204965 0.581282
v -0.940645 -0.164864 0.738729
v -0.940645 -0.035136 0.738729
v -1.098071 -0.100000 0.483983
v -0.165527 0.692353 0.000000
v 0.165527 0.692353 0.000000
v -0.098684 0.690150 0.159692
v -0.098684 0.690150 -0.159692
v 0.098684 0.690150 0.159692
v 0.098684 0.690150 -0.159692
v -0.450011 0.575134 0.460356
v -0.284482 0.506911 0.728219
v -0.286391 0.612804 0.463444
v -0.544767 0.506352 0.562128
v -0.187707 0.572135 0.623132
v -0.446083 0.465679 0.721821
v -0.450011 0.575134 -0.460356
v -0.284482 0.506911 -0.728219
v -0.286391 0.612804 -0.463444
v -0.544767 0.506352 -0.562128
v -0.187707 0.572135 -0.623132
v -0.446083 0.465679 -0.721821
v -0.910367 0.385479 -0.284482
v -1.012701 0.206904 -0.450011
v -0.848519 0.381214 -0.446083
v -1.008203 0.315421 -0.187707
v -0.909528 0.274752 -0.544767
v -1.069206 0.208963 -0.286391
v -0.910367 0.385479 0.284482
v -1.012701 0.206904 0.450011
v -0.848519 0.381214 0.446083
v -1.008203 0.315421 0.187707
v -0.909528 0.274752 0.544767
v -1.069206 0.208963 0.286391
v 0.450011 0.575134 0.460356
v 0.284482 0.506911 0.728219
v 0.286391 0.612804 0.463444
v 0.187707 0.572135 0.623132
v 0.544767 0.506352 0.562128
v 0.446083 0.465679 0.721821
v 0.450011 0.575134 -0.460356
v 0.284482 0.506911 -0.728219
v 0.286391 0.612804 -0.463444
v 0.187707 0.572135 -0.623132
v 0.544767 0.506352 -0.562128
v 0.446083 0.465679 -0.721821
v 0.910367 0.385479 -0.284482
v 1.012701 0.206904 -0.450011
v 0.848519 0.381214 -0.446083
v 1.008203 0.315421 -0.187707
v 0.909528 0.274752 -0.544767
v 1.069206 0.208963 -0.286391
v 0.910367 0.385479 0.284482
v 1.012701 0.206904 0.450011
v 0.848519 0.381214 0.446083
v 1.008203 0.315421 0.187707
v 0.909528 0.274752 0.544767
v 1.069206 0.208963 0.286391
v -0.165527 -0.892353 0.000000
v 0.165527 -0.892353 0.000000
v -0.098684 -0.890151 0.159692
v -0.098684 -0.890151 -0.159692
v 0.098684 -0.890151 0.159692
v 0.098684 -0.890151 -0.159692
v -0.450011 -0.775134 0.460356
v -0.284482 -0.706911 0.728219
v -0.286391 -0.812804 0.463444
v -0.544767 -0.706352 0.562128
v -0.187707 -0.772135 0.623132
v -0.446083 -0.665679 0.721821
v -0.450011 -0.775134 -0.460356
v -0.284482 -0.706911 -0.728219
v -0.286391 -0.812804 -0.463444
v -0.544767 -0.706352 -0.562128
v -0.187707 -0.772135 -0.623132
v -0.446083 -0.665679 -0.721821
v -0.910367 -0.585479 -0.284482
v -1.012701 -0.406904 -0.450011
v -0.848519 -0.581214 -0.446083
v -1.008203 -0.515421 -0.187707
v -0.909528 -0.474752 -0.544767
v -1.069206 -0.408963 -0.286391
v -0.910367 -0.585479 0.284482
v -1.012701 -0.406904 0.450011
v -0.848519 -0.581214 0.446083
v -1.008203 -0.515421 0.187707
v -0.909528 -0.474752 0.544767
v -1.069206 -0.408963 0.286391
v 0.450011 -0.775134 0.460356
v 0.284482 -0.706911 0.728219
v 0.286391 -0.812804 0.463444
v 0.187707 -0.772135 0.623132
v 0.544767 -0.706352 0.562128
v 0.446083 -0.665679 0.721821
v 0.450011 -0.775134 -0.460356
v 0.284482 -0.706911 -0.728219
v 0.286391 -0.812804 -0.463444
v 0.187707 -0.772135 -0.623132
v 0.544767 -0.706352 -0.562128
v 0.446083 -0.665679 -0.721821
v 0.910367 -0.585479 -0.284482
v 1.012701 -0.406904 -0.450011
v 0.848519 -0.581214 -0.446083
v 1.008203 -0.515421 -0.187707
v 0.909528 -0.474752 -0.544767
v 1.069206 -0.408963 -0.286391
v 0.910367 -0.585479 0.284482
v 1.012701 -0.406904 0.450011
v 0.848519 -0.581214 0.446083
v 1.008203 -0.515421 0.187707
v 0.909528 -0.474752 0.544767
v 1.069206 -0.408963 0.286391
v 0.000000 -0.210351 1.188529
v 0.000000 0.010351 1.188529
v 0.159692 -0.165789 1.185226
v -0.159692 -0.165789 1.185226
v 0.159692 -0.034211 1.185226
v -0.159692 -0.034211 1.185226
v 0.460356 -0.400007 1.012701
v 0.728219 -0.289655 0.910367
v 0.562128 -0.463178 0.909528
v 0.721821 -0.397389 0.848519
v 0.463444 -0.290927 1.069206
v 0.623132 -0.225138 1.008203
v -0.460356 -0.400007 1.012701
v -0.728219 -0.289655 0.910367
v -0.562128 -0.463178 0.909528
v -0.721821 -0.397389 0.848519
v -0.463444 -0.290927 1.069206
v -0.623132 -0.225138 1.008203
v 0.460356 0.200007 1.012701
v 0.728219 0.089655 0.910367
v 0.562128 0.263178 0.909528
v 0.721821 0.197389 0.848519
v 0.463444 0.090927 1.069206
v 0.623132 0.025138 1.008203
v -0.460356 0.200007 1.012701
v -0.728219 0.089655 0.910367
v -0.562128 0.263178 0.909528
v -0.721821 0.197389 0.848519
v -0.463444 0.090927 1.069206
v -0.623132 0.025138 1.008203
v 0.000000 -0.210351 -1.188529
v 0.000000 0.010351 -1.188529
v 0.159692 -0.165789 -1.185226
v -0.159692 -0.165789 -1.185226
v 0.159692 -0.034211 -1.185226
v -0.159692 -0.034211 -1.185226
v 0.460356 -0.400007 -1.012701
v 0.728219 -0.289655 -0.910367
v 0.562128 -0.463178 -0.909528
v 0.721821 -0.397389 -0.848519
v 0.463444 -0.290927 -1.069206
v 0.623132 -0.225138 -1.008203
v -0.460356 -0.400007 -1.012701
v -0.728219 -0.289655 -0.910367
v -0.562128 -0.463178 -0.909528
v -0.721821 -0.397389 -0.848519
v -0.463444 -0.290927 -1.069206
v -0.623132 -0.225138 -1.008203
v 0.460356 0.200007 -1.012701
v 0.728219 0.089655 -0.910367
v 0.562128 0.263178 -0.909528
v 0.721821 0.197389 -0.848519
v 0.463444 0.090927 -1.069206
v 0.623132 0.025138 -1.008203
v -0.460356 0.200007 -1.012701
v -0.728219 0.089655 -0.910367
v -0.562128 0.263178 -0.909528
v -0.721821 0.197389 -0.848519
v -0.463444 0.090927 -1.069206
v -0.623132 0.025138 -1.008203
v 1.188529 -0.100000 -0.165527
v 1.188529 -0.100000 0.165527
v 1.185226 0.006461 -0.098684
v 1.185226 0.006461 0.098684
v 1.185226 -0.206461 -0.098684
v 1.185226 -0.206461 0.098684
v -1.188529 -0.100000 -0.165527
v -1.188529 -0.100000 0.165527
v -1.185226 0.006461 -0.098684
v -1.185226 0.006461 0.098684
v -1.185226 -0.206461 -0.098684
v -1.185226 -0.206461 0.098684
v -0.429838 0.639452 0.157993
v -0.429838 0.639452 -0.157993
v -0.264118 0.673117 0.159358
v -0.264118 0.673117 -0.159358
v -0.685467 0.534136 0.255627
v -0.361482 0.632999 0.316912
v -0.619318 0.526772 0.415390
v -0.685467 0.534136 -0.255627
v -0.361482 0.632999 -0.316912
v -0.619318 0.526772 -0.415390
v -0.843458 0.469045 0.000000
v -0.776873 0.461863 -0.355198
v -0.936225 0.396209 -0.097363
v -0.776873 0.461863 0.355198
v -0.936225 0.396209 0.097363
v 0.429838 0.639452 0.157993
v 0.429838 0.639452 -0.157993
v 0.264118 0.673117 0.159358
v 0.264118 0.673117 -0.159358
v 0.685467 0.534136 0.255627
v 0.361482 0.632999 0.316912
v 0.619318 0.526772 0.415390
v 0.685467 0.534136 -0.255627
v 0.361482 0.632999 -0.316912
v 0.619318 0.526772 -0.415390
v 0.843458 0.469045 0.000000
v 0.776873 0.461863 -0.355198
v 0.936225 0.396209 -0.097363
v 0.776873 0.461863 0.355198
v 0.936225 0.396209 0.097363
v -0.429838 -0.839452 0.157993
v -0.429838 -0.839452 -0.157993
v -0.264118 -0.873117 0.159358
v -0.264118 -0.873117 -0.159358
v -0.685467 -0.734136 0.255627
v -0.361482 -0.832999 0.316912
v -0.619318 -0.726772 0.415390
v -0.685467 -0.734136 -0.255627
v -0.361482 -0.832999 -0.316912
v -0.619318 -0.726772 -0.415390
v -0.843458 -0.669046 0.000000
v -0.776873 -0.661863 -0.355198
v -0.936225 -0.596209 -0.097363
v -0.776873 -0.661863 0.355198
v -0.936225 -0.596209 0.097363
v 0.429838 -0.839452 0.157993
v 0.429838 -0.839452 -0.157993
v 0.264118 -0.873117 0.159358
v 0.264118 -0.873117 -0.159358
v 0.685467 -0.734136 0.255627
v 0.361482 -0.832999 0.316912
v 0.619318 -0.726772 0.415390
v 0.685467 -0.734136 -0.255627
v 0.361482 -0.832999 -0.316912
v 0.619318 -0.726772 -0.415390
v 0.843458 -0.669046 0.000000
v 0.776873 -0.661863 -0.355198
v 0.936225 -0.596209 -0.097363
v 0.776873 -0.661863 0.355198
v 0.936225 -0.596209 0.097363
v 0.000000 -0.662305 0.853568
v -0.255627 -0.556978 0.951204
v -0.097363 -0.724150 0.744314
v -0.355198 -0.617915 0.842795
v 0.255627 -0.556978 0.951204
v 0.097363 -0.724150 0.744314
v 0.355198 -0.617915 0.842795
v 0.157993 -0.386559 1.109179
v -0.157993 -0.386559 1.109179
v 0.159358 -0.276079 1.159675
v -0.159358 -0.276079 1.159675
v 0.415390 -0.512879 0.940158
v 0.316912 -0.340988 1.099499
v -0.415390 -0.512879 0.940158
v -0.316912 -0.340988 1.099499
v 0.000000 0.462305 0.853568
v -0.255627 0.356978 0.951204
v -0.097363 0.524150 0.744314
v -0.355198 0.417915 0.842795
v 0.255627 0.356978 0.951204
v 0.097363 0.524150 0.744314
v 0.355198 0.417915 0.842795
v 0.157993 0.186559 1.109179
v -0.157993 0.186559 1.109179
v 0.159358 0.076079 1.159675
v -0.159358 0.076079 1.159675
v 0.415390 0.312879 0.940158
v 0.316912 0.140988 1.099499
v -0.415390 0.312879 0.940158
v -0.316912 0.140988 1.099499
v 0.000000 -0.662305 -0.853568
v -0.255627 -0.556978 -0.951204
v -0.097363 -0.724150 -0.744314
v -0.355198 -0.617915 -0.842795
v 0.255627 -0.556978 -0.951204
v 0.097363 -0.724150 -0.744314
v 0.355198 -0.617915 -0.842795
v 0.157993 -0.386559 -1.109179
v -0.157993 -0.386559 -1.109179
v 0.159358 -0.276079 -1.159675
v -0.159358 -0.276079 -1.159675
v 0.415390 -0.512879 -0.940158
v 0.316912 -0.340988 -1.099499
v -0.415390 -0.512879 -0.940158
v -0.316912 -0.340988 -1.099499
v 0.000000 0.462305 -0.853568
v -0.255627 0.356978 -0.951204
v -0.097363 0.524150 -0.744314
v -0.355198 0.417915 -0.842795
v 0.255627 0.356978 -0.951204
v 0.097363 0.524150 -0.744314
v 0.355198 0.417915 -0.842795
v 0.157993 0.186559 -1.109179
v -0.157993 0.186559 -1.109179
v 0.159358 0.076079 -1.159675
v -0.159358 0.076079 -1.159675
v 0.415390 0.312879 -0.940158
v 0.316912 0.140988 -1.099499
v -0.415390 0.312879 -0.940158
v -0.316912 0.140988 -1.099499
v 0.951204 0.070418 -0.685467
v 1.109179 0.005329 -0.429838
v 0.940158 0.176927 -0.619318
v 1.099499 0.111275 -0.361482
v 0.951204 -0.270418 -0.685467
v 1.109179 -0.205329 -0.429838
v 0.940158 -0.376927 -0.619318
v 1.099499 -0.311275 -0.361482
v 0.853568 -0.100000 -0.843458
v 0.842795 -0.336799 -0.776873
v 0.744314 -0.164909 -0.936225
v 0.842795 0.136799 -0.776873
v 0.744314 -0.035091 -0.936225
v 1.159675 0.006238 -0.264118
v 1.159675 -0.206238 -0.264118
v 0.951204 0.070418 0.685467
v 1.109179 0.005329 0.429838
v 0.940158 0.176927 0.619318
v 1.099499 0.111275 0.361482
v 0.951204 -0.270418 0.685467
v 1.109179 -0.205329 0.429838
v 0.940158 -0.376927 0.619318
v 1.099499 -0.311275 0.361482
v 0.853568 -0.100000 0.843458
v 0.842795 -0.336799 0.776873
v 0.744314 -0.164909 0.936225
v 0.842795 0.136799 0.776873
v 0.744314 -0.035091 0.936225
v 1.159675 0.006238 0.264118
v 1.159675 -0.206238 0.264118
v -0.951204 0.070418 -0.685467
v -1.109179 0.005329 -0.429838
v -0.940158 0.176927 -0.619318
v -1.099499 0.111275 -0.361482
v -0.951204 -0.270418 -0.685467
v -1.109179 -0.205329 -0.429838
v -0.940158 -0.376927 -0.619318
v -1.099499 -0.311275 -0.361482
v -0.853568 -0.100000 -0.843458
v -0.842795 -0.336799 -0.776873
v -0.744314 -0.164909 -0.936225
v -0.842795 0.136799 -0.776873
v -0.744314 -0.035091 -0.936225
v -1.159675 0.006238 -0.264118
v -1.159675 -0.206238 -0.264118
v -0.951204 0.070418 0.685467
v -1.109179 0.005329 0.429838
v -0.940158 0.176927 0.619318
v -1.099499 0.111275 0.361482
v -0.951204 -0.270418 0.685467
v -1.109179 -0.205329 0.429838
v -0.940158 -0.376927 0.619318
v -1.099499 -0.311275 0.361482
v -0.853568 -0.100000 0.843458
v -0.842795 -0.336799 0.776873
v -0.744314 -0.164909 0.936225
v -0.842795 0.136799 0.776873
v -0.744314 -0.035091 0.936225
v -1.159675 0.006238 0.264118
v -1.159675 -0.206238 0.264118
v 0.000000 0.671087 0.319698
v -0.098781 0.630381 0.479546
v 0.000000 0.671087 -0.319698
v -0.098781 0.630381 -0.479546
v 0.098781 0.630381 0.479546
v 0.098781 0.630381 -0.479546
v -0.616043 0.417262 0.677112
v -0.775893 0.351408 0.616043
v -0.677112 0.310695 0.775893
v -0.616043 0.417262 -0.677112
v -0.775893 0.351408 -0.616043
v -0.677112 0.310695 -0.775893
v -1.095572 0.219697 -0.098781
v -1.095572 0.219697 0.098781
v -1.156630 0.113132 0.000000
v 0.616043 0.417262 0.677112
v 0.775893 0.351408 0.616043
v 0.677112 0.310695 0.775893
v 0.616043 0.417262 -0.677112
v 0.775893 0.351408 -0.616043
v 0.677112 0.310695 -0.775893
v 1.095572 0.219697 -0.098781
v 1.095572 0.219697 0.098781
v 1.156630 0.113132 0.000000
v 0.000000 -0.871087 0.319698
v -0.098781 -0.830382 0.479546
v 0.000000 -0.871087 -0.319698
v -0.098781 -0.830382 -0.479546
v 0.098781 -0.830382 0.479546
v 0.098781 -0.830382 -0.479546
v -0.616043 -0.617262 0.677112
v -0.775893 -0.551408 0.616043
v -0.677112 -0.510695 0.775893
v -0.616043 -0.617262 -0.677112
v -0.775893 -0.551408 -0.616043
v -0.677112 -0.510695 -0.775893
v -1.095572 -0.419697 -0.098781
v -1.095572 -0.419697 0.098781
v -1.156630 -0.313132 0.000000
v 0.616043 -0.617262 0.677112
v 0.775893 -0.551408 0.616043
v 0.677112 -0.510695 0.775893
v 0.616043 -0.617262 -0.677112
v 0.775893 -0.551408 -0.616043
v 0.677112 -0.510695 -0.775893
v 1.095572 -0.419697 -0.098781
v 1.095572 -0.419697 0.098781
v 1.156630 -0.313132 0.000000
v 0.319698 -0.100000 1.156630
v 0.479546 -0.165854 1.095572
v -0.319698 -0.100000 1.156630
v -0.479546 -0.165854 1.095572
v 0.479546 -0.034146 1.095572
v -0.479546 -0.034146 1.095572
v 0.319698 -0.100000 -1.156630
v 0.479546 -0.165854 -1.095572
v -0.319698 -0.100000 -1.156630
v -0.479546 -0.165854 -1.095572
v 0.479546 -0.034146 -1.095572
v -0.479546 -0.034146 -1.095572
v -0.946236 0.570136 0.000000
v 0.946236 0.570136 0.000000
v -0.946236 0.229864 0.000000
v 0.946236 0.229864 0.000000
v 0.000000 0.294863 1.531221
v 0.000000 0.505137 1.531221
v 0.000000 0.294863 -1.531221
v 0.000000 0.505137 -1.531221
v 1.531221 0.400000 -0.946236
v 1.531221 0.400000 0.946236
v -1.531221 0.400000 -0.946236
v -1.531221 0.400000 0.946236
v 0.000000 0.600000 0.000000
v -0.556188 0.561803 0.900036
v -0.556188 0.561803 -0.900036
v -1.456224 0.500004 -0.556188
v -1.456224 0.500004 0.556188
v 0.556188 0.561803 0.900036
v 0.556188 0.561803 -0.900036
v 1.456224 0.500004 -0.556188
v 1.456224 0.500004 0.556188
v 0.000000 0.200000 0.000000
v -0.556188 0.238197 0.900036
v -0.556188 0.238197 -0.900036
v -1.456224 0.299996 -0.556188
v -1.456224 0.299996 0.556188
v 0.556188 0.238197 0.900036
v 0.556188 0.238197 -0.900036
v 1.456224 0.299996 -0.556188
v 1.456224 0.299996 0.556188
v 0.000000 0.400000 1.800000
v 0.900036 0.338201 1.456224
v -0.900036 0.338201 1.456224
v 0.900036 0.461799 1.456224
v -0.900036 0.461799 1.456224
v 0.000000 0.400000 -1.800000
v 0.900036 0.338201 -1.456224
v -0.900036 0.338201 -1.456224
v 0.900036 0.461799 -1.456224
v -0.900036 0.461799 -1.456224
v 1.800000 0.400000 0.000000
v -1.800000 0.400000 0.000000
v -0.491834 0.592389 0.000000
v -0.780937 0.572537 0.467825
v -0.780937 0.572537 -0.467825
v -1.248762 0.540415 -0.289098
v -1.248762 0.540415 0.289098
v 0.491834 0.592389 0.000000
v 0.780937 0.572537 0.467825
v 0.780937 0.572537 -0.467825
v 1.248762 0.540415 -0.289098
v 1.248762 0.540415 0.289098
v -0.491834 0.207611 0.000000
v -0.780937 0.227463 0.467825
v -0.780937 0.227463 -0.467825
v -1.248762 0.259585 -0.289098
v -1.248762 0.259585 0.289098
v 0.491834 0.207611 0.000000
v 0.780937 0.227463 0.467825
v 0.780937 0.227463 -0.467825
v 1.248762 0.259585 -0.289098
v 1.248762 0.259585 0.289098
v -0.289098 0.261249 1.263731
v 0.289098 0.261249 1.263731
v 0.000000 0.345352 1.731502
v 0.467825 0.313229 1.552829
v -0.467825 0.313229 1.552829
v -0.289098 0.538751 1.263731
v 0.289098 0.538751 1.263731
v 0.000000 0.454648 1.731502
v 0.467825 0.486771 1.552829
v -0.467825 0.486771 1.552829
v -0.289098 0.261249 -1.263731
v 0.289098 0.261249 -1.263731
v 0.000000 0.345352 -1.731502
v 0.467825 0.313229 -1.552829
v -0.467825 0.313229 -1.552829
v -0.289098 0.538751 -1.263731
v 0.289098 0.538751 -1.263731
v 0.000000 0.454648 -1.731502
v 0.467825 0.486771 -1.552829
v -0.467825 0.486771 -1.552829
v 1.552829 0.451981 -0.780937
v 1.552829 0.348019 -0.780937
v 1.263731 0.367878 -1.248762
v 1.263731 0.432122 -1.248762
v 1.731502 0.400000 -0.491834
v 1.552829 0.451981 0.780937
v 1.552829 0.348019 0.780937
v 1.263731 0.367878 1.248762
v 1.263731 0.432122 1.248762
v 1.731502 0.400000 0.491834
v -1.552829 0.451981 -0.780937
v -1.552829 0.348019 -0.780937
v -1.263731 0.367878 -1.248762
v -1.263731 0.432122 -1.248762
v -1.731502 0.400000 -0.491834
v -1.552829 0.451981 0.780937
v -1.552829 0.348019 0.780937
v -1.263731 0.367878 1.248762
v -1.263731 0.432122 1.248762
v -1.731502 0.400000 0.491834
v -0.292406 0.590211 0.473178
v -0.292406 0.590211 -0.473178
v 0.292406 0.590211 0.473178
v 0.292406 0.590211 -0.473178
v -1.057991 0.537640 0.765585
v 0.000000 0.570128 0.946347
v -0.765585 0.517555 1.238763
v -1.057991 0.537640 -0.765585
v 0.000000 0.570128 -0.946347
v -0.765585 0.517555 -1.238763
v -1.531152 0.505150 0.000000
v -1.238763 0.485065 -1.057991
v -1.711900 0.452575 -0.292406
v -1.238763 0.485065 1.057991
v -1.711900 0.452575 0.292406
v 1.057991 0.537640 0.765585
v 0.765585 0.517555 1.238763
v 1.057991 0.537640 -0.765585
v 0.765585 0.517555 -1.238763
v 1.531152 0.505150 0.000000
v 1.238763 0.485065 -1.057991
v 1.711900 0.452575 -0.292406
v 1.238763 0.485065 1.057991
v 1.711900 0.452575 0.292406
v -0.292406 0.209789 0.473178
v -0.292406 0.209789 -0.473178
v 0.292406 0.209789 0.473178
v 0.292406 0.209789 -0.473178
v -1.057991 0.262360 0.765585
v 0.000000 0.229872 0.946347
v -0.765585 0.282445 1.238763
v -1.057991 0.262360 -0.765585
v 0.000000 0.229872 -0.946347
v -0.765585 0.282445 -1.238763
v -1.531152 0.294850 0.000000
v -1.238763 0.314935 -1.057991
v -1.711900 0.347425 -0.292406
v -1.238763 0.314935 1.057991
v -1.711900 0.347425 0.292406
v 1.057991 0.262360 0.765585
v 0.765585 0.282445 1.238763
v 1.057991 0.262360 -0.765585
v 0.765585 0.282445 -1.238763
v 1.531152 0.294850 0.000000
v 1.238763 0.314935 -1.057991
v 1.711900 0.347425 -0.292406
v 1.238763 0.314935 1.057991
v 1.711900 0.347425 0.292406
v 0.473178 0.367510 1.711900
v -0.473178 0.367510 1.711900
v 0.473178 0.432490 1.711900
v -0.473178 0.432490 1.711900
v 0.946347 0.400000 1.531152
v -0.946347 0.400000 1.531152
v 0.473178 0.367510 -1.711900
v -0.473178 0.367510 -1.711900
v 0.473178 0.432490 -1.711900
v -0.473178 0.432490 -1.711900
v 0.946347 0.400000 -1.531152
v -0.946347 0.400000 -1.531152
v -0.725975 0.583012 0.000000
v -0.871923 0.572990 0.236171
v -0.871923 0.572990 -0.236171
v -1.108094 0.556774 -0.145944
v -1.108094 0.556774 0.145944
v 0.725975 0.583012 0.000000
v 0.871923 0.572990 0.236171
v 0.871923 0.572990 -0.236171
v 1.108094 0.556774 -0.145944
v 1.108094 0.556774 0.145944
v -0.725975 0.216988 0.000000
v -0.871923 0.227010 0.236171
v -0.871923 0.227010 -0.236171
v -1.108094 0.243226 -0.145944
v -1.108094 0.243226 0.145944
v 0.725975 0.216988 0.000000
v 0.871923 0.227010 0.236171
v 0.871923 0.227010 -0.236171
v 1.108094 0.243226 -0.145944
v 1.108094 0.243226 0.145944
v -0.145944 0.276878 1.410967
v 0.145944 0.276878 1.410967
v 0.000000 0.319336 1.647107
v 0.236171 0.303120 1.556911
v -0.236171 0.303120 1.556911
v -0.145944 0.523122 1.410967
v 0.145944 0.523122 1.410967
v 0.000000 0.480664 1.647107
v 0.236171 0.496880 1.556911
v -0.236171 0.496880 1.556911
v -0.145944 0.276878 -1.410967
v 0.145944 0.276878 -1.410967
v 0.000000 0.319336 -1.647107
v 0.236171 0.303120 -1.556911
v -0.236171 0.303120 -1.556911
v -0.145944 0.523122 -1.410967
v 0.145944 0.523122 -1.410967
v 0.000000 0.480664 -1.647107
v 0.236171 0.496880 -1.556911
v -0.236171 0.496880 -1.556911
v 1.556911 0.426241 -0.871923
v 1.556911 0.373759 -0.871923
v 1.410967 0.383784 -1.108094
v 1.410967 0.416216 -1.108094
v 1.647107 0.400000 -0.725975
v 1.556911 0.426241 0.871923
v 1.556911 0.373759 0.871923
v 1.410967 0.383784 1.108094
v 1.410967 0.416216 1.108094
v 1.647107 0.400000 0.725975
v -1.556911 0.426241 -0.871923
v -1.556911 0.373759 -0.871923
v -1.410967 0.383784 -1.108094
v -1.410967 0.416216 -1.108094
v -1.647107 0.400000 -0.725975
v -1.556911 0.426241 0.871923
v -1.556911 0.373759 0.871923
v -1.410967 0.383784 1.108094
v -1.410967 0.416216 1.108094
v -1.647107 0.400000 0.725975
v -0.248291 0.598088 0.000000
v 0.248291 0.598088 0.000000
v -0.148025 0.597538 0.239538
v -0.148025 0.597538 -0.239538
v 0.148025 0.597538 0.239538
v 0.148025 0.597538 -0.239538
v -0.675017 0.568783 0.690533
v -0.426723 0.551728 1.092328
v -0.429586 0.578201 0.695166
v -0.817151 0.551588 0.843192
v -0.281560 0.568034 0.934697
v -0.669125 0.541420 1.082731
v -0.675017 0.568783 -0.690533
v -0.426723 0.551728 -1.092328
v -0.429586 0.578201 -0.695166
v -0.817151 0.551588 -0.843192
v -0.281560 0.568034 -0.934697
v -0.669125 0.541420 -1.082731
v -1.365550 0.521370 -0.426723
v -1.519051 0.476726 -0.675017
v -1.272779 0.520303 -0.669125
v -1.512305 0.503855 -0.281560
v -1.364292 0.493688 -0.817151
v -1.603808 0.477241 -0.429586
v -1.365550 0.521370 0.426723
v -1.519051 0.476726 0.675017
v -1.272779 0.520303 0.669125
v -1.512305 0.503855 0.281560
v -1.364292 0.493688 0.817151
v -1.603808 0.477241 0.429586
v 0.675017 0.568783 0.690533
v 0.426723 0.551728 1.092328
v 0.429586 0.578201 0.695166
v 0.281560 0.568034 0.934697
v 0.817151 0.551588 0.843192
v 0.669125 0.541420 1.082731
v 0.675017 0.568783 -0.690533
v 0.426723 0.551728 -1.092328
v 0.429586 0.578201 -0.695166
v 0.281560 0.568034 -0.934697
v 0.817151 0.551588 -0.843192
v 0.669125 0.541420 -1.082731
v 1.365550 0.521370 -0.426723
v 1.519051 0.476726 -0.675017
v 1.272779 0.520303 -0.669125
v 1.512305 0.503855 -0.281560
v 1.364292 0.493688 -0.817151
v 1.603808 0.477241 -0.429586
v 1.365550 0.521370 0.426723
v 1.519051 0.476726 0.675017
v 1.272779 0.520303 0.669125
v 1.512305 0.503855 0.281560
v 1.364292 0.493688 0.817151
v 1.603808 0.477241 0.429586
v -0.248291 0.201912 0.000000
v 0.248291 0.201912 0.000000
v -0.148025 0.202462 0.239538
v -0.148025 0.202462 -0.239538
v 0.148025 0.202462 0.239538
v 0.148025 0.202462 -0.239538
v -0.675017 0.231217 0.690533
v -0.426723 0.248272 1.092328
v -0.429586 0.221799 0.695166
v -0.817151 0.248412 0.843192
v -0.281560 0.231966 0.934697
v -0.669125 0.258580 1.082731
v -0.675017 0.231217 -0.690533
v -0.426723 0.248272 -1.092328
v -0.429586 0.221799 -0.695166
v -0.817151 0.248412 -0.843192
v -0.281560 0.231966 -0.934697
v -0.669125 0.258580 -1.082731
v -1.365550 0.278630 -0.426723
v -1.519051 0.323274 -0.675017
v -1.272779 0.279697 -0.669125
v -1.512305 0.296145 -0.281560
v -1.364292 0.306312 -0.817151
v -1.603808 0.322759 -0.429586
v -1.365550 0.278630 0.426723
v -1.519051 0.323274 0.675017
v -1.272779 0.279697 0.669125
v -1.512305 0.296145 0.281560
v -1.364292 0.306312 0.817151
v -1.603808 0.322759 0.429586
v 0.675017 0.231217 0.690533
v 0.426723 0.248272 1.092328
v 0.429586 0.221799 0.695166
v 0.281560 0.231966 0.934697
v 0.817151 0.248412 0.843192
v 0.669125 0.258580 1.082731
v 0.675017 0.231217 -0.690533
v 0.426723 0.248272 -1.092328
v 0.429586 0.221799 -0.695166
v 0.281560 0.231966 -0.934697
v 0.817151 0.248412 -0.843192
v 0.669125 0.258580 -1.082731
v 1.365550 0.278630 -0.426723
v 1.519051 0.323274 -0.675017
v 1.272779 0.279697 -0.669125
v 1.512305 0.296145 -0.281560
v 1.364292 0.306312 -0.817151
v 1.603808 0.322759 -0.429586
v 1.365550 0.278630 0.426723
v 1.519051 0.323274 0.675017
v 1.272779 0.279697 0.669125
v 1.512305 0.296145 0.281560
v 1.364292 0.306312 0.817151
v 1.603808 0.322759 0.429586
v 0.000000 0.372412 1.782793
v 0.000000 0.427588 1.782793
v 0.239538 0.383553 1.777839
v -0.239538 0.383553 1.777839
v 0.239538 0.416447 1.777839
v -0.239538 0.416447 1.777839
v 0.690533 0.324998 1.519051
v 1.092328 0.352586 1.365550
v 0.843192 0.309206 1.364292
v 1.082731 0.325653 1.272779
v 0.695166 0.352268 1.603808
v 0.934697 0.368716 1.512305
v -0.690533 0.324998 1.519051
v -1.092328 0.352586 1.365550
v -0.843192 0.309206 1.364292
v -1.082731 0.325653 1.272779
v -0.695166 0.352268 1.603808
v -0.934697 0.368716 1.512305
v 0.690533 0.475002 1.519051
v 1.092328 0.447414 1.365550
v 0.843192 0.490795 1.364292
v 1.082731 0.474347 1.272779
v 0.695166 0.447732 1.603808
v 0.934697 0.431284 1.512305
v -0.690533 0.475002 1.519051
v -1.092328 0.447414 1.365550
v -0.843192 0.490795 1.364292
v -1.082731 0.474347 1.272779
v -0.695166 0.447732 1.603808
v -0.934697 0.431284 1.512305
v 0.000000 0.372412 -1.782793
v 0.000000 0.427588 -1.782793
v 0.239538 0.383553 -1.777839
v -0.239538 0.383553 -1.777839
v 0.239538 0.416447 -1.777839
v -0.239538 0.416447 -1.777839
v 0.690533 0.324998 -1.519051
v 1.092328 0.352586 -1.365550
v 0.843192 0.309206 -1.364292
v 1.082731 0.325653 -1.272779
v 0.695166 0.352268 -1.603808
v 0.934697 0.368716 -1.512305
v -0.690533 0.324998 -1.519051
v -1.092328 0.352586 -1.365550
v -0.843192 0.309206 -1.364292
v -1.082731 0.325653 -1.272779
v -0.695166 0.352268 -1.603808
v -0.934697 0.368716 -1.512305
v 0.690533 0.475002 -1.519051
v 1.092328 0.447414 -1.365550
v 0.843192 0.490795 -1.364292
v 1.082731 0.474347 -1.272779
v 0.695166 0.447732 -1.603808
v 0.934697 0.431284 -1.512305
v -0.690533 0.475002 -1.519051
v -1.092328 0.447414 -1.365550
v -0.843192 0.490795 -1.364292
v -1.082731 0.474347 -1.272779
v -0.695166 0.447732 -1.603808
v -0.934697 0.431284 -1.512305
v 1.782793 0.400000 -0.248291
v 1.782793 0.400000 0.248291
v 1.777839 0.426615 -0.148025
v 1.777839 0.426615 0.148025
v 1.777839 0.373385 -0.148025
v 1.777839 0.373385 0.148025
v -1.782793 0.400000 -0.248291
v -1.782793 0.400000 0.248291
v -1.777839 0.426615 -0.148025
v -1.777839 0.426615 0.148025
v -1.777839 0.373385 -0.148025
v -1.777839 0.373385 0.148025
v -0.644757 0.584863 0.236990
v -0.644757 0.584863 -0.236990
v -0.396177 0.593279 0.239036
v -0.396177 0.593279 -0.239036
v -1.028201 0.558534 0.383441
v -0.542222 0.583250 0.475368
v -0.928977 0.556693 0.623085
v -1.028201 0.558534 -0.383441
v -0.542222 0.583250 -0.475368
v -0.928977 0.556693 -0.623085
v -1.265187 0.542261 0.000000
v -1.165309 0.540466 -0.532797
v -1.404337 0.524052 -0.146044
v -1.165309 0.540466 0.532797
v -1.404337 0.524052 0.146044
v 0.644757 0.584863 0.236990
v 0.644757 0.584863 -0.236990
v 0.396177 0.593279 0.239036
v 0.396177 0.593279 -0.239036
v 1.028201 0.558534 0.383441
v 0.542222 0.583250 0.475368
v 0.928977 0.556693 0.623085
v 1.028201 0.558534 -0.383441
v 0.542222 0.583250 -0.475368
v 0.928977 0.556693 -0.623085
v 1.265187 0.542261 0.000000
v 1.165309 0.540466 -0.532797
v 1.404337 0.524052 -0.146044
v 1.165309 0.540466 0.532797
v 1.404337 0.524052 0.146044
v -0.644757 0.215137 0.236990
v -0.644757 0.215137 -0.236990
v -0.396177 0.206721 0.239036
v -0.396177 0.206721 -0.239036
v -1.028201 0.241466 0.383441
v -0.542222 0.216750 0.475368
v -0.928977 0.243307 0.623085
v -1.028201 0.241466 -0.383441
v -0.542222 0.216750 -0.475368
v -0.928977 0.243307 -0.623085
v -1.265187 0.257739 0.000000
v -1.165309 0.259534 -0.532797
v -1.404337 0.275948 -0.146044
v -1.165309 0.259534 0.532797
v -1.404337 0.275948 0.146044
v 0.644757 0.215137 0.236990
v 0.644757 0.215137 -0.236990
v 0.396177 0.206721 0.239036
v 0.396177 0.206721 -0.239036
v 1.028201 0.241466 0.383441
v 0.542222 0.216750 0.475368
v 0.928977 0.243307 0.623085
v 1.028201 0.241466 -0.383441
v 0.542222 0.216750 -0.475368
v 0.928977 0.243307 -0.623085
v 1.265187 0.257739 0.000000
v 1.165309 0.259534 -0.532797
v 1.404337 0.275948 -0.146044
v 1.165309 0.259534 0.532797
v 1.404337 0.275948 0.146044
v 0.000000 0.259424 1.280352
v -0.383441 0.285755 1.426806
v -0.146044 0.243963 1.116471
v -0.532797 0.270521 1.264192
v 0.383441 0.285755 1.426806
v 0.146044 0.243963 1.116471
v 0.532797 0.270521 1.264192
v 0.236990 0.328360 1.663768
v -0.236990 0.328360 1.663768
v 0.239036 0.355980 1.739513
v -0.239036 0.355980 1.739513
v 0.623085 0.296780 1.410237
v 0.475368 0.339753 1.649248
v -0.623085 0.296780 1.410237
v -0.475368 0.339753 1.649248
v 0.000000 0.540576 1.280352
v -0.383441 0.514244 1.426806
v -0.146044 0.556037 1.116471
v -0.532797 0.529479 1.264192
v 0.383441 0.514244 1.426806
v 0.146044 0.556037 1.116471
v 0.532797 0.529479 1.264192
v 0.236990 0.471640 1.663768
v -0.236990 0.471640 1.663768
v 0.239036 0.444020 1.739513
v -0.239036 0.444020 1.739513
v 0.623085 0.503220 1.410237
v 0.475368 0.460247 1.649248
v -0.623085 0.503220 1.410237
v -0.475368 0.460247 1.649248
v 0.000000 0.259424 -1.280352
v -0.383441 0.285755 -1.426806
v -0.146044 0.243963 -1.116471
v -0.532797 0.270521 -1.264192
v 0.383441 0.285755 -1.426806
v 0.146044 0.243963 -1.116471
v 0.532797 0.270521 -1.264192
v 0.236990 0.328360 -1.663768
v -0.236990 0.328360 -1.663768
v 0.239036 0.355980 -1.739513
v -0.239036 0.355980 -1.739513
v 0.623085 0.296780 -1.410237
v 0.475368 0.339753 -1.649248
v -0.623085 0.296780 -1.410237
v -0.475368 0.339753 -1.649248
v 0.000000 0.540576 -1.280352
v -0.383441 0.514244 -1.426806
v -0.146044 0.556037 -1.116471
v -0.532797 0.529479 -1.264192
v 0.383441 0.514244 -1.426806
v 0.146044 0.556037 -1.116471
v 0.532797 0.529479 -1.264192
v 0.236990 0.471640 -1.663768
v -0.236990 0.471640 -1.663768
v 0.239036 0.444020 -1.739513
v -0.239036 0.444020 -1.739513
v 0.623085 0.503220 -1.410237
v 0.475368 0.460247 -1.649248
v -0.623085 0.503220 -1.410237
v -0.475368 0.460247 -1.649248
v 1.426806 0.442605 -1.028201
v 1.663768 0.426332 -0.644757
v 1.410237 0.469232 -0.928977
v 1.649248 0.452819 -0.542222
v 1.426806 0.357395 -1.028201
v 1.663768 0.373668 -0.644757
v 1.410237 0.330768 -0.928977
v 1.649248 0.347181 -0.542222
v 1.280352 0.400000 -1.265187
v 1.264192 0.340800 -1.165309
v 1.116471 0.383773 -1.404337
v 1.264192 0.459200 -1.165309
v 1.116471 0.416227 -1.404337
v 1.739513 0.426560 -0.396177
v 1.739513 0.373440 -0.396177
v 1.426806 0.442605 1.028201
v 1.663768 0.426332 0.644757
v 1.410237 0.469232 0.928977
v 1.649248 0.452819 0.542222
v 1.426806 0.357395 1.028201
v 1.663768 0.373668 0.644757
v 1.410237 0.330768 0.928977
v 1.649248 0.347181 0.542222
v 1.280352 0.400000 1.265187
v 1.264192 0.340800 1.165309
v 1.116471 0.383773 1.404337
v 1.264192 0.459200 1.165309
v 1.116471 0.416227 1.404337
v 1.739513 0.426560 0.396177
v 1.739513 0.373440 0.396177
v -1.426806 0.442605 -1.028201
v -1.663768 0.426332 -0.644757
v -1.410237 0.469232 -0.928977
v -1.649248 0.452819 -0.542222
v -1.426806 0.357395 -1.028201
v -1.663768 0.373668 -0.644757
v -1.410237 0.330768 -0.928977
v -1.649248 0.347181 -0.542222
v -1.280352 0.400000 -1.265187
v -1.264192 0.340800 -1.165309
v -1.116471 0.383773 -1.404337
v -1.264192 0.459200 -1.165309
v -1.116471 0.416227 -1.404337
v -1.739513 0.426560 -0.396177
v -1.739513 0.373440 -0.396177
v -1.426806 0.442605 1.028201
v -1.663768 0.426332 0.644757
v -1.410237 0.469232 0.928977
v -1.649248 0.452819 0.542222
v -1.426806 0.357395 1.028201
v -1.663768 0.373668 0.644757
v -1.410237 0.330768 0.928977
v -1.649248 0.347181 0.542222
v -1.280352 0.400000 1.265187
v -1.264192 0.340800 1.165309
v -1.116471 0.383773 1.404337
v -1.264192 0.459200 1.165309
v -1.116471 0.416227 1.404337
v -1.739513 0.426560 0.396177
v -1.739513 0.373440 0.396177
v 0.000000 0.592772 0.479547
v -0.148171 0.582595 0.719318
v 0.000000 0.592772 -0.479547
v -0.148171 0.582595 -0.719318
v 0.148171 0.582595 0.719318
v 0.148171 0.582595 -0.719318
v -0.924065 0.529316 1.015668
v -1.163840 0.512852 0.924065
v -1.015668 0.502674 1.163840
v -0.924065 0.529316 -1.015668
v -1.163840 0.512852 -0.924065
v -1.015668 0.502674 -1.163840
v -1.643358 0.479924 -0.148171
v -1.643358 0.479924 0.148171
v -1.734945 0.453283 0.000000
v 0.924065 0.529316 1.015668
v 1.163840 0.512852 0.924065
v 1.015668 0.502674 1.163840
v 0.924065 0.529316 -1.015668
v 1.163840 0.512852 -0.924065
v 1.015668 0.502674 -1.163840
v 1.643358 0.479924 -0.148171
v 1.643358 0.479924 0.148171
v 1.734945 0.453283 0.000000
v 0.000000 0.207228 0.479547
v -0.148171 0.217405 0.719318
v 0.000000 0.207228 -0.479547
v -0.148171 0.217405 -0.719318
v 0.148171 0.217405 0.719318
v 0.148171 0.217405 -0.719318
v -0.924065 0.270684 1.015668
v -1.163840 0.287148 0.924065
v -1.015668 0.297326 1.163840
v -0.924065 0.270684 -1.015668
v -1.163840 0.287148 -0.924065
v -1.015668 0.297326 -1.163840
v -1.643358 0.320076 -0.148171
v -1.643358 0.320076 0.148171
v -1.734945 0.346717 0.000000
v 0.924065 0.270684 1.015668
v 1.163840 0.287148 0.924065
v 1.015668 0.297326 1.163840
v 0.924065 0.270684 -1.015668
v 1.163840 0.287148 -0.924065
v 1.015668 0.297326 -1.163840
v 1.643358 0.320076 -0.148171
v 1.643358 0.320076 0.148171
v 1.734945 0.346717 0.000000
v 0.479547 0.400000 1.734945
v 0.719318 0.383537 1.643358
v -0.479547 0.400000 1.734945
v -0.719318 0.383537 1.643358
v 0.719318 0.416463 1.643358
v -0.719318 0.416463 1.643358
v 0.479547 0.400000 -1.734945
v 0.719318 0.383537 -1.643358
v -0.479547 0.400000 -1.734945
v -0.719318 0.383537 -1.643358
v 0.719318 0.416463 -1.643358
v -0.719318 0.416463 -1.643358
v 0.137157 0.185068 0.000000
v 0.662843 0.185068 0.000000
v 0.137157 0.014932 0.000000
v 0.662843 0.014932 0.000000
v 0.400000 0.047431 0.170136
v 0.400000 0.152569 0.170136
v 0.400000 0.047431 -0.170136
v 0.400000 0.152569 -0.170136
v 0.825339 0.100000 -0.105137
v 0.825339 0.100000 0.105137
v -0.025339 0.100000 -0.105137
v -0.025339 0.100000 0.105137
v 0.400000 0.200000 0.000000
v 0.245503 0.180901 0.100004
v 0.245503 0.180901 -0.100004
v -0.004507 0.150002 -0.061799
v -0.004507 0.150002 0.061799
v 0.554497 0.180901 0.100004
v 0.554497 0.180901 -0.100004
v 0.804507 0.150002 -0.061799
v 0.804507 0.150002 0.061799
v 0.400000 0.000000 0.000000
v 0.245503 0.019099 0.100004
v 0.245503 0.019099 -0.100004
v -0.004507 0.049998 -0.061799
v -0.004507 0.049998 0.061799
v 0.554497 0.019099 0.100004
v 0.554497 0.019099 -0.100004
v 0.804507 0.049998 -0.061799
v 0.804507 0.049998 0.061799
v 0.400000 0.100000 0.200000
v 0.650010 0.069101 0.161803
v 0.149990 0.069101 0.161803
v 0.650010 0.130899 0.161803
v 0.149990 0.130899 0.161803
v 0.400000 0.100000 -0.200000
v 0.650010 0.069101 -0.161803
v 0.149990 0.069101 -0.161803
v 0.650010 0.130899 -0.161803
v 0.149990 0.130899 -0.161803
v 0.900000 0.100000 0.000000
v -0.100000 0.100000 0.000000
v 0.263379 0.196195 0.000000
v 0.183073 0.186268 0.051981
v 0.183073 0.186268 -0.051981
v 0.053122 0.170207 -0.032122
v 0.053122 0.170207 0.032122
v 0.536621 0.196195 0.000000
v 0.616927 0.186268 0.051981
v 0.616927 0.186268 -0.051981
v 0.746878 0.170207 -0.032122
v 0.746878 0.170207 0.032122
v 0.263379 0.003805 0.000000
v 0.183073 0.013732 0.051981
v 0.183073 0.013732 -0.051981
v 0.053122 0.029793 -0.032122
v 0.053122 0.029793 0.032122
v 0.536621 0.003805 0.000000
v 0.616927 0.013732 0.051981
v 0.616927 0.013732 -0.051981
v 0.746878 0.029793 -0.032122
v 0.746878 0.029793 0.032122
v 0.319695 0.030624 0.140415
v 0.480305 0.030624 0.140415
v 0.400000 0.072676 0.192389
v 0.529951 0.056615 0.172537
v 0.270049 0.056615 0.172537
v 0.319695 0.169376 0.140415
v 0.480305 0.169376 0.140415
v 0.400000 0.127324 0.192389
v 0.529951 0.143385 0.172537
v 0.270049 0.143385 0.172537
v 0.319695 0.030624 -0.140415
v 0.480305 0.030624 -0.140415
v 0.400000 0.072676 -0.192389
v 0.529951 0.056615 -0.172537
v 0.270049 0.056615 -0.172537
v 0.319695 0.169376 -0.140415
v 0.480305 0.169376 -0.140415
v 0.400000 0.127324 -0.192389
v 0.529951 0.143385 -0.172537
v 0.270049 0.143385 -0.172537
v 0.831341 0.125990 -0.086771
v 0.831341 0.074010 -0.086771
v 0.751036 0.083939 -0.138751
v 0.751036 0.116061 -0.138751
v 0.880973 0.100000 -0.054648
v 0.831341 0.125990 0.086771
v 0.831341 0.074010 0.086771
v 0.751036 0.083939 0.138751
v 0.751036 0.116061 0.138751
v 0.880973 0.100000 0.054648
v -0.031341 0.125990 -0.086771
v -0.031341 0.074010 -0.086771
v 0.048964 0.083939 -0.138751
v 0.048964 0.116061 -0.138751
v -0.080973 0.100000 -0.054648
v -0.031341 0.125990 0.086771
v -0.031341 0.074010 0.086771
v 0.048964 0.083939 0.138751
v 0.048964 0.116061 0.138751
v -0.080973 0.100000 0.054648
v 0.318776 0.195106 0.052575
v 0.318776 0.195106 -0.052575
v 0.481224 0.195106 0.052575
v 0.481224 0.195106 -0.052575
v 0.106114 0.168820 0.085065
v 0.400000 0.185064 0.105150
v 0.187338 0.158777 0.137640
v 0.106114 0.168820 -0.085065
v 0.400000 0.185064 -0.105150
v 0.187338 0.158777 -0.137640
v -0.025320 0.152575 0.000000
v 0.055899 0.142532 -0.117555
v -0.075528 0.126288 -0.032490
v 0.055899 0.142532 0.117555
v -0.075528 0.126288 0.032490
v 0.693886 0.168820 0.085065
v 0.612662 0.158777 0.137640
v 0.693886 0.168820 -0.085065
v 0.612662 0.158777 -0.137640
v 0.825320 0.152575 0.000000
v 0.744101 0.142532 -0.117555
v 0.875528 0.126288 -0.032490
v 0.744101 0.142532 0.117555
v 0.875528 0.126288 0.032490
v 0.318776 0.004894 0.052575
v 0.318776 0.004894 -0.052575
v 0.481224 0.004894 0.052575
v 0.481224 0.004894 -0.052575
v 0.106114 0.031180 0.085065
v 0.400000 0.014936 0.105150
v 0.187338 0.041223 0.137640
v 0.106114 0.031180 -0.085065
v 0.400000 0.014936 -0.105150
v 0.187338 0.041223 -0.137640
v -0.025320 0.047425 0.000000
v 0.055899 0.057468 -0.117555
v -0.075528 0.073712 -0.032490
v 0.055899 0.057468 0.117555
v -0.075528 0.073712 0.032490
v 0.693886 0.031180 0.085065
v 0.612662 0.041223 0.137640
v 0.693886 0.031180 -0.085065
v 0.612662 0.041223 -0.137640
v 0.825320 0.047425 0.000000
v 0.744101 0.057468 -0.117555
v 0.875528 0.073712 -0.032490
v 0.744101 0.057468 0.117555
v 0.875528 0.073712 0.032490
v 0.531438 0.083755 0.190211
v 0.268562 0.083755 0.190211
v 0.531438 0.116245 0.190211
v 0.268562 0.116245 0.190211
v 0.662874 0.100000 0.170128
v 0.137126 0.100000 0.170128
v 0.531438 0.083755 -0.190211
v 0.268562 0.083755 -0.190211
v 0.531438 0.116245 -0.190211
v 0.268562 0.116245 -0.190211
v 0.662874 0.100000 -0.170128
v 0.137126 0.100000 -0.170128
v 0.198340 0.191506 0.000000
v 0.157799 0.186495 0.026241
v 0.157799 0.186495 -0.026241
v 0.092196 0.178387 -0.016216
v 0.092196 0.178387 0.016216
v 0.601660 0.191506 0.000000
v 0.642201 0.186495 0.026241
v 0.642201 0.186495 -0.026241
v 0.707804 0.178387 -0.016216
v 0.707804 0.178387 0.016216
v 0.198340 0.008494 0.000000
v 0.157799 0.013505 0.026241
v 0.157799 0.013505 -0.026241
v 0.092196 0.021613 -0.016216
v 0.092196 0.021613 0.016216
v 0.601660 0.008494 0.000000
v 0.642201 0.013505 0.026241
v 0.642201 0.013505 -0.026241
v 0.707804 0.021613 -0.016216
v 0.707804 0.021613 0.016216
v 0.359460 0.038439 0.156774
v 0.440540 0.038439 0.156774
v 0.400000 0.059668 0.183012
v 0.465603 0.051560 0.172990
v 0.334397 0.051560 0.172990
v 0.359460 0.161561 0.156774
v 0.440540 0.161561 0.156774
v 0.400000 0.140332 0.183012
v 0.465603 0.148440 0.172990
v 0.334397 0.148440 0.172990
v 0.359460 0.038439 -0.156774
v 0.440540 0.038439 -0.156774
v 0.400000 0.059668 -0.183012
v 0.465603 0.051560 -0.172990
v 0.334397 0.051560 -0.172990
v 0.359460 0.161561 -0.156774
v 0.440540 0.161561 -0.156774
v 0.400000 0.140332 -0.183012
v 0.465603 0.148440 -0.172990
v 0.334397 0.148440 -0.172990
v 0.832475 0.113121 -0.096880
v 0.832475 0.086879 -0.096880
v 0.791935 0.091892 -0.123122
v 0.791935 0.108108 -0.123122
v 0.857530 0.100000 -0.080664
v 0.832475 0.113121 0.096880
v 0.832475 0.086879 0.096880
v 0.791935 0.091892 0.123122
v 0.791935 0.108108 0.123122
v 0.857530 0.100000 0.080664
v -0.032475 0.113121 -0.096880
v -0.032475 0.086879 -0.096880
v 0.008065 0.091892 -0.123122
v 0.008065 0.108108 -0.123122
v -0.057530 0.100000 -0.080664
v -0.032475 0.113121 0.096880
v -0.032475 0.086879 0.096880
v 0.008065 0.091892 0.123122
v 0.008065 0.108108 0.123122
v -0.057530 0.100000 0.080664
v 0.331030 0.199044 0.000000
v 0.468970 0.199044 0.000000
v 0.358882 0.198769 0.026615
v 0.358882 0.198769 -0.026615
v 0.441118 0.198769 0.026615
v 0.441118 0.198769 -0.026615
v 0.212495 0.184392 0.076726
v 0.281466 0.175864 0.121370
v 0.280671 0.189100 0.077241
v 0.173014 0.175794 0.093688
v 0.321789 0.184017 0.103855
v 0.214132 0.170710 0.120303
v 0.212495 0.184392 -0.076726
v 0.281466 0.175864 -0.121370
v 0.280671 0.189100 -0.077241
v 0.173014 0.175794 -0.093688
v 0.321789 0.184017 -0.103855
v 0.214132 0.170710 -0.120303
v 0.020681 0.160685 -0.047414
v -0.021959 0.138363 -0.075002
v 0.046450 0.160152 -0.074347
v -0.020085 0.151928 -0.031284
v 0.021030 0.146844 -0.090795
v -0.045502 0.138620 -0.047732
v 0.020681 0.160685 0.047414
v -0.021959 0.138363 0.075002
v 0.046450 0.160152 0.074347
v -0.020085 0.151928 0.031284
v 0.021030 0.146844 0.090795
v -0.045502 0.138620 0.047732
v 0.587505 0.184392 0.076726
v 0.518534 0.175864 0.121370
v 0.519329 0.189100 0.077241
v 0.478211 0.184017 0.103855
v 0.626986 0.175794 0.093688
v 0.585868 0.170710 0.120303
v 0.587505 0.184392 -0.076726
v 0.518534 0.175864 -0.121370
v 0.519329 0.189100 -0.077241
v 0.478211 0.184017 -0.103855
v 0.626986 0.175794 -0.093688
v 0.585868 0.170710 -0.120303
v 0.779320 0.160685 -0.047414
v 0.821959 0.138363 -0.075002
v 0.753550 0.160152 -0.074347
v 0.820085 0.151928 -0.031284
v 0.778970 0.146844 -0.090795
v 0.845502 0.138620 -0.047732
v 0.779320 0.160685 0.047414
v 0.821959 0.138363 0.075002
v 0.753550 0.160152 0.074347
v 0.820085 0.151928 0.031284
v 0.778970 0.146844 0.090795
v 0.845502 0.138620 0.047732
v 0.331030 0.000956 0.000000
v 0.468970 0.000956 0.000000
v 0.358882 0.001231 0.026615
v 0.358882 0.001231 -0.026615
v 0.441118 0.001231 0.026615
v 0.441118 0.001231 -0.026615
v 0.212495 0.015608 0.076726
v 0.281466 0.024136 0.121370
v 0.280671 0.010900 0.077241
v 0.173014 0.024206 0.093688
v 0.321789 0.015983 0.103855
v 0.214132 0.029290 0.120303
v 0.212495 0.015608 -0.076726
v 0.281466 0.024136 -0.121370
v 0.280671 0.010900 -0.077241
v 0.173014 0.024206 -0.093688
v 0.321789 0.015983 -0.103855
v 0.214132 0.029290 -0.120303
v 0.020681 0.039315 -0.047414
v -0.021959 0.061637 -0.075002
v 0.046450 0.039848 -0.074347
v -0.020085 0.048072 -0.031284
v 0.021030 0.053156 -0.090795
v -0.045502 0.061380 -0.047732
v 0.020681 0.039315 0.047414
v -0.021959 0.061637 0.075002
v 0.046450 0.039848 0.074347
v -0.020085 0.048072 0.031284
v 0.021030 0.053156 0.090795
v -0.045502 0.061380 0.047732
v 0.587505 0.015608 0.076726
v 0.518534 0.024136 0.121370
v 0.519329 0.010900 0.077241
v 0.478211 0.015983 0.103855
v 0.626986 0.024206 0.093688
v 0.585868 0.029290 0.120303
v 0.587505 0.015608 -0.076726
v 0.518534 0.024136 -0.121370
v 0.519329 0.010900 -0.077241
v 0.478211 0.015983 -0.103855
v 0.626986 0.024206 -0.093688
v 0.585868 0.029290 -0.120303
v 0.779320 0.039315 -0.047414
v 0.821959 0.061637 -0.075002
v 0.753550 0.039848 -0.074347
v 0.820085 0.048072 -0.031284
v 0.778970 0.053156 -0.090795
v 0.845502 0.061380 -0.047732
v 0.779320 0.039315 0.047414
v 0.821959 0.061637 0.075002
v 0.753550 0.039848 0.074347
v 0.820085 0.048072 0.031284
v 0.778970 0.053156 0.090795
v 0.845502 0.061380 0.047732
v 0.400000 0.086206 0.198088
v 0.400000 0.113794 0.198088
v 0.466538 0.091776 0.197538
v 0.333462 0.091776 0.197538
v 0.466538 0.108224 0.197538
v 0.333462 0.108224 0.197538
v 0.591815 0.062499 0.168783
v 0.703424 0.076293 0.151728
v 0.634220 0.054603 0.151588
v 0.700759 0.062826 0.141420
v 0.593102 0.076134 0.178201
v 0.659638 0.084358 0.168034
v 0.208185 0.062499 0.168783
v 0.096576 0.076293 0.151728
v 0.165780 0.054603 0.151588
v 0.099241 0.062826 0.141420
v 0.206898 0.076134 0.178201
v 0.140362 0.084358 0.168034
v 0.591815 0.137501 0.168783
v 0.703424 0.123707 0.151728
v 0.634220 0.145397 0.151588
v 0.700759 0.137174 0.141420
v 0.593102 0.123866 0.178201
v 0.659638 0.115642 0.168034
v 0.208185 0.137501 0.168783
v 0.096576 0.123707 0.151728
v 0.165780 0.145397 0.151588
v 0.099241 0.137174 0.141420
v 0.206898 0.123866 0.178201
v 0.140362 0.115642 0.168034
v 0.400000 0.086206 -0.198088
v 0.400000 0.113794 -0.198088
v 0.466538 0.091776 -0.197538
v 0.333462 0.091776 -0.197538
v 0.466538 0.108224 -0.197538
v 0.333462 0.108224 -0.197538
v 0.591815 0.062499 -0.168783
v 0.703424 0.076293 -0.151728
v 0.634220 0.054603 -0.151588
v 0.700759 0.062826 -0.141420
v 0.593102 0.076134 -0.178201
v 0.659638 0.084358 -0.168034
v 0.208185 0.062499 -0.168783
v 0.096576 0.076293 -0.151728
v 0.165780 0.054603 -0.151588
v 0.099241 0.062826 -0.141420
v 0.206898 0.076134 -0.178201
v 0.140362 0.084358 -0.168034
v 0.591815 0.137501 -0.168783
v 0.703424 0.123707 -0.151728
v 0.634220 0.145397 -0.151588
v 0.700759 0.137174 -0.141420
v 0.593102 0.123866 -0.178201
v 0.659638 0.115642 -0.168034
v 0.208185 0.137501 -0.168783
v 0.096576 0.123707 -0.151728
v 0.165780 0.145397 -0.151588
v 0.099241 0.137174 -0.141420
v 0.206898 0.123866 -0.178201
v 0.140362 0.115642 -0.168034
v 0.895220 0.100000 -0.027588
v 0.895220 0.100000 0.027588
v 0.893844 0.113308 -0.016447
v 0.893844 0.113308 0.016447
v 0.893844 0.086692 -0.016447
v 0.893844 0.086692 0.016447
v -0.095220 0.100000 -0.027588
v -0.095220 0.100000 0.027588
v -0.093844 0.113308 -0.016447
v -0.093844 0.113308 0.016447
v -0.093844 0.086692 -0.016447
v -0.093844 0.086692 0.016447
v 0.220901 0.192432 0.026332
v 0.220901 0.192432 -0.026332
v 0.289951 0.196640 0.026560
v 0.289951 0.196640 -0.026560
v 0.114389 0.179267 0.042605
v 0.249383 0.191625 0.052819
v 0.141951 0.178346 0.069232
v 0.114389 0.179267 -0.042605
v 0.249383 0.191625 -0.052819
v 0.141951 0.178346 -0.069232
v 0.048559 0.171131 0.000000
v 0.076303 0.170233 -0.059200
v 0.009906 0.162026 -0.016227
v 0.076303 0.170233 0.059200
v 0.009906 0.162026 0.016227
v 0.579099 0.192432 0.026332
v 0.579099 0.192432 -0.026332
v 0.510049 0.196640 0.026560
v 0.510049 0.196640 -0.026560
v 0.685611 0.179267 0.042605
v 0.550617 0.191625 0.052819
v 0.658049 0.178346 0.069232
v 0.685611 0.179267 -0.042605
v 0.550617 0.191625 -0.052819
v 0.658049 0.178346 -0.069232
v 0.751441 0.171131 0.000000
v 0.723697 0.170233 -0.059200
v 0.790094 0.162026 -0.016227
v 0.723697 0.170233 0.059200
v 0.790094 0.162026 0.016227
v 0.220901 0.007568 0.026332
v 0.220901 0.007568 -0.026332
v 0.289951 0.003360 0.026560
v 0.289951 0.003360 -0.026560
v 0.114389 0.020733 0.042605
v 0.249383 0.008375 0.052819
v 0.141951 0.021654 0.069232
v 0.114389 0.020733 -0.042605
v 0.249383 0.008375 -0.052819
v 0.141951 0.021654 -0.069232
v 0.048559 0.028869 0.000000
v 0.076303 0.029767 -0.059200
v 0.009906 0.037974 -0.016227
v 0.076303 0.029767 0.059200
v 0.009906 0.037974 0.016227
v 0.579099 0.007568 0.026332
v 0.579099 0.007568 -0.026332
v 0.510049 0.003360 0.026560
v 0.510049 0.003360 -0.026560
v 0.685611 0.020733 0.042605
v 0.550617 0.008375 0.052819
v 0.658049 0.021654 0.069232
v 0.685611 0.020733 -0.042605
v 0.550617 0.008375 -0.052819
v 0.658049 0.021654 -0.069232
v 0.751441 0.028869 0.000000
v 0.723697 0.029767 -0.059200
v 0.790094 0.037974 -0.016227
v 0.723697 0.029767 0.059200
v 0.790094 0.037974 0.016227
v 0.400000 0.029712 0.142261
v 0.293489 0.042878 0.158534
v 0.359432 0.021981 0.124052
v 0.252001 0.035261 0.140466
v 0.506511 0.042878 0.158534
v 0.440568 0.021981 0.124052
v 0.547999 0.035261 0.140466
v 0.465830 0.064180 0.184863
v 0.334170 0.064180 0.184863
v 0.466399 0.077990 0.193279
v 0.333601 0.077990 0.193279
v 0.573079 0.048390 0.156693
v 0.532047 0.069877 0.183250
v 0.226921 0.048390 0.156693
v 0.267953 0.069877 0.183250
v 0.400000 0.170288 0.142261
v 0.293489 0.157122 0.158534
v 0.359432 0.178019 0.124052
v 0.252001 0.164739 0.140466
v 0.506511 0.157122 0.158534
v 0.440568 0.178019 0.124052
v 0.547999 0.164739 0.140466
v 0.465830 0.135820 0.184863
v 0.334170 0.135820 0.184863
v 0.466399 0.122010 0.193279
v 0.333601 0.122010 0.193279
v 0.573079 0.151610 0.156693
v 0.532047 0.130123 0.183250
v 0.226921 0.151610 0.156693
v 0.267953 0.130123 0.183250
v 0.400000 0.029712 -0.142261
v 0.293489 0.042878 -0.158534
v 0.359432 0.021981 -0.124052
v 0.252001 0.035261 -0.140466
v 0.506511 0.042878 -0.158534
v 0.440568 0.021981 -0.124052
v 0.547999 0.035261 -0.140466
v 0.465830 0.064180 -0.184863
v 0.334170 0.064180 -0.184863
v 0.466399 0.077990 -0.193279
v 0.333601 0.077990 -0.193279
v 0.573079 0.048390 -0.156693
v 0.532047 0.069877 -0.183250
v 0.226921 0.048390 -0.156693
v 0.267953 0.069877 -0.183250
v 0.400000 0.170288 -0.142261
v 0.293489 0.157122 -0.158534
v 0.359432 0.178019 -0.124052
v 0.252001 0.164739 -0.140466
v 0.506511 0.157122 -0.158534
v 0.440568 0.178019 -0.124052
v 0.547999 0.164739 -0.140466
v 0.465830 0.135820 -0.184863
v 0.334170 0.135820 -0.184863
v 0.466399 0.122010 -0.193279
v 0.333601 0.122010 -0.193279
v 0.573079 0.151610 -0.156693
v 0.532047 0.130123 -0.183250
v 0.226921 0.151610 -0.156693
v 0.267953 0.130123 -0.183250
v 0.796335 0.121302 -0.114245
v 0.862158 0.113166 -0.071640
v 0.791732 0.134616 -0.103220
v 0.858125 0.126409 -0.060247
v 0.796335 0.078698 -0.114245
v 0.862158 0.086834 -0.071640
v 0.791732 0.065384 -0.103220
v 0.858125 0.073591 -0.060247
v 0.755653 0.100000 -0.140576
v 0.751164 0.070400 -0.129479
v 0.710131 0.091886 -0.156037
v 0.751164 0.129600 -0.129479
v 0.710131 0.108114 -0.156037
v 0.883198 0.113280 -0.044020
v 0.883198 0.086720 -0.044020
v 0.796335 0.121302 0.114245
v 0.862158 0.113166 0.071640
v 0.791732 0.134616 0.103220
v 0.858125 0.126409 0.060247
v 0.796335 0.078698 0.114245
v 0.862158 0.086834 0.071640
v 0.791732 0.065384 0.103220
v 0.858125 0.073591 0.060247
v 0.755653 0.100000 0.140576
v 0.751164 0.070400 0.129479
v 0.710131 0.091886 0.156037
v 0.751164 0.129600 0.129479
v 0.710131 0.108114 0.156037
v 0.883198 0.113280 0.044020
v 0.883198 0.086720 0.044020
v 0.003665 0.121302 -0.114245
v -0.062158 0.113166 -0.071640
v 0.008268 0.134616 -0.103220
v -0.058125 0.126409 -0.060247
v 0.003665 0.078698 -0.114245
v -0.062158 0.086834 -0.071640
v 0.008268 0.065384 -0.103220
v -0.058125 0.073591 -0.060247
v 0.044347 0.100000 -0.140576
v 0.048836 0.070400 -0.129479
v 0.089869 0.091886 -0.156037
v 0.048836 0.129600 -0.129479
v 0.089869 0.108114 -0.156037
v -0.083198 0.113280 -0.044020
v -0.083198 0.086720 -0.044020
v 0.003665 0.121302 0.114245
v -0.062158 0.113166 0.071640
v 0.008268 0.134616 0.103220
v -0.058125 0.126409 0.060247
v 0.003665 0.078698 0.114245
v -0.062158 0.086834 0.071640
v 0.008268 0.065384 0.103220
v -0.058125 0.073591 0.060247
v 0.044347 0.100000 0.140576
v 0.048836 0.070400 0.129479
v 0.089869 0.091886 0.156037
v 0.048836 0.129600 0.129479
v 0.089869 0.108114 0.156037
v -0.083198 0.113280 0.044020
v -0.083198 0.086720 0.044020
v 0.400000 0.196386 0.053283
v 0.358841 0.191298 0.079924
v 0.400000 0.196386 -0.053283
v 0.358841 0.191298 -0.079924
v 0.441159 0.191298 0.079924
v 0.441159 0.191298 -0.079924
v 0.143315 0.164658 0.112852
v 0.076711 0.156426 0.102674
v 0.117870 0.151337 0.129316
v 0.143315 0.164658 -0.112852
v 0.076711 0.156426 -0.102674
v 0.117870 0.151337 -0.129316
v -0.056488 0.139962 -0.016463
v -0.056488 0.139962 0.016463
v -0.081929 0.126642 0.000000
v 0.656685 0.164658 0.112852
v 0.723289 0.156426 0.102674
v 0.682130 0.151337 0.129316
v 0.656685 0.164658 -0.112852
v 0.723289 0.156426 -0.102674
v 0.682130 0.151337 -0.129316
v 0.856488 0.139962 -0.016463
v 0.856488 0.139962 0.016463
v 0.881929 0.126642 0.000000
v 0.400000 0.003614 0.053283
v 0.358841 0.008702 0.079924
v 0.400000 0.003614 -0.053283
v 0.358841 0.008702 -0.079924
v 0.441159 0.008702 0.079924
v 0.441159 0.008702 -0.079924
v 0.143315 0.035342 0.112852
v 0.076711 0.043574 0.102674
v 0.117870 0.048663 0.129316
v 0.143315 0.035342 -0.112852
v 0.076711 0.043574 -0.102674
v 0.117870 0.048663 -0.129316
v -0.056488 0.060038 -0.016463
v -0.056488 0.060038 0.016463
v -0.081929 0.073358 0.000000
v 0.656685 0.035342 0.112852
v 0.723289 0.043574 0.102674
v 0.682130 0.048663 0.129316
v 0.656685 0.035342 -0.112852
v 0.723289 0.043574 -0.102674
v 0.682130 0.048663 -0.129316
v 0.856488 0.060038 -0.016463
v 0.856488 0.060038 0.016463
v 0.881929 0.073358 0.000000
v 0.533208 0.100000 0.192772
v 0.599811 0.091768 0.182595
v 0.266792 0.100000 0.192772
v 0.200189 0.091768 0.182595
v 0.599811 0.108232 0.182595
v 0.200189 0.108232 0.182595
v 0.533208 0.100000 -0.192772
v 0.599811 0.091768 -0.182595
v 0.266792 0.100000 -0.192772
v 0.200189 0.091768 -0.182595
v 0.599811 0.108232 -0.182595
v 0.200189 0.108232 -0.182595
v -0.138843 0.185068 0.380000
v 0.386843 0.185068 0.380000
v -0.138843 0.014932 0.380000
v 0.386843 0.014932 0.380000
v 0.124000 0.047431 0.550136
v 0.124000 0.152569 0.550136
v 0.124000 0.047431 0.209864
v 0.124000 0.152569 0.209864
v 0.549339 0.100000 0.274863
v 0.549339 0.100000 0.485137
v -0.301339 0.100000 0.274863
v -0.301339 0.100000 0.485137
v 0.124000 0.200000 0.380000
v -0.030497 0.180901 0.480004
v -0.030497 0.180901 0.279996
v -0.280507 0.150002 0.318201
v -0.280507 0.150002 0.441799
v 0.278497 0.180901 0.480004
v 0.278497 0.180901 0.279996
v 0.528507 0.150002 0.318201
v 0.528507 0.150002 0.441799
v 0.124000 0.000000 0.380000
v -0.030497 0.019099 0.480004
v -0.030497 0.019099 0.279996
v -0.280507 0.049998 0.318201
v -0.280507 0.049998 0.441799
v 0.278497 0.019099 0.480004
v 0.278497 0.019099 0.279996
v 0.528507 0.049998 0.318201
v 0.528507 0.049998 0.441799
v 0.124000 0.100000 0.580000
v 0.374010 0.069101 0.541803
v -0.126010 0.069101 0.541803
v 0.374010 0.130899 0.541803
v -0.126010 0.130899 0.541803
v 0.124000 0.100000 0.180000
v 0.374010 0.069101 0.218197
v -0.126010 0.069101 0.218197
v 0.374010 0.130899 0.218197
v -0.126010 0.130899 0.218197
v 0.624000 0.100000 0.380000
v -0.376000 0.100000 0.380000
v -0.012621 0.196195 0.380000
v -0.092927 0.186268 0.431981
v -0.092927 0.186268 0.328019
v -0.222878 0.170207 0.347878
v -0.222878 0.170207 0.412122
v 0.260621 0.196195 0.380000
v 0.340927 0.186268 0.431981
v 0.340927 0.186268 0.328019
v 0.470878 0.170207 0.347878
v 0.470878 0.170207 0.412122
v -0.012621 0.003805 0.380000
v -0.092927 0.013732 0.431981
v -0.092927 0.013732 0.328019
v -0.222878 0.029793 0.347878
v -0.222878 0.029793 0.412122
v 0.260621 0.003805 0.380000
v 0.340927 0.013732 0.431981
v 0.340927 0.013732 0.328019
v 0.470878 0.029793 0.347878
v 0.470878 0.029793 0.412122
v 0.043695 0.030624 0.520415
v 0.204305 0.030624 0.520415
v 0.124000 0.072676 0.572389
v 0.253951 0.056615 0.552537
v -0.005951 0.056615 0.552537
v 0.043695 0.169376 0.520415
v 0.204305 0.169376 0.520415
v 0.124000 0.127324 0.572389
v 0.253951 0.143385 0.552537
v -0.005951 0.143385 0.552537
v 0.043695 0.030624 0.239585
v 0.204305 0.030624 0.239585
v 0.124000 0.072676 0.187611
v 0.253951 0.056615 0.207463
v -0.005951 0.056615 0.207463
v 0.043695 0.169376 0.239585
v 0.204305 0.169376 0.239585
v 0.124000 0.127324 0.187611
v 0.253951 0.143385 0.207463
v -0.005951 0.143385 0.207463
v 0.555341 0.125990 0.293229
v 0.555341 0.074010 0.293229
v 0.475036 0.083939 0.241249
v 0.475036 0.116061 0.241249
v 0.604973 0.100000 0.325352
v 0.555341 0.125990 0.466771
v 0.555341 0.074010 0.466771
v 0.475036 0.083939 0.518751
v 0.475036 0.116061 0.518751
v 0.604973 0.100000 0.434648
v -0.307341 0.125990 0.293229
v -0.307341 0.074010 0.293229
v -0.227036 0.083939 0.241249
v -0.227036 0.116061 0.241249
v -0.356973 0.100000 0.325352
v -0.307341 0.125990 0.466771
v -0.307341 0.074010 0.466771
v -0.227036 0.083939 0.518751
v -0.227036 0.116061 0.518751
v -0.356973 0.100000 0.434648
v 0.042776 0.195106 0.432575
v 0.042776 0.195106 0.327425
v 0.205224 0.195106 0.432575
v 0.205224 0.195106 0.327425
v -0.169886 0.168820 0.465065
v 0.124000 0.185064 0.485150
v -0.088662 0.158777 0.517640
v -0.169886 0.168820 0.294935
v 0.124000 0.185064 0.274850
v -0.088662 0.158777 0.242360
v -0.301320 0.152575 0.380000
v -0.220101 0.142532 0.262445
v -0.351528 0.126288 0.347510
v -0.220101 0.142532 0.497555
v -0.351528 0.126288 0.412490
v 0.417886 0.168820 0.465065
v 0.336662 0.158777 0.517640
v 0.417886 0.168820 0.294935
v 0.336662 0.158777 0.242360
v 0.549320 0.152575 0.380000
v 0.468101 0.142532 0.262445
v 0.599528 0.126288 0.347510
v 0.468101 0.142532 0.497555
v 0.599528 0.126288 0.412490
v 0.042776 0.004894 0.432575
v 0.042776 0.004894 0.327425
v 0.205224 0.004894 0.432575
v 0.205224 0.004894 0.327425
v -0.169886 0.031180 0.465065
v 0.124000 0.014936 0.485150
v -0.088662 0.041223 0.517640
v -0.169886 0.031180 0.294935
v 0.124000 0.014936 0.274850
v -0.088662 0.041223 0.242360
v -0.301320 0.047425 0.380000
v -0.220101 0.057468 0.262445
v -0.351528 0.073712 0.347510
v -0.220101 0.057468 0.497555
v -0.351528 0.073712 0.412490
v 0.417886 0.031180 0.465065
v 0.336662 0.041223 0.517640
v 0.417886 0.031180 0.294935
v 0.336662 0.041223 0.242360
v 0.549320 0.047425 0.380000
v 0.468101 0.057468 0.262445
v 0.599528 0.073712 0.347510
v 0.468101 0.057468 0.497555
v 0.599528 0.073712 0.412490
v 0.255438 0.083755 0.570211
v -0.007438 0.083755 0.570211
v 0.255438 0.116245 0.570211
v -0.007438 0.116245 0.570211
v 0.386874 0.100000 0.550128
v -0.138874 0.100000 0.550128
v 0.255438 0.083755 0.189789
v -0.007438 0.083755 0.189789
v 0.255438 0.116245 0.189789
v -0.007438 0.116245 0.189789
v 0.386874 0.100000 0.209872
v -0.138874 0.100000 0.209872
v -0.077660 0.191506 0.380000
v -0.118201 0.186495 0.406241
v -0.118201 0.186495 0.353759
v -0.183804 0.178387 0.363784
v -0.183804 0.178387 0.396216
v 0.325660 0.191506 0.380000
v 0.366201 0.186495 0.406241
v 0.366201 0.186495 0.353759
v 0.431804 0.178387 0.363784
v 0.431804 0.178387 0.396216
v -0.077660 0.008494 0.380000
v -0.118201 0.013505 0.406241
v -0.118201 0.013505 0.353759
v -0.183804 0.021613 0.363784
v -0.183804 0.021613 0.396216
v 0.325660 0.008494 0.380000
v 0.366201 0.013505 0.406241
v 0.366201 0.013505 0.353759
v 0.431804 0.021613 0.363784
v 0.431804 0.021613 0.396216
v 0.083460 0.038439 0.536774
v 0.164540 0.038439 0.536774
v 0.124000 0.059668 0.563012
v 0.189603 0.051560 0.552990
v 0.058397 0.051560 0.552990
v 0.083460 0.161561 0.536774
v 0.164540 0.161561 0.536774
v 0.124000 0.140332 0.563012
v 0.189603 0.148440 0.552990
v 0.058397 0.148440 0.552990
v 0.083460 0.038439 0.223226
v 0.164540 0.038439 0.223226
v 0.124000 0.059668 0.196988
v 0.189603 0.051560 0.207010
v 0.058397 0.051560 0.207010
v 0.083460 0.161561 0.223226
v 0.164540 0.161561 0.223226
v 0.124000 0.140332 0.196988
v 0.189603 0.148440 0.207010
v 0.058397 0.148440 0.207010
v 0.556475 0.113121 0.283120
v 0.556475 0.086879 0.283120
v 0.515935 0.091892 0.256878
v 0.515935 0.108108 0.256878
v 0.581530 0.100000 0.299336
v 0.556475 0.113121 0.476880
v 0.556475 0.086879 0.476880
v 0.515935 0.091892 0.503122
v 0.515935 0.108108 0.503122
v 0.581530 0.100000 0.460664
v -0.308475 0.113121 0.283120
v -0.308475 0.086879 0.283120
v -0.267935 0.091892 0.256878
v -0.267935 0.108108 0.256878
v -0.333530 0.100000 0.299336
v -0.308475 0.113121 0.476880
v -0.308475 0.086879 0.476880
v -0.267935 0.091892 0.503122
v -0.267935 0.108108 0.503122
v -0.333530 0.100000 0.460664
v 0.055030 0.199044 0.380000
v 0.192970 0.199044 0.380000
v 0.082882 0.198769 0.406615
v 0.082882 0.198769 0.353385
v 0.165118 0.198769 0.406615
v 0.165118 0.198769 0.353385
v -0.063505 0.184392 0.456726
v 0.005466 0.175864 0.501370
v 0.004671 0.189100 0.457241
v -0.102986 0.175794 0.473688
v 0.045789 0.184017 0.483855
v -0.061868 0.170710 0.500303
v -0.063505 0.184392 0.303274
v 0.005466 0.175864 0.258630
v 0.004671 0.189100 0.302759
v -0.102986 0.175794 0.286312
v 0.045789 0.184017 0.276145
v -0.061868 0.170710 0.259697
v -0.255319 0.160685 0.332586
v -0.297959 0.138363 0.304998
v -0.229550 0.160152 0.305653
v -0.296085 0.151928 0.348716
v -0.254970 0.146844 0.289205
v -0.321502 0.138620 0.332268
v -0.255319 0.160685 0.427414
v -0.297959 0.138363 0.455002
v -0.229550 0.160152 0.454347
v -0.296085 0.151928 0.411284
v -0.254970 0.146844 0.470794
v -0.321502 0.138620 0.427732
v 0.311505 0.184392 0.456726
v 0.242534 0.175864 0.501370
v 0.243329 0.189100 0.457241
v 0.202211 0.184017 0.483855
v 0.350986 0.175794 0.473688
v 0.309868 0.170710 0.500303
v 0.311505 0.184392 0.303274
v 0.242534 0.175864 0.258630
v 0.243329 0.189100 0.302759
v 0.202211 0.184017 0.276145
v 0.350986 0.175794 0.286312
v 0.309868 0.170710 0.259697
v 0.503320 0.160685 0.332586
v 0.545959 0.138363 0.304998
v 0.477550 0.160152 0.305653
v 0.544085 0.151928 0.348716
v 0.502970 0.146844 0.289205
v 0.569502 0.138620 0.332268
v 0.503320 0.160685 0.427414
v 0.545959 0.138363 0.455002
v 0.477550 0.160152 0.454347
v 0.544085 0.151928 0.411284
v 0.502970 0.146844 0.470794
v 0.569502 0.138620 0.427732
v 0.055030 0.000956 0.380000
v 0.192970 0.000956 0.380000
v 0.082882 0.001231 0.406615
v 0.082882 0.001231 0.353385
v 0.165118 0.001231 0.406615
v 0.165118 0.001231 0.353385
v -0.063505 0.015608 0.456726
v 0.005466 0.024136 0.501370
v 0.004671 0.010900 0.457241
v -0.102986 0.024206 0.473688
v 0.045789 0.015983 0.483855
v -0.061868 0.029290 0.500303
v -0.063505 0.015608 0.303274
v 0.005466 0.024136 0.258630
v 0.004671 0.010900 0.302759
v -0.102986 0.024206 0.286312
v 0.045789 0.015983 0.276145
v -0.061868 0.029290 0.259697
v -0.255319 0.039315 0.332586
v -0.297959 0.061637 0.304998
v -0.229550 0.039848 0.305653
v -0.296085 0.048072 0.348716
v -0.254970 0.053156 0.289205
v -0.321502 0.061380 0.332268
v -0.255319 0.039315 0.427414
v -0.297959 0.061637 0.455002
v -0.229550 0.039848 0.454347
v -0.296085 0.048072 0.411284
v -0.254970 0.053156 0.470794
v -0.321502 0.061380 0.427732
v 0.311505 0.015608 0.456726
v 0.242534 0.024136 0.501370
v 0.243329 0.010900 0.457241
v 0.202211 0.015983 0.483855
v 0.350986 0.024206 0.473688
v 0.309868 0.029290 0.500303
v 0.311505 0.015608 0.303274
v 0.242534 0.024136 0.258630
v 0.243329 0.010900 0.302759
v 0.202211 0.015983 0.276145
v 0.350986 0.024206 0.286312
v 0.309868 0.029290 0.259697
v 0.503320 0.039315 0.332586
v 0.545959 0.061637 0.304998
v 0.477550 0.039848 0.305653
v 0.544085 0.048072 0.348716
v 0.502970 0.053156 0.289205
v 0.569502 0.061380 0.332268
v 0.503320 0.039315 0.427414
v 0.545959 0.061637 0.455002
v 0.477550 0.039848 0.454347
v 0.544085 0.048072 0.411284
v 0.502970 0.053156 0.470794
v 0.569502 0.061380 0.427732
v 0.124000 0.086206 0.578088
v 0.124000 0.113794 0.578088
v 0.190538 0.091776 0.577538
v 0.057462 0.091776 0.577538
v 0.190538 0.108224 0.577538
v 0.057462 0.108224 0.577538
v 0.315815 0.062499 0.548783
v 0.427424 0.076293 0.531728
v 0.358220 0.054603 0.531588
v 0.424759 0.062826 0.521420
v 0.317102 0.076134 0.558201
v 0.383638 0.084358 0.548034
v -0.067815 0.062499 0.548783
v -0.179424 0.076293 0.531728
v -0.110220 0.054603 0.531588
v -0.176759 0.062826 0.521420
v -0.069102 0.076134 0.558201
v -0.135638 0.084358 0.548034
v 0.315815 0.137501 0.548783
v 0.427424 0.123707 0.531728
v 0.358220 0.145397 0.531588
v 0.424759 0.137174 0.521420
v 0.317102 0.123866 0.558201
v 0.383638 0.115642 0.548034
v -0.067815 0.137501 0.548783
v -0.179424 0.123707 0.531728
v -0.110220 0.145397 0.531588
v -0.176759 0.137174 0.521420
v -0.069102 0.123866 0.558201
v -0.135638 0.115642 0.548034
v 0.124000 0.086206 0.181912
v 0.124000 0.113794 0.181912
v 0.190538 0.091776 0.182462
v 0.057462 0.091776 0.182462
v 0.190538 0.108224 0.182462
v 0.057462 0.108224 0.182462
v 0.315815 0.062499 0.211217
v 0.427424 0.076293 0.228272
v 0.358220 0.054603 0.228412
v 0.424759 0.062826 0.238580
v 0.317102 0.076134 0.201799
v 0.383638 0.084358 0.211966
v -0.067815 0.062499 0.211217
v -0.179424 0.076293 0.228272
v -0.110220 0.054603 0.228412
v -0.176759 0.062826 0.238580
v -0.069102 0.076134 0.201799
v -0.135638 0.084358 0.211966
v 0.315815 0.137501 0.211217
v 0.427424 0.123707 0.228272
v 0.358220 0.145397 0.228412
v 0.424759 0.137174 0.238580
v 0.317102 0.123866 0.201799
v 0.383638 0.115642 0.211966
v -0.067815 0.137501 0.211217
v -0.179424 0.123707 0.228272
v -0.110220 0.145397 0.228412
v -0.176759 0.137174 0.238580
v -0.069102 0.123866 0.201799
v -0.135638 0.115642 0.211966
v 0.619220 0.100000 0.352412
v 0.619220 0.100000 0.407588
v 0.617844 0.113308 0.363553
v 0.617844 0.113308 0.396447
v 0.617844 0.086692 0.363553
v 0.617844 0.086692 0.396447
v -0.371220 0.100000 0.352412
v -0.371220 0.100000 0.407588
v -0.369844 0.113308 0.363553
v -0.369844 0.113308 0.396447
v -0.369844 0.086692 0.363553
v -0.369844 0.086692 0.396447
v -0.055099 0.192432 0.406332
v -0.055099 0.192432 0.353668
v 0.013951 0.196640 0.406560
v 0.013951 0.196640 0.353440
v -0.161611 0.179267 0.422605
v -0.026617 0.191625 0.432819
v -0.134049 0.178346 0.449232
v -0.161611 0.179267 0.337395
v -0.026617 0.191625 0.327181
v -0.134049 0.178346 0.310768
v -0.227441 0.171131 0.380000
v -0.199697 0.170233 0.320800
v -0.266094 0.162026 0.363773
v -0.199697 0.170233 0.439200
v -0.266094 0.162026 0.396227
v 0.303099 0.192432 0.406332
v 0.303099 0.192432 0.353668
v 0.234049 0.196640 0.406560
v 0.234049 0.196640 0.353440
v 0.409611 0.179267 0.422605
v 0.274617 0.191625 0.432819
v 0.382049 0.178346 0.449232
v 0.409611 0.179267 0.337395
v 0.274617 0.191625 0.327181
v 0.382049 0.178346 0.310768
v 0.475441 0.171131 0.380000
v 0.447697 0.170233 0.320800
v 0.514094 0.162026 0.363773
v 0.447697 0.170233 0.439200
v 0.514094 0.162026 0.396227
v -0.055099 0.007568 0.406332
v -0.055099 0.007568 0.353668
v 0.013951 0.003360 0.406560
v 0.013951 0.003360 0.353440
v -0.161611 0.020733 0.422605
v -0.026617 0.008375 0.432819
v -0.134049 0.021654 0.449232
v -0.161611 0.020733 0.337395
v -0.026617 0.008375 0.327181
v -0.134049 0.021654 0.310768
v -0.227441 0.028869 0.380000
v -0.199697 0.029767 0.320800
v -0.266094 0.037974 0.363773
v -0.199697 0.029767 0.439200
v -0.266094 0.037974 0.396227
v 0.303099 0.007568 0.406332
v 0.303099 0.007568 0.353668
v 0.234049 0.003360 0.406560
v 0.234049 0.003360 0.353440
v 0.409611 0.020733 0.422605
v 0.274617 0.008375 0.432819
v 0.382049 0.021654 0.449232
v 0.409611 0.020733 0.337395
v 0.274617 0.008375 0.327181
v 0.382049 0.021654 0.310768
v 0.475441 0.028869 0.380000
v 0.447697 0.029767 0.320800
v 0.514094 0.037974 0.363773
v 0.447697 0.029767 0.439200
v 0.514094 0.037974 0.396227
v 0.124000 0.029712 0.522261
v 0.017489 0.042878 0.538534
v 0.083432 0.021981 0.504052
v -0.023999 0.035261 0.520466
v 0.230511 0.042878 0.538534
v 0.164568 0.021981 0.504052
v 0.271999 0.035261 0.520466
v 0.189830 0.064180 0.564863
v 0.058170 0.064180 0.564863
v 0.190399 0.077990 0.573279
v 0.057601 0.077990 0.573279
v 0.297079 0.048390 0.536693
v 0.256047 0.069877 0.563250
v -0.049079 0.048390 0.536693
v -0.008047 0.069877 0.563250
v 0.124000 0.170288 0.522261
v 0.017489 0.157122 0.538534
v 0.083432 0.178019 0.504052
v -0.023999 0.164739 0.520466
v 0.230511 0.157122 0.538534
v 0.164568 0.178019 0.504052
v 0.271999 0.164739 0.520466
v 0.189830 0.135820 0.564863
v 0.058170 0.135820 0.564863
v 0.190399 0.122010 0.573279
v 0.057601 0.122010 0.573279
v 0.297079 0.151610 0.536693
v 0.256047 0.130123 0.563250
v -0.049079 0.151610 0.536693
v -0.008047 0.130123 0.563250
v 0.124000 0.029712 0.237739
v 0.017489 0.042878 0.221466
v 0.083432 0.021981 0.255948
v -0.023999 0.035261 0.239534
v 0.230511 0.042878 0.221466
v 0.164568 0.021981 0.255948
v 0.271999 0.035261 0.239534
v 0.189830 0.064180 0.195137
v 0.058170 0.064180 0.195137
v 0.190399 0.077990 0.186721
v 0.057601 0.077990 0.186721
v 0.297079 0.048390 0.223307
v 0.256047 0.069877 0.196750
v -0.049079 0.048390 0.223307
v -0.008047 0.069877 0.196750
v 0.124000 0.170288 0.237739
v 0.017489 0.157122 0.221466
v 0.083432 0.178019 0.255948
v -0.023999 0.164739 0.239534
v 0.230511 0.157122 0.221466
v 0.164568 0.178019 0.255948
v 0.271999 0.164739 0.239534
v 0.189830 0.135820 0.195137
v 0.058170 0.135820 0.195137
v 0.190399 0.122010 0.186721
v 0.057601 0.122010 0.186721
v 0.297079 0.151610 0.223307
v 0.256047 0.130123 0.196750
v -0.049079 0.151610 0.223307
v -0.008047 0.130123 0.196750
v 0.520335 0.121302 0.265755
v 0.586158 0.113166 0.308360
v 0.515732 0.134616 0.276780
v 0.582125 0.126409 0.319753
v 0.520335 0.078698 0.265755
v 0.586158 0.086834 0.308360
v 0.515732 0.065384 0.276780
v 0.582125 0.073591 0.319753
v 0.479653 0.100000 0.239424
v 0.475164 0.070400 0.250521
v 0.434131 0.091886 0.223963
v 0.475164 0.129600 0.250521
v 0.434131 0.108114 0.223963
v 0.607198 0.113280 0.335980
v 0.607198 0.086720 0.335980
v 0.520335 0.121302 0.494245
v 0.586158 0.113166 0.451640
v 0.515732 0.134616 0.483220
v 0.582125 0.126409 0.440247
v 0.520335 0.078698 0.494245
v 0.586158 0.086834 0.451640
v 0.515732 0.065384 0.483220
v 0.582125 0.073591 0.440247
v 0.479653 0.100000 0.520576
v 0.475164 0.070400 0.509479
v 0.434131 0.091886 0.536038
v 0.475164 0.129600 0.509479
v 0.434131 0.108114 0.536038
v 0.607198 0.113280 0.424020
v 0.607198 0.086720 0.424020
v -0.272335 0.121302 0.265755
v -0.338158 0.113166 0.308360
v -0.267732 0.134616 0.276780
v -0.334125 0.126409 0.319753
v -0.272335 0.078698 0.265755
v -0.338158 0.086834 0.308360
v -0.267732 0.065384 0.276780
v -0.334125 0.073591 0.319753
v -0.231653 0.100000 0.239424
v -0.227164 0.070400 0.250521
v -0.186131 0.091886 0.223963
v -0.227164 0.129600 0.250521
v -0.186131 0.108114 0.223963
v -0.359198 0.113280 0.335980
v -0.359198 0.086720 0.335980
v -0.272335 0.121302 0.494245
v -0.338158 0.113166 0.451640
v -0.267732 0.134616 0.483220
v -0.334125 0.126409 0.440247
v -0.272335 0.078698 0.494245
v -0.338158 0.086834 0.451640
v -0.267732 0.065384 0.483220
v -0.334125 0.073591 0.440247
v -0.231653 0.100000 0.520576
v -0.227164 0.070400 0.509479
v -0.186131 0.091886 0.536038
v -0.227164 0.129600 0.509479
v -0.186131 0.108114 0.536038
v -0.359198 0.113280 0.424020
v -0.359198 0.086720 0.424020
v 0.124000 0.196386 0.433283
v 0.082841 0.191298 0.459924
v 0.124000 0.196386 0.326717
v 0.082841 0.191298 0.300076
v 0.165159 0.191298 0.459924
v 0.165159 0.191298 0.300076
v -0.132685 0.164658 0.492852
v -0.199289 0.156426 0.482674
v -0.158130 0.151337 0.509315
v -0.132685 0.164658 0.267148
v -0.199289 0.156426 0.277326
v -0.158130 0.151337 0.250684
v -0.332488 0.139962 0.363537
v -0.332488 0.139962 0.396463
v -0.357929 0.126642 0.380000
v 0.380685 0.164658 0.492852
v 0.447289 0.156426 0.482674
v 0.406130 0.151337 0.509315
v 0.380685 0.164658 0.267148
v 0.447289 0.156426 0.277326
v 0.406130 0.151337 0.250684
v 0.580488 0.139962 0.363537
v 0.580488 0.139962 0.396463
v 0.605929 0.126642 0.380000
v 0.124000 0.003614 0.433283
v 0.082841 0.008702 0.459924
v 0.124000 0.003614 0.326717
v 0.082841 0.008702 0.300076
v 0.165159 0.008702 0.459924
v 0.165159 0.008702 0.300076
v -0.132685 0.035342 0.492852
v -0.199289 0.043574 0.482674
v -0.158130 0.048663 0.509315
v -0.132685 0.035342 0.267148
v -0.199289 0.043574 0.277326
v -0.158130 0.048663 0.250684
v -0.332488 0.060038 0.363537
v -0.332488 0.060038 0.396463
v -0.357929 0.073358 0.380000
v 0.380685 0.035342 0.492852
v 0.447289 0.043574 0.482674
v 0.406130 0.048663 0.509315
v 0.380685 0.035342 0.267148
v 0.447289 0.043574 0.277326
v 0.406130 0.048663 0.250684
v 0.580488 0.060038 0.363537
v 0.580488 0.060038 0.396463
v 0.605929 0.073358 0.380000
v 0.257208 0.100000 0.572772
v 0.323811 0.091768 0.562595
v -0.009208 0.100000 0.572772
v -0.075811 0.091768 0.562595
v 0.323811 0.108232 0.562595
v -0.075811 0.108232 0.562595
v 0.257208 0.100000 0.187228
v 0.323811 0.091768 0.197405
v -0.009208 0.100000 0.187228
v -0.075811 0.091768 0.197405
v 0.323811 0.108232 0.197405
v -0.075811 0.108232 0.197405
v -0.586843 0.185068 0.235000
v -0.061157 0.185068 0.235000
v -0.586843 0.014932 0.235000
v -0.061157 0.014932 0.235000
v -0.324000 0.047431 0.405136
v -0.324000 0.152569 0.405136
v -0.324000 0.047431 0.064864
v -0.324000 0.152569 0.064864
v 0.101339 0.100000 0.129863
v 0.101339 0.100000 0.340137
v -0.749339 0.100000 0.129863
v -0.749339 0.100000 0.340137
v -0.324000 0.200000 0.235000
v -0.478497 0.180901 0.335004
v -0.478497 0.180901 0.134996
v -0.728507 0.150002 0.173201
v -0.728507 0.150002 0.296799
v -0.169503 0.180901 0.335004
v -0.169503 0.180901 0.134996
v 0.080507 0.150002 0.173201
v 0.080507 0.150002 0.296799
v -0.324000 0.000000 0.235000
v -0.478497 0.019099 0.335004
v -0.478497 0.019099 0.134996
v -0.728507 0.049998 0.173201
v -0.728507 0.049998 0.296799
v -0.169503 0.019099 0.335004
v -0.169503 0.019099 0.134996
v 0.080507 0.049998 0.173201
v 0.080507 0.049998 0.296799
v -0.324000 0.100000 0.435000
v -0.073990 0.069101 0.396803
v -0.574010 0.069101 0.396803
v -0.073990 0.130899 0.396803
v -0.574010 0.130899 0.396803
v -0.324000 0.100000 0.035000
v -0.073990 0.069101 0.073197
v -0.574010 0.069101 0.073197
v -0.073990 0.130899 0.073197
v -0.574010 0.130899 0.073197
v 0.176000 0.100000 0.235000
v -0.824000 0.100000 0.235000
v -0.460621 0.196195 0.235000
v -0.540927 0.186268 0.286981
v -0.540927 0.186268 0.183019
v -0.670878 0.170207 0.202878
v -0.670878 0.170207 0.267122
v -0.187379 0.196195 0.235000
v -0.107073 0.186268 0.286981
v -0.107073 0.186268 0.183019
v 0.022878 0.170207 0.202878
v 0.022878 0.170207 0.267122
v -0.460621 0.003805 0.235000
v -0.540927 0.013732 0.286981
v -0.540927 0.013732 0.183019
v -0.670878 0.029793 0.202878
v -0.670878 0.029793 0.267122
v -0.187379 0.003805 0.235000
v -0.107073 0.013732 0.286981
v -0.107073 0.013732 0.183019
v 0.022878 0.029793 0.202878
v 0.022878 0.029793 0.267122
v -0.404305 0.030624 0.375415
v -0.243695 0.030624 0.375415
v -0.324000 0.072676 0.427389
v -0.194049 0.056615 0.407537
v -0.453951 0.056615 0.407537
v -0.404305 0.169376 0.375415
v -0.243695 0.169376 0.375415
v -0.324000 0.127324 0.427389
v -0.194049 0.143385 0.407537
v -0.453951 0.143385 0.407537
v -0.404305 0.030624 0.094585
v -0.243695 0.030624 0.094585
v -0.324000 0.072676 0.042611
v -0.194049 0.056615 0.062463
v -0.453951 0.056615 0.062463
v -0.404305 0.169376 0.094585
v -0.243695 0.169376 0.094585
v -0.324000 0.127324 0.042611
v -0.194049 0.143385 0.062463
v -0.453951 0.143385 0.062463
v 0.107341 0.125990 0.148229
v 0.107341 0.074010 0.148229
v 0.027036 0.083939 0.096249
v 0.027036 0.116061 0.096249
v 0.156973 0.100000 0.180352
v 0.107341 0.125990 0.321771
v 0.107341 0.074010 0.321771
v 0.027036 0.083939 0.373751
v 0.027036 0.116061 0.373751
v 0.156973 0.100000 0.289648
v -0.755341 0.125990 0.148229
v -0.755341 0.074010 0.148229
v -0.675036 0.083939 0.096249
v -0.675036 0.116061 0.096249
v -0.804973 0.100000 0.180352
v -0.755341 0.125990 0.321771
v -0.755341 0.074010 0.321771
v -0.675036 0.083939 0.373751
v -0.675036 0.116061 0.373751
v -0.804973 0.100000 0.289648
v -0.405224 0.195106 0.287575
v -0.405224 0.195106 0.182425
v -0.242776 0.195106 0.287575
v -0.242776 0.195106 0.182425
v -0.617886 0.168820 0.320065
v -0.324000 0.185064 0.340150
v -0.536662 0.158777 0.372640
v -0.617886 0.168820 0.149935
v -0.324000 0.185064 0.129850
v -0.536662 0.158777 0.097360
v -0.749320 0.152575 0.235000
v -0.668101 0.142532 0.117445
v -0.799528 0.126288 0.202510
v -0.668101 0.142532 0.352555
v -0.799528 0.126288 0.267490
v -0.030114 0.168820 0.320065
v -0.111338 0.158777 0.372640
v -0.030114 0.168820 0.149935
v -0.111338 0.158777 0.097360
v 0.101320 0.152575 0.235000
v 0.020101 0.142532 0.117445
v 0.151528 0.126288 0.202510
v 0.020101 0.142532 0.352555
v 0.151528 0.126288 0.267490
v -0.405224 0.004894 0.287575
v -0.405224 0.004894 0.182425
v -0.242776 0.004894 0.287575
v -0.242776 0.004894 0.182425
v -0.617886 0.031180 0.320065
v -0.324000 0.014936 0.340150
v -0.536662 0.041223 0.372640
v -0.617886 0.031180 0.149935
v -0.324000 0.014936 0.129850
v -0.536662 0.041223 0.097360
v -0.749320 0.047425 0.235000
v -0.668101 0.057468 0.117445
v -0.799528 0.073712 0.202510
v -0.668101 0.057468 0.352555
v -0.799528 0.073712 0.267490
v -0.030114 0.031180 0.320065
v -0.111338 0.041223 0.372640
v -0.030114 0.031180 0.149935
v -0.111338 0.041223 0.097360
v 0.101320 0.047425 0.235000
v 0.020101 0.057468 0.117445
v 0.151528 0.073712 0.202510
v 0.020101 0.057468 0.352555
v 0.151528 0.073712 0.267490
v -0.192562 0.083755 0.425211
v -0.455438 0.083755 0.425211
v -0.192562 0.116245 0.425211
v -0.455438 0.116245 0.425211
v -0.061126 0.100000 0.405128
v -0.586874 0.100000 0.405128
v -0.192562 0.083755 0.044789
v -0.455438 0.083755 0.044789
v -0.192562 0.116245 0.044789
v -0.455438 0.116245 0.044789
v -0.061126 0.100000 0.064872
v -0.586874 0.100000 0.064872
v -0.525660 0.191506 0.235000
v -0.566201 0.186495 0.261241
v -0.566201 0.186495 0.208759
v -0.631804 0.178387 0.218784
v -0.631804 0.178387 0.251216
v -0.122340 0.191506 0.235000
v -0.081799 0.186495 0.261241
v -0.081799 0.186495 0.208759
v -0.016196 0.178387 0.218784
v -0.016196 0.178387 0.251216
v -0.525660 0.008494 0.235000
v -0.566201 0.013505 0.261241
v -0.566201 0.013505 0.208759
v -0.631804 0.021613 0.218784
v -0.631804 0.021613 0.251216
v -0.122340 0.008494 0.235000
v -0.081799 0.013505 0.261241
v -0.081799 0.013505 0.208759
v -0.016196 0.021613 0.218784
v -0.016196 0.021613 0.251216
v -0.364540 0.038439 0.391774
v -0.283460 0.038439 0.391774
v -0.324000 0.059668 0.418012
v -0.258397 0.051560 0.407990
v -0.389603 0.051560 0.407990
v -0.364540 0.161561 0.391774
v -0.283460 0.161561 0.391774
v -0.324000 0.140332 0.418012
v -0.258397 0.148440 0.407990
v -0.389603 0.148440 0.407990
v -0.364540 0.038439 0.078226
v -0.283460 0.038439 0.078226
v -0.324000 0.059668 0.051988
v -0.258397 0.051560 0.062010
v -0.389603 0.051560 0.062010
v -0.364540 0.161561 0.078226
v -0.283460 0.161561 0.078226
v -0.324000 0.140332 0.051988
v -0.258397 0.148440 0.062010
v -0.389603 0.148440 0.062010
v 0.108475 0.113121 0.138120
v 0.108475 0.086879 0.138120
v 0.067935 0.091892 0.111878
v 0.067935 0.108108 0.111878
v 0.133530 0.100000 0.154336
v 0.108475 0.113121 0.331880
v 0.108475 0.086879 0.331880
v 0.067935 0.091892 0.358122
v 0.067935 0.108108 0.358122
v 0.133530 0.100000 0.315664
v -0.756475 0.113121 0.138120
v -0.756475 0.086879 0.138120
v -0.715935 0.091892 0.111878
v -0.715935 0.108108 0.111878
v -0.781530 0.100000 0.154336
v -0.756475 0.113121 0.331880
v -0.756475 0.086879 0.331880
v -0.715935 0.091892 0.358122
v -0.715935 0.108108 0.358122
v -0.781530 0.100000 0.315664
v -0.392970 0.199044 0.235000
v -0.255030 0.199044 0.235000
v -0.365118 0.198769 0.261615
v -0.365118 0.198769 0.208385
v -0.282882 0.198769 0.261615
v -0.282882 0.198769 0.208385
v -0.511505 0.184392 0.311726
v -0.442534 0.175864 0.356370
v -0.443329 0.189100 0.312241
v -0.550986 0.175794 0.328688
v -0.402211 0.184017 0.338855
v -0.509868 0.170710 0.355303
v -0.511505 0.184392 0.158274
v -0.442534 0.175864 0.113630
v -0.443329 0.189100 0.157759
v -0.550986 0.175794 0.141312
v -0.402211 0.184017 0.131145
v -0.509868 0.170710 0.114697
v -0.703319 0.160685 0.187586
v -0.745959 0.138363 0.159998
v -0.677550 0.160152 0.160653
v -0.744085 0.151928 0.203716
v -0.702970 0.146844 0.144205
v -0.769502 0.138620 0.187268
v -0.703319 0.160685 0.282414
v -0.745959 0.138363 0.310002
v -0.677550 0.160152 0.309347
v -0.744085 0.151928 0.266284
v -0.702970 0.146844 0.325795
v -0.769502 0.138620 0.282732
v -0.136495 0.184392 0.311726
v -0.205466 0.175864 0.356370
v -0.204671 0.189100 0.312241
v -0.245789 0.184017 0.338855
v -0.097014 0.175794 0.328688
v -0.138132 0.170710 0.355303
v -0.136495 0.184392 0.158274
v -0.205466 0.175864 0.113630
v -0.204671 0.189100 0.157759
v -0.245789 0.184017 0.131145
v -0.097014 0.175794 0.141312
v -0.138132 0.170710 0.114697
v 0.055319 0.160685 0.187586
v 0.097959 0.138363 0.159998
v 0.029550 0.160152 0.160653
v 0.096085 0.151928 0.203716
v 0.054970 0.146844 0.144205
v 0.121502 0.138620 0.187268
v 0.055319 0.160685 0.282414
v 0.097959 0.138363 0.310002
v 0.029550 0.160152 0.309347
v 0.096085 0.151928 0.266284
v 0.054970 0.146844 0.325795
v 0.121502 0.138620 0.282732
v -0.392970 0.000956 0.235000
v -0.255030 0.000956 0.235000
v -0.365118 0.001231 0.261615
v -0.365118 0.001231 0.208385
v -0.282882 0.001231 0.261615
v -0.282882 0.001231 0.208385
v -0.511505 0.015608 0.311726
v -0.442534 0.024136 0.356370
v -0.443329 0.010900 0.312241
v -0.550986 0.024206 0.328688
v -0.402211 0.015983 0.338855
v -0.509868 0.029290 0.355303
v -0.511505 0.015608 0.158274
v -0.442534 0.024136 0.113630
v -0.443329 0.010900 0.157759
v -0.550986 0.024206 0.141312
v -0.402211 0.015983 0.131145
v -0.509868 0.029290 0.114697
v -0.703319 0.039315 0.187586
v -0.745959 0.061637 0.159998
v -0.677550 0.039848 0.160653
v -0.744085 0.048072 0.203716
v -0.702970 0.053156 0.144205
v -0.769502 0.061380 0.187268
v -0.703319 0.039315 0.282414
v -0.745959 0.061637 0.310002
v -0.677550 0.039848 0.309347
v -0.744085 0.048072 0.266284
v -0.702970 0.053156 0.325795
v -0.769502 0.061380 0.282732
v -0.136495 0.015608 0.311726
v -0.205466 0.024136 0.356370
v -0.204671 0.010900 0.312241
v -0.245789 0.015983 0.338855
v -0.097014 0.024206 0.328688
v -0.138132 0.029290 0.355303
v -0.136495 0.015608 0.158274
v -0.205466 0.024136 0.113630
v -0.204671 0.010900 0.157759
v -0.245789 0.015983 0.131145
v -0.097014 0.024206 0.141312
v -0.138132 0.029290 0.114697
v 0.055319 0.039315 0.187586
v 0.097959 0.061637 0.159998
v 0.029550 0.039848 0.160653
v 0.096085 0.048072 0.203716
v 0.054970 0.053156 0.144205
v 0.121502 0.061380 0.187268
v 0.055319 0.039315 0.282414
v 0.097959 0.061637 0.310002
v 0.029550 0.039848 0.309347
v 0.096085 0.048072 0.266284
v 0.054970 0.053156 0.325795
v 0.121502 0.061380 0.282732
v -0.324000 0.086206 0.433088
v -0.324000 0.113794 0.433088
v -0.257462 0.091776 0.432538
v -0.390538 0.091776 0.432538
v -0.257462 0.108224 0.432538
v -0.390538 0.108224 0.432538
v -0.132185 0.062499 0.403783
v -0.020576 0.076293 0.386728
v -0.089780 0.054603 0.386588
v -0.023241 0.062826 0.376420
v -0.130898 0.076134 0.413201
v -0.064362 0.084358 0.403034
v -0.515815 0.062499 0.403783
v -0.627424 0.076293 0.386728
v -0.558220 0.054603 0.386588
v -0.624759 0.062826 0.376420
v -0.517102 0.076134 0.413201
v -0.583638 0.084358 0.403034
v -0.132185 0.137501 0.403783
v -0.020576 0.123707 0.386728
v -0.089780 0.145397 0.386588
v -0.023241 0.137174 0.376420
v -0.130898 0.123866 0.413201
v -0.064362 0.115642 0.403034
v -0.515815 0.137501 0.403783
v -0.627424 0.123707 0.386728
v -0.558220 0.145397 0.386588
v -0.624759 0.137174 0.376420
v -0.517102 0.123866 0.413201
v -0.583638 0.115642 0.403034
v -0.324000 0.086206 0.036912
v -0.324000 0.113794 0.036912
v -0.257462 0.091776 0.037462
v -0.390538 0.091776 0.037462
v -0.257462 0.108224 0.037462
v -0.390538 0.108224 0.037462
v -0.132185 0.062499 0.066217
v -0.020576 0.076293 0.083272
v -0.089780 0.054603 0.083412
v -0.023241 0.062826 0.093580
v -0.130898 0.076134 0.056799
v -0.064362 0.084358 0.066966
v -0.515815 0.062499 0.066217
v -0.627424 0.076293 0.083272
v -0.558220 0.054603 0.083412
v -0.624759 0.062826 0.093580
v -0.517102 0.076134 0.056799
v -0.583638 0.084358 0.066966
v -0.132185 0.137501 0.066217
v -0.020576 0.123707 0.083272
v -0.089780 0.145397 0.083412
v -0.023241 0.137174 0.093580
v -0.130898 0.123866 0.056799
v -0.064362 0.115642 0.066966
v -0.515815 0.137501 0.066217
v -0.627424 0.123707 0.083272
v -0.558220 0.145397 0.083412
v -0.624759 0.137174 0.093580
v -0.517102 0.123866 0.056799
v -0.583638 0.115642 0.066966
v 0.171220 0.100000 0.207412
v 0.171220 0.100000 0.262588
v 0.169844 0.113308 0.218553
v 0.169844 0.113308 0.251447
v 0.169844 0.086692 0.218553
v 0.169844 0.086692 0.251447
v -0.819220 0.100000 0.207412
v -0.819220 0.100000 0.262588
v -0.817844 0.113308 0.218553
v -0.817844 0.113308 0.251447
v -0.817844 0.086692 0.218553
v -0.817844 0.086692 0.251447
v -0.503099 0.192432 0.261332
v -0.503099 0.192432 0.208668
v -0.434049 0.196640 0.261560
v -0.434049 0.196640 0.208440
v -0.609611 0.179267 0.277604
v -0.474617 0.191625 0.287819
v -0.582049 0.178346 0.304232
v -0.609611 0.179267 0.192395
v -0.474617 0.191625 0.182181
v -0.582049 0.178346 0.165768
v -0.675441 0.171131 0.235000
v -0.647697 0.170233 0.175800
v -0.714094 0.162026 0.218773
v -0.647697 0.170233 0.294200
v -0.714094 0.162026 0.251227
v -0.144901 0.192432 0.261332
v -0.144901 0.192432 0.208668
v -0.213951 0.196640 0.261560
v -0.213951 0.196640 0.208440
v -0.038389 0.179267 0.277604
v -0.173383 0.191625 0.287819
v -0.065951 0.178346 0.304232
v -0.038389 0.179267 0.192395
v -0.173383 0.191625 0.182181
v -0.065951 0.178346 0.165768
v 0.027441 0.171131 0.235000
v -0.000303 0.170233 0.175800
v 0.066094 0.162026 0.218773
v -0.000303 0.170233 0.294200
v 0.066094 0.162026 0.251227
v -0.503099 0.007568 0.261332
v -0.503099 0.007568 0.208668
v -0.434049 0.003360 0.261560
v -0.434049 0.003360 0.208440
v -0.609611 0.020733 0.277604
v -0.474617 0.008375 0.287819
v -0.582049 0.021654 0.304232
v -0.609611 0.020733 0.192395
v -0.474617 0.008375 0.182181
v -0.582049 0.021654 0.165768
v -0.675441 0.028869 0.235000
v -0.647697 0.029767 0.175800
v -0.714094 0.037974 0.218773
v -0.647697 0.029767 0.294200
v -0.714094 0.037974 0.251227
v -0.144901 0.007568 0.261332
v -0.144901 0.007568 0.208668
v -0.213951 0.003360 0.261560
v -0.213951 0.003360 0.208440
v -0.038389 0.020733 0.277604
v -0.173383 0.008375 0.287819
v -0.065951 0.021654 0.304232
v -0.038389 0.020733 0.192395
v -0.173383 0.008375 0.182181
v -0.065951 0.021654 0.165768
v 0.027441 0.028869 0.235000
v -0.000303 0.029767 0.175800
v 0.066094 0.037974 0.218773
v -0.000303 0.029767 0.294200
v 0.066094 0.037974 0.251227
v -0.324000 0.029712 0.377261
v -0.430511 0.042878 0.393534
v -0.364568 0.021981 0.359052
v -0.471999 0.035261 0.375466
v -0.217489 0.042878 0.393534
v -0.283432 0.021981 0.359052
v -0.176001 0.035261 0.375466
v -0.258170 0.064180 0.419863
v -0.389830 0.064180 0.419863
v -0.257601 0.077990 0.428279
v -0.390399 0.077990 0.428279
v -0.150921 0.048390 0.391693
v -0.191953 0.069877 0.418250
v -0.497079 0.048390 0.391693
v -0.456047 0.069877 0.418250
v -0.324000 0.170288 0.377261
v -0.430511 0.157122 0.393534
v -0.364568 0.178019 0.359052
v -0.471999 0.164739 0.375466
v -0.217489 0.157122 0.393534
v -0.283432 0.178019 0.359052
v -0.176001 0.164739 0.375466
v -0.258170 0.135820 0.419863
v -0.389830 0.135820 0.419863
v -0.257601 0.122010 0.428279
v -0.390399 0.122010 0.428279
v -0.150921 0.151610 0.391693
v -0.191953 0.130123 0.418250
v -0.497079 0.151610 0.391693
v -0.456047 0.130123 0.418250
v -0.324000 0.029712 0.092739
v -0.430511 0.042878 0.076466
v -0.364568 0.021981 0.110948
v -0.471999 0.035261 0.094534
v -0.217489 0.042878 0.076466
v -0.283432 0.021981 0.110948
v -0.176001 0.035261 0.094534
v -0.258170 0.064180 0.050137
v -0.389830 0.064180 0.050137
v -0.257601 0.077990 0.041721
v -0.390399 0.077990 0.041721
v -0.150921 0.048390 0.078307
v -0.191953 0.069877 0.051750
v -0.497079 0.048390 0.078307
v -0.456047 0.069877 0.051750
v -0.324000 0.170288 0.092739
v -0.430511 0.157122 0.076466
v -0.364568 0.178019 0.110948
v -0.471999 0.164739 0.094534
v -0.217489 0.157122 0.076466
v -0.283432 0.178019 0.110948
v -0.176001 0.164739 0.094534
v -0.258170 0.135820 0.050137
v -0.389830 0.135820 0.050137
v -0.257601 0.122010 0.041721
v -0.390399 0.122010 0.041721
v -0.150921 0.151610 0.078307
v -0.191953 0.130123 0.051750
v -0.497079 0.151610 0.078307
v -0.456047 0.130123 0.051750
v 0.072335 0.121302 0.120755
v 0.138158 0.113166 0.163360
v 0.067732 0.134616 0.131780
v 0.134125 0.126409 0.174753
v 0.072335 0.078698 0.120755
v 0.138158 0.086834 0.163360
v 0.067732 0.065384 0.131780
v 0.134125 0.073591 0.174753
v 0.031653 0.100000 0.094424
v 0.027164 0.070400 0.105521
v -0.013869 0.091886 0.078963
v 0.027164 0.129600 0.105521
v -0.013869 0.108114 0.078963
v 0.159198 0.113280 0.190980
v 0.159198 0.086720 0.190980
v 0.072335 0.121302 0.349245
v 0.138158 0.113166 0.306640
v 0.067732 0.134616 0.338220
v 0.134125 0.126409 0.295247
v 0.072335 0.078698 0.349245
v 0.138158 0.086834 0.306640
v 0.067732 0.065384 0.338220
v 0.134125 0.073591 0.295247
v 0.031653 0.100000 0.375576
v 0.027164 0.070400 0.364479
v -0.013869 0.091886 0.391037
v 0.027164 0.129600 0.364479
v -0.013869 0.108114 0.391037
v 0.159198 0.113280 0.279020
v 0.159198 0.086720 0.279020
v -0.720335 0.121302 0.120755
v -0.786158 0.113166 0.163360
v -0.715732 0.134616 0.131780
v -0.782125 0.126409 0.174753
v -0.720335 0.078698 0.120755
v -0.786158 0.086834 0.163360
v -0.715732 0.065384 0.131780
v -0.782125 0.073591 0.174753
v -0.679653 0.100000 0.094424
v -0.675164 0.070400 0.105521
v -0.634131 0.091886 0.078963
v -0.675164 0.129600 0.105521
v -0.634131 0.108114 0.078963
v -0.807198 0.113280 0.190980
v -0.807198 0.086720 0.190980
v -0.720335 0.121302 0.349245
v -0.786158 0.113166 0.306640
v -0.715732 0.134616 0.338220
v -0.782125 0.126409 0.295247
v -0.720335 0.078698 0.349245
v -0.786158 0.086834 0.306640
v -0.715732 0.065384 0.338220
v -0.782125 0.073591 0.295247
v -0.679653 0.100000 0.375576
v -0.675164 0.070400 0.364479
v -0.634131 0.091886 0.391037
v -0.675164 0.129600 0.364479
v -0.634131 0.108114 0.391037
v -0.807198 0.113280 0.279020
v -0.807198 0.086720 0.279020
v -0.324000 0.196386 0.288283
v -0.365159 0.191298 0.314924
v -0.324000 0.196386 0.181717
v -0.365159 0.191298 0.155076
v -0.282841 0.191298 0.314924
v -0.282841 0.191298 0.155076
v -0.580685 0.164658 0.347852
v -0.647289 0.156426 0.337674
v -0.606130 0.151337 0.364316
v -0.580685 0.164658 0.122148
v -0.647289 0.156426 0.132326
v -0.606130 0.151337 0.105684
v -0.780488 0.139962 0.218537
v -0.780488 0.139962 0.251463
v -0.805929 0.126642 0.235000
v -0.067315 0.164658 0.347852
v -0.000711 0.156426 0.337674
v -0.041870 0.151337 0.364316
v -0.067315 0.164658 0.122148
v -0.000711 0.156426 0.132326
v -0.041870 0.151337 0.105684
v 0.132488 0.139962 0.218537
v 0.132488 0.139962 0.251463
v 0.157929 0.126642 0.235000
v -0.324000 0.003614 0.288283
v -0.365159 0.008702 0.314924
v -0.324000 0.003614 0.181717
v -0.365159 0.008702 0.155076
v -0.282841 0.008702 0.314924
v -0.282841 0.008702 0.155076
v -0.580685 0.035342 0.347852
v -0.647289 0.043574 0.337674
v -0.606130 0.048663 0.364316
v -0.580685 0.035342 0.122148
v -0.647289 0.043574 0.132326
v -0.606130 0.048663 0.105684
v -0.780488 0.060038 0.218537
v -0.780488 0.060038 0.251463
v -0.805929 0.073358 0.235000
v -0.067315 0.035342 0.347852
v -0.000711 0.043574 0.337674
v -0.041870 0.048663 0.364316
v -0.067315 0.035342 0.122148
v -0.000711 0.043574 0.132326
v -0.041870 0.048663 0.105684
v 0.132488 0.060038 0.218537
v 0.132488 0.060038 0.251463
v 0.157929 0.073358 0.235000
v -0.190792 0.100000 0.427772
v -0.124189 0.091768 0.417595
v -0.457208 0.100000 0.427772
v -0.523811 0.091768 0.417595
v -0.124189 0.108232 0.417595
v -0.523811 0.108232 0.417595
v -0.190792 0.100000 0.042228
v -0.124189 0.091768 0.052405
v -0.457208 0.100000 0.042228
v -0.523811 0.091768 0.052405
v -0.124189 0.108232 0.052405
v -0.523811 0.108232 0.052405
v -0.586843 0.185068 -0.235000
v -0.061157 0.185068 -0.235000
v -0.586843 0.014932 -0.235000
v -0.061157 0.014932 -0.235000
v -0.324000 0.047431 -0.064864
v -0.324000 0.152569 -0.064864
v -0.324000 0.047431 -0.405136
v -0.324000 0.152569 -0.405136
v 0.101339 0.100000 -0.340137
v 0.101339 0.100000 -0.129863
v -0.749339 0.100000 -0.340137
v -0.749339 0.100000 -0.129863
v -0.324000 0.200000 -0.235000
v -0.478497 0.180901 -0.134996
v -0.478497 0.180901 -0.335004
v -0.728507 0.150002 -0.296799
v -0.728507 0.150002 -0.173201
v -0.169503 0.180901 -0.134996
v -0.169503 0.180901 -0.335004
v 0.080507 0.150002 -0.296799
v 0.080507 0.150002 -0.173201
v -0.324000 0.000000 -0.235000
v -0.478497 0.019099 -0.134996
v -0.478497 0.019099 -0.335004
v -0.728507 0.049998 -0.296799
v -0.728507 0.049998 -0.173201
v -0.169503 0.019099 -0.134996
v -0.169503 0.019099 -0.335004
v 0.080507 0.049998 -0.296799
v 0.080507 0.049998 -0.173201
v -0.324000 0.100000 -0.035000
v -0.073990 0.069101 -0.073197
v -0.574010 0.069101 -0.073197
v -0.073990 0.130899 -0.073197
v -0.574010 0.130899 -0.073197
v -0.324000 0.100000 -0.435000
v -0.073990 0.069101 -0.396803
v -0.574010 0.069101 -0.396803
v -0.073990 0.130899 -0.396803
v -0.574010 0.130899 -0.396803
v 0.176000 0.100000 -0.235000
v -0.824000 0.100000 -0.235000
v -0.460621 0.196195 -0.235000
v -0.540927 0.186268 -0.183019
v -0.540927 0.186268 -0.286981
v -0.670878 0.170207 -0.267122
v -0.670878 0.170207 -0.202878
v -0.187379 0.196195 -0.235000
v -0.107073 0.186268 -0.183019
v -0.107073 0.186268 -0.286981
v 0.022878 0.170207 -0.267122
v 0.022878 0.170207 -0.202878
v -0.460621 0.003805 -0.235000
v -0.540927 0.013732 -0.183019
v -0.540927 0.013732 -0.286981
v -0.670878 0.029793 -0.267122
v -0.670878 0.029793 -0.202878
v -0.187379 0.003805 -0.235000
v -0.107073 0.013732 -0.183019
v -0.107073 0.013732 -0.286981
v 0.022878 0.029793 -0.267122
v 0.022878 0.029793 -0.202878
v -0.404305 0.030624 -0.094585
v -0.243695 0.030624 -0.094585
v -0.324000 0.072676 -0.042611
v -0.194049 0.056615 -0.062463
v -0.453951 0.056615 -0.062463
v -0.404305 0.169376 -0.094585
v -0.243695 0.169376 -0.094585
v -0.324000 0.127324 -0.042611
v -0.194049 0.143385 -0.062463
v -0.453951 0.143385 -0.062463
v -0.404305 0.030624 -0.375415
v -0.243695 0.030624 -0.375415
v -0.324000 0.072676 -0.427389
v -0.194049 0.056615 -0.407537
v -0.453951 0.056615 -0.407537
v -0.404305 0.169376 -0.375415
v -0.243695 0.169376 -0.375415
v -0.324000 0.127324 -0.427389
v -0.194049 0.143385 -0.407537
v -0.453951 0.143385 -0.407537
v 0.107341 0.125990 -0.321771
v 0.107341 0.074010 -0.321771
v 0.027036 0.083939 -0.373751
v 0.027036 0.116061 -0.373751
v 0.156973 0.100000 -0.289648
v 0.107341 0.125990 -0.148229
v 0.107341 0.074010 -0.148229
v 0.027036 0.083939 -0.096249
v 0.027036 0.116061 -0.096249
v 0.156973 0.100000 -0.180352
v -0.755341 0.125990 -0.321771
v -0.755341 0.074010 -0.321771
v -0.675036 0.083939 -0.373751
v -0.675036 0.116061 -0.373751
v -0.804973 0.100000 -0.289648
v -0.755341 0.125990 -0.148229
v -0.755341 0.074010 -0.148229
v -0.675036 0.083939 -0.096249
v -0.675036 0.116061 -0.096249
v -0.804973 0.100000 -0.180352
v -0.405224 0.195106 -0.182425
v -0.405224 0.195106 -0.287575
v -0.242776 0.195106 -0.182425
v -0.242776 0.195106 -0.287575
v -0.617886 0.168820 -0.149935
v -0.324000 0.185064 -0.129850
v -0.536662 0.158777 -0.097360
v -0.617886 0.168820 -0.320065
v -0.324000 0.185064 -0.340150
v -0.536662 0.158777 -0.372640
v -0.749320 0.152575 -0.235000
v -0.668101 0.142532 -0.352555
v -0.799528 0.126288 -0.267490
v -0.668101 0.142532 -0.117445
v -0.799528 0.126288 -0.202510
v -0.030114 0.168820 -0.149935
v -0.111338 0.158777 -0.097360
v -0.030114 0.168820 -0.320065
v -0.111338 0.158777 -0.372640
v 0.101320 0.152575 -0.235000
v 0.020101 0.142532 -0.352555
v 0.151528 0.126288 -0.267490
v 0.020101 0.142532 -0.117445
v 0.151528 0.126288 -0.202510
v -0.405224 0.004894 -0.182425
v -0.405224 0.004894 -0.287575
v -0.242776 0.004894 -0.182425
v -0.242776 0.004894 -0.287575
v -0.617886 0.031180 -0.149935
v -0.324000 0.014936 -0.129850
v -0.536662 0.041223 -0.097360
v -0.617886 0.031180 -0.320065
v -0.324000 0.014936 -0.340150
v -0.536662 0.041223 -0.372640
v -0.749320 0.047425 -0.235000
v -0.668101 0.057468 -0.352555
v -0.799528 0.073712 -0.267490
v -0.668101 0.057468 -0.117445
v -0.799528 0.073712 -0.202510
v -0.030114 0.031180 -0.149935
v -0.111338 0.041223 -0.097360
v -0.030114 0.031180 -0.320065
v -0.111338 0.041223 -0.372640
v 0.101320 0.047425 -0.235000
v 0.020101 0.057468 -0.352555
v 0.151528 0.073712 -0.267490
v 0.020101 0.057468 -0.117445
v 0.151528 0.073712 -0.202510
v -0.192562 0.083755 -0.044789
v -0.455438 0.083755 -0.044789
v -0.192562 0.116245 -0.044789
v -0.455438 0.116245 -0.044789
v -0.061126 0.100000 -0.064872
v -0.586874 0.100000 -0.064872
v -0.192562 0.083755 -0.425211
v -0.455438 0.083755 -0.425211
v -0.192562 0.116245 -0.425211
v -0.455438 0.116245 -0.425211
v -0.061126 0.100000 -0.405128
v -0.586874 0.100000 -0.405128
v -0.525660 0.191506 -0.235000
v -0.566201 0.186495 -0.208759
v -0.566201 0.186495 -0.261241
v -0.631804 0.178387 -0.251216
v -0.631804 0.178387 -0.218784
v -0.122340 0.191506 -0.235000
v -0.081799 0.186495 -0.208759
v -0.081799 0.186495 -0.261241
v -0.016196 0.178387 -0.251216
v -0.016196 0.178387 -0.218784
v -0.525660 0.008494 -0.235000
v -0.566201 0.013505 -0.208759
v -0.566201 0.013505 -0.261241
v -0.631804 0.021613 -0.251216
v -0.631804 0.021613 -0.218784
v -0.122340 0.008494 -0.235000
v -0.081799 0.013505 -0.208759
v -0.081799 0.013505 -0.261241
v -0.016196 0.021613 -0.251216
v -0.016196 0.021613 -0.218784
v -0.364540 0.038439 -0.078226
v -0.283460 0.038439 -0.078226
v -0.324000 0.059668 -0.051988
v -0.258397 0.051560 -0.062010
v -0.389603 0.051560 -0.062010
v -0.364540 0.161561 -0.078226
v -0.283460 0.161561 -0.078226
v -0.324000 0.140332 -0.051988
v -0.258397 0.148440 -0.062010
v -0.389603 0.148440 -0.062010
v -0.364540 0.038439 -0.391774
v -0.283460 0.038439 -0.391774
v -0.324000 0.059668 -0.418012
v -0.258397 0.051560 -0.407990
v -0.389603 0.051560 -0.407990
v -0.364540 0.161561 -0.391774
v -0.283460 0.161561 -0.391774
v -0.324000 0.140332 -0.418012
v -0.258397 0.148440 -0.407990
v -0.389603 0.148440 -0.407990
v 0.108475 0.113121 -0.331880
v 0.108475 0.086879 -0.331880
v 0.067935 0.091892 -0.358122
v 0.067935 0.108108 -0.358122
v 0.133530 0.100000 -0.315664
v 0.108475 0.113121 -0.138120
v 0.108475 0.086879 -0.138120
v 0.067935 0.091892 -0.111878
v 0.067935 0.108108 -0.111878
v 0.133530 0.100000 -0.154336
v -0.756475 0.113121 -0.331880
v -0.756475 0.086879 -0.331880
v -0.715935 0.091892 -0.358122
v -0.715935 0.108108 -0.358122
v -0.781530 0.100000 -0.315664
v -0.756475 0.113121 -0.138120
v -0.756475 0.086879 -0.138120
v -0.715935 0.091892 -0.111878
v -0.715935 0.108108 -0.111878
v -0.781530 0.100000 -0.154336
v -0.392970 0.199044 -0.235000
v -0.255030 0.199044 -0.235000
v -0.365118 0.198769 -0.208385
v -0.365118 0.198769 -0.261615
v -0.282882 0.198769 -0.208385
v -0.282882 0.198769 -0.261615
v -0.511505 0.184392 -0.158274
v -0.442534 0.175864 -0.113630
v -0.443329 0.189100 -0.157759
v -0.550986 0.175794 -0.141312
v -0.402211 0.184017 -0.131145
v -0.509868 0.170710 -0.114697
v -0.511505 0.184392 -0.311726
v -0.442534 0.175864 -0.356370
v -0.443329 0.189100 -0.312241
v -0.550986 0.175794 -0.328688
v -0.402211 0.184017 -0.338855
v -0.509868 0.170710 -0.355303
v -0.703319 0.160685 -0.282414
v -0.745959 0.138363 -0.310002
v -0.677550 0.160152 -0.309347
v -0.744085 0.151928 -0.266284
v -0.702970 0.146844 -0.325795
v -0.769502 0.138620 -0.282732
v -0.703319 0.160685 -0.187586
v -0.745959 0.138363 -0.159998
v -0.677550 0.160152 -0.160653
v -0.744085 0.151928 -0.203716
v -0.702970 0.146844 -0.144205
v -0.769502 0.138620 -0.187268
v -0.136495 0.184392 -0.158274
v -0.205466 0.175864 -0.113630
v -0.204671 0.189100 -0.157759
v -0.245789 0.184017 -0.131145
v -0.097014 0.175794 -0.141312
v -0.138132 0.170710 -0.114697
v -0.136495 0.184392 -0.311726
v -0.205466 0.175864 -0.356370
v -0.204671 0.189100 -0.312241
v -0.245789 0.184017 -0.338855
v -0.097014 0.175794 -0.328688
v -0.138132 0.170710 -0.355303
v 0.055319 0.160685 -0.282414
v 0.097959 0.138363 -0.310002
v 0.029550 0.160152 -0.309347
v 0.096085 0.151928 -0.266284
v 0.054970 0.146844 -0.325795
v 0.121502 0.138620 -0.282732
v 0.055319 0.160685 -0.187586
v 0.097959 0.138363 -0.159998
v 0.029550 0.160152 -0.160653
v 0.096085 0.151928 -0.203716
v 0.054970 0.146844 -0.144205
v 0.121502 0.138620 -0.187268
v -0.392970 0.000956 -0.235000
v -0.255030 0.000956 -0.235000
v -0.365118 0.001231 -0.208385
v -0.365118 0.001231 -0.261615
v -0.282882 0.001231 -0.208385
v -0.282882 0.001231 -0.261615
v -0.511505 0.015608 -0.158274
v -0.442534 0.024136 -0.113630
v -0.443329 0.010900 -0.157759
v -0.550986 0.024206 -0.141312
v -0.402211 0.015983 -0.131145
v -0.509868 0.029290 -0.114697
v -0.511505 0.015608 -0.311726
v -0.442534 0.024136 -0.356370
v -0.443329 0.010900 -0.312241
v -0.550986 0.024206 -0.328688
v -0.402211 0.015983 -0.338855
v -0.509868 0.029290 -0.355303
v -0.703319 0.039315 -0.282414
v -0.745959 0.061637 -0.310002
v -0.677550 0.039848 -0.309347
v -0.744085 0.048072 -0.266284
v -0.702970 0.053156 -0.325795
v -0.769502 0.061380 -0.282732
v -0.703319 0.039315 -0.187586
v -0.745959 0.061637 -0.159998
v -0.677550 0.039848 -0.160653
v -0.744085 0.048072 -0.203716
v -0.702970 0.053156 -0.144205
v -0.769502 0.061380 -0.187268
v -0.136495 0.015608 -0.158274
v -0.205466 0.024136 -0.113630
v -0.204671 0.010900 -0.157759
v -0.245789 0.015983 -0.131145
v -0.097014 0.024206 -0.141312
v -0.138132 0.029290 -0.114697
v -0.136495 0.015608 -0.311726
v -0.205466 0.024136 -0.356370
v -0.204671 0.010900 -0.312241
v -0.245789 0.015983 -0.338855
v -0.097014 0.024206 -0.328688
v -0.138132 0.029290 -0.355303
v 0.055319 0.039315 -0.282414
v 0.097959 0.061637 -0.310002
v 0.029550 0.039848 -0.309347
v 0.096085 0.048072 -0.266284
v 0.054970 0.053156 -0.325795
v 0.121502 0.061380 -0.282732
v 0.055319 0.039315 -0.187586
v 0.097959 0.061637 -0.159998
v 0.029550 0.039848 -0.160653
v 0.096085 0.048072 -0.203716
v 0.054970 0.053156 -0.144205
v 0.121502 0.061380 -0.187268
v -0.324000 0.086206 -0.036912
v -0.324000 0.113794 -0.036912
v -0.257462 0.091776 -0.037462
v -0.390538 0.091776 -0.037462
v -0.257462 0.108224 -0.037462
v -0.390538 0.108224 -0.037462
v -0.132185 0.062499 -0.066217
v -0.020576 0.076293 -0.083272
v -0.089780 0.054603 -0.083412
v -0.023241 0.062826 -0.093580
v -0.130898 0.076134 -0.056799
v -0.064362 0.084358 -0.066966
v -0.515815 0.062499 -0.066217
v -0.627424 0.076293 -0.083272
v -0.558220 0.054603 -0.083412
v -0.624759 0.062826 -0.093580
v -0.517102 0.076134 -0.056799
v -0.583638 0.084358 -0.066966
v -0.132185 0.137501 -0.066217
v -0.020576 0.123707 -0.083272
v -0.089780 0.145397 -0.083412
v -0.023241 0.137174 -0.093580
v -0.130898 0.123866 -0.056799
v -0.064362 0.115642 -0.066966
v -0.515815 0.137501 -0.066217
v -0.627424 0.123707 -0.083272
v -0.558220 0.145397 -0.083412
v -0.624759 0.137174 -0.093580
v -0.517102 0.123866 -0.056799
v -0.583638 0.115642 -0.066966
v -0.324000 0.086206 -0.433088
v -0.324000 0.113794 -0.433088
v -0.257462 0.091776 -0.432538
v -0.390538 0.091776 -0.432538
v -0.257462 0.108224 -0.432538
v -0.390538 0.108224 -0.432538
v -0.132185 0.062499 -0.403783
v -0.020576 0.076293 -0.386728
v -0.089780 0.054603 -0.386588
v -0.023241 0.062826 -0.376420
v -0.130898 0.076134 -0.413201
v -0.064362 0.084358 -0.403034
v -0.515815 0.062499 -0.403783
v -0.627424 0.076293 -0.386728
v -0.558220 0.054603 -0.386588
v -0.624759 0.062826 -0.376420
v -0.517102 0.076134 -0.413201
v -0.583638 0.084358 -0.403034
v -0.132185 0.137501 -0.403783
v -0.020576 0.123707 -0.386728
v -0.089780 0.145397 -0.386588
v -0.023241 0.137174 -0.376420
v -0.130898 0.123866 -0.413201
v -0.064362 0.115642 -0.403034
v -0.515815 0.137501 -0.403783
v -0.627424 0.123707 -0.386728
v -0.558220 0.145397 -0.386588
v -0.624759 0.137174 -0.376420
v -0.517102 0.123866 -0.413201
v -0.583638 0.115642 -0.403034
v 0.171220 0.100000 -0.262588
v 0.171220 0.100000 -0.207412
v 0.169844 0.113308 -0.251447
v 0.169844 0.113308 -0.218553
v 0.169844 0.086692 -0.251447
v 0.169844 0.086692 -0.218553
v -0.819220 0.100000 -0.262588
v -0.819220 0.100000 -0.207412
v -0.817844 0.113308 -0.251447
v -0.817844 0.113308 -0.218553
v -0.817844 0.086692 -0.251447
v -0.817844 0.086692 -0.218553
v -0.503099 0.192432 -0.208668
v -0.503099 0.192432 -0.261332
v -0.434049 0.196640 -0.208440
v -0.434049 0.196640 -0.261560
v -0.609611 0.179267 -0.192395
v -0.474617 0.191625 -0.182181
v -0.582049 0.178346 -0.165768
v -0.609611 0.179267 -0.277604
v -0.474617 0.191625 -0.287819
v -0.582049 0.178346 -0.304232
v -0.675441 0.171131 -0.235000
v -0.647697 0.170233 -0.294200
v -0.714094 0.162026 -0.251227
v -0.647697 0.170233 -0.175800
v -0.714094 0.162026 -0.218773
v -0.144901 0.192432 -0.208668
v -0.144901 0.192432 -0.261332
v -0.213951 0.196640 -0.208440
v -0.213951 0.196640 -0.261560
v -0.038389 0.179267 -0.192395
v -0.173383 0.191625 -0.182181
v -0.065951 0.178346 -0.165768
v -0.038389 0.179267 -0.277604
v -0.173383 0.191625 -0.287819
v -0.065951 0.178346 -0.304232
v 0.027441 0.171131 -0.235000
v -0.000303 0.170233 -0.294200
v 0.066094 0.162026 -0.251227
v -0.000303 0.170233 -0.175800
v 0.066094 0.162026 -0.218773
v -0.503099 0.007568 -0.208668
v -0.503099 0.007568 -0.261332
v -0.434049 0.003360 -0.208440
v -0.434049 0.003360 -0.261560
v -0.609611 0.020733 -0.192395
v -0.474617 0.008375 -0.182181
v -0.582049 0.021654 -0.165768
v -0.609611 0.020733 -0.277604
v -0.474617 0.008375 -0.287819
v -0.582049 0.021654 -0.304232
v -0.675441 0.028869 -0.235000
v -0.647697 0.029767 -0.294200
v -0.714094 0.037974 -0.251227
v -0.647697 0.029767 -0.175800
v -0.714094 0.037974 -0.218773
v -0.144901 0.007568 -0.208668
v -0.144901 0.007568 -0.261332
v -0.213951 0.003360 -0.208440
v -0.213951 0.003360 -0.261560
v -0.038389 0.020733 -0.192395
v -0.173383 0.008375 -0.182181
v -0.065951 0.021654 -0.165768
v -0.038389 0.020733 -0.277604
v -0.173383 0.008375 -0.287819
v -0.065951 0.021654 -0.304232
v 0.027441 0.028869 -0.235000
v -0.000303 0.029767 -0.294200
v 0.066094 0.037974 -0.251227
v -0.000303 0.029767 -0.175800
v 0.066094 0.037974 -0.218773
v -0.324000 0.029712 -0.092739
v -0.430511 0.042878 -0.076466
v -0.364568 0.021981 -0.110948
v -0.471999 0.035261 -0.094534
v -0.217489 0.042878 -0.076466
v -0.283432 0.021981 -0.110948
v -0.176001 0.035261 -0.094534
v -0.258170 0.064180 -0.050137
v -0.389830 0.064180 -0.050137
v -0.257601 0.077990 -0.041721
v -0.390399 0.077990 -0.041721
v -0.150921 0.048390 -0.078307
v -0.191953 0.069877 -0.051750
v -0.497079 0.048390 -0.078307
v -0.456047 0.069877 -0.051750
v -0.324000 0.170288 -0.092739
v -0.430511 0.157122 -0.076466
v -0.364568 0.178019 -0.110948
v -0.471999 0.164739 -0.094534
v -0.217489 0.157122 -0.076466
v -0.283432 0.178019 -0.110948
v -0.176001 0.164739 -0.094534
v -0.258170 0.135820 -0.050137
v -0.389830 0.135820 -0.050137
v -0.257601 0.122010 -0.041721
v -0.390399 0.122010 -0.041721
v -0.150921 0.151610 -0.078307
v -0.191953 0.130123 -0.051750
v -0.497079 0.151610 -0.078307
v -0.456047 0.130123 -0.051750
v -0.324000 0.029712 -0.377261
v -0.430511 0.042878 -0.393534
v -0.364568 0.021981 -0.359052
v -0.471999 0.035261 -0.375466
v -0.217489 0.042878 -0.393534
v -0.283432 0.021981 -0.359052
v -0.176001 0.035261 -0.375466
v -0.258170 0.064180 -0.419863
v -0.389830 0.064180 -0.419863
v -0.257601 0.077990 -0.428279
v -0.390399 0.077990 -0.428279
v -0.150921 0.048390 -0.391693
v -0.191953 0.069877 -0.418250
v -0.497079 0.048390 -0.391693
v -0.456047 0.069877 -0.418250
v -0.324000 0.170288 -0.377261
v -0.430511 0.157122 -0.393534
v -0.364568 0.178019 -0.359052
v -0.471999 0.164739 -0.375466
v -0.217489 0.157122 -0.393534
v -0.283432 0.178019 -0.359052
v -0.176001 0.164739 -0.375466
v -0.258170 0.135820 -0.419863
v -0.389830 0.135820 -0.419863
v -0.257601 0.122010 -0.428279
v -0.390399 0.122010 -0.428279
v -0.150921 0.151610 -0.391693
v -0.191953 0.130123 -0.418250
v -0.497079 0.151610 -0.391693
v -0.456047 0.130123 -0.418250
v 0.072335 0.121302 -0.349245
v 0.138158 0.113166 -0.306640
v 0.067732 0.134616 -0.338220
v 0.134125 0.126409 -0.295247
v 0.072335 0.078698 -0.349245
v 0.138158 0.086834 -0.306640
v 0.067732 0.065384 -0.338220
v 0.134125 0.073591 -0.295247
v 0.031653 0.100000 -0.375576
v 0.027164 0.070400 -0.364479
v -0.013869 0.091886 -0.391037
v 0.027164 0.129600 -0.364479
v -0.013869 0.108114 -0.391037
v 0.159198 0.113280 -0.279020
v 0.159198 0.086720 -0.279020
v 0.072335 0.121302 -0.120755
v 0.138158 0.113166 -0.163360
v 0.067732 0.134616 -0.131780
v 0.134125 0.126409 -0.174753
v 0.072335 0.078698 -0.120755
v 0.138158 0.086834 -0.163360
v 0.067732 0.065384 -0.131780
v 0.134125 0.073591 -0.174753
v 0.031653 0.100000 -0.094424
v 0.027164 0.070400 -0.105521
v -0.013869 0.091886 -0.078963
v 0.027164 0.129600 -0.105521
v -0.013869 0.108114 -0.078963
v 0.159198 0.113280 -0.190980
v 0.159198 0.086720 -0.190980
v -0.720335 0.121302 -0.349245
v -0.786158 0.113166 -0.306640
v -0.715732 0.134616 -0.338220
v -0.782125 0.126409 -0.295247
v -0.720335 0.078698 -0.349245
v -0.786158 0.086834 -0.306640
v -0.715732 0.065384 -0.338220
v -0.782125 0.073591 -0.295247
v -0.679653 0.100000 -0.375576
v -0.675164 0.070400 -0.364479
v -0.634131 0.091886 -0.391037
v -0.675164 0.129600 -0.364479
v -0.634131 0.108114 -0.391037
v -0.807198 0.113280 -0.279020
v -0.807198 0.086720 -0.279020
v -0.720335 0.121302 -0.120755
v -0.786158 0.113166 -0.163360
v -0.715732 0.134616 -0.131780
v -0.782125 0.126409 -0.174753
v -0.720335 0.078698 -0.120755
v -0.786158 0.086834 -0.163360
v -0.715732 0.065384 -0.131780
v -0.782125 0.073591 -0.174753
v -0.679653 0.100000 -0.094424
v -0.675164 0.070400 -0.105521
v -0.634131 0.091886 -0.078963
v -0.675164 0.129600 -0.105521
v -0.634131 0.108114 -0.078963
v -0.807198 0.113280 -0.190980
v -0.807198 0.086720 -0.190980
v -0.324000 0.196386 -0.181717
v -0.365159 0.191298 -0.155076
v -0.324000 0.196386 -0.288283
v -0.365159 0.191298 -0.314924
v -0.282841 0.191298 -0.155076
v -0.282841 0.191298 -0.314924
v -0.580685 0.164658 -0.122148
v -0.647289 0.156426 -0.132326
v -0.606130 0.151337 -0.105684
v -0.580685 0.164658 -0.347852
v -0.647289 0.156426 -0.337674
v -0.606130 0.151337 -0.364316
v -0.780488 0.139962 -0.251463
v -0.780488 0.139962 -0.218537
v -0.805929 0.126642 -0.235000
v -0.067315 0.164658 -0.122148
v -0.000711 0.156426 -0.132326
v -0.041870 0.151337 -0.105684
v -0.067315 0.164658 -0.347852
v -0.000711 0.156426 -0.337674
v -0.041870 0.151337 -0.364316
v 0.132488 0.139962 -0.251463
v 0.132488 0.139962 -0.218537
v 0.157929 0.126642 -0.235000
v -0.324000 0.003614 -0.181717
v -0.365159 0.008702 -0.155076
v -0.324000 0.003614 -0.288283
v -0.365159 0.008702 -0.314924
v -0.282841 0.008702 -0.155076
v -0.282841 0.008702 -0.314924
v -0.580685 0.035342 -0.122148
v -0.647289 0.043574 -0.132326
v -0.606130 0.048663 -0.105684
v -0.580685 0.035342 -0.347852
v -0.647289 0.043574 -0.337674
v -0.606130 0.048663 -0.364316
v -0.780488 0.060038 -0.251463
v -0.780488 0.060038 -0.218537
v -0.805929 0.073358 -0.235000
v -0.067315 0.035342 -0.122148
v -0.000711 0.043574 -0.132326
v -0.041870 0.048663 -0.105684
v -0.067315 0.035342 -0.347852
v -0.000711 0.043574 -0.337674
v -0.041870 0.048663 -0.364316
v 0.132488 0.060038 -0.251463
v 0.132488 0.060038 -0.218537
v 0.157929 0.073358 -0.235000
v -0.190792 0.100000 -0.042228
v -0.124189 0.091768 -0.052405
v -0.457208 0.100000 -0.042228
v -0.523811 0.091768 -0.052405
v -0.124189 0.108232 -0.052405
v -0.523811 0.108232 -0.052405
v -0.190792 0.100000 -0.427772
v -0.124189 0.091768 -0.417595
v -0.457208 0.100000 -0.427772
v -0.523811 0.091768 -0.417595
v -0.124189 0.108232 -0.417595
v -0.523811 0.108232 -0.417595
v -0.138843 0.185068 -0.380000
v 0.386843 0.185068 -0.380000
v -0.138843 0.014932 -0.380000
v 0.386843 0.014932 -0.380000
v 0.124000 0.047431 -0.209864
v 0.124000 0.152569 -0.209864
v 0.124000 0.047431 -0.550136
v 0.124000 0.152569 -0.550136
v 0.549339 0.100000 -0.485137
v 0.549339 0.100000 -0.274863
v -0.301339 0.100000 -0.485137
v -0.301339 0.100000 -0.274863
v 0.124000 0.200000 -0.380000
v -0.030497 0.180901 -0.279996
v -0.030497 0.180901 -0.480004
v -0.280507 0.150002 -0.441799
v -0.280507 0.150002 -0.318201
v 0.278497 0.180901 -0.279996
v 0.278497 0.180901 -0.480004
v 0.528507 0.150002 -0.441799
v 0.528507 0.150002 -0.318201
v 0.124000 0.000000 -0.380000
v -0.030497 0.019099 -0.279996
v -0.030497 0.019099 -0.480004
v -0.280507 0.049998 -0.441799
v -0.280507 0.049998 -0.318201
v 0.278497 0.019099 -0.279996
v 0.278497 0.019099 -0.480004
v 0.528507 0.049998 -0.441799
v 0.528507 0.049998 -0.318201
v 0.124000 0.100000 -0.180000
v 0.374010 0.069101 -0.218197
v -0.126010 0.069101 -0.218197
v 0.374010 0.130899 -0.218197
v -0.126010 0.130899 -0.218197
v 0.124000 0.100000 -0.580000
v 0.374010 0.069101 -0.541803
v -0.126010 0.069101 -0.541803
v 0.374010 0.130899 -0.541803
v -0.126010 0.130899 -0.541803
v 0.624000 0.100000 -0.380000
v -0.376000 0.100000 -0.380000
v -0.012621 0.196195 -0.380000
v -0.092927 0.186268 -0.328019
v -0.092927 0.186268 -0.431981
v -0.222878 0.170207 -0.412122
v -0.222878 0.170207 -0.347878
v 0.260621 0.196195 -0.380000
v 0.340927 0.186268 -0.328019
v 0.340927 0.186268 -0.431981
v 0.470878 0.170207 -0.412122
v 0.470878 0.170207 -0.347878
v -0.012621 0.003805 -0.380000
v -0.092927 0.013732 -0.328019
v -0.092927 0.013732 -0.431981
v -0.222878 0.029793 -0.412122
v -0.222878 0.029793 -0.347878
v 0.260621 0.003805 -0.380000
v 0.340927 0.013732 -0.328019
v 0.340927 0.013732 -0.431981
v 0.470878 0.029793 -0.412122
v 0.470878 0.029793 -0.347878
v 0.043695 0.030624 -0.239585
v 0.204305 0.030624 -0.239585
v 0.124000 0.072676 -0.187611
v 0.253951 0.056615 -0.207463
v -0.005951 0.056615 -0.207463
v 0.043695 0.169376 -0.239585
v 0.204305 0.169376 -0.239585
v 0.124000 0.127324 -0.187611
v 0.253951 0.143385 -0.207463
v -0.005951 0.143385 -0.207463
v 0.043695 0.030624 -0.520415
v 0.204305 0.030624 -0.520415
v 0.124000 0.072676 -0.572389
v 0.253951 0.056615 -0.552537
v -0.005951 0.056615 -0.552537
v 0.043695 0.169376 -0.520415
v 0.204305 0.169376 -0.520415
v 0.124000 0.127324 -0.572389
v 0.253951 0.143385 -0.552537
v -0.005951 0.143385 -0.552537
v 0.555341 0.125990 -0.466771
v 0.555341 0.074010 -0.466771
v 0.475036 0.083939 -0.518751
v 0.475036 0.116061 -0.518751
v 0.604973 0.100000 -0.434648
v 0.555341 0.125990 -0.293229
v 0.555341 0.074010 -0.293229
v 0.475036 0.083939 -0.241249
v 0.475036 0.116061 -0.241249
v 0.604973 0.100000 -0.325352
v -0.307341 0.125990 -0.466771
v -0.307341 0.074010 -0.466771
v -0.227036 0.083939 -0.518751
v -0.227036 0.116061 -0.518751
v -0.356973 0.100000 -0.434648
v -0.307341 0.125990 -0.293229
v -0.307341 0.074010 -0.293229
v -0.227036 0.083939 -0.241249
v -0.227036 0.116061 -0.241249
v -0.356973 0.100000 -0.325352
v 0.042776 0.195106 -0.327425
v 0.042776 0.195106 -0.432575
v 0.205224 0.195106 -0.327425
v 0.205224 0.195106 -0.432575
v -0.169886 0.168820 -0.294935
v 0.124000 0.185064 -0.274850
v -0.088662 0.158777 -0.242360
v -0.169886 0.168820 -0.465065
v 0.124000 0.185064 -0.485150
v -0.088662 0.158777 -0.517640
v -0.301320 0.152575 -0.380000
v -0.220101 0.142532 -0.497555
v -0.351528 0.126288 -0.412490
v -0.220101 0.142532 -0.262445
v -0.351528 0.126288 -0.347510
v 0.417886 0.168820 -0.294935
v 0.336662 0.158777 -0.242360
v 0.417886 0.168820 -0.465065
v 0.336662 0.158777 -0.517640
v 0.549320 0.152575 -0.380000
v 0.468101 0.142532 -0.497555
v 0.599528 0.126288 -0.412490
v 0.468101 0.142532 -0.262445
v 0.599528 0.126288 -0.347510
v 0.042776 0.004894 -0.327425
v 0.042776 0.004894 -0.432575
v 0.205224 0.004894 -0.327425
v 0.205224 0.004894 -0.432575
v -0.169886 0.031180 -0.294935
v 0.124000 0.014936 -0.274850
v -0.088662 0.041223 -0.242360
v -0.169886 0.031180 -0.465065
v 0.124000 0.014936 -0.485150
v -0.088662 0.041223 -0.517640
v -0.301320 0.047425 -0.380000
v -0.220101 0.057468 -0.497555
v -0.351528 0.073712 -0.412490
v -0.220101 0.057468 -0.262445
v -0.351528 0.073712 -0.347510
v 0.417886 0.031180 -0.294935
v 0.336662 0.041223 -0.242360
v 0.417886 0.031180 -0.465065
v 0.336662 0.041223 -0.517640
v 0.549320 0.047425 -0.380000
v 0.468101 0.057468 -0.497555
v 0.599528 0.073712 -0.412490
v 0.468101 0.057468 -0.262445
v 0.599528 0.073712 -0.347510
v 0.255438 0.083755 -0.189789
v -0.007438 0.083755 -0.189789
v 0.255438 0.116245 -0.189789
v -0.007438 0.116245 -0.189789
v 0.386874 0.100000 -0.209872
v -0.138874 0.100000 -0.209872
v 0.255438 0.083755 -0.570211
v -0.007438 0.083755 -0.570211
v 0.255438 0.116245 -0.570211
v -0.007438 0.116245 -0.570211
v 0.386874 0.100000 -0.550128
v -0.138874 0.100000 -0.550128
v -0.077660 0.191506 -0.380000
v -0.118201 0.186495 -0.353759
v -0.118201 0.186495 -0.406241
v -0.183804 0.178387 -0.396216
v -0.183804 0.178387 -0.363784
v 0.325660 0.191506 -0.380000
v 0.366201 0.186495 -0.353759
v 0.366201 0.186495 -0.406241
v 0.431804 0.178387 -0.396216
v 0.431804 0.178387 -0.363784
v -0.077660 0.008494 -0.380000
v -0.118201 0.013505 -0.353759
v -0.118201 0.013505 -0.406241
v -0.183804 0.021613 -0.396216
v -0.183804 0.021613 -0.363784
v 0.325660 0.008494 -0.380000
v 0.366201 0.013505 -0.353759
v 0.366201 0.013505 -0.406241
v 0.431804 0.021613 -0.396216
v 0.431804 0.021613 -0.363784
v 0.083460 0.038439 -0.223226
v 0.164540 0.038439 -0.223226
v 0.124000 0.059668 -0.196988
v 0.189603 0.051560 -0.207010
v 0.058397 0.051560 -0.207010
v 0.083460 0.161561 -0.223226
v 0.164540 0.161561 -0.223226
v 0.124000 0.140332 -0.196988
v 0.189603 0.148440 -0.207010
v 0.058397 0.148440 -0.207010
v 0.083460 0.038439 -0.536774
v 0.164540 0.038439 -0.536774
v 0.124000 0.059668 -0.563012
v 0.189603 0.051560 -0.552990
v 0.058397 0.051560 -0.552990
v 0.083460 0.161561 -0.536774
v 0.164540 0.161561 -0.536774
v 0.124000 0.140332 -0.563012
v 0.189603 0.148440 -0.552990
v 0.058397 0.148440 -0.552990
v 0.556475 0.113121 -0.476880
v 0.556475 0.086879 -0.476880
v 0.515935 0.091892 -0.503122
v 0.515935 0.108108 -0.503122
v 0.581530 0.100000 -0.460664
v 0.556475 0.113121 -0.283120
v 0.556475 0.086879 -0.283120
v 0.515935 0.091892 -0.256878
v 0.515935 0.108108 -0.256878
v 0.581530 0.100000 -0.299336
v -0.308475 0.113121 -0.476880
v -0.308475 0.086879 -0.476880
v -0.267935 0.091892 -0.503122
v -0.267935 0.108108 -0.503122
v -0.333530 0.100000 -0.460664
v -0.308475 0.113121 -0.283120
v -0.308475 0.086879 -0.283120
v -0.267935 0.091892 -0.256878
v -0.267935 0.108108 -0.256878
v -0.333530 0.100000 -0.299336
v 0.055030 0.199044 -0.380000
v 0.192970 0.199044 -0.380000
v 0.082882 0.198769 -0.353385
v 0.082882 0.198769 -0.406615
v 0.165118 0.198769 -0.353385
v 0.165118 0.198769 -0.406615
v -0.063505 0.184392 -0.303274
v 0.005466 0.175864 -0.258630
v 0.004671 0.189100 -0.302759
v -0.102986 0.175794 -0.286312
v 0.045789 0.184017 -0.276145
v -0.061868 0.170710 -0.259697
v -0.063505 0.184392 -0.456726
v 0.005466 0.175864 -0.501370
v 0.004671 0.189100 -0.457241
v -0.102986 0.175794 -0.473688
v 0.045789 0.184017 -0.483855
v -0.061868 0.170710 -0.500303
v -0.255319 0.160685 -0.427414
v -0.297959 0.138363 -0.455002
v -0.229550 0.160152 -0.454347
v -0.296085 0.151928 -0.411284
v -0.254970 0.146844 -0.470794
v -0.321502 0.138620 -0.427732
v -0.255319 0.160685 -0.332586
v -0.297959 0.138363 -0.304998
v -0.229550 0.160152 -0.305653
v -0.296085 0.151928 -0.348716
v -0.254970 0.146844 -0.289205
v -0.321502 0.138620 -0.332268
v 0.311505 0.184392 -0.303274
v 0.242534 0.175864 -0.258630
v 0.243329 0.189100 -0.302759
v 0.202211 0.184017 -0.276145
v 0.350986 0.175794 -0.286312
v 0.309868 0.170710 -0.259697
v 0.311505 0.184392 -0.456726
v 0.242534 0.175864 -0.501370
v 0.243329 0.189100 -0.457241
v 0.202211 0.184017 -0.483855
v 0.350986 0.175794 -0.473688
v 0.309868 0.170710 -0.500303
v 0.503320 0.160685 -0.427414
v 0.545959 0.138363 -0.455002
v 0.477550 0.160152 -0.454347
v 0.544085 0.151928 -0.411284
v 0.502970 0.146844 -0.470794
v 0.569502 0.138620 -0.427732
v 0.503320 0.160685 -0.332586
v 0.545959 0.138363 -0.304998
v 0.477550 0.160152 -0.305653
v 0.544085 0.151928 -0.348716
v 0.502970 0.146844 -0.289205
v 0.569502 0.138620 -0.332268
v 0.055030 0.000956 -0.380000
v 0.192970 0.000956 -0.380000
v 0.082882 0.001231 -0.353385
v 0.082882 0.001231 -0.406615
v 0.165118 0.001231 -0.353385
v 0.165118 0.001231 -0.406615
v -0.063505 0.015608 -0.303274
v 0.005466 0.024136 -0.258630
v 0.004671 0.010900 -0.302759
v -0.102986 0.024206 -0.286312
v 0.045789 0.015983 -0.276145
v -0.061868 0.029290 -0.259697
v -0.063505 0.015608 -0.456726
v 0.005466 0.024136 -0.501370
v 0.004671 0.010900 -0.457241
v -0.102986 0.024206 -0.473688
v 0.045789 0.015983 -0.483855
v -0.061868 0.029290 -0.500303
v -0.255319 0.039315 -0.427414
v -0.297959 0.061637 -0.455002
v -0.229550 0.039848 -0.454347
v -0.296085 0.048072 -0.411284
v -0.254970 0.053156 -0.470794
v -0.321502 0.061380 -0.427732
v -0.255319 0.039315 -0.332586
v -0.297959 0.061637 -0.304998
v -0.229550 0.039848 -0.305653
v -0.296085 0.048072 -0.348716
v -0.254970 0.053156 -0.289205
v -0.321502 0.061380 -0.332268
v 0.311505 0.015608 -0.303274
v 0.242534 0.024136 -0.258630
v 0.243329 0.010900 -0.302759
v 0.202211 0.015983 -0.276145
v 0.350986 0.024206 -0.286312
v 0.309868 0.029290 -0.259697
v 0.311505 0.015608 -0.456726
v 0.242534 0.024136 -0.501370
v 0.243329 0.010900 -0.457241
v 0.202211 0.015983 -0.483855
v 0.350986 0.024206 -0.473688
v 0.309868 0.029290 -0.500303
v 0.503320 0.039315 -0.427414
v 0.545959 0.061637 -0.455002
v 0.477550 0.039848 -0.454347
v 0.544085 0.048072 -0.411284
v 0.502970 0.053156 -0.470794
v 0.569502 0.061380 -0.427732
v 0.503320 0.039315 -0.332586
v 0.545959 0.061637 -0.304998
v 0.477550 0.039848 -0.305653
v 0.544085 0.048072 -0.348716
v 0.502970 0.053156 -0.289205
v 0.569502 0.061380 -0.332268
v 0.124000 0.086206 -0.181912
v 0.124000 0.113794 -0.181912
v 0.190538 0.091776 -0.182462
v 0.057462 0.091776 -0.182462
v 0.190538 0.108224 -0.182462
v 0.057462 0.108224 -0.182462
v 0.315815 0.062499 -0.211217
v 0.427424 0.076293 -0.228272
v 0.358220 0.054603 -0.228412
v 0.424759 0.062826 -0.238580
v 0.317102 0.076134 -0.201799
v 0.383638 0.084358 -0.211966
v -0.067815 0.062499 -0.211217
v -0.179424 0.076293 -0.228272
v -0.110220 0.054603 -0.228412
v -0.176759 0.062826 -0.238580
v -0.069102 0.076134 -0.201799
v -0.135638 0.084358 -0.211966
v 0.315815 0.137501 -0.211217
v 0.427424 0.123707 -0.228272
v 0.358220 0.145397 -0.228412
v 0.424759 0.137174 -0.238580
v 0.317102 0.123866 -0.201799
v 0.383638 0.115642 -0.211966
v -0.067815 0.137501 -0.211217
v -0.179424 0.123707 -0.228272
v -0.110220 0.145397 -0.228412
v -0.176759 0.137174 -0.238580
v -0.069102 0.123866 -0.201799
v -0.135638 0.115642 -0.211966
v 0.124000 0.086206 -0.578088
v 0.124000 0.113794 -0.578088
v 0.190538 0.091776 -0.577538
v 0.057462 0.091776 -0.577538
v 0.190538 0.108224 -0.577538
v 0.057462 0.108224 -0.577538
v 0.315815 0.062499 -0.548783
v 0.427424 0.076293 -0.531728
v 0.358220 0.054603 -0.531588
v 0.424759 0.062826 -0.521420
v 0.317102 0.076134 -0.558201
v 0.383638 0.084358 -0.548034
v -0.067815 0.062499 -0.548783
v -0.179424 0.076293 -0.531728
v -0.110220 0.054603 -0.531588
v -0.176759 0.062826 -0.521420
v -0.069102 0.076134 -0.558201
v -0.135638 0.084358 -0.548034
v 0.315815 0.137501 -0.548783
v 0.427424 0.123707 -0.531728
v 0.358220 0.145397 -0.531588
v 0.424759 0.137174 -0.521420
v 0.317102 0.123866 -0.558201
v 0.383638 0.115642 -0.548034
v -0.067815 0.137501 -0.548783
v -0.179424 0.123707 -0.531728
v -0.110220 0.145397 -0.531588
v -0.176759 0.137174 -0.521420
v -0.069102 0.123866 -0.558201
v -0.135638 0.115642 -0.548034
v 0.619220 0.100000 -0.407588
v 0.619220 0.100000 -0.352412
v 0.617844 0.113308 -0.396447
v 0.617844 0.113308 -0.363553
v 0.617844 0.086692 -0.396447
v 0.617844 0.086692 -0.363553
v -0.371220 0.100000 -0.407588
v -0.371220 0.100000 -0.352412
v -0.369844 0.113308 -0.396447
v -0.369844 0.113308 -0.363553
v -0.369844 0.086692 -0.396447
v -0.369844 0.086692 -0.363553
v -0.055099 0.192432 -0.353668
v -0.055099 0.192432 -0.406332
v 0.013951 0.196640 -0.353440
v 0.013951 0.196640 -0.406560
v -0.161611 0.179267 -0.337395
v -0.026617 0.191625 -0.327181
v -0.134049 0.178346 -0.310768
v -0.161611 0.179267 -0.422605
v -0.026617 0.191625 -0.432819
v -0.134049 0.178346 -0.449232
v -0.227441 0.171131 -0.380000
v -0.199697 0.170233 -0.439200
v -0.266094 0.162026 -0.396227
v -0.199697 0.170233 -0.320800
v -0.266094 0.162026 -0.363773
v 0.303099 0.192432 -0.353668
v 0.303099 0.192432 -0.406332
v 0.234049 0.196640 -0.353440
v 0.234049 0.196640 -0.406560
v 0.409611 0.179267 -0.337395
v 0.274617 0.191625 -0.327181
v 0.382049 0.178346 -0.310768
v 0.409611 0.179267 -0.422605
v 0.274617 0.191625 -0.432819
v 0.382049 0.178346 -0.449232
v 0.475441 0.171131 -0.380000
v 0.447697 0.170233 -0.439200
v 0.514094 0.162026 -0.396227
v 0.447697 0.170233 -0.320800
v 0.514094 0.162026 -0.363773
v -0.055099 0.007568 -0.353668
v -0.055099 0.007568 -0.406332
v 0.013951 0.003360 -0.353440
v 0.013951 0.003360 -0.406560
v -0.161611 0.020733 -0.337395
v -0.026617 0.008375 -0.327181
v -0.134049 0.021654 -0.310768
v -0.161611 0.020733 -0.422605
v -0.026617 0.008375 -0.432819
v -0.134049 0.021654 -0.449232
v -0.227441 0.028869 -0.380000
v -0.199697 0.029767 -0.439200
v -0.266094 0.037974 -0.396227
v -0.199697 0.029767 -0.320800
v -0.266094 0.037974 -0.363773
v 0.303099 0.007568 -0.353668
v 0.303099 0.007568 -0.406332
v 0.234049 0.003360 -0.353440
v 0.234049 0.003360 -0.406560
v 0.409611 0.020733 -0.337395
v 0.274617 0.008375 -0.327181
v 0.382049 0.021654 -0.310768
v 0.409611 0.020733 -0.422605
v 0.274617 0.008375 -0.432819
v 0.382049 0.021654 -0.449232
v 0.475441 0.028869 -0.380000
v 0.447697 0.029767 -0.439200
v 0.514094 0.037974 -0.396227
v 0.447697 0.029767 -0.320800
v 0.514094 0.037974 -0.363773
v 0.124000 0.029712 -0.237739
v 0.017489 0.042878 -0.221466
v 0.083432 0.021981 -0.255948
v -0.023999 0.035261 -0.239534
v 0.230511 0.042878 -0.221466
v 0.164568 0.021981 -0.255948
v 0.271999 0.035261 -0.239534
v 0.189830 0.064180 -0.195137
v 0.058170 0.064180 -0.195137
v 0.190399 0.077990 -0.186721
v 0.057601 0.077990 -0.186721
v 0.297079 0.048390 -0.223307
v 0.256047 0.069877 -0.196750
v -0.049079 0.048390 -0.223307
v -0.008047 0.069877 -0.196750
v 0.124000 0.170288 -0.237739
v 0.017489 0.157122 -0.221466
v 0.083432 0.178019 -0.255948
v -0.023999 0.164739 -0.239534
v 0.230511 0.157122 -0.221466
v 0.164568 0.178019 -0.255948
v 0.271999 0.164739 -0.239534
v 0.189830 0.135820 -0.195137
v 0.058170 0.135820 -0.195137
v 0.190399 0.122010 -0.186721
v 0.057601 0.122010 -0.186721
v 0.297079 0.151610 -0.223307
v 0.256047 0.130123 -0.196750
v -0.049079 0.151610 -0.223307
v -0.008047 0.130123 -0.196750
v 0.124000 0.029712 -0.522261
v 0.017489 0.042878 -0.538534
v 0.083432 0.021981 -0.504052
v -0.023999 0.035261 -0.520466
v 0.230511 0.042878 -0.538534
v 0.164568 0.021981 -0.504052
v 0.271999 0.035261 -0.520466
v 0.189830 0.064180 -0.564863
v 0.058170 0.064180 -0.564863
v 0.190399 0.077990 -0.573279
v 0.057601 0.077990 -0.573279
v 0.297079 0.048390 -0.536693
v 0.256047 0.069877 -0.563250
v -0.049079 0.048390 -0.536693
v -0.008047 0.069877 -0.563250
v 0.124000 0.170288 -0.522261
v 0.017489 0.157122 -0.538534
v 0.083432 0.178019 -0.504052
v -0.023999 0.164739 -0.520466
v 0.230511 0.157122 -0.538534
v 0.164568 0.178019 -0.504052
v 0.271999 0.164739 -0.520466
v 0.189830 0.135820 -0.564863
v 0.058170 0.135820 -0.564863
v 0.190399 0.122010 -0.573279
v 0.057601 0.122010 -0.573279
v 0.297079 0.151610 -0.536693
v 0.256047 0.130123 -0.563250
v -0.049079 0.151610 -0.536693
v -0.008047 0.130123 -0.563250
v 0.520335 0.121302 -0.494245
v 0.586158 0.113166 -0.451640
v 0.515732 0.134616 -0.483220
v 0.582125 0.126409 -0.440247
v 0.520335 0.078698 -0.494245
v 0.586158 0.086834 -0.451640
v 0.515732 0.065384 -0.483220
v 0.582125 0.073591 -0.440247
v 0.479653 0.100000 -0.520576
v 0.475164 0.070400 -0.509479
v 0.434131 0.091886 -0.536038
v 0.475164 0.129600 -0.509479
v 0.434131 0.108114 -0.536038
v 0.607198 0.113280 -0.424020
v 0.607198 0.086720 -0.424020
v 0.520335 0.121302 -0.265755
v 0.586158 0.113166 -0.308360
v 0.515732 0.134616 -0.276780
v 0.582125 0.126409 -0.319753
v 0.520335 0.078698 -0.265755
v 0.586158 0.086834 -0.308360
v 0.515732 0.065384 -0.276780
v 0.582125 0.073591 -0.319753
v 0.479653 0.100000 -0.239424
v 0.475164 0.070400 -0.250521
v 0.434131 0.091886 -0.223963
v 0.475164 0.129600 -0.250521
v 0.434131 0.108114 -0.223963
v 0.607198 0.113280 -0.335980
v 0.607198 0.086720 -0.335980
v -0.272335 0.121302 -0.494245
v -0.338158 0.113166 -0.451640
v -0.267732 0.134616 -0.483220
v -0.334125 0.126409 -0.440247
v -0.272335 0.078698 -0.494245
v -0.338158 0.086834 -0.451640
v -0.267732 0.065384 -0.483220
v -0.334125 0.073591 -0.440247
v -0.231653 0.100000 -0.520576
v -0.227164 0.070400 -0.509479
v -0.186131 0.091886 -0.536038
v -0.227164 0.129600 -0.509479
v -0.186131 0.108114 -0.536038
v -0.359198 0.113280 -0.424020
v -0.359198 0.086720 -0.424020
v -0.272335 0.121302 -0.265755
v -0.338158 0.113166 -0.308360
v -0.267732 0.134616 -0.276780
v -0.334125 0.126409 -0.319753
v -0.272335 0.078698 -0.265755
v -0.338158 0.086834 -0.308360
v -0.267732 0.065384 -0.276780
v -0.334125 0.073591 -0.319753
v -0.231653 0.100000 -0.239424
v -0.227164 0.070400 -0.250521
v -0.186131 0.091886 -0.223963
v -0.227164 0.129600 -0.250521
v -0.186131 0.108114 -0.223963
v -0.359198 0.113280 -0.335980
v -0.359198 0.086720 -0.335980
v 0.124000 0.196386 -0.326717
v 0.082841 0.191298 -0.300076
v 0.124000 0.196386 -0.433283
v 0.082841 0.191298 -0.459924
v 0.165159 0.191298 -0.300076
v 0.165159 0.191298 -0.459924
v -0.132685 0.164658 -0.267148
v -0.199289 0.156426 -0.277326
v -0.158130 0.151337 -0.250684
v -0.132685 0.164658 -0.492852
v -0.199289 0.156426 -0.482674
v -0.158130 0.151337 -0.509315
v -0.332488 0.139962 -0.396463
v -0.332488 0.139962 -0.363537
v -0.357929 0.126642 -0.380000
v 0.380685 0.164658 -0.267148
v 0.447289 0.156426 -0.277326
v 0.406130 0.151337 -0.250684
v 0.380685 0.164658 -0.492852
v 0.447289 0.156426 -0.482674
v 0.406130 0.151337 -0.509315
v 0.580488 0.139962 -0.396463
v 0.580488 0.139962 -0.363537
v 0.605929 0.126642 -0.380000
v 0.124000 0.003614 -0.326717
v 0.082841 0.008702 -0.300076
v 0.124000 0.003614 -0.433283
v 0.082841 0.008702 -0.459924
v 0.165159 0.008702 -0.300076
v 0.165159 0.008702 -0.459924
v -0.132685 0.035342 -0.267148
v -0.199289 0.043574 -0.277326
v -0.158130 0.048663 -0.250684
v -0.132685 0.035342 -0.492852
v -0.199289 0.043574 -0.482674
v -0.158130 0.048663 -0.509315
v -0.332488 0.060038 -0.396463
v -0.332488 0.060038 -0.363537
v -0.357929 0.073358 -0.380000
v 0.380685 0.035342 -0.267148
v 0.447289 0.043574 -0.277326
v 0.406130 0.048663 -0.250684
v 0.380685 0.035342 -0.492852
v 0.447289 0.043574 -0.482674
v 0.406130 0.048663 -0.509315
v 0.580488 0.060038 -0.396463
v 0.580488 0.060038 -0.363537
v 0.605929 0.073358 -0.380000
v 0.257208 0.100000 -0.187228
v 0.323811 0.091768 -0.197405
v -0.009208 0.100000 -0.187228
v -0.075811 0.091768 -0.197405
v 0.323811 0.108232 -0.197405
v -0.075811 0.108232 -0.197405
v 0.257208 0.100000 -0.572772
v 0.323811 0.091768 -0.562595
v -0.009208 0.100000 -0.572772
v -0.075811 0.091768 -0.562595
v 0.323811 0.108232 -0.562595
v -0.075811 0.108232 -0.562595
v 0.107945 0.085068 0.000000
v 0.192055 0.085068 0.000000
v 0.107945 -0.085068 0.000000
v 0.192055 -0.085068 0.000000
v 0.150000 -0.052569 0.068054
v 0.150000 0.052569 0.068054
v 0.150000 -0.052569 -0.068054
v 0.150000 0.052569 -0.068054
v 0.218054 0.000000 -0.042055
v 0.218054 0.000000 0.042055
v 0.081946 0.000000 -0.042055
v 0.081946 0.000000 0.042055
v 0.150000 0.100000 0.000000
v 0.125281 0.080901 0.040002
v 0.125281 0.080901 -0.040002
v 0.085279 0.050002 -0.024719
v 0.085279 0.050002 0.024719
v 0.174719 0.080901 0.040002
v 0.174719 0.080901 -0.040002
v 0.214721 0.050002 -0.024719
v 0.214721 0.050002 0.024719
v 0.150000 -0.100000 0.000000
v 0.125281 -0.080901 0.040002
v 0.125281 -0.080901 -0.040002
v 0.085279 -0.050002 -0.024719
v 0.085279 -0.050002 0.024719
v 0.174719 -0.080901 0.040002
v 0.174719 -0.080901 -0.040002
v 0.214721 -0.050002 -0.024719
v 0.214721 -0.050002 0.024719
v 0.150000 0.000000 0.080000
v 0.190002 -0.030899 0.064721
v 0.109998 -0.030899 0.064721
v 0.190002 0.030899 0.064721
v 0.109998 0.030899 0.064721
v 0.150000 0.000000 -0.080000
v 0.190002 -0.030899 -0.064721
v 0.109998 -0.030899 -0.064721
v 0.190002 0.030899 -0.064721
v 0.109998 0.030899 -0.064721
v 0.230000 0.000000 0.000000
v 0.070000 0.000000 0.000000
v 0.128141 0.096195 0.000000
v 0.115292 0.086268 0.020792
v 0.115292 0.086268 -0.020792
v 0.094499 0.070207 -0.012849
v 0.094499 0.070207 0.012849
v 0.171859 0.096195 0.000000
v 0.184708 0.086268 0.020792
v 0.184708 0.086268 -0.020792
v 0.205501 0.070207 -0.012849
v 0.205501 0.070207 0.012849
v 0.128141 -0.096195 0.000000
v 0.115292 -0.086268 0.020792
v 0.115292 -0.086268 -0.020792
v 0.094499 -0.070207 -0.012849
v 0.094499 -0.070207 0.012849
v 0.171859 -0.096195 0.000000
v 0.184708 -0.086268 0.020792
v 0.184708 -0.086268 -0.020792
v 0.205501 -0.070207 -0.012849
v 0.205501 -0.070207 0.012849
v 0.137151 -0.069376 0.056166
v 0.162849 -0.069376 0.056166
v 0.150000 -0.027324 0.076956
v 0.170792 -0.043385 0.069015
v 0.129208 -0.043385 0.069015
v 0.137151 0.069376 0.056166
v 0.162849 0.069376 0.056166
v 0.150000 0.027324 0.076956
v 0.170792 0.043385 0.069015
v 0.129208 0.043385 0.069015
v 0.137151 -0.069376 -0.056166
v 0.162849 -0.069376 -0.056166
v 0.150000 -0.027324 -0.076956
v 0.170792 -0.043385 -0.069015
v 0.129208 -0.043385 -0.069015
v 0.137151 0.069376 -0.056166
v 0.162849 0.069376 -0.056166
v 0.150000 0.027324 -0.076956
v 0.170792 0.043385 -0.069015
v 0.129208 0.043385 -0.069015
v 0.219015 0.025990 -0.034708
v 0.219015 -0.025990 -0.034708
v 0.206166 -0.016061 -0.055501
v 0.206166 0.016061 -0.055501
v 0.226956 0.000000 -0.021859
v 0.219015 0.025990 0.034708
v 0.219015 -0.025990 0.034708
v 0.206166 -0.016061 0.055501
v 0.206166 0.016061 0.055501
v 0.226956 0.000000 0.021859
v 0.080985 0.025990 -0.034708
v 0.080985 -0.025990 -0.034708
v 0.093834 -0.016061 -0.055501
v 0.093834 0.016061 -0.055501
v 0.073044 0.000000 -0.021859
v 0.080985 0.025990 0.034708
v 0.080985 -0.025990 0.034708
v 0.093834 -0.016061 0.055501
v 0.093834 0.016061 0.055501
v 0.073044 0.000000 0.021859
v 0.137004 0.095106 0.021030
v 0.137004 0.095106 -0.021030
v 0.162996 0.095106 0.021030
v 0.162996 0.095106 -0.021030
v 0.102978 0.068820 0.034026
v 0.150000 0.085064 0.042060
v 0.115974 0.058777 0.055056
v 0.102978 0.068820 -0.034026
v 0.150000 0.085064 -0.042060
v 0.115974 0.058777 -0.055056
v 0.081949 0.052575 0.000000
v 0.094944 0.042532 -0.047022
v 0.073916 0.026288 -0.012996
v 0.094944 0.042532 0.047022
v 0.073916 0.026288 0.012996
v 0.197022 0.068820 0.034026
v 0.184026 0.058777 0.055056
v 0.197022 0.068820 -0.034026
v 0.184026 0.058777 -0.055056
v 0.218051 0.052575 0.000000
v 0.205056 0.042532 -0.047022
v 0.226084 0.026288 -0.012996
v 0.205056 0.042532 0.047022
v 0.226084 0.026288 0.012996
v 0.137004 -0.095106 0.021030
v 0.137004 -0.095106 -0.021030
v 0.162996 -0.095106 0.021030
v 0.162996 -0.095106 -0.021030
v 0.102978 -0.068820 0.034026
v 0.150000 -0.085064 0.042060
v 0.115974 -0.058777 0.055056
v 0.102978 -0.068820 -0.034026
v 0.150000 -0.085064 -0.042060
v 0.115974 -0.058777 -0.055056
v 0.081949 -0.052575 0.000000
v 0.094944 -0.042532 -0.047022
v 0.073916 -0.026288 -0.012996
v 0.094944 -0.042532 0.047022
v 0.073916 -0.026288 0.012996
v 0.197022 -0.068820 0.034026
v 0.184026 -0.058777 0.055056
v 0.197022 -0.068820 -0.034026
v 0.184026 -0.058777 -0.055056
v 0.218051 -0.052575 0.000000
v 0.205056 -0.042532 -0.047022
v 0.226084 -0.026288 -0.012996
v 0.205056 -0.042532 0.047022
v 0.226084 -0.026288 0.012996
v 0.171030 -0.016245 0.076084
v 0.128970 -0.016245 0.076084
v 0.171030 0.016245 0.076084
v 0.128970 0.016245 0.076084
v 0.192060 0.000000 0.068051
v 0.107940 0.000000 0.068051
v 0.171030 -0.016245 -0.076084
v 0.128970 -0.016245 -0.076084
v 0.171030 0.016245 -0.076084
v 0.128970 0.016245 -0.076084
v 0.192060 0.000000 -0.068051
v 0.107940 0.000000 -0.068051
v 0.117734 0.091506 0.000000
v 0.111248 0.086495 0.010496
v 0.111248 0.086495 -0.010496
v 0.100751 0.078387 -0.006486
v 0.100751 0.078387 0.006486
v 0.182266 0.091506 0.000000
v 0.188752 0.086495 0.010496
v 0.188752 0.086495 -0.010496
v 0.199249 0.078387 -0.006486
v 0.199249 0.078387 0.006486
v 0.117734 -0.091506 0.000000
v 0.111248 -0.086495 0.010496
v 0.111248 -0.086495 -0.010496
v 0.100751 -0.078387 -0.006486
v 0.100751 -0.078387 0.006486
v 0.182266 -0.091506 0.000000
v 0.188752 -0.086495 0.010496
v 0.188752 -0.086495 -0.010496
v 0.199249 -0.078387 -0.006486
v 0.199249 -0.078387 0.006486
v 0.143514 -0.061561 0.062710
v 0.156486 -0.061561 0.062710
v 0.150000 -0.040332 0.073205
v 0.160496 -0.048440 0.069196
v 0.139504 -0.048440 0.069196
v 0.143514 0.061561 0.062710
v 0.156486 0.061561 0.062710
v 0.150000 0.040332 0.073205
v 0.160496 0.048440 0.069196
v 0.139504 0.048440 0.069196
v 0.143514 -0.061561 -0.062710
v 0.156486 -0.061561 -0.062710
v 0.150000 -0.040332 -0.073205
v 0.160496 -0.048440 -0.069196
v 0.139504 -0.048440 -0.069196
v 0.143514 0.061561 -0.062710
v 0.156486 0.061561 -0.062710
v 0.150000 0.040332 -0.073205
v 0.160496 0.048440 -0.069196
v 0.139504 0.048440 -0.069196
v 0.219196 0.013121 -0.038752
v 0.219196 -0.013121 -0.038752
v 0.212710 -0.008108 -0.049249
v 0.212710 0.008108 -0.049249
v 0.223205 0.000000 -0.032266
v 0.219196 0.013121 0.038752
v 0.219196 -0.013121 0.038752
v 0.212710 -0.008108 0.049249
v 0.212710 0.008108 0.049249
v 0.223205 0.000000 0.032266
v 0.080804 0.013121 -0.038752
v 0.080804 -0.013121 -0.038752
v 0.087290 -0.008108 -0.049249
v 0.087290 0.008108 -0.049249
v 0.076795 0.000000 -0.032266
v 0.080804 0.013121 0.038752
v 0.080804 -0.013121 0.038752
v 0.087290 -0.008108 0.049249
v 0.087290 0.008108 0.049249
v 0.076795 0.000000 0.032266
v 0.138965 0.099044 0.000000
v 0.161035 0.099044 0.000000
v 0.143421 0.098769 0.010646
v 0.143421 0.098769 -0.010646
v 0.156579 0.098769 0.010646
v 0.156579 0.098769 -0.010646
v 0.119999 0.084392 0.030690
v 0.131035 0.075864 0.048548
v 0.130907 0.089100 0.030896
v 0.113682 0.075794 0.037475
v 0.137486 0.084017 0.041542
v 0.120261 0.070710 0.048121
v 0.119999 0.084392 -0.030690
v 0.131035 0.075864 -0.048548
v 0.130907 0.089100 -0.030896
v 0.113682 0.075794 -0.037475
v 0.137486 0.084017 -0.041542
v 0.120261 0.070710 -0.048121
v 0.089309 0.060685 -0.018965
v 0.082487 0.038363 -0.030001
v 0.093432 0.060152 -0.029739
v 0.082786 0.051928 -0.012514
v 0.089365 0.046844 -0.036318
v 0.078720 0.038620 -0.019093
v 0.089309 0.060685 0.018965
v 0.082487 0.038363 0.030001
v 0.093432 0.060152 0.029739
v 0.082786 0.051928 0.012514
v 0.089365 0.046844 0.036318
v 0.078720 0.038620 0.019093
v 0.180001 0.084392 0.030690
v 0.168965 0.075864 0.048548
v 0.169093 0.089100 0.030896
v 0.162514 0.084017 0.041542
v 0.186318 0.075794 0.037475
v 0.179739 0.070710 0.048121
v 0.180001 0.084392 -0.030690
v 0.168965 0.075864 -0.048548
v 0.169093 0.089100 -0.030896
v 0.162514 0.084017 -0.041542
v 0.186318 0.075794 -0.037475
v 0.179739 0.070710 -0.048121
v 0.210691 0.060685 -0.018965
v 0.217513 0.038363 -0.030001
v 0.206568 0.060152 -0.029739
v 0.217214 0.051928 -0.012514
v 0.210635 0.046844 -0.036318
v 0.221280 0.038620 -0.019093
v 0.210691 0.060685 0.018965
v 0.217513 0.038363 0.030001
v 0.206568 0.060152 0.029739
v 0.217214 0.051928 0.012514
v 0.210635 0.046844 0.036318
v 0.221280 0.038620 0.019093
v 0.138965 -0.099044 0.000000
v 0.161035 -0.099044 0.000000
v 0.143421 -0.098769 0.010646
v 0.143421 -0.098769 -0.010646
v 0.156579 -0.098769 0.010646
v 0.156579 -0.098769 -0.010646
v 0.119999 -0.084392 0.030690
v 0.131035 -0.075864 0.048548
v 0.130907 -0.089100 0.030896
v 0.113682 -0.075794 0.037475
v 0.137486 -0.084017 0.041542
v 0.120261 -0.070710 0.048121
v 0.119999 -0.084392 -0.030690
v 0.131035 -0.075864 -0.048548
v 0.130907 -0.089100 -0.030896
v 0.113682 -0.075794 -0.037475
v 0.137486 -0.084017 -0.041542
v 0.120261 -0.070710 -0.048121
v 0.089309 -0.060685 -0.018965
v 0.082487 -0.038363 -0.030001
v 0.093432 -0.060152 -0.029739
v 0.082786 -0.051928 -0.012514
v 0.089365 -0.046844 -0.036318
v 0.078720 -0.038620 -0.019093
v 0.089309 -0.060685 0.018965
v 0.082487 -0.038363 0.030001
v 0.093432 -0.060152 0.029739
v 0.082786 -0.051928 0.012514
v 0.089365 -0.046844 0.036318
v 0.078720 -0.038620 0.019093
v 0.180001 -0.084392 0.030690
v 0.168965 -0.075864 0.048548
v 0.169093 -0.089100 0.030896
v 0.162514 -0.084017 0.041542
v 0.186318 -0.075794 0.037475
v 0.179739 -0.070710 0.048121
v 0.180001 -0.084392 -0.030690
v 0.168965 -0.075864 -0.048548
v 0.169093 -0.089100 -0.030896
v 0.162514 -0.084017 -0.041542
v 0.186318 -0.075794 -0.037475
v 0.179739 -0.070710 -0.048121
v 0.210691 -0.060685 -0.018965
v 0.217513 -0.038363 -0.030001
v 0.206568 -0.060152 -0.029739
v 0.217214 -0.051928 -0.012514
v 0.210635 -0.046844 -0.036318
v 0.221280 -0.038620 -0.019093
v 0.210691 -0.060685 0.018965
v 0.217513 -0.038363 0.030001
v 0.206568 -0.060152 0.029739
v 0.217214 -0.051928 0.012514
v 0.210635 -0.046844 0.036318
v 0.221280 -0.038620 0.019093
v 0.150000 -0.013794 0.079235
v 0.150000 0.013794 0.079235
v 0.160646 -0.008224 0.079015
v 0.139354 -0.008224 0.079015
v 0.160646 0.008224 0.079015
v 0.139354 0.008224 0.079015
v 0.180690 -0.037501 0.067513
v 0.198548 -0.023707 0.060691
v 0.187475 -0.045397 0.060635
v 0.198121 -0.037174 0.056568
v 0.180896 -0.023866 0.071280
v 0.191542 -0.015642 0.067214
v 0.119310 -0.037501 0.067513
v 0.101452 -0.023707 0.060691
v 0.112525 -0.045397 0.060635
v 0.101879 -0.037174 0.056568
v 0.119104 -0.023866 0.071280
v 0.108458 -0.015642 0.067214
v 0.180690 0.037501 0.067513
v 0.198548 0.023707 0.060691
v 0.187475 0.045397 0.060635
v 0.198121 0.037174 0.056568
v 0.180896 0.023866 0.071280
v 0.191542 0.015642 0.067214
v 0.119310 0.037501 0.067513
v 0.101452 0.023707 0.060691
v 0.112525 0.045397 0.060635
v 0.101879 0.037174 0.056568
v 0.119104 0.023866 0.071280
v 0.108458 0.015642 0.067214
v 0.150000 -0.013794 -0.079235
v 0.150000 0.013794 -0.079235
v 0.160646 -0.008224 -0.079015
v 0.139354 -0.008224 -0.079015
v 0.160646 0.008224 -0.079015
v 0.139354 0.008224 -0.079015
v 0.180690 -0.037501 -0.067513
v 0.198548 -0.023707 -0.060691
v 0.187475 -0.045397 -0.060635
v 0.198121 -0.037174 -0.056568
v 0.180896 -0.023866 -0.071280
v 0.191542 -0.015642 -0.067214
v 0.119310 -0.037501 -0.067513
v 0.101452 -0.023707 -0.060691
v 0.112525 -0.045397 -0.060635
v 0.101879 -0.037174 -0.056568
v 0.119104 -0.023866 -0.071280
v 0.108458 -0.015642 -0.067214
v 0.180690 0.037501 -0.067513
v 0.198548 0.023707 -0.060691
v 0.187475 0.045397 -0.060635
v 0.198121 0.037174 -0.056568
v 0.180896 0.023866 -0.071280
v 0.191542 0.015642 -0.067214
v 0.119310 0.037501 -0.067513
v 0.101452 0.023707 -0.060691
v 0.112525 0.045397 -0.060635
v 0.101879 0.037174 -0.056568
v 0.119104 0.023866 -0.071280
v 0.108458 0.015642 -0.067214
v 0.229235 0.000000 -0.011035
v 0.229235 0.000000 0.011035
v 0.229015 0.013308 -0.006579
v 0.229015 0.013308 0.006579
v 0.229015 -0.013308 -0.006579
v 0.229015 -0.013308 0.006579
v 0.070765 0.000000 -0.011035
v 0.070765 0.000000 0.011035
v 0.070985 0.013308 -0.006579
v 0.070985 0.013308 0.006579
v 0.070985 -0.013308 -0.006579
v 0.070985 -0.013308 0.006579
v 0.121344 0.092432 0.010533
v 0.121344 0.092432 -0.010533
v 0.132392 0.096640 0.010624
v 0.132392 0.096640 -0.010624
v 0.104302 0.079267 0.017042
v 0.125901 0.091625 0.021127
v 0.108712 0.078346 0.027693
v 0.104302 0.079267 -0.017042
v 0.125901 0.091625 -0.021127
v 0.108712 0.078346 -0.027693
v 0.093769 0.071131 0.000000
v 0.098208 0.070233 -0.023680
v 0.087585 0.062026 -0.006491
v 0.098208 0.070233 0.023680
v 0.087585 0.062026 0.006491
v 0.178656 0.092432 0.010533
v 0.178656 0.092432 -0.010533
v 0.167608 0.096640 0.010624
v 0.167608 0.096640 -0.010624
v 0.195698 0.079267 0.017042
v 0.174099 0.091625 0.021127
v 0.191288 0.078346 0.027693
v 0.195698 0.079267 -0.017042
v 0.174099 0.091625 -0.021127
v 0.191288 0.078346 -0.027693
v 0.206231 0.071131 0.000000
v 0.201792 0.070233 -0.023680
v 0.212415 0.062026 -0.006491
v 0.201792 0.070233 0.023680
v 0.212415 0.062026 0.006491
v 0.121344 -0.092432 0.010533
v 0.121344 -0.092432 -0.010533
v 0.132392 -0.096640 0.010624
v 0.132392 -0.096640 -0.010624
v 0.104302 -0.079267 0.017042
v 0.125901 -0.091625 0.021127
v 0.108712 -0.078346 0.027693
v 0.104302 -0.079267 -0.017042
v 0.125901 -0.091625 -0.021127
v 0.108712 -0.078346 -0.027693
v 0.093769 -0.071131 0.000000
v 0.098208 -0.070233 -0.023680
v 0.087585 -0.062026 -0.006491
v 0.098208 -0.070233 0.023680
v 0.087585 -0.062026 0.006491
v 0.178656 -0.092432 0.010533
v 0.178656 -0.092432 -0.010533
v 0.167608 -0.096640 0.010624
v 0.167608 -0.096640 -0.010624
v 0.195698 -0.079267 0.017042
v 0.174099 -0.091625 0.021127
v 0.191288 -0.078346 0.027693
v 0.195698 -0.079267 -0.017042
v 0.174099 -0.091625 -0.021127
v 0.191288 -0.078346 -0.027693
v 0.206231 -0.071131 0.000000
v 0.201792 -0.070233 -0.023680
v 0.212415 -0.062026 -0.006491
v 0.201792 -0.070233 0.023680
v 0.212415 -0.062026 0.006491
v 0.150000 -0.070288 0.056905
v 0.132958 -0.057122 0.063414
v 0.143509 -0.078019 0.049621
v 0.126320 -0.064739 0.056186
v 0.167042 -0.057122 0.063414
v 0.156491 -0.078019 0.049621
v 0.173680 -0.064739 0.056186
v 0.160533 -0.035820 0.073945
v 0.139467 -0.035820 0.073945
v 0.160624 -0.022010 0.077312
v 0.139376 -0.022010 0.077312
v 0.177693 -0.051610 0.062677
v 0.171127 -0.030123 0.073300
v 0.122307 -0.051610 0.062677
v 0.128873 -0.030123 0.073300
v 0.150000 0.070288 0.056905
v 0.132958 0.057122 0.063414
v 0.143509 0.078019 0.049621
v 0.126320 0.064739 0.056186
v 0.167042 0.057122 0.063414
v 0.156491 0.078019 0.049621
v 0.173680 0.064739 0.056186
v 0.160533 0.035820 0.073945
v 0.139467 0.035820 0.073945
v 0.160624 0.022010 0.077312
v 0.139376 0.022010 0.077312
v 0.177693 0.051610 0.062677
v 0.171127 0.030123 0.073300
v 0.122307 0.051610 0.062677
v 0.128873 0.030123 0.073300
v 0.150000 -0.070288 -0.056905
v 0.132958 -0.057122 -0.063414
v 0.143509 -0.078019 -0.049621
v 0.126320 -0.064739 -0.056186
v 0.167042 -0.057122 -0.063414
v 0.156491 -0.078019 -0.049621
v 0.173680 -0.064739 -0.056186
v 0.160533 -0.035820 -0.073945
v 0.139467 -0.035820 -0.073945
v 0.160624 -0.022010 -0.077312
v 0.139376 -0.022010 -0.077312
v 0.177693 -0.051610 -0.062677
v 0.171127 -0.030123 -0.073300
v 0.122307 -0.051610 -0.062677
v 0.128873 -0.030123 -0.073300
v 0.150000 0.070288 -0.056905
v 0.132958 0.057122 -0.063414
v 0.143509 0.078019 -0.049621
v 0.126320 0.064739 -0.056186
v 0.167042 0.057122 -0.063414
v 0.156491 0.078019 -0.049621
v 0.173680 0.064739 -0.056186
v 0.160533 0.035820 -0.073945
v 0.139467 0.035820 -0.073945
v 0.160624 0.022010 -0.077312
v 0.139376 0.022010 -0.077312
v 0.177693 0.051610 -0.062677
v 0.171127 0.030123 -0.073300
v 0.122307 0.051610 -0.062677
v 0.128873 0.030123 -0.073300
v 0.213414 0.021302 -0.045698
v 0.223945 0.013166 -0.028656
v 0.212677 0.034616 -0.041288
v 0.223300 0.026409 -0.024099
v 0.213414 -0.021302 -0.045698
v 0.223945 -0.013166 -0.028656
v 0.212677 -0.034616 -0.041288
v 0.223300 -0.026409 -0.024099
v 0.206905 0.000000 -0.056231
v 0.206186 -0.029600 -0.051792
v 0.199621 -0.008114 -0.062415
v 0.206186 0.029600 -0.051792
v 0.199621 0.008114 -0.062415
v 0.227312 0.013280 -0.017608
v 0.227312 -0.013280 -0.017608
v 0.213414 0.021302 0.045698
v 0.223945 0.013166 0.028656
v 0.212677 0.034616 0.041288
v 0.223300 0.026409 0.024099
v 0.213414 -0.021302 0.045698
v 0.223945 -0.013166 0.028656
v 0.212677 -0.034616 0.041288
v 0.223300 -0.026409 0.024099
v 0.206905 0.000000 0.056231
v 0.206186 -0.029600 0.051792
v 0.199621 -0.008114 0.062415
v 0.206186 0.029600 0.051792
v 0.199621 0.008114 0.062415
v 0.227312 0.013280 0.017608
v 0.227312 -0.013280 0.017608
v 0.086586 0.021302 -0.045698
v 0.076055 0.013166 -0.028656
v 0.087323 0.034616 -0.041288
v 0.076700 0.026409 -0.024099
v 0.086586 -0.021302 -0.045698
v 0.076055 -0.013166 -0.028656
v 0.087323 -0.034616 -0.041288
v 0.076700 -0.026409 -0.024099
v 0.093095 0.000000 -0.056231
v 0.093814 -0.029600 -0.051792
v 0.100379 -0.008114 -0.062415
v 0.093814 0.029600 -0.051792
v 0.100379 0.008114 -0.062415
v 0.072688 0.013280 -0.017608
v 0.072688 -0.013280 -0.017608
v 0.086586 0.021302 0.045698
v 0.076055 0.013166 0.028656
v 0.087323 0.034616 0.041288
v 0.076700 0.026409 0.024099
v 0.086586 -0.021302 0.045698
v 0.076055 -0.013166 0.028656
v 0.087323 -0.034616 0.041288
v 0.076700 -0.026409 0.024099
v 0.093095 0.000000 0.056231
v 0.093814 -0.029600 0.051792
v 0.100379 -0.008114 0.062415
v 0.093814 0.029600 0.051792
v 0.100379 0.008114 0.062415
v 0.072688 0.013280 0.017608
v 0.072688 -0.013280 0.017608
v 0.150000 0.096386 0.021313
v 0.143415 0.091298 0.031970
v 0.150000 0.096386 -0.021313
v 0.143415 0.091298 -0.031970
v 0.156585 0.091298 0.031970
v 0.156585 0.091298 -0.031970
v 0.108930 0.064658 0.045141
v 0.098274 0.056426 0.041070
v 0.104859 0.051337 0.051726
v 0.108930 0.064658 -0.045141
v 0.098274 0.056426 -0.041070
v 0.104859 0.051337 -0.051726
v 0.076962 0.039962 -0.006585
v 0.076962 0.039962 0.006585
v 0.072891 0.026642 0.000000
v 0.191070 0.064658 0.045141
v 0.201726 0.056426 0.041070
v 0.195141 0.051337 0.051726
v 0.191070 0.064658 -0.045141
v 0.201726 0.056426 -0.041070
v 0.195141 0.051337 -0.051726
v 0.223038 0.039962 -0.006585
v 0.223038 0.039962 0.006585
v 0.227109 0.026642 0.000000
v 0.150000 -0.096386 0.021313
v 0.143415 -0.091298 0.031970
v 0.150000 -0.096386 -0.021313
v 0.143415 -0.091298 -0.031970
v 0.156585 -0.091298 0.031970
v 0.156585 -0.091298 -0.031970
v 0.108930 -0.064658 0.045141
v 0.098274 -0.056426 0.041070
v 0.104859 -0.051337 0.051726
v 0.108930 -0.064658 -0.045141
v 0.098274 -0.056426 -0.041070
v 0.104859 -0.051337 -0.051726
v 0.076962 -0.039962 -0.006585
v 0.076962 -0.039962 0.006585
v 0.072891 -0.026642 0.000000
v 0.191070 -0.064658 0.045141
v 0.201726 -0.056426 0.041070
v 0.195141 -0.051337 0.051726
v 0.191070 -0.064658 -0.045141
v 0.201726 -0.056426 -0.041070
v 0.195141 -0.051337 -0.051726
v 0.223038 -0.039962 -0.006585
v 0.223038 -0.039962 0.006585
v 0.227109 -0.026642 0.000000
v 0.171313 0.000000 0.077109
v 0.181970 -0.008232 0.073038
v 0.128687 0.000000 0.077109
v 0.118030 -0.008232 0.073038
v 0.181970 0.008232 0.073038
v 0.118030 0.008232 0.073038
v 0.171313 0.000000 -0.077109
v 0.181970 -0.008232 -0.073038
v 0.128687 0.000000 -0.077109
v 0.118030 -0.008232 -0.073038
v 0.181970 0.008232 -0.073038
v 0.118030 0.008232 -0.073038
v 0.003945 0.085068 0.143000
v 0.088055 0.085068 0.143000
v 0.003945 -0.085068 0.143000
v 0.088055 -0.085068 0.143000
v 0.046000 -0.052569 0.211054
v 0.046000 0.052569 0.211054
v 0.046000 -0.052569 0.074946
v 0.046000 0.052569 0.074946
v 0.114054 0.000000 0.100945
v 0.114054 0.000000 0.185055
v -0.022054 0.000000 0.100945
v -0.022054 0.000000 0.185055
v 0.046000 0.100000 0.143000
v 0.021281 0.080901 0.183002
v 0.021281 0.080901 0.102998
v -0.018721 0.050002 0.118281
v -0.018721 0.050002 0.167719
v 0.070719 0.080901 0.183002
v 0.070719 0.080901 0.102998
v 0.110721 0.050002 0.118281
v 0.110721 0.050002 0.167719
v 0.046000 -0.100000 0.143000
v 0.021281 -0.080901 0.183002
v 0.021281 -0.080901 0.102998
v -0.018721 -0.050002 0.118281
v -0.018721 -0.050002 0.167719
v 0.070719 -0.080901 0.183002
v 0.070719 -0.080901 0.102998
v 0.110721 -0.050002 0.118281
v 0.110721 -0.050002 0.167719
v 0.046000 0.000000 0.223000
v 0.086002 -0.030899 0.207721
v 0.005998 -0.030899 0.207721
v 0.086002 0.030899 0.207721
v 0.005998 0.030899 0.207721
v 0.046000 0.000000 0.063000
v 0.086002 -0.030899 0.078279
v 0.005998 -0.030899 0.078279
v 0.086002 0.030899 0.078279
v 0.005998 0.030899 0.078279
v 0.126000 0.000000 0.143000
v -0.034000 0.000000 0.143000
v 0.024141 0.096195 0.143000
v 0.011292 0.086268 0.163792
v 0.011292 0.086268 0.122208
v -0.009501 0.070207 0.130151
v -0.009501 0.070207 0.155849
v 0.067859 0.096195 0.143000
v 0.080708 0.086268 0.163792
v 0.080708 0.086268 0.122208
v 0.101501 0.070207 0.130151
v 0.101501 0.070207 0.155849
v 0.024141 -0.096195 0.143000
v 0.011292 -0.086268 0.163792
v 0.011292 -0.086268 0.122208
v -0.009501 -0.070207 0.130151
v -0.009501 -0.070207 0.155849
v 0.067859 -0.096195 0.143000
v 0.080708 -0.086268 0.163792
v 0.080708 -0.086268 0.122208
v 0.101501 -0.070207 0.130151
v 0.101501 -0.070207 0.155849
v 0.033151 -0.069376 0.199166
v 0.058849 -0.069376 0.199166
v 0.046000 -0.027324 0.219956
v 0.066792 -0.043385 0.212015
v 0.025208 -0.043385 0.212015
v 0.033151 0.069376 0.199166
v 0.058849 0.069376 0.199166
v 0.046000 0.027324 0.219956
v 0.066792 0.043385 0.212015
v 0.025208 0.043385 0.212015
v 0.033151 -0.069376 0.086834
v 0.058849 -0.069376 0.086834
v 0.046000 -0.027324 0.066044
v 0.066792 -0.043385 0.073985
v 0.025208 -0.043385 0.073985
v 0.033151 0.069376 0.086834
v 0.058849 0.069376 0.086834
v 0.046000 0.027324 0.066044
v 0.066792 0.043385 0.073985
v 0.025208 0.043385 0.073985
v 0.115015 0.025990 0.108292
v 0.115015 -0.025990 0.108292
v 0.102166 -0.016061 0.087499
v 0.102166 0.016061 0.087499
v 0.122956 0.000000 0.121141
v 0.115015 0.025990 0.177708
v 0.115015 -0.025990 0.177708
v 0.102166 -0.016061 0.198501
v 0.102166 0.016061 0.198501
v 0.122956 0.000000 0.164859
v -0.023015 0.025990 0.108292
v -0.023015 -0.025990 0.108292
v -0.010166 -0.016061 0.087499
v -0.010166 0.016061 0.087499
v -0.030956 0.000000 0.121141
v -0.023015 0.025990 0.177708
v -0.023015 -0.025990 0.177708
v -0.010166 -0.016061 0.198501
v -0.010166 0.016061 0.198501
v -0.030956 0.000000 0.164859
v 0.033004 0.095106 0.164030
v 0.033004 0.095106 0.121970
v 0.058996 0.095106 0.164030
v 0.058996 0.095106 0.121970
v -0.001022 0.068820 0.177026
v 0.046000 0.085064 0.185060
v 0.011974 0.058777 0.198056
v -0.001022 0.068820 0.108974
v 0.046000 0.085064 0.100940
v 0.011974 0.058777 0.087944
v -0.022051 0.052575 0.143000
v -0.009056 0.042532 0.095978
v -0.030084 0.026288 0.130004
v -0.009056 0.042532 0.190022
v -0.030084 0.026288 0.155996
v 0.093022 0.068820 0.177026
v 0.080026 0.058777 0.198056
v 0.093022 0.068820 0.108974
v 0.080026 0.058777 0.087944
v 0.114051 0.052575 0.143000
v 0.101056 0.042532 0.095978
v 0.122084 0.026288 0.130004
v 0.101056 0.042532 0.190022
v 0.122084 0.026288 0.155996
v 0.033004 -0.095106 0.164030
v 0.033004 -0.095106 0.121970
v 0.058996 -0.095106 0.164030
v 0.058996 -0.095106 0.121970
v -0.001022 -0.068820 0.177026
v 0.046000 -0.085064 0.185060
v 0.011974 -0.058777 0.198056
v -0.001022 -0.068820 0.108974
v 0.046000 -0.085064 0.100940
v 0.011974 -0.058777 0.087944
v -0.022051 -0.052575 0.143000
v -0.009056 -0.042532 0.095978
v -0.030084 -0.026288 0.130004
v -0.009056 -0.042532 0.190022
v -0.030084 -0.026288 0.155996
v 0.093022 -0.068820 0.177026
v 0.080026 -0.058777 0.198056
v 0.093022 -0.068820 0.108974
v 0.080026 -0.058777 0.087944
v 0.114051 -0.052575 0.143000
v 0.101056 -0.042532 0.095978
v 0.122084 -0.026288 0.130004
v 0.101056 -0.042532 0.190022
v 0.122084 -0.026288 0.155996
v 0.067030 -0.016245 0.219084
v 0.024970 -0.016245 0.219084
v 0.067030 0.016245 0.219084
v 0.024970 0.016245 0.219084
v 0.088060 0.000000 0.211051
v 0.003940 0.000000 0.211051
v 0.067030 -0.016245 0.066916
v 0.024970 -0.016245 0.066916
v 0.067030 0.016245 0.066916
v 0.024970 0.016245 0.066916
v 0.088060 0.000000 0.074949
v 0.003940 0.000000 0.074949
v 0.013734 0.091506 0.143000
v 0.007248 0.086495 0.153496
v 0.007248 0.086495 0.132504
v -0.003249 0.078387 0.136514
v -0.003249 0.078387 0.149486
v 0.078266 0.091506 0.143000
v 0.084752 0.086495 0.153496
v 0.084752 0.086495 0.132504
v 0.095249 0.078387 0.136514
v 0.095249 0.078387 0.149486
v 0.013734 -0.091506 0.143000
v 0.007248 -0.086495 0.153496
v 0.007248 -0.086495 0.132504
v -0.003249 -0.078387 0.136514
v -0.003249 -0.078387 0.149486
v 0.078266 -0.091506 0.143000
v 0.084752 -0.086495 0.153496
v 0.084752 -0.086495 0.132504
v 0.095249 -0.078387 0.136514
v 0.095249 -0.078387 0.149486
v 0.039514 -0.061561 0.205710
v 0.052486 -0.061561 0.205710
v 0.046000 -0.040332 0.216205
v 0.056496 -0.048440 0.212196
v 0.035504 -0.048440 0.212196
v 0.039514 0.061561 0.205710
v 0.052486 0.061561 0.205710
v 0.046000 0.040332 0.216205
v 0.056496 0.048440 0.212196
v 0.035504 0.048440 0.212196
v 0.039514 -0.061561 0.080290
v 0.052486 -0.061561 0.080290
v 0.046000 -0.040332 0.069795
v 0.056496 -0.048440 0.073804
v 0.035504 -0.048440 0.073804
v 0.039514 0.061561 0.080290
v 0.052486 0.061561 0.080290
v 0.046000 0.040332 0.069795
v 0.056496 0.048440 0.073804
v 0.035504 0.048440 0.073804
v 0.115196 0.013121 0.104248
v 0.115196 -0.013121 0.104248
v 0.108710 -0.008108 0.093751
v 0.108710 0.008108 0.093751
v 0.119205 0.000000 0.110734
v 0.115196 0.013121 0.181752
v 0.115196 -0.013121 0.181752
v 0.108710 -0.008108 0.192249
v 0.108710 0.008108 0.192249
v 0.119205 0.000000 0.175266
v -0.023196 0.013121 0.104248
v -0.023196 -0.013121 0.104248
v -0.016710 -0.008108 0.093751
v -0.016710 0.008108 0.093751
v -0.027205 0.000000 0.110734
v -0.023196 0.013121 0.181752
v -0.023196 -0.013121 0.181752
v -0.016710 -0.008108 0.192249
v -0.016710 0.008108 0.192249
v -0.027205 0.000000 0.175266
v 0.034965 0.099044 0.143000
v 0.057035 0.099044 0.143000
v 0.039421 0.098769 0.153646
v 0.039421 0.098769 0.132354
v 0.052579 0.098769 0.153646
v 0.052579 0.098769 0.132354
v 0.015999 0.084392 0.173690
v 0.027035 0.075864 0.191548
v 0.026907 0.089100 0.173896
v 0.009682 0.075794 0.180475
v 0.033486 0.084017 0.184542
v 0.016261 0.070710 0.191121
v 0.015999 0.084392 0.112310
v 0.027035 0.075864 0.094452
v 0.026907 0.089100 0.112104
v 0.009682 0.075794 0.105525
v 0.033486 0.084017 0.101458
v 0.016261 0.070710 0.094879
v -0.014691 0.060685 0.124035
v -0.021513 0.038363 0.112999
v -0.010568 0.060152 0.113261
v -0.021214 0.051928 0.130486
v -0.014635 0.046844 0.106682
v -0.025280 0.038620 0.123907
v -0.014691 0.060685 0.161965
v -0.021513 0.038363 0.173001
v -0.010568 0.060152 0.172739
v -0.021214 0.051928 0.155514
v -0.014635 0.046844 0.179318
v -0.025280 0.038620 0.162093
v 0.076001 0.084392 0.173690
v 0.064965 0.075864 0.191548
v 0.065093 0.089100 0.173896
v 0.058514 0.084017 0.184542
v 0.082318 0.075794 0.180475
v 0.075739 0.070710 0.191121
v 0.076001 0.084392 0.112310
v 0.064965 0.075864 0.094452
v 0.065093 0.089100 0.112104
v 0.058514 0.084017 0.101458
v 0.082318 0.075794 0.105525
v 0.075739 0.070710 0.094879
v 0.106691 0.060685 0.124035
v 0.113513 0.038363 0.112999
v 0.102568 0.060152 0.113261
v 0.113214 0.051928 0.130486
v 0.106635 0.046844 0.106682
v 0.117280 0.038620 0.123907
v 0.106691 0.060685 0.161965
v 0.113513 0.038363 0.173001
v 0.102568 0.060152 0.172739
v 0.113214 0.051928 0.155514
v 0.106635 0.046844 0.179318
v 0.117280 0.038620 0.162093
v 0.034965 -0.099044 0.143000
v 0.057035 -0.099044 0.143000
v 0.039421 -0.098769 0.153646
v 0.039421 -0.098769 0.132354
v 0.052579 -0.098769 0.153646
v 0.052579 -0.098769 0.132354
v 0.015999 -0.084392 0.173690
v 0.027035 -0.075864 0.191548
v 0.026907 -0.089100 0.173896
v 0.009682 -0.075794 0.180475
v 0.033486 -0.084017 0.184542
v 0.016261 -0.070710 0.191121
v 0.015999 -0.084392 0.112310
v 0.027035 -0.075864 0.094452
v 0.026907 -0.089100 0.112104
v 0.009682 -0.075794 0.105525
v 0.033486 -0.084017 0.101458
v 0.016261 -0.070710 0.094879
v -0.014691 -0.060685 0.124035
v -0.021513 -0.038363 0.112999
v -0.010568 -0.060152 0.113261
v -0.021214 -0.051928 0.130486
v -0.014635 -0.046844 0.106682
v -0.025280 -0.038620 0.123907
v -0.014691 -0.060685 0.161965
v -0.021513 -0.038363 0.173001
v -0.010568 -0.060152 0.172739
v -0.021214 -0.051928 0.155514
v -0.014635 -0.046844 0.179318
v -0.025280 -0.038620 0.162093
v 0.076001 -0.084392 0.173690
v 0.064965 -0.075864 0.191548
v 0.065093 -0.089100 0.173896
v 0.058514 -0.084017 0.184542
v 0.082318 -0.075794 0.180475
v 0.075739 -0.070710 0.191121
v 0.076001 -0.084392 0.112310
v 0.064965 -0.075864 0.094452
v 0.065093 -0.089100 0.112104
v 0.058514 -0.084017 0.101458
v 0.082318 -0.075794 0.105525
v 0.075739 -0.070710 0.094879
v 0.106691 -0.060685 0.124035
v 0.113513 -0.038363 0.112999
v 0.102568 -0.060152 0.113261
v 0.113214 -0.051928 0.130486
v 0.106635 -0.046844 0.106682
v 0.117280 -0.038620 0.123907
v 0.106691 -0.060685 0.161965
v 0.113513 -0.038363 0.173001
v 0.102568 -0.060152 0.172739
v 0.113214 -0.051928 0.155514
v 0.106635 -0.046844 0.179318
v 0.117280 -0.038620 0.162093
v 0.046000 -0.013794 0.222235
v 0.046000 0.013794 0.222235
v 0.056646 -0.008224 0.222015
v 0.035354 -0.008224 0.222015
v 0.056646 0.008224 0.222015
v 0.035354 0.008224 0.222015
v 0.076690 -0.037501 0.210513
v 0.094548 -0.023707 0.203691
v 0.083475 -0.045397 0.203635
v 0.094121 -0.037174 0.199568
v 0.076896 -0.023866 0.214280
v 0.087542 -0.015642 0.210214
v 0.015310 -0.037501 0.210513
v -0.002548 -0.023707 0.203691
v 0.008525 -0.045397 0.203635
v -0.002121 -0.037174 0.199568
v 0.015104 -0.023866 0.214280
v 0.004458 -0.015642 0.210214
v 0.076690 0.037501 0.210513
v 0.094548 0.023707 0.203691
v 0.083475 0.045397 0.203635
v 0.094121 0.037174 0.199568
v 0.076896 0.023866 0.214280
v 0.087542 0.015642 0.210214
v 0.015310 0.037501 0.210513
v -0.002548 0.023707 0.203691
v 0.008525 0.045397 0.203635
v -0.002121 0.037174 0.199568
v 0.015104 0.023866 0.214280
v 0.004458 0.015642 0.210214
v 0.046000 -0.013794 0.063765
v 0.046000 0.013794 0.063765
v 0.056646 -0.008224 0.063985
v 0.035354 -0.008224 0.063985
v 0.056646 0.008224 0.063985
v 0.035354 0.008224 0.063985
v 0.076690 -0.037501 0.075487
v 0.094548 -0.023707 0.082309
v 0.083475 -0.045397 0.082365
v 0.094121 -0.037174 0.086432
v 0.076896 -0.023866 0.071720
v 0.087542 -0.015642 0.075786
v 0.015310 -0.037501 0.075487
v -0.002548 -0.023707 0.082309
v 0.008525 -0.045397 0.082365
v -0.002121 -0.037174 0.086432
v 0.015104 -0.023866 0.071720
v 0.004458 -0.015642 0.075786
v 0.076690 0.037501 0.075487
v 0.094548 0.023707 0.082309
v 0.083475 0.045397 0.082365
v 0.094121 0.037174 0.086432
v 0.076896 0.023866 0.071720
v 0.087542 0.015642 0.075786
v 0.015310 0.037501 0.075487
v -0.002548 0.023707 0.082309
v 0.008525 0.045397 0.082365
v -0.002121 0.037174 0.086432
v 0.015104 0.023866 0.071720
v 0.004458 0.015642 0.075786
v 0.125235 0.000000 0.131965
v 0.125235 0.000000 0.154035
v 0.125015 0.013308 0.136421
v 0.125015 0.013308 0.149579
v 0.125015 -0.013308 0.136421
v 0.125015 -0.013308 0.149579
v -0.033235 0.000000 0.131965
v -0.033235 0.000000 0.154035
v -0.033015 0.013308 0.136421
v -0.033015 0.013308 0.149579
v -0.033015 -0.013308 0.136421
v -0.033015 -0.013308 0.149579
v 0.017344 0.092432 0.153533
v 0.017344 0.092432 0.132467
v 0.028392 0.096640 0.153624
v 0.028392 0.096640 0.132376
v 0.000302 0.079267 0.160042
v 0.021901 0.091625 0.164127
v 0.004712 0.078346 0.170693
v 0.000302 0.079267 0.125958
v 0.021901 0.091625 0.121873
v 0.004712 0.078346 0.115307
v -0.010231 0.071131 0.143000
v -0.005792 0.070233 0.119320
v -0.016415 0.062026 0.136509
v -0.005792 0.070233 0.166680
v -0.016415 0.062026 0.149491
v 0.074656 0.092432 0.153533
v 0.074656 0.092432 0.132467
v 0.063608 0.096640 0.153624
v 0.063608 0.096640 0.132376
v 0.091698 0.079267 0.160042
v 0.070099 0.091625 0.164127
v 0.087288 0.078346 0.170693
v 0.091698 0.079267 0.125958
v 0.070099 0.091625 0.121873
v 0.087288 0.078346 0.115307
v 0.102231 0.071131 0.143000
v 0.097792 0.070233 0.119320
v 0.108415 0.062026 0.136509
v 0.097792 0.070233 0.166680
v 0.108415 0.062026 0.149491
v 0.017344 -0.092432 0.153533
v 0.017344 -0.092432 0.132467
v 0.028392 -0.096640 0.153624
v 0.028392 -0.096640 0.132376
v 0.000302 -0.079267 0.160042
v 0.021901 -0.091625 0.164127
v 0.004712 -0.078346 0.170693
v 0.000302 -0.079267 0.125958
v 0.021901 -0.091625 0.121873
v 0.004712 -0.078346 0.115307
v -0.010231 -0.071131 0.143000
v -0.005792 -0.070233 0.119320
v -0.016415 -0.062026 0.136509
v -0.005792 -0.070233 0.166680
v -0.016415 -0.062026 0.149491
v 0.074656 -0.092432 0.153533
v 0.074656 -0.092432 0.132467
v 0.063608 -0.096640 0.153624
v 0.063608 -0.096640 0.132376
v 0.091698 -0.079267 0.160042
v 0.070099 -0.091625 0.164127
v 0.087288 -0.078346 0.170693
v 0.091698 -0.079267 0.125958
v 0.070099 -0.091625 0.121873
v 0.087288 -0.078346 0.115307
v 0.102231 -0.071131 0.143000
v 0.097792 -0.070233 0.119320
v 0.108415 -0.062026 0.136509
v 0.097792 -0.070233 0.166680
v 0.108415 -0.062026 0.149491
v 0.046000 -0.070288 0.199905
v 0.028958 -0.057122 0.206414
v 0.039509 -0.078019 0.192621
v 0.022320 -0.064739 0.199186
v 0.063042 -0.057122 0.206414
v 0.052491 -0.078019 0.192621
v 0.069680 -0.064739 0.199186
v 0.056533 -0.035820 0.216945
v 0.035467 -0.035820 0.216945
v 0.056624 -0.022010 0.220312
v 0.035376 -0.022010 0.220312
v 0.073693 -0.051610 0.205677
v 0.067127 -0.030123 0.216300
v 0.018307 -0.051610 0.205677
v 0.024873 -0.030123 0.216300
v 0.046000 0.070288 0.199905
v 0.028958 0.057122 0.206414
v 0.039509 0.078019 0.192621
v 0.022320 0.064739 0.199186
v 0.063042 0.057122 0.206414
v 0.052491 0.078019 0.192621
v 0.069680 0.064739 0.199186
v 0.056533 0.035820 0.216945
v 0.035467 0.035820 0.216945
v 0.056624 0.022010 0.220312
v 0.035376 0.022010 0.220312
v 0.073693 0.051610 0.205677
v 0.067127 0.030123 0.216300
v 0.018307 0.051610 0.205677
v 0.024873 0.030123 0.216300
v 0.046000 -0.070288 0.086095
v 0.028958 -0.057122 0.079586
v 0.039509 -0.078019 0.093379
v 0.022320 -0.064739 0.086814
v 0.063042 -0.057122 0.079586
v 0.052491 -0.078019 0.093379
v 0.069680 -0.064739 0.086814
v 0.056533 -0.035820 0.069055
v 0.035467 -0.035820 0.069055
v 0.056624 -0.022010 0.065688
v 0.035376 -0.022010 0.065688
v 0.073693 -0.051610 0.080323
v 0.067127 -0.030123 0.069700
v 0.018307 -0.051610 0.080323
v 0.024873 -0.030123 0.069700
v 0.046000 0.070288 0.086095
v 0.028958 0.057122 0.079586
v 0.039509 0.078019 0.093379
v 0.022320 0.064739 0.086814
v 0.063042 0.057122 0.079586
v 0.052491 0.078019 0.093379
v 0.069680 0.064739 0.086814
v 0.056533 0.035820 0.069055
v 0.035467 0.035820 0.069055
v 0.056624 0.022010 0.065688
v 0.035376 0.022010 0.065688
v 0.073693 0.051610 0.080323
v 0.067127 0.030123 0.069700
v 0.018307 0.051610 0.080323
v 0.024873 0.030123 0.069700
v 0.109414 0.021302 0.097302
v 0.119945 0.013166 0.114344
v 0.108677 0.034616 0.101712
v 0.119300 0.026409 0.118901
v 0.109414 -0.021302 0.097302
v 0.119945 -0.013166 0.114344
v 0.108677 -0.034616 0.101712
v 0.119300 -0.026409 0.118901
v 0.102905 0.000000 0.086769
v 0.102186 -0.029600 0.091208
v 0.095621 -0.008114 0.080585
v 0.102186 0.029600 0.091208
v 0.095621 0.008114 0.080585
v 0.123312 0.013280 0.125392
v 0.123312 -0.013280 0.125392
v 0.109414 0.021302 0.188698
v 0.119945 0.013166 0.171656
v 0.108677 0.034616 0.184288
v 0.119300 0.026409 0.167099
v 0.109414 -0.021302 0.188698
v 0.119945 -0.013166 0.171656
v 0.108677 -0.034616 0.184288
v 0.119300 -0.026409 0.167099
v 0.102905 0.000000 0.199231
v 0.102186 -0.029600 0.194792
v 0.095621 -0.008114 0.205415
v 0.102186 0.029600 0.194792
v 0.095621 0.008114 0.205415
v 0.123312 0.013280 0.160608
v 0.123312 -0.013280 0.160608
v -0.017414 0.021302 0.097302
v -0.027945 0.013166 0.114344
v -0.016677 0.034616 0.101712
v -0.027300 0.026409 0.118901
v -0.017414 -0.021302 0.097302
v -0.027945 -0.013166 0.114344
v -0.016677 -0.034616 0.101712
v -0.027300 -0.026409 0.118901
v -0.010905 0.000000 0.086769
v -0.010186 -0.029600 0.091208
v -0.003621 -0.008114 0.080585
v -0.010186 0.029600 0.091208
v -0.003621 0.008114 0.080585
v -0.031312 0.013280 0.125392
v -0.031312 -0.013280 0.125392
v -0.017414 0.021302 0.188698
v -0.027945 0.013166 0.171656
v -0.016677 0.034616 0.184288
v -0.027300 0.026409 0.167099
v -0.017414 -0.021302 0.188698
v -0.027945 -0.013166 0.171656
v -0.016677 -0.034616 0.184288
v -0.027300 -0.026409 0.167099
v -0.010905 0.000000 0.199231
v -0.010186 -0.029600 0.194792
v -0.003621 -0.008114 0.205415
v -0.010186 0.029600 0.194792
v -0.003621 0.008114 0.205415
v -0.031312 0.013280 0.160608
v -0.031312 -0.013280 0.160608
v 0.046000 0.096386 0.164313
v 0.039415 0.091298 0.174970
v 0.046000 0.096386 0.121687
v 0.039415 0.091298 0.111030
v 0.052585 0.091298 0.174970
v 0.052585 0.091298 0.111030
v 0.004930 0.064658 0.188141
v -0.005726 0.056426 0.184070
v 0.000859 0.051337 0.194726
v 0.004930 0.064658 0.097859
v -0.005726 0.056426 0.101930
v 0.000859 0.051337 0.091274
v -0.027038 0.039962 0.136415
v -0.027038 0.039962 0.149585
v -0.031109 0.026642 0.143000
v 0.087070 0.064658 0.188141
v 0.097726 0.056426 0.184070
v 0.091141 0.051337 0.194726
v 0.087070 0.064658 0.097859
v 0.097726 0.056426 0.101930
v 0.091141 0.051337 0.091274
v 0.119038 0.039962 0.136415
v 0.119038 0.039962 0.149585
v 0.123109 0.026642 0.143000
v 0.046000 -0.096386 0.164313
v 0.039415 -0.091298 0.174970
v 0.046000 -0.096386 0.121687
v 0.039415 -0.091298 0.111030
v 0.052585 -0.091298 0.174970
v 0.052585 -0.091298 0.111030
v 0.004930 -0.064658 0.188141
v -0.005726 -0.056426 0.184070
v 0.000859 -0.051337 0.194726
v 0.004930 -0.064658 0.097859
v -0.005726 -0.056426 0.101930
v 0.000859 -0.051337 0.091274
v -0.027038 -0.039962 0.136415
v -0.027038 -0.039962 0.149585
v -0.031109 -0.026642 0.143000
v 0.087070 -0.064658 0.188141
v 0.097726 -0.056426 0.184070
v 0.091141 -0.051337 0.194726
v 0.087070 -0.064658 0.097859
v 0.097726 -0.056426 0.101930
v 0.091141 -0.051337 0.091274
v 0.119038 -0.039962 0.136415
v 0.119038 -0.039962 0.149585
v 0.123109 -0.026642 0.143000
v 0.067313 0.000000 0.220109
v 0.077970 -0.008232 0.216038
v 0.024687 0.000000 0.220109
v 0.014030 -0.008232 0.216038
v 0.077970 0.008232 0.216038
v 0.014030 0.008232 0.216038
v 0.067313 0.000000 0.065891
v 0.077970 -0.008232 0.069962
v 0.024687 0.000000 0.065891
v 0.014030 -0.008232 0.069962
v 0.077970 0.008232 0.069962
v 0.014030 0.008232 0.069962
v -0.163055 0.085068 0.088000
v -0.078945 0.085068 0.088000
v -0.163055 -0.085068 0.088000
v -0.078945 -0.085068 0.088000
v -0.121000 -0.052569 0.156054
v -0.121000 0.052569 0.156054
v -0.121000 -0.052569 0.019946
v -0.121000 0.052569 0.019946
v -0.052946 0.000000 0.045945
v -0.052946 0.000000 0.130055
v -0.189054 0.000000 0.045945
v -0.189054 0.000000 0.130055
v -0.121000 0.100000 0.088000
v -0.145719 0.080901 0.128002
v -0.145719 0.080901 0.047998
v -0.185721 0.050002 0.063281
v -0.185721 0.050002 0.112719
v -0.096281 0.080901 0.128002
v -0.096281 0.080901 0.047998
v -0.056279 0.050002 0.063281
v -0.056279 0.050002 0.112719
v -0.121000 -0.100000 0.088000
v -0.145719 -0.080901 0.128002
v -0.145719 -0.080901 0.047998
v -0.185721 -0.050002 0.063281
v -0.185721 -0.050002 0.112719
v -0.096281 -0.080901 0.128002
v -0.096281 -0.080901 0.047998
v -0.056279 -0.050002 0.063281
v -0.056279 -0.050002 0.112719
v -0.121000 0.000000 0.168000
v -0.080998 -0.030899 0.152721
v -0.161002 -0.030899 0.152721
v -0.080998 0.030899 0.152721
v -0.161002 0.030899 0.152721
v -0.121000 0.000000 0.008000
v -0.080998 -0.030899 0.023279
v -0.161002 -0.030899 0.023279
v -0.080998 0.030899 0.023279
v -0.161002 0.030899 0.023279
v -0.041000 0.000000 0.088000
v -0.201000 0.000000 0.088000
v -0.142859 0.096195 0.088000
v -0.155708 0.086268 0.108792
v -0.155708 0.086268 0.067208
v -0.176501 0.070207 0.075151
v -0.176501 0.070207 0.100849
v -0.099141 0.096195 0.088000
v -0.086292 0.086268 0.108792
v -0.086292 0.086268 0.067208
v -0.065499 0.070207 0.075151
v -0.065499 0.070207 0.100849
v -0.142859 -0.096195 0.088000
v -0.155708 -0.086268 0.108792
v -0.155708 -0.086268 0.067208
v -0.176501 -0.070207 0.075151
v -0.176501 -0.070207 0.100849
v -0.099141 -0.096195 0.088000
v -0.086292 -0.086268 0.108792
v -0.086292 -0.086268 0.067208
v -0.065499 -0.070207 0.075151
v -0.065499 -0.070207 0.100849
v -0.133849 -0.069376 0.144166
v -0.108151 -0.069376 0.144166
v -0.121000 -0.027324 0.164956
v -0.100208 -0.043385 0.157015
v -0.141792 -0.043385 0.157015
v -0.133849 0.069376 0.144166
v -0.108151 0.069376 0.144166
v -0.121000 0.027324 0.164956
v -0.100208 0.043385 0.157015
v -0.141792 0.043385 0.157015
v -0.133849 -0.069376 0.031834
v -0.108151 -0.069376 0.031834
v -0.121000 -0.027324 0.011044
v -0.100208 -0.043385 0.018985
v -0.141792 -0.043385 0.018985
v -0.133849 0.069376 0.031834
v -0.108151 0.069376 0.031834
v -0.121000 0.027324 0.011044
v -0.100208 0.043385 0.018985
v -0.141792 0.043385 0.018985
v -0.051985 0.025990 0.053292
v -0.051985 -0.025990 0.053292
v -0.064834 -0.016061 0.032499
v -0.064834 0.016061 0.032499
v -0.044044 0.000000 0.066141
v -0.051985 0.025990 0.122708
v -0.051985 -0.025990 0.122708
v -0.064834 -0.016061 0.143501
v -0.064834 0.016061 0.143501
v -0.044044 0.000000 0.109859
v -0.190015 0.025990 0.053292
v -0.190015 -0.025990 0.053292
v -0.177166 -0.016061 0.032499
v -0.177166 0.016061 0.032499
v -0.197956 0.000000 0.066141
v -0.190015 0.025990 0.122708
v -0.190015 -0.025990 0.122708
v -0.177166 -0.016061 0.143501
v -0.177166 0.016061 0.143501
v -0.197956 0.000000 0.109859
v -0.133996 0.095106 0.109030
v -0.133996 0.095106 0.066970
v -0.108004 0.095106 0.109030
v -0.108004 0.095106 0.066970
v -0.168022 0.068820 0.122026
v -0.121000 0.085064 0.130060
v -0.155026 0.058777 0.143056
v -0.168022 0.068820 0.053974
v -0.121000 0.085064 0.045940
v -0.155026 0.058777 0.032944
v -0.189051 0.052575 0.088000
v -0.176056 0.042532 0.040978
v -0.197084 0.026288 0.075004
v -0.176056 0.042532 0.135022
v -0.197084 0.026288 0.100996
v -0.073978 0.068820 0.122026
v -0.086974 0.058777 0.143056
v -0.073978 0.068820 0.053974
v -0.086974 0.058777 0.032944
v -0.052949 0.052575 0.088000
v -0.065944 0.042532 0.040978
v -0.044916 0.026288 0.075004
v -0.065944 0.042532 0.135022
v -0.044916 0.026288 0.100996
v -0.133996 -0.095106 0.109030
v -0.133996 -0.095106 0.066970
v -0.108004 -0.095106 0.109030
v -0.108004 -0.095106 0.066970
v -0.168022 -0.068820 0.122026
v -0.121000 -0.085064 0.130060
v -0.155026 -0.058777 0.143056
v -0.168022 -0.068820 0.053974
v -0.121000 -0.085064 0.045940
v -0.155026 -0.058777 0.032944
v -0.189051 -0.052575 0.088000
v -0.176056 -0.042532 0.040978
v -0.197084 -0.026288 0.075004
v -0.176056 -0.042532 0.135022
v -0.197084 -0.026288 0.100996
v -0.073978 -0.068820 0.122026
v -0.086974 -0.058777 0.143056
v -0.073978 -0.068820 0.053974
v -0.086974 -0.058777 0.032944
v -0.052949 -0.052575 0.088000
v -0.065944 -0.042532 0.040978
v -0.044916 -0.026288 0.075004
v -0.065944 -0.042532 0.135022
v -0.044916 -0.026288 0.100996
v -0.099970 -0.016245 0.164084
v -0.142030 -0.016245 0.164084
v -0.099970 0.016245 0.164084
v -0.142030 0.016245 0.164084
v -0.078940 0.000000 0.156051
v -0.163060 0.000000 0.156051
v -0.099970 -0.016245 0.011916
v -0.142030 -0.016245 0.011916
v -0.099970 0.016245 0.011916
v -0.142030 0.016245 0.011916
v -0.078940 0.000000 0.019949
v -0.163060 0.000000 0.019949
v -0.153266 0.091506 0.088000
v -0.159752 0.086495 0.098496
v -0.159752 0.086495 0.077504
v -0.170249 0.078387 0.081514
v -0.170249 0.078387 0.094486
v -0.088734 0.091506 0.088000
v -0.082248 0.086495 0.098496
v -0.082248 0.086495 0.077504
v -0.071751 0.078387 0.081514
v -0.071751 0.078387 0.094486
v -0.153266 -0.091506 0.088000
v -0.159752 -0.086495 0.098496
v -0.159752 -0.086495 0.077504
v -0.170249 -0.078387 0.081514
v -0.170249 -0.078387 0.094486
v -0.088734 -0.091506 0.088000
v -0.082248 -0.086495 0.098496
v -0.082248 -0.086495 0.077504
v -0.071751 -0.078387 0.081514
v -0.071751 -0.078387 0.094486
v -0.127486 -0.061561 0.150710
v -0.114514 -0.061561 0.150710
v -0.121000 -0.040332 0.161205
v -0.110504 -0.048440 0.157196
v -0.131496 -0.048440 0.157196
v -0.127486 0.061561 0.150710
v -0.114514 0.061561 0.150710
v -0.121000 0.040332 0.161205
v -0.110504 0.048440 0.157196
v -0.131496 0.048440 0.157196
v -0.127486 -0.061561 0.025290
v -0.114514 -0.061561 0.025290
v -0.121000 -0.040332 0.014795
v -0.110504 -0.048440 0.018804
v -0.131496 -0.048440 0.018804
v -0.127486 0.061561 0.025290
v -0.114514 0.061561 0.025290
v -0.121000 0.040332 0.014795
v -0.110504 0.048440 0.018804
v -0.131496 0.048440 0.018804
v -0.051804 0.013121 0.049248
v -0.051804 -0.013121 0.049248
v -0.058290 -0.008108 0.038751
v -0.058290 0.008108 0.038751
v -0.047795 0.000000 0.055734
v -0.051804 0.013121 0.126752
v -0.051804 -0.013121 0.126752
v -0.058290 -0.008108 0.137249
v -0.058290 0.008108 0.137249
v -0.047795 0.000000 0.120266
v -0.190196 0.013121 0.049248
v -0.190196 -0.013121 0.049248
v -0.183710 -0.008108 0.038751
v -0.183710 0.008108 0.038751
v -0.194205 0.000000 0.055734
v -0.190196 0.013121 0.126752
v -0.190196 -0.013121 0.126752
v -0.183710 -0.008108 0.137249
v -0.183710 0.008108 0.137249
v -0.194205 0.000000 0.120266
v -0.132035 0.099044 0.088000
v -0.109965 0.099044 0.088000
v -0.127579 0.098769 0.098646
v -0.127579 0.098769 0.077354
v -0.114421 0.098769 0.098646
v -0.114421 0.098769 0.077354
v -0.151001 0.084392 0.118690
v -0.139965 0.075864 0.136548
v -0.140093 0.089100 0.118896
v -0.157318 0.075794 0.125475
v -0.133514 0.084017 0.129542
v -0.150739 0.070710 0.136121
v -0.151001 0.084392 0.057310
v -0.139965 0.075864 0.039452
v -0.140093 0.089100 0.057104
v -0.157318 0.075794 0.050525
v -0.133514 0.084017 0.046458
v -0.150739 0.070710 0.039879
v -0.181691 0.060685 0.069035
v -0.188513 0.038363 0.057999
v -0.177568 0.060152 0.058261
v -0.188214 0.051928 0.075486
v -0.181635 0.046844 0.051682
v -0.192280 0.038620 0.068907
v -0.181691 0.060685 0.106965
v -0.188513 0.038363 0.118001
v -0.177568 0.060152 0.117739
v -0.188214 0.051928 0.100514
v -0.181635 0.046844 0.124318
v -0.192280 0.038620 0.107093
v -0.090999 0.084392 0.118690
v -0.102035 0.075864 0.136548
v -0.101907 0.089100 0.118896
v -0.108486 0.084017 0.129542
v -0.084682 0.075794 0.125475
v -0.091261 0.070710 0.136121
v -0.090999 0.084392 0.057310
v -0.102035 0.075864 0.039452
v -0.101907 0.089100 0.057104
v -0.108486 0.084017 0.046458
v -0.084682 0.075794 0.050525
v -0.091261 0.070710 0.039879
v -0.060309 0.060685 0.069035
v -0.053487 0.038363 0.057999
v -0.064432 0.060152 0.058261
v -0.053786 0.051928 0.075486
v -0.060365 0.046844 0.051682
v -0.049720 0.038620 0.068907
v -0.060309 0.060685 0.106965
v -0.053487 0.038363 0.118001
v -0.064432 0.060152 0.117739
v -0.053786 0.051928 0.100514
v -0.060365 0.046844 0.124318
v -0.049720 0.038620 0.107093
v -0.132035 -0.099044 0.088000
v -0.109965 -0.099044 0.088000
v -0.127579 -0.098769 0.098646
v -0.127579 -0.098769 0.077354
v -0.114421 -0.098769 0.098646
v -0.114421 -0.098769 0.077354
v -0.151001 -0.084392 0.118690
v -0.139965 -0.075864 0.136548
v -0.140093 -0.089100 0.118896
v -0.157318 -0.075794 0.125475
v -0.133514 -0.084017 0.129542
v -0.150739 -0.070710 0.136121
v -0.151001 -0.084392 0.057310
v -0.139965 -0.075864 0.039452
v -0.140093 -0.089100 0.057104
v -0.157318 -0.075794 0.050525
v -0.133514 -0.084017 0.046458
v -0.150739 -0.070710 0.039879
v -0.181691 -0.060685 0.069035
v -0.188513 -0.038363 0.057999
v -0.177568 -0.060152 0.058261
v -0.188214 -0.051928 0.075486
v -0.181635 -0.046844 0.051682
v -0.192280 -0.038620 0.068907
v -0.181691 -0.060685 0.106965
v -0.188513 -0.038363 0.118001
v -0.177568 -0.060152 0.117739
v -0.188214 -0.051928 0.100514
v -0.181635 -0.046844 0.124318
v -0.192280 -0.038620 0.107093
v -0.090999 -0.084392 0.118690
v -0.102035 -0.075864 0.136548
v -0.101907 -0.089100 0.118896
v -0.108486 -0.084017 0.129542
v -0.084682 -0.075794 0.125475
v -0.091261 -0.070710 0.136121
v -0.090999 -0.084392 0.057310
v -0.102035 -0.075864 0.039452
v -0.101907 -0.089100 0.057104
v -0.108486 -0.084017 0.046458
v -0.084682 -0.075794 0.050525
v -0.091261 -0.070710 0.039879
v -0.060309 -0.060685 0.069035
v -0.053487 -0.038363 0.057999
v -0.064432 -0.060152 0.058261
v -0.053786 -0.051928 0.075486
v -0.060365 -0.046844 0.051682
v -0.049720 -0.038620 0.068907
v -0.060309 -0.060685 0.106965
v -0.053487 -0.038363 0.118001
v -0.064432 -0.060152 0.117739
v -0.053786 -0.051928 0.100514
v -0.060365 -0.046844 0.124318
v -0.049720 -0.038620 0.107093
v -0.121000 -0.013794 0.167235
v -0.121000 0.013794 0.167235
v -0.110354 -0.008224 0.167015
v -0.131646 -0.008224 0.167015
v -0.110354 0.008224 0.167015
v -0.131646 0.008224 0.167015
v -0.090310 -0.037501 0.155513
v -0.072452 -0.023707 0.148691
v -0.083525 -0.045397 0.148635
v -0.072879 -0.037174 0.144568
v -0.090104 -0.023866 0.159280
v -0.079458 -0.015642 0.155214
v -0.151690 -0.037501 0.155513
v -0.169548 -0.023707 0.148691
v -0.158475 -0.045397 0.148635
v -0.169121 -0.037174 0.144568
v -0.151896 -0.023866 0.159280
v -0.162542 -0.015642 0.155214
v -0.090310 0.037501 0.155513
v -0.072452 0.023707 0.148691
v -0.083525 0.045397 0.148635
v -0.072879 0.037174 0.144568
v -0.090104 0.023866 0.159280
v -0.079458 0.015642 0.155214
v -0.151690 0.037501 0.155513
v -0.169548 0.023707 0.148691
v -0.158475 0.045397 0.148635
v -0.169121 0.037174 0.144568
v -0.151896 0.023866 0.159280
v -0.162542 0.015642 0.155214
v -0.121000 -0.013794 0.008765
v -0.121000 0.013794 0.008765
v -0.110354 -0.008224 0.008985
v -0.131646 -0.008224 0.008985
v -0.110354 0.008224 0.008985
v -0.131646 0.008224 0.008985
v -0.090310 -0.037501 0.020487
v -0.072452 -0.023707 0.027309
v -0.083525 -0.045397 0.027365
v -0.072879 -0.037174 0.031432
v -0.090104 -0.023866 0.016720
v -0.079458 -0.015642 0.020786
v -0.151690 -0.037501 0.020487
v -0.169548 -0.023707 0.027309
v -0.158475 -0.045397 0.027365
v -0.169121 -0.037174 0.031432
v -0.151896 -0.023866 0.016720
v -0.162542 -0.015642 0.020786
v -0.090310 0.037501 0.020487
v -0.072452 0.023707 0.027309
v -0.083525 0.045397 0.027365
v -0.072879 0.037174 0.031432
v -0.090104 0.023866 0.016720
v -0.079458 0.015642 0.020786
v -0.151690 0.037501 0.020487
v -0.169548 0.023707 0.027309
v -0.158475 0.045397 0.027365
v -0.169121 0.037174 0.031432
v -0.151896 0.023866 0.016720
v -0.162542 0.015642 0.020786
v -0.041765 0.000000 0.076965
v -0.041765 0.000000 0.099035
v -0.041985 0.013308 0.081421
v -0.041985 0.013308 0.094579
v -0.041985 -0.013308 0.081421
v -0.041985 -0.013308 0.094579
v -0.200235 0.000000 0.076965
v -0.200235 0.000000 0.099035
v -0.200015 0.013308 0.081421
v -0.200015 0.013308 0.094579
v -0.200015 -0.013308 0.081421
v -0.200015 -0.013308 0.094579
v -0.149656 0.092432 0.098533
v -0.149656 0.092432 0.077467
v -0.138608 0.096640 0.098624
v -0.138608 0.096640 0.077376
v -0.166698 0.079267 0.105042
v -0.145099 0.091625 0.109127
v -0.162288 0.078346 0.115693
v -0.166698 0.079267 0.070958
v -0.145099 0.091625 0.066873
v -0.162288 0.078346 0.060307
v -0.177231 0.071131 0.088000
v -0.172792 0.070233 0.064320
v -0.183415 0.062026 0.081509
v -0.172792 0.070233 0.111680
v -0.183415 0.062026 0.094491
v -0.092344 0.092432 0.098533
v -0.092344 0.092432 0.077467
v -0.103392 0.096640 0.098624
v -0.103392 0.096640 0.077376
v -0.075302 0.079267 0.105042
v -0.096901 0.091625 0.109127
v -0.079712 0.078346 0.115693
v -0.075302 0.079267 0.070958
v -0.096901 0.091625 0.066873
v -0.079712 0.078346 0.060307
v -0.064769 0.071131 0.088000
v -0.069208 0.070233 0.064320
v -0.058585 0.062026 0.081509
v -0.069208 0.070233 0.111680
v -0.058585 0.062026 0.094491
v -0.149656 -0.092432 0.098533
v -0.149656 -0.092432 0.077467
v -0.138608 -0.096640 0.098624
v -0.138608 -0.096640 0.077376
v -0.166698 -0.079267 0.105042
v -0.145099 -0.091625 0.109127
v -0.162288 -0.078346 0.115693
v -0.166698 -0.079267 0.070958
v -0.145099 -0.091625 0.066873
v -0.162288 -0.078346 0.060307
v -0.177231 -0.071131 0.088000
v -0.172792 -0.070233 0.064320
v -0.183415 -0.062026 0.081509
v -0.172792 -0.070233 0.111680
v -0.183415 -0.062026 0.094491
v -0.092344 -0.092432 0.098533
v -0.092344 -0.092432 0.077467
v -0.103392 -0.096640 0.098624
v -0.103392 -0.096640 0.077376
v -0.075302 -0.079267 0.105042
v -0.096901 -0.091625 0.109127
v -0.079712 -0.078346 0.115693
v -0.075302 -0.079267 0.070958
v -0.096901 -0.091625 0.066873
v -0.079712 -0.078346 0.060307
v -0.064769 -0.071131 0.088000
v -0.069208 -0.070233 0.064320
v -0.058585 -0.062026 0.081509
v -0.069208 -0.070233 0.111680
v -0.058585 -0.062026 0.094491
v -0.121000 -0.070288 0.144905
v -0.138042 -0.057122 0.151414
v -0.127491 -0.078019 0.137621
v -0.144680 -0.064739 0.144186
v -0.103958 -0.057122 0.151414
v -0.114509 -0.078019 0.137621
v -0.097320 -0.064739 0.144186
v -0.110467 -0.035820 0.161945
v -0.131533 -0.035820 0.161945
v -0.110376 -0.022010 0.165312
v -0.131624 -0.022010 0.165312
v -0.093307 -0.051610 0.150677
v -0.099873 -0.030123 0.161300
v -0.148693 -0.051610 0.150677
v -0.142127 -0.030123 0.161300
v -0.121000 0.070288 0.144905
v -0.138042 0.057122 0.151414
v -0.127491 0.078019 0.137621
v -0.144680 0.064739 0.144186
v -0.103958 0.057122 0.151414
v -0.114509 0.078019 0.137621
v -0.097320 0.064739 0.144186
v -0.110467 0.035820 0.161945
v -0.131533 0.035820 0.161945
v -0.110376 0.022010 0.165312
v -0.131624 0.022010 0.165312
v -0.093307 0.051610 0.150677
v -0.099873 0.030123 0.161300
v -0.148693 0.051610 0.150677
v -0.142127 0.030123 0.161300
v -0.121000 -0.070288 0.031095
v -0.138042 -0.057122 0.024586
v -0.127491 -0.078019 0.038379
v -0.144680 -0.064739 0.031814
v -0.103958 -0.057122 0.024586
v -0.114509 -0.078019 0.038379
v -0.097320 -0.064739 0.031814
v -0.110467 -0.035820 0.014055
v -0.131533 -0.035820 0.014055
v -0.110376 -0.022010 0.010688
v -0.131624 -0.022010 0.010688
v -0.093307 -0.051610 0.025323
v -0.099873 -0.030123 0.014700
v -0.148693 -0.051610 0.025323
v -0.142127 -0.030123 0.014700
v -0.121000 0.070288 0.031095
v -0.138042 0.057122 0.024586
v -0.127491 0.078019 0.038379
v -0.144680 0.064739 0.031814
v -0.103958 0.057122 0.024586
v -0.114509 0.078019 0.038379
v -0.097320 0.064739 0.031814
v -0.110467 0.035820 0.014055
v -0.131533 0.035820 0.014055
v -0.110376 0.022010 0.010688
v -0.131624 0.022010 0.010688
v -0.093307 0.051610 0.025323
v -0.099873 0.030123 0.014700
v -0.148693 0.051610 0.025323
v -0.142127 0.030123 0.014700
v -0.057586 0.021302 0.042302
v -0.047055 0.013166 0.059344
v -0.058323 0.034616 0.046712
v -0.047700 0.026409 0.063901
v -0.057586 -0.021302 0.042302
v -0.047055 -0.013166 0.059344
v -0.058323 -0.034616 0.046712
v -0.047700 -0.026409 0.063901
v -0.064095 0.000000 0.031769
v -0.064814 -0.029600 0.036208
v -0.071379 -0.008114 0.025585
v -0.064814 0.029600 0.036208
v -0.071379 0.008114 0.025585
v -0.043688 0.013280 0.070392
v -0.043688 -0.013280 0.070392
v -0.057586 0.021302 0.133698
v -0.047055 0.013166 0.116656
v -0.058323 0.034616 0.129288
v -0.047700 0.026409 0.112099
v -0.057586 -0.021302 0.133698
v -0.047055 -0.013166 0.116656
v -0.058323 -0.034616 0.129288
v -0.047700 -0.026409 0.112099
v -0.064095 0.000000 0.144231
v -0.064814 -0.029600 0.139792
v -0.071379 -0.008114 0.150415
v -0.064814 0.029600 0.139792
v -0.071379 0.008114 0.150415
v -0.043688 0.013280 0.105608
v -0.043688 -0.013280 0.105608
v -0.184414 0.021302 0.042302
v -0.194945 0.013166 0.059344
v -0.183677 0.034616 0.046712
v -0.194300 0.026409 0.063901
v -0.184414 -0.021302 0.042302
v -0.194945 -0.013166 0.059344
v -0.183677 -0.034616 0.046712
v -0.194300 -0.026409 0.063901
v -0.177905 0.000000 0.031769
v -0.177186 -0.029600 0.036208
v -0.170621 -0.008114 0.025585
v -0.177186 0.029600 0.036208
v -0.170621 0.008114 0.025585
v -0.198312 0.013280 0.070392
v -0.198312 -0.013280 0.070392
v -0.184414 0.021302 0.133698
v -0.194945 0.013166 0.116656
v -0.183677 0.034616 0.129288
v -0.194300 0.026409 0.112099
v -0.184414 -0.021302 0.133698
v -0.194945 -0.013166 0.116656
v -0.183677 -0.034616 0.129288
v -0.194300 -0.026409 0.112099
v -0.177905 0.000000 0.144231
v -0.177186 -0.029600 0.139792
v -0.170621 -0.008114 0.150415
v -0.177186 0.029600 0.139792
v -0.170621 0.008114 0.150415
v -0.198312 0.013280 0.105608
v -0.198312 -0.013280 0.105608
v -0.121000 0.096386 0.109313
v -0.127585 0.091298 0.119970
v -0.121000 0.096386 0.066687
v -0.127585 0.091298 0.056030
v -0.114415 0.091298 0.119970
v -0.114415 0.091298 0.056030
v -0.162070 0.064658 0.133141
v -0.172726 0.056426 0.129070
v -0.166141 0.051337 0.139726
v -0.162070 0.064658 0.042859
v -0.172726 0.056426 0.046930
v -0.166141 0.051337 0.036274
v -0.194038 0.039962 0.081415
v -0.194038 0.039962 0.094585
v -0.198109 0.026642 0.088000
v -0.079930 0.064658 0.133141
v -0.069274 0.056426 0.129070
v -0.075859 0.051337 0.139726
v -0.079930 0.064658 0.042859
v -0.069274 0.056426 0.046930
v -0.075859 0.051337 0.036274
v -0.047962 0.039962 0.081415
v -0.047962 0.039962 0.094585
v -0.043891 0.026642 0.088000
v -0.121000 -0.096386 0.109313
v -0.127585 -0.091298 0.119970
v -0.121000 -0.096386 0.066687
v -0.127585 -0.091298 0.056030
v -0.114415 -0.091298 0.119970
v -0.114415 -0.091298 0.056030
v -0.162070 -0.064658 0.133141
v -0.172726 -0.056426 0.129070
v -0.166141 -0.051337 0.139726
v -0.162070 -0.064658 0.042859
v -0.172726 -0.056426 0.046930
v -0.166141 -0.051337 0.036274
v -0.194038 -0.039962 0.081415
v -0.194038 -0.039962 0.094585
v -0.198109 -0.026642 0.088000
v -0.079930 -0.064658 0.133141
v -0.069274 -0.056426 0.129070
v -0.075859 -0.051337 0.139726
v -0.079930 -0.064658 0.042859
v -0.069274 -0.056426 0.046930
v -0.075859 -0.051337 0.036274
v -0.047962 -0.039962 0.081415
v -0.047962 -0.039962 0.094585
v -0.043891 -0.026642 0.088000
v -0.099687 0.000000 0.165109
v -0.089030 -0.008232 0.161038
v -0.142313 0.000000 0.165109
v -0.152970 -0.008232 0.161038
v -0.089030 0.008232 0.161038
v -0.152970 0.008232 0.161038
v -0.099687 0.000000 0.010891
v -0.089030 -0.008232 0.014962
v -0.142313 0.000000 0.010891
v -0.152970 -0.008232 0.014962
v -0.089030 0.008232 0.014962
v -0.152970 0.008232 0.014962
v -0.163055 0.085068 -0.088000
v -0.078945 0.085068 -0.088000
v -0.163055 -0.085068 -0.088000
v -0.078945 -0.085068 -0.088000
v -0.121000 -0.052569 -0.019946
v -0.121000 0.052569 -0.019946
v -0.121000 -0.052569 -0.156054
v -0.121000 0.052569 -0.156054
v -0.052946 0.000000 -0.130055
v -0.052946 0.000000 -0.045945
v -0.189054 0.000000 -0.130055
v -0.189054 0.000000 -0.045945
v -0.121000 0.100000 -0.088000
v -0.145719 0.080901 -0.047998
v -0.145719 0.080901 -0.128002
v -0.185721 0.050002 -0.112719
v -0.185721 0.050002 -0.063281
v -0.096281 0.080901 -0.047998
v -0.096281 0.080901 -0.128002
v -0.056279 0.050002 -0.112719
v -0.056279 0.050002 -0.063281
v -0.121000 -0.100000 -0.088000
v -0.145719 -0.080901 -0.047998
v -0.145719 -0.080901 -0.128002
v -0.185721 -0.050002 -0.112719
v -0.185721 -0.050002 -0.063281
v -0.096281 -0.080901 -0.047998
v -0.096281 -0.080901 -0.128002
v -0.056279 -0.050002 -0.112719
v -0.056279 -0.050002 -0.063281
v -0.121000 0.000000 -0.008000
v -0.080998 -0.030899 -0.023279
v -0.161002 -0.030899 -0.023279
v -0.080998 0.030899 -0.023279
v -0.161002 0.030899 -0.023279
v -0.121000 0.000000 -0.168000
v -0.080998 -0.030899 -0.152721
v -0.161002 -0.030899 -0.152721
v -0.080998 0.030899 -0.152721
v -0.161002 0.030899 -0.152721
v -0.041000 0.000000 -0.088000
v -0.201000 0.000000 -0.088000
v -0.142859 0.096195 -0.088000
v -0.155708 0.086268 -0.067208
v -0.155708 0.086268 -0.108792
v -0.176501 0.070207 -0.100849
v -0.176501 0.070207 -0.075151
v -0.099141 0.096195 -0.088000
v -0.086292 0.086268 -0.067208
v -0.086292 0.086268 -0.108792
v -0.065499 0.070207 -0.100849
v -0.065499 0.070207 -0.075151
v -0.142859 -0.096195 -0.088000
v -0.155708 -0.086268 -0.067208
v -0.155708 -0.086268 -0.108792
v -0.176501 -0.070207 -0.100849
v -0.176501 -0.070207 -0.075151
v -0.099141 -0.096195 -0.088000
v -0.086292 -0.086268 -0.067208
v -0.086292 -0.086268 -0.108792
v -0.065499 -0.070207 -0.100849
v -0.065499 -0.070207 -0.075151
v -0.133849 -0.069376 -0.031834
v -0.108151 -0.069376 -0.031834
v -0.121000 -0.027324 -0.011044
v -0.100208 -0.043385 -0.018985
v -0.141792 -0.043385 -0.018985
v -0.133849 0.069376 -0.031834
v -0.108151 0.069376 -0.031834
v -0.121000 0.027324 -0.011044
v -0.100208 0.043385 -0.018985
v -0.141792 0.043385 -0.018985
v -0.133849 -0.069376 -0.144166
v -0.108151 -0.069376 -0.144166
v -0.121000 -0.027324 -0.164956
v -0.100208 -0.043385 -0.157015
v -0.141792 -0.043385 -0.157015
v -0.133849 0.069376 -0.144166
v -0.108151 0.069376 -0.144166
v -0.121000 0.027324 -0.164956
v -0.100208 0.043385 -0.157015
v -0.141792 0.043385 -0.157015
v -0.051985 0.025990 -0.122708
v -0.051985 -0.025990 -0.122708
v -0.064834 -0.016061 -0.143501
v -0.064834 0.016061 -0.143501
v -0.044044 0.000000 -0.109859
v -0.051985 0.025990 -0.053292
v -0.051985 -0.025990 -0.053292
v -0.064834 -0.016061 -0.032499
v -0.064834 0.016061 -0.032499
v -0.044044 0.000000 -0.066141
v -0.190015 0.025990 -0.122708
v -0.190015 -0.025990 -0.122708
v -0.177166 -0.016061 -0.143501
v -0.177166 0.016061 -0.143501
v -0.197956 0.000000 -0.109859
v -0.190015 0.025990 -0.053292
v -0.190015 -0.025990 -0.053292
v -0.177166 -0.016061 -0.032499
v -0.177166 0.016061 -0.032499
v -0.197956 0.000000 -0.066141
v -0.133996 0.095106 -0.066970
v -0.133996 0.095106 -0.109030
v -0.108004 0.095106 -0.066970
v -0.108004 0.095106 -0.109030
v -0.168022 0.068820 -0.053974
v -0.121000 0.085064 -0.045940
v -0.155026 0.058777 -0.032944
v -0.168022 0.068820 -0.122026
v -0.121000 0.085064 -0.130060
v -0.155026 0.058777 -0.143056
v -0.189051 0.052575 -0.088000
v -0.176056 0.042532 -0.135022
v -0.197084 0.026288 -0.100996
v -0.176056 0.042532 -0.040978
v -0.197084 0.026288 -0.075004
v -0.073978 0.068820 -0.053974
v -0.086974 0.058777 -0.032944
v -0.073978 0.068820 -0.122026
v -0.086974 0.058777 -0.143056
v -0.052949 0.052575 -0.088000
v -0.065944 0.042532 -0.135022
v -0.044916 0.026288 -0.100996
v -0.065944 0.042532 -0.040978
v -0.044916 0.026288 -0.075004
v -0.133996 -0.095106 -0.066970
v -0.133996 -0.095106 -0.109030
v -0.108004 -0.095106 -0.066970
v -0.108004 -0.095106 -0.109030
v -0.168022 -0.068820 -0.053974
v -0.121000 -0.085064 -0.045940
v -0.155026 -0.058777 -0.032944
v -0.168022 -0.068820 -0.122026
v -0.121000 -0.085064 -0.130060
v -0.155026 -0.058777 -0.143056
v -0.189051 -0.052575 -0.088000
v -0.176056 -0.042532 -0.135022
v -0.197084 -0.026288 -0.100996
v -0.176056 -0.042532 -0.040978
v -0.197084 -0.026288 -0.075004
v -0.073978 -0.068820 -0.053974
v -0.086974 -0.058777 -0.032944
v -0.073978 -0.068820 -0.122026
v -0.086974 -0.058777 -0.143056
v -0.052949 -0.052575 -0.088000
v -0.065944 -0.042532 -0.135022
v -0.044916 -0.026288 -0.100996
v -0.065944 -0.042532 -0.040978
v -0.044916 -0.026288 -0.075004
v -0.099970 -0.016245 -0.011916
v -0.142030 -0.016245 -0.011916
v -0.099970 0.016245 -0.011916
v -0.142030 0.016245 -0.011916
v -0.078940 0.000000 -0.019949
v -0.163060 0.000000 -0.019949
v -0.099970 -0.016245 -0.164084
v -0.142030 -0.016245 -0.164084
v -0.099970 0.016245 -0.164084
v -0.142030 0.016245 -0.164084
v -0.078940 0.000000 -0.156051
v -0.163060 0.000000 -0.156051
v -0.153266 0.091506 -0.088000
v -0.159752 0.086495 -0.077504
v -0.159752 0.086495 -0.098496
v -0.170249 0.078387 -0.094486
v -0.170249 0.078387 -0.081514
v -0.088734 0.091506 -0.088000
v -0.082248 0.086495 -0.077504
v -0.082248 0.086495 -0.098496
v -0.071751 0.078387 -0.094486
v -0.071751 0.078387 -0.081514
v -0.153266 -0.091506 -0.088000
v -0.159752 -0.086495 -0.077504
v -0.159752 -0.086495 -0.098496
v -0.170249 -0.078387 -0.094486
v -0.170249 -0.078387 -0.081514
v -0.088734 -0.091506 -0.088000
v -0.082248 -0.086495 -0.077504
v -0.082248 -0.086495 -0.098496
v -0.071751 -0.078387 -0.094486
v -0.071751 -0.078387 -0.081514
v -0.127486 -0.061561 -0.025290
v -0.114514 -0.061561 -0.025290
v -0.121000 -0.040332 -0.014795
v -0.110504 -0.048440 -0.018804
v -0.131496 -0.048440 -0.018804
v -0.127486 0.061561 -0.025290
v -0.114514 0.061561 -0.025290
v -0.121000 0.040332 -0.014795
v -0.110504 0.048440 -0.018804
v -0.131496 0.048440 -0.018804
v -0.127486 -0.061561 -0.150710
v -0.114514 -0.061561 -0.150710
v -0.121000 -0.040332 -0.161205
v -0.110504 -0.048440 -0.157196
v -0.131496 -0.048440 -0.157196
v -0.127486 0.061561 -0.150710
v -0.114514 0.061561 -0.150710
v -0.121000 0.040332 -0.161205
v -0.110504 0.048440 -0.157196
v -0.131496 0.048440 -0.157196
v -0.051804 0.013121 -0.126752
v -0.051804 -0.013121 -0.126752
v -0.058290 -0.008108 -0.137249
v -0.058290 0.008108 -0.137249
v -0.047795 0.000000 -0.120266
v -0.051804 0.013121 -0.049248
v -0.051804 -0.013121 -0.049248
v -0.058290 -0.008108 -0.038751
v -0.058290 0.008108 -0.038751
v -0.047795 0.000000 -0.055734
v -0.190196 0.013121 -0.126752
v -0.190196 -0.013121 -0.126752
v -0.183710 -0.008108 -0.137249
v -0.183710 0.008108 -0.137249
v -0.194205 0.000000 -0.120266
v -0.190196 0.013121 -0.049248
v -0.190196 -0.013121 -0.049248
v -0.183710 -0.008108 -0.038751
v -0.183710 0.008108 -0.038751
v -0.194205 0.000000 -0.055734
v -0.132035 0.099044 -0.088000
v -0.109965 0.099044 -0.088000
v -0.127579 0.098769 -0.077354
v -0.127579 0.098769 -0.098646
v -0.114421 0.098769 -0.077354
v -0.114421 0.098769 -0.098646
v -0.151001 0.084392 -0.057310
v -0.139965 0.075864 -0.039452
v -0.140093 0.089100 -0.057104
v -0.157318 0.075794 -0.050525
v -0.133514 0.084017 -0.046458
v -0.150739 0.070710 -0.039879
v -0.151001 0.084392 -0.118690
v -0.139965 0.075864 -0.136548
v -0.140093 0.089100 -0.118896
v -0.157318 0.075794 -0.125475
v -0.133514 0.084017 -0.129542
v -0.150739 0.070710 -0.136121
v -0.181691 0.060685 -0.106965
v -0.188513 0.038363 -0.118001
v -0.177568 0.060152 -0.117739
v -0.188214 0.051928 -0.100514
v -0.181635 0.046844 -0.124318
v -0.192280 0.038620 -0.107093
v -0.181691 0.060685 -0.069035
v -0.188513 0.038363 -0.057999
v -0.177568 0.060152 -0.058261
v -0.188214 0.051928 -0.075486
v -0.181635 0.046844 -0.051682
v -0.192280 0.038620 -0.068907
v -0.090999 0.084392 -0.057310
v -0.102035 0.075864 -0.039452
v -0.101907 0.089100 -0.057104
v -0.108486 0.084017 -0.046458
v -0.084682 0.075794 -0.050525
v -0.091261 0.070710 -0.039879
v -0.090999 0.084392 -0.118690
v -0.102035 0.075864 -0.136548
v -0.101907 0.089100 -0.118896
v -0.108486 0.084017 -0.129542
v -0.084682 0.075794 -0.125475
v -0.091261 0.070710 -0.136121
v -0.060309 0.060685 -0.106965
v -0.053487 0.038363 -0.118001
v -0.064432 0.060152 -0.117739
v -0.053786 0.051928 -0.100514
v -0.060365 0.046844 -0.124318
v -0.049720 0.038620 -0.107093
v -0.060309 0.060685 -0.069035
v -0.053487 0.038363 -0.057999
v -0.064432 0.060152 -0.058261
v -0.053786 0.051928 -0.075486
v -0.060365 0.046844 -0.051682
v -0.049720 0.038620 -0.068907
v -0.132035 -0.099044 -0.088000
v -0.109965 -0.099044 -0.088000
v -0.127579 -0.098769 -0.077354
v -0.127579 -0.098769 -0.098646
v -0.114421 -0.098769 -0.077354
v -0.114421 -0.098769 -0.098646
v -0.151001 -0.084392 -0.057310
v -0.139965 -0.075864 -0.039452
v -0.140093 -0.089100 -0.057104
v -0.157318 -0.075794 -0.050525
v -0.133514 -0.084017 -0.046458
v -0.150739 -0.070710 -0.039879
v -0.151001 -0.084392 -0.118690
v -0.139965 -0.075864 -0.136548
v -0.140093 -0.089100 -0.118896
v -0.157318 -0.075794 -0.125475
v -0.133514 -0.084017 -0.129542
v -0.150739 -0.070710 -0.136121
v -0.181691 -0.060685 -0.106965
v -0.188513 -0.038363 -0.118001
v -0.177568 -0.060152 -0.117739
v -0.188214 -0.051928 -0.100514
v -0.181635 -0.046844 -0.124318
v -0.192280 -0.038620 -0.107093
v -0.181691 -0.060685 -0.069035
v -0.188513 -0.038363 -0.057999
v -0.177568 -0.060152 -0.058261
v -0.188214 -0.051928 -0.075486
v -0.181635 -0.046844 -0.051682
v -0.192280 -0.038620 -0.068907
v -0.090999 -0.084392 -0.057310
v -0.102035 -0.075864 -0.039452
v -0.101907 -0.089100 -0.057104
v -0.108486 -0.084017 -0.046458
v -0.084682 -0.075794 -0.050525
v -0.091261 -0.070710 -0.039879
v -0.090999 -0.084392 -0.118690
v -0.102035 -0.075864 -0.136548
v -0.101907 -0.089100 -0.118896
v -0.108486 -0.084017 -0.129542
v -0.084682 -0.075794 -0.125475
v -0.091261 -0.070710 -0.136121
v -0.060309 -0.060685 -0.106965
v -0.053487 -0.038363 -0.118001
v -0.064432 -0.060152 -0.117739
v -0.053786 -0.051928 -0.100514
v -0.060365 -0.046844 -0.124318
v -0.049720 -0.038620 -0.107093
v -0.060309 -0.060685 -0.069035
v -0.053487 -0.038363 -0.057999
v -0.064432 -0.060152 -0.058261
v -0.053786 -0.051928 -0.075486
v -0.060365 -0.046844 -0.051682
v -0.049720 -0.038620 -0.068907
v -0.121000 -0.013794 -0.008765
v -0.121000 0.013794 -0.008765
v -0.110354 -0.008224 -0.008985
v -0.131646 -0.008224 -0.008985
v -0.110354 0.008224 -0.008985
v -0.131646 0.008224 -0.008985
v -0.090310 -0.037501 -0.020487
v -0.072452 -0.023707 -0.027309
v -0.083525 -0.045397 -0.027365
v -0.072879 -0.037174 -0.031432
v -0.090104 -0.023866 -0.016720
v -0.079458 -0.015642 -0.020786
v -0.151690 -0.037501 -0.020487
v -0.169548 -0.023707 -0.027309
v -0.158475 -0.045397 -0.027365
v -0.169121 -0.037174 -0.031432
v -0.151896 -0.023866 -0.016720
v -0.162542 -0.015642 -0.020786
v -0.090310 0.037501 -0.020487
v -0.072452 0.023707 -0.027309
v -0.083525 0.045397 -0.027365
v -0.072879 0.037174 -0.031432
v -0.090104 0.023866 -0.016720
v -0.079458 0.015642 -0.020786
v -0.151690 0.037501 -0.020487
v -0.169548 0.023707 -0.027309
v -0.158475 0.045397 -0.027365
v -0.169121 0.037174 -0.031432
v -0.151896 0.023866 -0.016720
v -0.162542 0.015642 -0.020786
v -0.121000 -0.013794 -0.167235
v -0.121000 0.013794 -0.167235
v -0.110354 -0.008224 -0.167015
v -0.131646 -0.008224 -0.167015
v -0.110354 0.008224 -0.167015
v -0.131646 0.008224 -0.167015
v -0.090310 -0.037501 -0.155513
v -0.072452 -0.023707 -0.148691
v -0.083525 -0.045397 -0.148635
v -0.072879 -0.037174 -0.144568
v -0.090104 -0.023866 -0.159280
v -0.079458 -0.015642 -0.155214
v -0.151690 -0.037501 -0.155513
v -0.169548 -0.023707 -0.148691
v -0.158475 -0.045397 -0.148635
v -0.169121 -0.037174 -0.144568
v -0.151896 -0.023866 -0.159280
v -0.162542 -0.015642 -0.155214
v -0.090310 0.037501 -0.155513
v -0.072452 0.023707 -0.148691
v -0.083525 0.045397 -0.148635
v -0.072879 0.037174 -0.144568
v -0.090104 0.023866 -0.159280
v -0.079458 0.015642 -0.155214
v -0.151690 0.037501 -0.155513
v -0.169548 0.023707 -0.148691
v -0.158475 0.045397 -0.148635
v -0.169121 0.037174 -0.144568
v -0.151896 0.023866 -0.159280
v -0.162542 0.015642 -0.155214
v -0.041765 0.000000 -0.099035
v -0.041765 0.000000 -0.076965
v -0.041985 0.013308 -0.094579
v -0.041985 0.013308 -0.081421
v -0.041985 -0.013308 -0.094579
v -0.041985 -0.013308 -0.081421
v -0.200235 0.000000 -0.099035
v -0.200235 0.000000 -0.076965
v -0.200015 0.013308 -0.094579
v -0.200015 0.013308 -0.081421
v -0.200015 -0.013308 -0.094579
v -0.200015 -0.013308 -0.081421
v -0.149656 0.092432 -0.077467
v -0.149656 0.092432 -0.098533
v -0.138608 0.096640 -0.077376
v -0.138608 0.096640 -0.098624
v -0.166698 0.079267 -0.070958
v -0.145099 0.091625 -0.066873
v -0.162288 0.078346 -0.060307
v -0.166698 0.079267 -0.105042
v -0.145099 0.091625 -0.109127
v -0.162288 0.078346 -0.115693
v -0.177231 0.071131 -0.088000
v -0.172792 0.070233 -0.111680
v -0.183415 0.062026 -0.094491
v -0.172792 0.070233 -0.064320
v -0.183415 0.062026 -0.081509
v -0.092344 0.092432 -0.077467
v -0.092344 0.092432 -0.098533
v -0.103392 0.096640 -0.077376
v -0.103392 0.096640 -0.098624
v -0.075302 0.079267 -0.070958
v -0.096901 0.091625 -0.066873
v -0.079712 0.078346 -0.060307
v -0.075302 0.079267 -0.105042
v -0.096901 0.091625 -0.109127
v -0.079712 0.078346 -0.115693
v -0.064769 0.071131 -0.088000
v -0.069208 0.070233 -0.111680
v -0.058585 0.062026 -0.094491
v -0.069208 0.070233 -0.064320
v -0.058585 0.062026 -0.081509
v -0.149656 -0.092432 -0.077467
v -0.149656 -0.092432 -0.098533
v -0.138608 -0.096640 -0.077376
v -0.138608 -0.096640 -0.098624
v -0.166698 -0.079267 -0.070958
v -0.145099 -0.091625 -0.066873
v -0.162288 -0.078346 -0.060307
v -0.166698 -0.079267 -0.105042
v -0.145099 -0.091625 -0.109127
v -0.162288 -0.078346 -0.115693
v -0.177231 -0.071131 -0.088000
v -0.172792 -0.070233 -0.111680
v -0.183415 -0.062026 -0.094491
v -0.172792 -0.070233 -0.064320
v -0.183415 -0.062026 -0.081509
v -0.092344 -0.092432 -0.077467
v -0.092344 -0.092432 -0.098533
v -0.103392 -0.096640 -0.077376
v -0.103392 -0.096640 -0.098624
v -0.075302 -0.079267 -0.070958
v -0.096901 -0.091625 -0.066873
v -0.079712 -0.078346 -0.060307
v -0.075302 -0.079267 -0.105042
v -0.096901 -0.091625 -0.109127
v -0.079712 -0.078346 -0.115693
v -0.064769 -0.071131 -0.088000
v -0.069208 -0.070233 -0.111680
v -0.058585 -0.062026 -0.094491
v -0.069208 -0.070233 -0.064320
v -0.058585 -0.062026 -0.081509
v -0.121000 -0.070288 -0.031095
v -0.138042 -0.057122 -0.024586
v -0.127491 -0.078019 -0.038379
v -0.144680 -0.064739 -0.031814
v -0.103958 -0.057122 -0.024586
v -0.114509 -0.078019 -0.038379
v -0.097320 -0.064739 -0.031814
v -0.110467 -0.035820 -0.014055
v -0.131533 -0.035820 -0.014055
v -0.110376 -0.022010 -0.010688
v -0.131624 -0.022010 -0.010688
v -0.093307 -0.051610 -0.025323
v -0.099873 -0.030123 -0.014700
v -0.148693 -0.051610 -0.025323
v -0.142127 -0.030123 -0.014700
v -0.121000 0.070288 -0.031095
v -0.138042 0.057122 -0.024586
v -0.127491 0.078019 -0.038379
v -0.144680 0.064739 -0.031814
v -0.103958 0.057122 -0.024586
v -0.114509 0.078019 -0.038379
v -0.097320 0.064739 -0.031814
v -0.110467 0.035820 -0.014055
v -0.131533 0.035820 -0.014055
v -0.110376 0.022010 -0.010688
v -0.131624 0.022010 -0.010688
v -0.093307 0.051610 -0.025323
v -0.099873 0.030123 -0.014700
v -0.148693 0.051610 -0.025323
v -0.142127 0.030123 -0.014700
v -0.121000 -0.070288 -0.144905
v -0.138042 -0.057122 -0.151414
v -0.127491 -0.078019 -0.137621
v -0.144680 -0.064739 -0.144186
v -0.103958 -0.057122 -0.151414
v -0.114509 -0.078019 -0.137621
v -0.097320 -0.064739 -0.144186
v -0.110467 -0.035820 -0.161945
v -0.131533 -0.035820 -0.161945
v -0.110376 -0.022010 -0.165312
v -0.131624 -0.022010 -0.165312
v -0.093307 -0.051610 -0.150677
v -0.099873 -0.030123 -0.161300
v -0.148693 -0.051610 -0.150677
v -0.142127 -0.030123 -0.161300
v -0.121000 0.070288 -0.144905
v -0.138042 0.057122 -0.151414
v -0.127491 0.078019 -0.137621
v -0.144680 0.064739 -0.144186
v -0.103958 0.057122 -0.151414
v -0.114509 0.078019 -0.137621
v -0.097320 0.064739 -0.144186
v -0.110467 0.035820 -0.161945
v -0.131533 0.035820 -0.161945
v -0.110376 0.022010 -0.165312
v -0.131624 0.022010 -0.165312
v -0.093307 0.051610 -0.150677
v -0.099873 0.030123 -0.161300
v -0.148693 0.051610 -0.150677
v -0.142127 0.030123 -0.161300
v -0.057586 0.021302 -0.133698
v -0.047055 0.013166 -0.116656
v -0.058323 0.034616 -0.129288
v -0.047700 0.026409 -0.112099
v -0.057586 -0.021302 -0.133698
v -0.047055 -0.013166 -0.116656
v -0.058323 -0.034616 -0.129288
v -0.047700 -0.026409 -0.112099
v -0.064095 0.000000 -0.144231
v -0.064814 -0.029600 -0.139792
v -0.071379 -0.008114 -0.150415
v -0.064814 0.029600 -0.139792
v -0.071379 0.008114 -0.150415
v -0.043688 0.013280 -0.105608
v -0.043688 -0.013280 -0.105608
v -0.057586 0.021302 -0.042302
v -0.047055 0.013166 -0.059344
v -0.058323 0.034616 -0.046712
v -0.047700 0.026409 -0.063901
v -0.057586 -0.021302 -0.042302
v -0.047055 -0.013166 -0.059344
v -0.058323 -0.034616 -0.046712
v -0.047700 -0.026409 -0.063901
v -0.064095 0.000000 -0.031769
v -0.064814 -0.029600 -0.036208
v -0.071379 -0.008114 -0.025585
v -0.064814 0.029600 -0.036208
v -0.071379 0.008114 -0.025585
v -0.043688 0.013280 -0.070392
v -0.043688 -0.013280 -0.070392
v -0.184414 0.021302 -0.133698
v -0.194945 0.013166 -0.116656
v -0.183677 0.034616 -0.129288
v -0.194300 0.026409 -0.112099
v -0.184414 -0.021302 -0.133698
v -0.194945 -0.013166 -0.116656
v -0.183677 -0.034616 -0.129288
v -0.194300 -0.026409 -0.112099
v -0.177905 0.000000 -0.144231
v -0.177186 -0.029600 -0.139792
v -0.170621 -0.008114 -0.150415
v -0.177186 0.029600 -0.139792
v -0.170621 0.008114 -0.150415
v -0.198312 0.013280 -0.105608
v -0.198312 -0.013280 -0.105608
v -0.184414 0.021302 -0.042302
v -0.194945 0.013166 -0.059344
v -0.183677 0.034616 -0.046712
v -0.194300 0.026409 -0.063901
v -0.184414 -0.021302 -0.042302
v -0.194945 -0.013166 -0.059344
v -0.183677 -0.034616 -0.046712
v -0.194300 -0.026409 -0.063901
v -0.177905 0.000000 -0.031769
v -0.177186 -0.029600 -0.036208
v -0.170621 -0.008114 -0.025585
v -0.177186 0.029600 -0.036208
v -0.170621 0.008114 -0.025585
v -0.198312 0.013280 -0.070392
v -0.198312 -0.013280 -0.070392
v -0.121000 0.096386 -0.066687
v -0.127585 0.091298 -0.056030
v -0.121000 0.096386 -0.109313
v -0.127585 0.091298 -0.119970
v -0.114415 0.091298 -0.056030
v -0.114415 0.091298 -0.119970
v -0.162070 0.064658 -0.042859
v -0.172726 0.056426 -0.046930
v -0.166141 0.051337 -0.036274
v -0.162070 0.064658 -0.133141
v -0.172726 0.056426 -0.129070
v -0.166141 0.051337 -0.139726
v -0.194038 0.039962 -0.094585
v -0.194038 0.039962 -0.081415
v -0.198109 0.026642 -0.088000
v -0.079930 0.064658 -0.042859
v -0.069274 0.056426 -0.046930
v -0.075859 0.051337 -0.036274
v -0.079930 0.064658 -0.133141
v -0.069274 0.056426 -0.129070
v -0.075859 0.051337 -0.139726
v -0.047962 0.039962 -0.094585
v -0.047962 0.039962 -0.081415
v -0.043891 0.026642 -0.088000
v -0.121000 -0.096386 -0.066687
v -0.127585 -0.091298 -0.056030
v -0.121000 -0.096386 -0.109313
v -0.127585 -0.091298 -0.119970
v -0.114415 -0.091298 -0.056030
v -0.114415 -0.091298 -0.119970
v -0.162070 -0.064658 -0.042859
v -0.172726 -0.056426 -0.046930
v -0.166141 -0.051337 -0.036274
v -0.162070 -0.064658 -0.133141
v -0.172726 -0.056426 -0.129070
v -0.166141 -0.051337 -0.139726
v -0.194038 -0.039962 -0.094585
v -0.194038 -0.039962 -0.081415
v -0.198109 -0.026642 -0.088000
v -0.079930 -0.064658 -0.042859
v -0.069274 -0.056426 -0.046930
v -0.075859 -0.051337 -0.036274
v -0.079930 -0.064658 -0.133141
v -0.069274 -0.056426 -0.129070
v -0.075859 -0.051337 -0.139726
v -0.047962 -0.039962 -0.094585
v -0.047962 -0.039962 -0.081415
v -0.043891 -0.026642 -0.088000
v -0.099687 0.000000 -0.010891
v -0.089030 -0.008232 -0.014962
v -0.142313 0.000000 -0.010891
v -0.152970 -0.008232 -0.014962
v -0.089030 0.008232 -0.014962
v -0.152970 0.008232 -0.014962
v -0.099687 0.000000 -0.165109
v -0.089030 -0.008232 -0.161038
v -0.142313 0.000000 -0.165109
v -0.152970 -0.008232 -0.161038
v -0.089030 0.008232 -0.161038
v -0.152970 0.008232 -0.161038
v 0.003945 0.085068 -0.143000
v 0.088055 0.085068 -0.143000
v 0.003945 -0.085068 -0.143000
v 0.088055 -0.085068 -0.143000
v 0.046000 -0.052569 -0.074946
v 0.046000 0.052569 -0.074946
v 0.046000 -0.052569 -0.211054
v 0.046000 0.052569 -0.211054
v 0.114054 0.000000 -0.185055
v 0.114054 0.000000 -0.100945
v -0.022054 0.000000 -0.185055
v -0.022054 0.000000 -0.100945
v 0.046000 0.100000 -0.143000
v 0.021281 0.080901 -0.102998
v 0.021281 0.080901 -0.183002
v -0.018721 0.050002 -0.167719
v -0.018721 0.050002 -0.118281
v 0.070719 0.080901 -0.102998
v 0.070719 0.080901 -0.183002
v 0.110721 0.050002 -0.167719
v 0.110721 0.050002 -0.118281
v 0.046000 -0.100000 -0.143000
v 0.021281 -0.080901 -0.102998
v 0.021281 -0.080901 -0.183002
v -0.018721 -0.050002 -0.167719
v -0.018721 -0.050002 -0.118281
v 0.070719 -0.080901 -0.102998
v 0.070719 -0.080901 -0.183002
v 0.110721 -0.050002 -0.167719
v 0.110721 -0.050002 -0.118281
v 0.046000 0.000000 -0.063000
v 0.086002 -0.030899 -0.078279
v 0.005998 -0.030899 -0.078279
v 0.086002 0.030899 -0.078279
v 0.005998 0.030899 -0.078279
v 0.046000 0.000000 -0.223000
v 0.086002 -0.030899 -0.207721
v 0.005998 -0.030899 -0.207721
v 0.086002 0.030899 -0.207721
v 0.005998 0.030899 -0.207721
v 0.126000 0.000000 -0.143000
v -0.034000 0.000000 -0.143000
v 0.024141 0.096195 -0.143000
v 0.011292 0.086268 -0.122208
v 0.011292 0.086268 -0.163792
v -0.009501 0.070207 -0.155849
v -0.009501 0.070207 -0.130151
v 0.067859 0.096195 -0.143000
v 0.080708 0.086268 -0.122208
v 0.080708 0.086268 -0.163792
v 0.101501 0.070207 -0.155849
v 0.101501 0.070207 -0.130151
v 0.024141 -0.096195 -0.143000
v 0.011292 -0.086268 -0.122208
v 0.011292 -0.086268 -0.163792
v -0.009501 -0.070207 -0.155849
v -0.009501 -0.070207 -0.130151
v 0.067859 -0.096195 -0.143000
v 0.080708 -0.086268 -0.122208
v 0.080708 -0.086268 -0.163792
v 0.101501 -0.070207 -0.155849
v 0.101501 -0.070207 -0.130151
v 0.033151 -0.069376 -0.086834
v 0.058849 -0.069376 -0.086834
v 0.046000 -0.027324 -0.066044
v 0.066792 -0.043385 -0.073985
v 0.025208 -0.043385 -0.073985
v 0.033151 0.069376 -0.086834
v 0.058849 0.069376 -0.086834
v 0.046000 0.027324 -0.066044
v 0.066792 0.043385 -0.073985
v 0.025208 0.043385 -0.073985
v 0.033151 -0.069376 -0.199166
v 0.058849 -0.069376 -0.199166
v 0.046000 -0.027324 -0.219956
v 0.066792 -0.043385 -0.212015
v 0.025208 -0.043385 -0.212015
v 0.033151 0.069376 -0.199166
v 0.058849 0.069376 -0.199166
v 0.046000 0.027324 -0.219956
v 0.066792 0.043385 -0.212015
v 0.025208 0.043385 -0.212015
v 0.115015 0.025990 -0.177708
v 0.115015 -0.025990 -0.177708
v 0.102166 -0.016061 -0.198501
v 0.102166 0.016061 -0.198501
v 0.122956 0.000000 -0.164859
v 0.115015 0.025990 -0.108292
v 0.115015 -0.025990 -0.108292
v 0.102166 -0.016061 -0.087499
v 0.102166 0.016061 -0.087499
v 0.122956 0.000000 -0.121141
v -0.023015 0.025990 -0.177708
v -0.023015 -0.025990 -0.177708
v -0.010166 -0.016061 -0.198501
v -0.010166 0.016061 -0.198501
v -0.030956 0.000000 -0.164859
v -0.023015 0.025990 -0.108292
v -0.023015 -0.025990 -0.108292
v -0.010166 -0.016061 -0.087499
v -0.010166 0.016061 -0.087499
v -0.030956 0.000000 -0.121141
v 0.033004 0.095106 -0.121970
v 0.033004 0.095106 -0.164030
v 0.058996 0.095106 -0.121970
v 0.058996 0.095106 -0.164030
v -0.001022 0.068820 -0.108974
v 0.046000 0.085064 -0.100940
v 0.011974 0.058777 -0.087944
v -0.001022 0.068820 -0.177026
v 0.046000 0.085064 -0.185060
v 0.011974 0.058777 -0.198056
v -0.022051 0.052575 -0.143000
v -0.009056 0.042532 -0.190022
v -0.030084 0.026288 -0.155996
v -0.009056 0.042532 -0.095978
v -0.030084 0.026288 -0.130004
v 0.093022 0.068820 -0.108974
v 0.080026 0.058777 -0.087944
v 0.093022 0.068820 -0.177026
v 0.080026 0.058777 -0.198056
v 0.114051 0.052575 -0.143000
v 0.101056 0.042532 -0.190022
v 0.122084 0.026288 -0.155996
v 0.101056 0.042532 -0.095978
v 0.122084 0.026288 -0.130004
v 0.033004 -0.095106 -0.121970
v 0.033004 -0.095106 -0.164030
v 0.058996 -0.095106 -0.121970
v 0.058996 -0.095106 -0.164030
v -0.001022 -0.068820 -0.108974
v 0.046000 -0.085064 -0.100940
v 0.011974 -0.058777 -0.087944
v -0.001022 -0.068820 -0.177026
v 0.046000 -0.085064 -0.185060
v 0.011974 -0.058777 -0.198056
v -0.022051 -0.052575 -0.143000
v -0.009056 -0.042532 -0.190022
v -0.030084 -0.026288 -0.155996
v -0.009056 -0.042532 -0.095978
v -0.030084 -0.026288 -0.130004
v 0.093022 -0.068820 -0.108974
v 0.080026 -0.058777 -0.087944
v 0.093022 -0.068820 -0.177026
v 0.080026 -0.058777 -0.198056
v 0.114051 -0.052575 -0.143000
v 0.101056 -0.042532 -0.190022
v 0.122084 -0.026288 -0.155996
v 0.101056 -0.042532 -0.095978
v 0.122084 -0.026288 -0.130004
v 0.067030 -0.016245 -0.066916
v 0.024970 -0.016245 -0.066916
v 0.067030 0.016245 -0.066916
v 0.024970 0.016245 -0.066916
v 0.088060 0.000000 -0.074949
v 0.003940 0.000000 -0.074949
v 0.067030 -0.016245 -0.219084
v 0.024970 -0.016245 -0.219084
v 0.067030 0.016245 -0.219084
v 0.024970 0.016245 -0.219084
v 0.088060 0.000000 -0.211051
v 0.003940 0.000000 -0.211051
v 0.013734 0.091506 -0.143000
v 0.007248 0.086495 -0.132504
v 0.007248 0.086495 -0.153496
v -0.003249 0.078387 -0.149486
v -0.003249 0.078387 -0.136514
v 0.078266 0.091506 -0.143000
v 0.084752 0.086495 -0.132504
v 0.084752 0.086495 -0.153496
v 0.095249 0.078387 -0.149486
v 0.095249 0.078387 -0.136514
v 0.013734 -0.091506 -0.143000
v 0.007248 -0.086495 -0.132504
v 0.007248 -0.086495 -0.153496
v -0.003249 -0.078387 -0.149486
v -0.003249 -0.078387 -0.136514
v 0.078266 -0.091506 -0.143000
v 0.084752 -0.086495 -0.132504
v 0.084752 -0.086495 -0.153496
v 0.095249 -0.078387 -0.149486
v 0.095249 -0.078387 -0.136514
v 0.039514 -0.061561 -0.080290
v 0.052486 -0.061561 -0.080290
v 0.046000 -0.040332 -0.069795
v 0.056496 -0.048440 -0.073804
v 0.035504 -0.048440 -0.073804
v 0.039514 0.061561 -0.080290
v 0.052486 0.061561 -0.080290
v 0.046000 0.040332 -0.069795
v 0.056496 0.048440 -0.073804
v 0.035504 0.048440 -0.073804
v 0.039514 -0.061561 -0.205710
v 0.052486 -0.061561 -0.205710
v 0.046000 -0.040332 -0.216205
v 0.056496 -0.048440 -0.212196
v 0.035504 -0.048440 -0.212196
v 0.039514 0.061561 -0.205710
v 0.052486 0.061561 -0.205710
v 0.046000 0.040332 -0.216205
v 0.056496 0.048440 -0.212196
v 0.035504 0.048440 -0.212196
v 0.115196 0.013121 -0.181752
v 0.115196 -0.013121 -0.181752
v 0.108710 -0.008108 -0.192249
v 0.108710 0.008108 -0.192249
v 0.119205 0.000000 -0.175266
v 0.115196 0.013121 -0.104248
v 0.115196 -0.013121 -0.104248
v 0.108710 -0.008108 -0.093751
v 0.108710 0.008108 -0.093751
v 0.119205 0.000000 -0.110734
v -0.023196 0.013121 -0.181752
v -0.023196 -0.013121 -0.181752
v -0.016710 -0.008108 -0.192249
v -0.016710 0.008108 -0.192249
v -0.027205 0.000000 -0.175266
v -0.023196 0.013121 -0.104248
v -0.023196 -0.013121 -0.104248
v -0.016710 -0.008108 -0.093751
v -0.016710 0.008108 -0.093751
v -0.027205 0.000000 -0.110734
v 0.034965 0.099044 -0.143000
v 0.057035 0.099044 -0.143000
v 0.039421 0.098769 -0.132354
v 0.039421 0.098769 -0.153646
v 0.052579 0.098769 -0.132354
v 0.052579 0.098769 -0.153646
v 0.015999 0.084392 -0.112310
v 0.027035 0.075864 -0.094452
v 0.026907 0.089100 -0.112104
v 0.009682 0.075794 -0.105525
v 0.033486 0.084017 -0.101458
v 0.016261 0.070710 -0.094879
v 0.015999 0.084392 -0.173690
v 0.027035 0.075864 -0.191548
v 0.026907 0.089100 -0.173896
v 0.009682 0.075794 -0.180475
v 0.033486 0.084017 -0.184542
v 0.016261 0.070710 -0.191121
v -0.014691 0.060685 -0.161965
v -0.021513 0.038363 -0.173001
v -0.010568 0.060152 -0.172739
v -0.021214 0.051928 -0.155514
v -0.014635 0.046844 -0.179318
v -0.025280 0.038620 -0.162093
v -0.014691 0.060685 -0.124035
v -0.021513 0.038363 -0.112999
v -0.010568 0.060152 -0.113261
v -0.021214 0.051928 -0.130486
v -0.014635 0.046844 -0.106682
v -0.025280 0.038620 -0.123907
v 0.076001 0.084392 -0.112310
v 0.064965 0.075864 -0.094452
v 0.065093 0.089100 -0.112104
v 0.058514 0.084017 -0.101458
v 0.082318 0.075794 -0.105525
v 0.075739 0.070710 -0.094879
v 0.076001 0.084392 -0.173690
v 0.064965 0.075864 -0.191548
v 0.065093 0.089100 -0.173896
v 0.058514 0.084017 -0.184542
v 0.082318 0.075794 -0.180475
v 0.075739 0.070710 -0.191121
v 0.106691 0.060685 -0.161965
v 0.113513 0.038363 -0.173001
v 0.102568 0.060152 -0.172739
v 0.113214 0.051928 -0.155514
v 0.106635 0.046844 -0.179318
v 0.117280 0.038620 -0.162093
v 0.106691 0.060685 -0.124035
v 0.113513 0.038363 -0.112999
v 0.102568 0.060152 -0.113261
v 0.113214 0.051928 -0.130486
v 0.106635 0.046844 -0.106682
v 0.117280 0.038620 -0.123907
v 0.034965 -0.099044 -0.143000
v 0.057035 -0.099044 -0.143000
v 0.039421 -0.098769 -0.132354
v 0.039421 -0.098769 -0.153646
v 0.052579 -0.098769 -0.132354
v 0.052579 -0.098769 -0.153646
v 0.015999 -0.084392 -0.112310
v 0.027035 -0.075864 -0.094452
v 0.026907 -0.089100 -0.112104
v 0.009682 -0.075794 -0.105525
v 0.033486 -0.084017 -0.101458
v 0.016261 -0.070710 -0.094879
v 0.015999 -0.084392 -0.173690
v 0.027035 -0.075864 -0.191548
v 0.026907 -0.089100 -0.173896
v 0.009682 -0.075794 -0.180475
v 0.033486 -0.084017 -0.184542
v 0.016261 -0.070710 -0.191121
v -0.014691 -0.060685 -0.161965
v -0.021513 -0.038363 -0.173001
v -0.010568 -0.060152 -0.172739
v -0.021214 -0.051928 -0.155514
v -0.014635 -0.046844 -0.179318
v -0.025280 -0.038620 -0.162093
v -0.014691 -0.060685 -0.124035
v -0.021513 -0.038363 -0.112999
v -0.010568 -0.060152 -0.113261
v -0.021214 -0.051928 -0.130486
v -0.014635 -0.046844 -0.106682
v -0.025280 -0.038620 -0.123907
v 0.076001 -0.084392 -0.112310
v 0.064965 -0.075864 -0.094452
v 0.065093 -0.089100 -0.112104
v 0.058514 -0.084017 -0.101458
v 0.082318 -0.075794 -0.105525
v 0.075739 -0.070710 -0.094879
v 0.076001 -0.084392 -0.173690
v 0.064965 -0.075864 -0.191548
v 0.065093 -0.089100 -0.173896
v 0.058514 -0.084017 -0.184542
v 0.082318 -0.075794 -0.180475
v 0.075739 -0.070710 -0.191121
v 0.106691 -0.060685 -0.161965
v 0.113513 -0.038363 -0.173001
v 0.102568 -0.060152 -0.172739
v 0.113214 -0.051928 -0.155514
v 0.106635 -0.046844 -0.179318
v 0.117280 -0.038620 -0.162093
v 0.106691 -0.060685 -0.124035
v 0.113513 -0.038363 -0.112999
v 0.102568 -0.060152 -0.113261
v 0.113214 -0.051928 -0.130486
v 0.106635 -0.046844 -0.106682
v 0.117280 -0.038620 -0.123907
v 0.046000 -0.013794 -0.063765
v 0.046000 0.013794 -0.063765
v 0.056646 -0.008224 -0.063985
v 0.035354 -0.008224 -0.063985
v 0.056646 0.008224 -0.063985
v 0.035354 0.008224 -0.063985
v 0.076690 -0.037501 -0.075487
v 0.094548 -0.023707 -0.082309
v 0.083475 -0.045397 -0.082365
v 0.094121 -0.037174 -0.086432
v 0.076896 -0.023866 -0.071720
v 0.087542 -0.015642 -0.075786
v 0.015310 -0.037501 -0.075487
v -0.002548 -0.023707 -0.082309
v 0.008525 -0.045397 -0.082365
v -0.002121 -0.037174 -0.086432
v 0.015104 -0.023866 -0.071720
v 0.004458 -0.015642 -0.075786
v 0.076690 0.037501 -0.075487
v 0.094548 0.023707 -0.082309
v 0.083475 0.045397 -0.082365
v 0.094121 0.037174 -0.086432
v 0.076896 0.023866 -0.071720
v 0.087542 0.015642 -0.075786
v 0.015310 0.037501 -0.075487
v -0.002548 0.023707 -0.082309
v 0.008525 0.045397 -0.082365
v -0.002121 0.037174 -0.086432
v 0.015104 0.023866 -0.071720
v 0.004458 0.015642 -0.075786
v 0.046000 -0.013794 -0.222235
v 0.046000 0.013794 -0.222235
v 0.056646 -0.008224 -0.222015
v 0.035354 -0.008224 -0.222015
v 0.056646 0.008224 -0.222015
v 0.035354 0.008224 -0.222015
v 0.076690 -0.037501 -0.210513
v 0.094548 -0.023707 -0.203691
v 0.083475 -0.045397 -0.203635
v 0.094121 -0.037174 -0.199568
v 0.076896 -0.023866 -0.214280
v 0.087542 -0.015642 -0.210214
v 0.015310 -0.037501 -0.210513
v -0.002548 -0.023707 -0.203691
v 0.008525 -0.045397 -0.203635
v -0.002121 -0.037174 -0.199568
v 0.015104 -0.023866 -0.214280
v 0.004458 -0.015642 -0.210214
v 0.076690 0.037501 -0.210513
v 0.094548 0.023707 -0.203691
v 0.083475 0.045397 -0.203635
v 0.094121 0.037174 -0.199568
v 0.076896 0.023866 -0.214280
v 0.087542 0.015642 -0.210214
v 0.015310 0.037501 -0.210513
v -0.002548 0.023707 -0.203691
v 0.008525 0.045397 -0.203635
v -0.002121 0.037174 -0.199568
v 0.015104 0.023866 -0.214280
v 0.004458 0.015642 -0.210214
v 0.125235 0.000000 -0.154035
v 0.125235 0.000000 -0.131965
v 0.125015 0.013308 -0.149579
v 0.125015 0.013308 -0.136421
v 0.125015 -0.013308 -0.149579
v 0.125015 -0.013308 -0.136421
v -0.033235 0.000000 -0.154035
v -0.033235 0.000000 -0.131965
v -0.033015 0.013308 -0.149579
v -0.033015 0.013308 -0.136421
v -0.033015 -0.013308 -0.149579
v -0.033015 -0.013308 -0.136421
v 0.017344 0.092432 -0.132467
v 0.017344 0.092432 -0.153533
v 0.028392 0.096640 -0.132376
v 0.028392 0.096640 -0.153624
v 0.000302 0.079267 -0.125958
v 0.021901 0.091625 -0.121873
v 0.004712 0.078346 -0.115307
v 0.000302 0.079267 -0.160042
v 0.021901 0.091625 -0.164127
v 0.004712 0.078346 -0.170693
v -0.010231 0.071131 -0.143000
v -0.005792 0.070233 -0.166680
v -0.016415 0.062026 -0.149491
v -0.005792 0.070233 -0.119320
v -0.016415 0.062026 -0.136509
v 0.074656 0.092432 -0.132467
v 0.074656 0.092432 -0.153533
v 0.063608 0.096640 -0.132376
v 0.063608 0.096640 -0.153624
v 0.091698 0.079267 -0.125958
v 0.070099 0.091625 -0.121873
v 0.087288 0.078346 -0.115307
v 0.091698 0.079267 -0.160042
v 0.070099 0.091625 -0.164127
v 0.087288 0.078346 -0.170693
v 0.102231 0.071131 -0.143000
v 0.097792 0.070233 -0.166680
v 0.108415 0.062026 -0.149491
v 0.097792 0.070233 -0.119320
v 0.108415 0.062026 -0.136509
v 0.017344 -0.092432 -0.132467
v 0.017344 -0.092432 -0.153533
v 0.028392 -0.096640 -0.132376
v 0.028392 -0.096640 -0.153624
v 0.000302 -0.079267 -0.125958
v 0.021901 -0.091625 -0.121873
v 0.004712 -0.078346 -0.115307
v 0.000302 -0.079267 -0.160042
v 0.021901 -0.091625 -0.164127
v 0.004712 -0.078346 -0.170693
v -0.010231 -0.071131 -0.143000
v -0.005792 -0.070233 -0.166680
v -0.016415 -0.062026 -0.149491
v -0.005792 -0.070233 -0.119320
v -0.016415 -0.062026 -0.136509
v 0.074656 -0.092432 -0.132467
v 0.074656 -0.092432 -0.153533
v 0.063608 -0.096640 -0.132376
v 0.063608 -0.096640 -0.153624
v 0.091698 -0.079267 -0.125958
v 0.070099 -0.091625 -0.121873
v 0.087288 -0.078346 -0.115307
v 0.091698 -0.079267 -0.160042
v 0.070099 -0.091625 -0.164127
v 0.087288 -0.078346 -0.170693
v 0.102231 -0.071131 -0.143000
v 0.097792 -0.070233 -0.166680
v 0.108415 -0.062026 -0.149491
v 0.097792 -0.070233 -0.119320
v 0.108415 -0.062026 -0.136509
v 0.046000 -0.070288 -0.086095
v 0.028958 -0.057122 -0.079586
v 0.039509 -0.078019 -0.093379
v 0.022320 -0.064739 -0.086814
v 0.063042 -0.057122 -0.079586
v 0.052491 -0.078019 -0.093379
v 0.069680 -0.064739 -0.086814
v 0.056533 -0.035820 -0.069055
v 0.035467 -0.035820 -0.069055
v 0.056624 -0.022010 -0.065688
v 0.035376 -0.022010 -0.065688
v 0.073693 -0.051610 -0.080323
v 0.067127 -0.030123 -0.069700
v 0.018307 -0.051610 -0.080323
v 0.024873 -0.030123 -0.069700
v 0.046000 0.070288 -0.086095
v 0.028958 0.057122 -0.079586
v 0.039509 0.078019 -0.093379
v 0.022320 0.064739 -0.086814
v 0.063042 0.057122 -0.079586
v 0.052491 0.078019 -0.093379
v 0.069680 0.064739 -0.086814
v 0.056533 0.035820 -0.069055
v 0.035467 0.035820 -0.069055
v 0.056624 0.022010 -0.065688
v 0.035376 0.022010 -0.065688
v 0.073693 0.051610 -0.080323
v 0.067127 0.030123 -0.069700
v 0.018307 0.051610 -0.080323
v 0.024873 0.030123 -0.069700
v 0.046000 -0.070288 -0.199905
v 0.028958 -0.057122 -0.206414
v 0.039509 -0.078019 -0.192621
v 0.022320 -0.064739 -0.199186
v 0.063042 -0.057122 -0.206414
v 0.052491 -0.078019 -0.192621
v 0.069680 -0.064739 -0.199186
v 0.056533 -0.035820 -0.216945
v 0.035467 -0.035820 -0.216945
v 0.056624 -0.022010 -0.220312
v 0.035376 -0.022010 -0.220312
v 0.073693 -0.051610 -0.205677
v 0.067127 -0.030123 -0.216300
v 0.018307 -0.051610 -0.205677
v 0.024873 -0.030123 -0.216300
v 0.046000 0.070288 -0.199905
v 0.028958 0.057122 -0.206414
v 0.039509 0.078019 -0.192621
v 0.022320 0.064739 -0.199186
v 0.063042 0.057122 -0.206414
v 0.052491 0.078019 -0.192621
v 0.069680 0.064739 -0.199186
v 0.056533 0.035820 -0.216945
v 0.035467 0.035820 -0.216945
v 0.056624 0.022010 -0.220312
v 0.035376 0.022010 -0.220312
v 0.073693 0.051610 -0.205677
v 0.067127 0.030123 -0.216300
v 0.018307 0.051610 -0.205677
v 0.024873 0.030123 -0.216300
v 0.109414 0.021302 -0.188698
v 0.119945 0.013166 -0.171656
v 0.108677 0.034616 -0.184288
v 0.119300 0.026409 -0.167099
v 0.109414 -0.021302 -0.188698
v 0.119945 -0.013166 -0.171656
v 0.108677 -0.034616 -0.184288
v 0.119300 -0.026409 -0.167099
v 0.102905 0.000000 -0.199231
v 0.102186 -0.029600 -0.194792
v 0.095621 -0.008114 -0.205415
v 0.102186 0.029600 -0.194792
v 0.095621 0.008114 -0.205415
v 0.123312 0.013280 -0.160608
v 0.123312 -0.013280 -0.160608
v 0.109414 0.021302 -0.097302
v 0.119945 0.013166 -0.114344
v 0.108677 0.034616 -0.101712
v 0.119300 0.026409 -0.118901
v 0.109414 -0.021302 -0.097302
v 0.119945 -0.013166 -0.114344
v 0.108677 -0.034616 -0.101712
v 0.119300 -0.026409 -0.118901
v 0.102905 0.000000 -0.086769
v 0.102186 -0.029600 -0.091208
v 0.095621 -0.008114 -0.080585
v 0.102186 0.029600 -0.091208
v 0.095621 0.008114 -0.080585
v 0.123312 0.013280 -0.125392
v 0.123312 -0.013280 -0.125392
v -0.017414 0.021302 -0.188698
v -0.027945 0.013166 -0.171656
v -0.016677 0.034616 -0.184288
v -0.027300 0.026409 -0.167099
v -0.017414 -0.021302 -0.188698
v -0.027945 -0.013166 -0.171656
v -0.016677 -0.034616 -0.184288
v -0.027300 -0.026409 -0.167099
v -0.010905 0.000000 -0.199231
v -0.010186 -0.029600 -0.194792
v -0.003621 -0.008114 -0.205415
v -0.010186 0.029600 -0.194792
v -0.003621 0.008114 -0.205415
v -0.031312 0.013280 -0.160608
v -0.031312 -0.013280 -0.160608
v -0.017414 0.021302 -0.097302
v -0.027945 0.013166 -0.114344
v -0.016677 0.034616 -0.101712
v -0.027300 0.026409 -0.118901
v -0.017414 -0.021302 -0.097302
v -0.027945 -0.013166 -0.114344
v -0.016677 -0.034616 -0.101712
v -0.027300 -0.026409 -0.118901
v -0.010905 0.000000 -0.086769
v -0.010186 -0.029600 -0.091208
v -0.003621 -0.008114 -0.080585
v -0.010186 0.029600 -0.091208
v -0.003621 0.008114 -0.080585
v -0.031312 0.013280 -0.125392
v -0.031312 -0.013280 -0.125392
v 0.046000 0.096386 -0.121687
v 0.039415 0.091298 -0.111030
v 0.046000 0.096386 -0.164313
v 0.039415 0.091298 -0.174970
v 0.052585 0.091298 -0.111030
v 0.052585 0.091298 -0.174970
v 0.004930 0.064658 -0.097859
v -0.005726 0.056426 -0.101930
v 0.000859 0.051337 -0.091274
v 0.004930 0.064658 -0.188141
v -0.005726 0.056426 -0.184070
v 0.000859 0.051337 -0.194726
v -0.027038 0.039962 -0.149585
v -0.027038 0.039962 -0.136415
v -0.031109 0.026642 -0.143000
v 0.087070 0.064658 -0.097859
v 0.097726 0.056426 -0.101930
v 0.091141 0.051337 -0.091274
v 0.087070 0.064658 -0.188141
v 0.097726 0.056426 -0.184070
v 0.091141 0.051337 -0.194726
v 0.119038 0.039962 -0.149585
v 0.119038 0.039962 -0.136415
v 0.123109 0.026642 -0.143000
v 0.046000 -0.096386 -0.121687
v 0.039415 -0.091298 -0.111030
v 0.046000 -0.096386 -0.164313
v 0.039415 -0.091298 -0.174970
v 0.052585 -0.091298 -0.111030
v 0.052585 -0.091298 -0.174970
v 0.004930 -0.064658 -0.097859
v -0.005726 -0.056426 -0.101930
v 0.000859 -0.051337 -0.091274
v 0.004930 -0.064658 -0.188141
v -0.005726 -0.056426 -0.184070
v 0.000859 -0.051337 -0.194726
v -0.027038 -0.039962 -0.149585
v -0.027038 -0.039962 -0.136415
v -0.031109 -0.026642 -0.143000
v 0.087070 -0.064658 -0.097859
v 0.097726 -0.056426 -0.101930
v 0.091141 -0.051337 -0.091274
v 0.087070 -0.064658 -0.188141
v 0.097726 -0.056426 -0.184070
v 0.091141 -0.051337 -0.194726
v 0.119038 -0.039962 -0.149585
v 0.119038 -0.039962 -0.136415
v 0.123109 -0.026642 -0.143000
v 0.067313 0.000000 -0.065891
v 0.077970 -0.008232 -0.069962
v 0.024687 0.000000 -0.065891
v 0.014030 -0.008232 -0.069962
v 0.077970 0.008232 -0.069962
v 0.014030 0.008232 -0.069962
v 0.067313 0.000000 -0.220109
v 0.077970 -0.008232 -0.216038
v 0.024687 0.000000 -0.220109
v 0.014030 -0.008232 -0.216038
v 0.077970 0.008232 -0.216038
v 0.014030 0.008232 -0.216038
v 0.747431 0.485068 0.000000
v 0.852569 0.485068 0.000000
v 0.747431 0.314932 0.000000
v 0.852569 0.314932 0.000000
v 0.800000 0.347431 0.042534
v 0.800000 0.452569 0.042534
v 0.800000 0.347431 -0.042534
v 0.800000 0.452569 -0.042534
v 0.885068 0.400000 -0.026284
v 0.885068 0.400000 0.026284
v 0.714932 0.400000 -0.026284
v 0.714932 0.400000 0.026284
v 0.800000 0.500000 0.000000
v 0.769101 0.480901 0.025001
v 0.769101 0.480901 -0.025001
v 0.719099 0.450002 -0.015450
v 0.719099 0.450002 0.015450
v 0.830899 0.480901 0.025001
v 0.830899 0.480901 -0.025001
v 0.880901 0.450002 -0.015450
v 0.880901 0.450002 0.015450
v 0.800000 0.300000 0.000000
v 0.769101 0.319099 0.025001
v 0.769101 0.319099 -0.025001
v 0.719099 0.349998 -0.015450
v 0.719099 0.349998 0.015450
v 0.830899 0.319099 0.025001
v 0.830899 0.319099 -0.025001
v 0.880901 0.349998 -0.015450
v 0.880901 0.349998 0.015450
v 0.800000 0.400000 0.050000
v 0.850002 0.369101 0.040451
v 0.749998 0.369101 0.040451
v 0.850002 0.430899 0.040451
v 0.749998 0.430899 0.040451
v 0.800000 0.400000 -0.050000
v 0.850002 0.369101 -0.040451
v 0.749998 0.369101 -0.040451
v 0.850002 0.430899 -0.040451
v 0.749998 0.430899 -0.040451
v 0.900000 0.400000 0.000000
v 0.700000 0.400000 0.000000
v 0.772676 0.496195 0.000000
v 0.756615 0.486268 0.012995
v 0.756615 0.486268 -0.012995
v 0.730624 0.470207 -0.008031
v 0.730624 0.470207 0.008031
v 0.827324 0.496195 0.000000
v 0.843385 0.486268 0.012995
v 0.843385 0.486268 -0.012995
v 0.869376 0.470207 -0.008031
v 0.869376 0.470207 0.008031
v 0.772676 0.303805 0.000000
v 0.756615 0.313732 0.012995
v 0.756615 0.313732 -0.012995
v 0.730624 0.329793 -0.008031
v 0.730624 0.329793 0.008031
v 0.827324 0.303805 0.000000
v 0.843385 0.313732 0.012995
v 0.843385 0.313732 -0.012995
v 0.869376 0.329793 -0.008031
v 0.869376 0.329793 0.008031
v 0.783939 0.330624 0.035104
v 0.816061 0.330624 0.035104
v 0.800000 0.372676 0.048097
v 0.825990 0.356615 0.043134
v 0.774010 0.356615 0.043134
v 0.783939 0.469376 0.035104
v 0.816061 0.469376 0.035104
v 0.800000 0.427324 0.048097
v 0.825990 0.443385 0.043134
v 0.774010 0.443385 0.043134
v 0.783939 0.330624 -0.035104
v 0.816061 0.330624 -0.035104
v 0.800000 0.372676 -0.048097
v 0.825990 0.356615 -0.043134
v 0.774010 0.356615 -0.043134
v 0.783939 0.469376 -0.035104
v 0.816061 0.469376 -0.035104
v 0.800000 0.427324 -0.048097
v 0.825990 0.443385 -0.043134
v 0.774010 0.443385 -0.043134
v 0.886268 0.425990 -0.021693
v 0.886268 0.374010 -0.021693
v 0.870207 0.383939 -0.034688
v 0.870207 0.416061 -0.034688
v 0.896195 0.400000 -0.013662
v 0.886268 0.425990 0.021693
v 0.886268 0.374010 0.021693
v 0.870207 0.383939 0.034688
v 0.870207 0.416061 0.034688
v 0.896195 0.400000 0.013662
v 0.713732 0.425990 -0.021693
v 0.713732 0.374010 -0.021693
v 0.729793 0.383939 -0.034688
v 0.729793 0.416061 -0.034688
v 0.703805 0.400000 -0.013662
v 0.713732 0.425990 0.021693
v 0.713732 0.374010 0.021693
v 0.729793 0.383939 0.034688
v 0.729793 0.416061 0.034688
v 0.703805 0.400000 0.013662
v 0.783755 0.495106 0.013144
v 0.783755 0.495106 -0.013144
v 0.816245 0.495106 0.013144
v 0.816245 0.495106 -0.013144
v 0.741223 0.468820 0.021266
v 0.800000 0.485064 0.026287
v 0.757468 0.458777 0.034410
v 0.741223 0.468820 -0.021266
v 0.800000 0.485064 -0.026287
v 0.757468 0.458777 -0.034410
v 0.714936 0.452575 0.000000
v 0.731180 0.442532 -0.029389
v 0.704894 0.426288 -0.008122
v 0.731180 0.442532 0.029389
v 0.704894 0.426288 0.008122
v 0.858777 0.468820 0.021266
v 0.842533 0.458777 0.034410
v 0.858777 0.468820 -0.021266
v 0.842533 0.458777 -0.034410
v 0.885064 0.452575 0.000000
v 0.868820 0.442532 -0.029389
v 0.895106 0.426288 -0.008122
v 0.868820 0.442532 0.029389
v 0.895106 0.426288 0.008122
v 0.783755 0.304894 0.013144
v 0.783755 0.304894 -0.013144
v 0.816245 0.304894 0.013144
v 0.816245 0.304894 -0.013144
v 0.741223 0.331180 0.021266
v 0.800000 0.314936 0.026287
v 0.757468 0.341223 0.034410
v 0.741223 0.331180 -0.021266
v 0.800000 0.314936 -0.026287
v 0.757468 0.341223 -0.034410
v 0.714936 0.347425 0.000000
v 0.731180 0.357468 -0.029389
v 0.704894 0.373712 -0.008122
v 0.731180 0.357468 0.029389
v 0.704894 0.373712 0.008122
v 0.858777 0.331180 0.021266
v 0.842533 0.341223 0.034410
v 0.858777 0.331180 -0.021266
v 0.842533 0.341223 -0.034410
v 0.885064 0.347425 0.000000
v 0.868820 0.357468 -0.029389
v 0.895106 0.373712 -0.008122
v 0.868820 0.357468 0.029389
v 0.895106 0.373712 0.008122
v 0.826288 0.383755 0.047553
v 0.773712 0.383755 0.047553
v 0.826288 0.416245 0.047553
v 0.773712 0.416245 0.047553
v 0.852575 0.400000 0.042532
v 0.747425 0.400000 0.042532
v 0.826288 0.383755 -0.047553
v 0.773712 0.383755 -0.047553
v 0.826288 0.416245 -0.047553
v 0.773712 0.416245 -0.047553
v 0.852575 0.400000 -0.042532
v 0.747425 0.400000 -0.042532
v 0.759668 0.491506 0.000000
v 0.751560 0.486495 0.006560
v 0.751560 0.486495 -0.006560
v 0.738439 0.478387 -0.004054
v 0.738439 0.478387 0.004054
v 0.840332 0.491506 0.000000
v 0.848440 0.486495 0.006560
v 0.848440 0.486495 -0.006560
v 0.861561 0.478387 -0.004054
v 0.861561 0.478387 0.004054
v 0.759668 0.308494 0.000000
v 0.751560 0.313505 0.006560
v 0.751560 0.313505 -0.006560
v 0.738439 0.321613 -0.004054
v 0.738439 0.321613 0.004054
v 0.840332 0.308494 0.000000
v 0.848440 0.313505 0.006560
v 0.848440 0.313505 -0.006560
v 0.861561 0.321613 -0.004054
v 0.861561 0.321613 0.004054
v 0.791892 0.338439 0.039194
v 0.808108 0.338439 0.039194
v 0.800000 0.359668 0.045753
v 0.813121 0.351560 0.043248
v 0.786879 0.351560 0.043248
v 0.791892 0.461561 0.039194
v 0.808108 0.461561 0.039194
v 0.800000 0.440332 0.045753
v 0.813121 0.448440 0.043248
v 0.786879 0.448440 0.043248
v 0.791892 0.338439 -0.039194
v 0.808108 0.338439 -0.039194
v 0.800000 0.359668 -0.045753
v 0.813121 0.351560 -0.043248
v 0.786879 0.351560 -0.043248
v 0.791892 0.461561 -0.039194
v 0.808108 0.461561 -0.039194
v 0.800000 0.440332 -0.045753
v 0.813121 0.448440 -0.043248
v 0.786879 0.448440 -0.043248
v 0.886495 0.413121 -0.024220
v 0.886495 0.386879 -0.024220
v 0.878387 0.391892 -0.030780
v 0.878387 0.408108 -0.030780
v 0.891506 0.400000 -0.020166
v 0.886495 0.413121 0.024220
v 0.886495 0.386879 0.024220
v 0.878387 0.391892 0.030780
v 0.878387 0.408108 0.030780
v 0.891506 0.400000 0.020166
v 0.713505 0.413121 -0.024220
v 0.713505 0.386879 -0.024220
v 0.721613 0.391892 -0.030780
v 0.721613 0.408108 -0.030780
v 0.708494 0.400000 -0.020166
v 0.713505 0.413121 0.024220
v 0.713505 0.386879 0.024220
v 0.721613 0.391892 0.030780
v 0.721613 0.408108 0.030780
v 0.708494 0.400000 0.020166
v 0.786206 0.499044 0.000000
v 0.813794 0.499044 0.000000
v 0.791776 0.498769 0.006654
v 0.791776 0.498769 -0.006654
v 0.808224 0.498769 0.006654
v 0.808224 0.498769 -0.006654
v 0.762499 0.484392 0.019181
v 0.776293 0.475864 0.030342
v 0.776134 0.489100 0.019310
v 0.754603 0.475794 0.023422
v 0.784358 0.484017 0.025964
v 0.762826 0.470710 0.030076
v 0.762499 0.484392 -0.019181
v 0.776293 0.475864 -0.030342
v 0.776134 0.489100 -0.019310
v 0.754603 0.475794 -0.023422
v 0.784358 0.484017 -0.025964
v 0.762826 0.470710 -0.030076
v 0.724136 0.460685 -0.011853
v 0.715608 0.438363 -0.018750
v 0.729290 0.460152 -0.018587
v 0.715983 0.451928 -0.007821
v 0.724206 0.446844 -0.022699
v 0.710900 0.438620 -0.011933
v 0.724136 0.460685 0.011853
v 0.715608 0.438363 0.018750
v 0.729290 0.460152 0.018587
v 0.715983 0.451928 0.007821
v 0.724206 0.446844 0.022699
v 0.710900 0.438620 0.011933
v 0.837501 0.484392 0.019181
v 0.823707 0.475864 0.030342
v 0.823866 0.489100 0.019310
v 0.815642 0.484017 0.025964
v 0.845397 0.475794 0.023422
v 0.837174 0.470710 0.030076
v 0.837501 0.484392 -0.019181
v 0.823707 0.475864 -0.030342
v 0.823866 0.489100 -0.019310
v 0.815642 0.484017 -0.025964
v 0.845397 0.475794 -0.023422
v 0.837174 0.470710 -0.030076
v 0.875864 0.460685 -0.011853
v 0.884392 0.438363 -0.018750
v 0.870710 0.460152 -0.018587
v 0.884017 0.451928 -0.007821
v 0.875794 0.446844 -0.022699
v 0.889100 0.438620 -0.011933
v 0.875864 0.460685 0.011853
v 0.884392 0.438363 0.018750
v 0.870710 0.460152 0.018587
v 0.884017 0.451928 0.007821
v 0.875794 0.446844 0.022699
v 0.889100 0.438620 0.011933
v 0.786206 0.300956 0.000000
v 0.813794 0.300956 0.000000
v 0.791776 0.301231 0.006654
v 0.791776 0.301231 -0.006654
v 0.808224 0.301231 0.006654
v 0.808224 0.301231 -0.006654
v 0.762499 0.315608 0.019181
v 0.776293 0.324136 0.030342
v 0.776134 0.310900 0.019310
v 0.754603 0.324206 0.023422
v 0.784358 0.315983 0.025964
v 0.762826 0.329290 0.030076
v 0.762499 0.315608 -0.019181
v 0.776293 0.324136 -0.030342
v 0.776134 0.310900 -0.019310
v 0.754603 0.324206 -0.023422
v 0.784358 0.315983 -0.025964
v 0.762826 0.329290 -0.030076
v 0.724136 0.339315 -0.011853
v 0.715608 0.361637 -0.018750
v 0.729290 0.339848 -0.018587
v 0.715983 0.348072 -0.007821
v 0.724206 0.353156 -0.022699
v 0.710900 0.361380 -0.011933
v 0.724136 0.339315 0.011853
v 0.715608 0.361637 0.018750
v 0.729290 0.339848 0.018587
v 0.715983 0.348072 0.007821
v 0.724206 0.353156 0.022699
v 0.710900 0.361380 0.011933
v 0.837501 0.315608 0.019181
v 0.823707 0.324136 0.030342
v 0.823866 0.310900 0.019310
v 0.815642 0.315983 0.025964
v 0.845397 0.324206 0.023422
v 0.837174 0.329290 0.030076
v 0.837501 0.315608 -0.019181
v 0.823707 0.324136 -0.030342
v 0.823866 0.310900 -0.019310
v 0.815642 0.315983 -0.025964
v 0.845397 0.324206 -0.023422
v 0.837174 0.329290 -0.030076
v 0.875864 0.339315 -0.011853
v 0.884392 0.361637 -0.018750
v 0.870710 0.339848 -0.018587
v 0.884017 0.348072 -0.007821
v 0.875794 0.353156 -0.022699
v 0.889100 0.361380 -0.011933
v 0.875864 0.339315 0.011853
v 0.884392 0.361637 0.018750
v 0.870710 0.339848 0.018587
v 0.884017 0.348072 0.007821
v 0.875794 0.353156 0.022699
v 0.889100 0.361380 0.011933
v 0.800000 0.386206 0.049522
v 0.800000 0.413794 0.049522
v 0.813308 0.391776 0.049384
v 0.786692 0.391776 0.049384
v 0.813308 0.408224 0.049384
v 0.786692 0.408224 0.049384
v 0.838363 0.362499 0.042196
v 0.860685 0.376293 0.037932
v 0.846844 0.354603 0.037897
v 0.860152 0.362826 0.035355
v 0.838620 0.376134 0.044550
v 0.851928 0.384358 0.042008
v 0.761637 0.362499 0.042196
v 0.739315 0.376293 0.037932
v 0.753156 0.354603 0.037897
v 0.739848 0.362826 0.035355
v 0.761380 0.376134 0.044550
v 0.748072 0.384358 0.042008
v 0.838363 0.437501 0.042196
v 0.860685 0.423707 0.037932
v 0.846844 0.445397 0.037897
v 0.860152 0.437174 0.035355
v 0.838620 0.423866 0.044550
v 0.851928 0.415642 0.042008
v 0.761637 0.437501 0.042196
v 0.739315 0.423707 0.037932
v 0.753156 0.445397 0.037897
v 0.739848 0.437174 0.035355
v 0.761380 0.423866 0.044550
v 0.748072 0.415642 0.042008
v 0.800000 0.386206 -0.049522
v 0.800000 0.413794 -0.049522
v 0.813308 0.391776 -0.049384
v 0.786692 0.391776 -0.049384
v 0.813308 0.408224 -0.049384
v 0.786692 0.408224 -0.049384
v 0.838363 0.362499 -0.042196
v 0.860685 0.376293 -0.037932
v 0.846844 0.354603 -0.037897
v 0.860152 0.362826 -0.035355
v 0.838620 0.376134 -0.044550
v 0.851928 0.384358 -0.042008
v 0.761637 0.362499 -0.042196
v 0.739315 0.376293 -0.037932
v 0.753156 0.354603 -0.037897
v 0.739848 0.362826 -0.035355
v 0.761380 0.376134 -0.044550
v 0.748072 0.384358 -0.042008
v 0.838363 0.437501 -0.042196
v 0.860685 0.423707 -0.037932
v 0.846844 0.445397 -0.037897
v 0.860152 0.437174 -0.035355
v 0.838620 0.423866 -0.044550
v 0.851928 0.415642 -0.042008
v 0.761637 0.437501 -0.042196
v 0.739315 0.423707 -0.037932
v 0.753156 0.445397 -0.037897
v 0.739848 0.437174 -0.035355
v 0.761380 0.423866 -0.044550
v 0.748072 0.415642 -0.042008
v 0.899044 0.400000 -0.006897
v 0.899044 0.400000 0.006897
v 0.898769 0.413308 -0.004112
v 0.898769 0.413308 0.004112
v 0.898769 0.386692 -0.004112
v 0.898769 0.386692 0.004112
v 0.700956 0.400000 -0.006897
v 0.700956 0.400000 0.006897
v 0.701231 0.413308 -0.004112
v 0.701231 0.413308 0.004112
v 0.701231 0.386692 -0.004112
v 0.701231 0.386692 0.004112
v 0.764180 0.492432 0.006583
v 0.764180 0.492432 -0.006583
v 0.777990 0.496640 0.006640
v 0.777990 0.496640 -0.006640
v 0.742878 0.479267 0.010651
v 0.769877 0.491625 0.013205
v 0.748390 0.478346 0.017308
v 0.742878 0.479267 -0.010651
v 0.769877 0.491625 -0.013205
v 0.748390 0.478346 -0.017308
v 0.729712 0.471131 0.000000
v 0.735261 0.470233 -0.014800
v 0.721981 0.462026 -0.004057
v 0.735261 0.470233 0.014800
v 0.721981 0.462026 0.004057
v 0.835820 0.492432 0.006583
v 0.835820 0.492432 -0.006583
v 0.822010 0.496640 0.006640
v 0.822010 0.496640 -0.006640
v 0.857122 0.479267 0.010651
v 0.830123 0.491625 0.013205
v 0.851610 0.478346 0.017308
v 0.857122 0.479267 -0.010651
v 0.830123 0.491625 -0.013205
v 0.851610 0.478346 -0.017308
v 0.870288 0.471131 0.000000
v 0.864739 0.470233 -0.014800
v 0.878019 0.462026 -0.004057
v 0.864739 0.470233 0.014800
v 0.878019 0.462026 0.004057
v 0.764180 0.307568 0.006583
v 0.764180 0.307568 -0.006583
v 0.777990 0.303360 0.006640
v 0.777990 0.303360 -0.006640
v 0.742878 0.320733 0.010651
v 0.769877 0.308375 0.013205
v 0.748390 0.321654 0.017308
v 0.742878 0.320733 -0.010651
v 0.769877 0.308375 -0.013205
v 0.748390 0.321654 -0.017308
v 0.729712 0.328869 0.000000
v 0.735261 0.329767 -0.014800
v 0.721981 0.337974 -0.004057
v 0.735261 0.329767 0.014800
v 0.721981 0.337974 0.004057
v 0.835820 0.307568 0.006583
v 0.835820 0.307568 -0.006583
v 0.822010 0.303360 0.006640
v 0.822010 0.303360 -0.006640
v 0.857122 0.320733 0.010651
v 0.830123 0.308375 0.013205
v 0.851610 0.321654 0.017308
v 0.857122 0.320733 -0.010651
v 0.830123 0.308375 -0.013205
v 0.851610 0.321654 -0.017308
v 0.870288 0.328869 0.000000
v 0.864739 0.329767 -0.014800
v 0.878019 0.337974 -0.004057
v 0.864739 0.329767 0.014800
v 0.878019 0.337974 0.004057
v 0.800000 0.329712 0.035565
v 0.778698 0.342878 0.039634
v 0.791886 0.321981 0.031013
v 0.770400 0.335261 0.035116
v 0.821302 0.342878 0.039634
v 0.808114 0.321981 0.031013
v 0.829600 0.335261 0.035116
v 0.813166 0.364180 0.046216
v 0.786834 0.364180 0.046216
v 0.813280 0.377990 0.048320
v 0.786720 0.377990 0.048320
v 0.834616 0.348390 0.039173
v 0.826409 0.369877 0.045812
v 0.765384 0.348390 0.039173
v 0.773591 0.369877 0.045812
v 0.800000 0.470288 0.035565
v 0.778698 0.457122 0.039634
v 0.791886 0.478019 0.031013
v 0.770400 0.464739 0.035116
v 0.821302 0.457122 0.039634
v 0.808114 0.478019 0.031013
v 0.829600 0.464739 0.035116
v 0.813166 0.435820 0.046216
v 0.786834 0.435820 0.046216
v 0.813280 0.422010 0.048320
v 0.786720 0.422010 0.048320
v 0.834616 0.451610 0.039173
v 0.826409 0.430123 0.045812
v 0.765384 0.451610 0.039173
v 0.773591 0.430123 0.045812
v 0.800000 0.329712 -0.035565
v 0.778698 0.342878 -0.039634
v 0.791886 0.321981 -0.031013
v 0.770400 0.335261 -0.035116
v 0.821302 0.342878 -0.039634
v 0.808114 0.321981 -0.031013
v 0.829600 0.335261 -0.035116
v 0.813166 0.364180 -0.046216
v 0.786834 0.364180 -0.046216
v 0.813280 0.377990 -0.048320
v 0.786720 0.377990 -0.048320
v 0.834616 0.348390 -0.039173
v 0.826409 0.369877 -0.045812
v 0.765384 0.348390 -0.039173
v 0.773591 0.369877 -0.045812
v 0.800000 0.470288 -0.035565
v 0.778698 0.457122 -0.039634
v 0.791886 0.478019 -0.031013
v 0.770400 0.464739 -0.035116
v 0.821302 0.457122 -0.039634
v 0.808114 0.478019 -0.031013
v 0.829600 0.464739 -0.035116
v 0.813166 0.435820 -0.046216
v 0.786834 0.435820 -0.046216
v 0.813280 0.422010 -0.048320
v 0.786720 0.422010 -0.048320
v 0.834616 0.451610 -0.039173
v 0.826409 0.430123 -0.045812
v 0.765384 0.451610 -0.039173
v 0.773591 0.430123 -0.045812
v 0.879267 0.421302 -0.028561
v 0.892432 0.413166 -0.017910
v 0.878347 0.434616 -0.025805
v 0.891625 0.426409 -0.015062
v 0.879267 0.378698 -0.028561
v 0.892432 0.386834 -0.017910
v 0.878347 0.365384 -0.025805
v 0.891625 0.373591 -0.015062
v 0.871131 0.400000 -0.035144
v 0.870233 0.370400 -0.032370
v 0.862026 0.391886 -0.039009
v 0.870233 0.429600 -0.032370
v 0.862026 0.408114 -0.039009
v 0.896640 0.413280 -0.011005
v 0.896640 0.386720 -0.011005
v 0.879267 0.421302 0.028561
v 0.892432 0.413166 0.017910
v 0.878347 0.434616 0.025805
v 0.891625 0.426409 0.015062
v 0.879267 0.378698 0.028561
v 0.892432 0.386834 0.017910
v 0.878347 0.365384 0.025805
v 0.891625 0.373591 0.015062
v 0.871131 0.400000 0.035144
v 0.870233 0.370400 0.032370
v 0.862026 0.391886 0.039009
v 0.870233 0.429600 0.032370
v 0.862026 0.408114 0.039009
v 0.896640 0.413280 0.011005
v 0.896640 0.386720 0.011005
v 0.720733 0.421302 -0.028561
v 0.707568 0.413166 -0.017910
v 0.721654 0.434616 -0.025805
v 0.708375 0.426409 -0.015062
v 0.720733 0.378698 -0.028561
v 0.707568 0.386834 -0.017910
v 0.721654 0.365384 -0.025805
v 0.708375 0.373591 -0.015062
v 0.728869 0.400000 -0.035144
v 0.729767 0.370400 -0.032370
v 0.737974 0.391886 -0.039009
v 0.729767 0.429600 -0.032370
v 0.737974 0.408114 -0.039009
v 0.703360 0.413280 -0.011005
v 0.703360 0.386720 -0.011005
v 0.720733 0.421302 0.028561
v 0.707568 0.413166 0.017910
v 0.721654 0.434616 0.025805
v 0.708375 0.426409 0.015062
v 0.720733 0.378698 0.028561
v 0.707568 0.386834 0.017910
v 0.721654 0.365384 0.025805
v 0.708375 0.373591 0.015062
v 0.728869 0.400000 0.035144
v 0.729767 0.370400 0.032370
v 0.737974 0.391886 0.039009
v 0.729767 0.429600 0.032370
v 0.737974 0.408114 0.039009
v 0.703360 0.413280 0.011005
v 0.703360 0.386720 0.011005
v 0.800000 0.496386 0.013321
v 0.791768 0.491298 0.019981
v 0.800000 0.496386 -0.013321
v 0.791768 0.491298 -0.019981
v 0.808232 0.491298 0.019981
v 0.808232 0.491298 -0.019981
v 0.748663 0.464658 0.028213
v 0.735342 0.456426 0.025668
v 0.743574 0.451337 0.032329
v 0.748663 0.464658 -0.028213
v 0.735342 0.456426 -0.025668
v 0.743574 0.451337 -0.032329
v 0.708702 0.439962 -0.004116
v 0.708702 0.439962 0.004116
v 0.703614 0.426642 0.000000
v 0.851337 0.464658 0.028213
v 0.864658 0.456426 0.025668
v 0.856426 0.451337 0.032329
v 0.851337 0.464658 -0.028213
v 0.864658 0.456426 -0.025668
v 0.856426 0.451337 -0.032329
v 0.891298 0.439962 -0.004116
v 0.891298 0.439962 0.004116
v 0.896386 0.426642 0.000000
v 0.800000 0.303614 0.013321
v 0.791768 0.308702 0.019981
v 0.800000 0.303614 -0.013321
v 0.791768 0.308702 -0.019981
v 0.808232 0.308702 0.019981
v 0.808232 0.308702 -0.019981
v 0.748663 0.335342 0.028213
v 0.735342 0.343574 0.025668
v 0.743574 0.348663 0.032329
v 0.748663 0.335342 -0.028213
v 0.735342 0.343574 -0.025668
v 0.743574 0.348663 -0.032329
v 0.708702 0.360038 -0.004116
v 0.708702 0.360038 0.004116
v 0.703614 0.373358 0.000000
v 0.851337 0.335342 0.028213
v 0.864658 0.343574 0.025668
v 0.856426 0.348663 0.032329
v 0.851337 0.335342 -0.028213
v 0.864658 0.343574 -0.025668
v 0.856426 0.348663 -0.032329
v 0.891298 0.360038 -0.004116
v 0.891298 0.360038 0.004116
v 0.896386 0.373358 0.000000
v 0.826642 0.400000 0.048193
v 0.839962 0.391768 0.045649
v 0.773358 0.400000 0.048193
v 0.760038 0.391768 0.045649
v 0.839962 0.408232 0.045649
v 0.760038 0.408232 0.045649
v 0.826642 0.400000 -0.048193
v 0.839962 0.391768 -0.045649
v 0.773358 0.400000 -0.048193
v 0.760038 0.391768 -0.045649
v 0.839962 0.408232 -0.045649
v 0.760038 0.408232 -0.045649
v 0.594431 0.485068 0.470000
v 0.699569 0.485068 0.470000
v 0.594431 0.314932 0.470000
v 0.699569 0.314932 0.470000
v 0.647000 0.347431 0.512534
v 0.647000 0.452569 0.512534
v 0.647000 0.347431 0.427466
v 0.647000 0.452569 0.427466
v 0.732068 0.400000 0.443716
v 0.732068 0.400000 0.496284
v 0.561932 0.400000 0.443716
v 0.561932 0.400000 0.496284
v 0.647000 0.500000 0.470000
v 0.616101 0.480901 0.495001
v 0.616101 0.480901 0.444999
v 0.566099 0.450002 0.454550
v 0.566099 0.450002 0.485450
v 0.677899 0.480901 0.495001
v 0.677899 0.480901 0.444999
v 0.727901 0.450002 0.454550
v 0.727901 0.450002 0.485450
v 0.647000 0.300000 0.470000
v 0.616101 0.319099 0.495001
v 0.616101 0.319099 0.444999
v 0.566099 0.349998 0.454550
v 0.566099 0.349998 0.485450
v 0.677899 0.319099 0.495001
v 0.677899 0.319099 0.444999
v 0.727901 0.349998 0.454550
v 0.727901 0.349998 0.485450
v 0.647000 0.400000 0.520000
v 0.697002 0.369101 0.510451
v 0.596998 0.369101 0.510451
v 0.697002 0.430899 0.510451
v 0.596998 0.430899 0.510451
v 0.647000 0.400000 0.420000
v 0.697002 0.369101 0.429549
v 0.596998 0.369101 0.429549
v 0.697002 0.430899 0.429549
v 0.596998 0.430899 0.429549
v 0.747000 0.400000 0.470000
v 0.547000 0.400000 0.470000
v 0.619676 0.496195 0.470000
v 0.603615 0.486268 0.482995
v 0.603615 0.486268 0.457005
v 0.577624 0.470207 0.461969
v 0.577624 0.470207 0.478031
v 0.674324 0.496195 0.470000
v 0.690385 0.486268 0.482995
v 0.690385 0.486268 0.457005
v 0.716376 0.470207 0.461969
v 0.716376 0.470207 0.478031
v 0.619676 0.303805 0.470000
v 0.603615 0.313732 0.482995
v 0.603615 0.313732 0.457005
v 0.577624 0.329793 0.461969
v 0.577624 0.329793 0.478031
v 0.674324 0.303805 0.470000
v 0.690385 0.313732 0.482995
v 0.690385 0.313732 0.457005
v 0.716376 0.329793 0.461969
v 0.716376 0.329793 0.478031
v 0.630939 0.330624 0.505104
v 0.663061 0.330624 0.505104
v 0.647000 0.372676 0.518097
v 0.672990 0.356615 0.513134
v 0.621010 0.356615 0.513134
v 0.630939 0.469376 0.505104
v 0.663061 0.469376 0.505104
v 0.647000 0.427324 0.518097
v 0.672990 0.443385 0.513134
v 0.621010 0.443385 0.513134
v 0.630939 0.330624 0.434896
v 0.663061 0.330624 0.434896
v 0.647000 0.372676 0.421903
v 0.672990 0.356615 0.426866
v 0.621010 0.356615 0.426866
v 0.630939 0.469376 0.434896
v 0.663061 0.469376 0.434896
v 0.647000 0.427324 0.421903
v 0.672990 0.443385 0.426866
v 0.621010 0.443385 0.426866
v 0.733268 0.425990 0.448307
v 0.733268 0.374010 0.448307
v 0.717207 0.383939 0.435312
v 0.717207 0.416061 0.435312
v 0.743195 0.400000 0.456338
v 0.733268 0.425990 0.491693
v 0.733268 0.374010 0.491693
v 0.717207 0.383939 0.504688
v 0.717207 0.416061 0.504688
v 0.743195 0.400000 0.483662
v 0.560732 0.425990 0.448307
v 0.560732 0.374010 0.448307
v 0.576793 0.383939 0.435312
v 0.576793 0.416061 0.435312
v 0.550805 0.400000 0.456338
v 0.560732 0.425990 0.491693
v 0.560732 0.374010 0.491693
v 0.576793 0.383939 0.504688
v 0.576793 0.416061 0.504688
v 0.550805 0.400000 0.483662
v 0.630755 0.495106 0.483144
v 0.630755 0.495106 0.456856
v 0.663245 0.495106 0.483144
v 0.663245 0.495106 0.456856
v 0.588223 0.468820 0.491266
v 0.647000 0.485064 0.496287
v 0.604468 0.458777 0.504410
v 0.588223 0.468820 0.448734
v 0.647000 0.485064 0.443713
v 0.604468 0.458777 0.435590
v 0.561936 0.452575 0.470000
v 0.578180 0.442532 0.440611
v 0.551894 0.426288 0.461878
v 0.578180 0.442532 0.499389
v 0.551894 0.426288 0.478122
v 0.705777 0.468820 0.491266
v 0.689533 0.458777 0.504410
v 0.705777 0.468820 0.448734
v 0.689533 0.458777 0.435590
v 0.732064 0.452575 0.470000
v 0.715820 0.442532 0.440611
v 0.742106 0.426288 0.461878
v 0.715820 0.442532 0.499389
v 0.742106 0.426288 0.478122
v 0.630755 0.304894 0.483144
v 0.630755 0.304894 0.456856
v 0.663245 0.304894 0.483144
v 0.663245 0.304894 0.456856
v 0.588223 0.331180 0.491266
v 0.647000 0.314936 0.496287
v 0.604468 0.341223 0.504410
v 0.588223 0.331180 0.448734
v 0.647000 0.314936 0.443713
v 0.604468 0.341223 0.435590
v 0.561936 0.347425 0.470000
v 0.578180 0.357468 0.440611
v 0.551894 0.373712 0.461878
v 0.578180 0.357468 0.499389
v 0.551894 0.373712 0.478122
v 0.705777 0.331180 0.491266
v 0.689533 0.341223 0.504410
v 0.705777 0.331180 0.448734
v 0.689533 0.341223 0.435590
v 0.732064 0.347425 0.470000
v 0.715820 0.357468 0.440611
v 0.742106 0.373712 0.461878
v 0.715820 0.357468 0.499389
v 0.742106 0.373712 0.478122
v 0.673288 0.383755 0.517553
v 0.620712 0.383755 0.517553
v 0.673288 0.416245 0.517553
v 0.620712 0.416245 0.517553
v 0.699575 0.400000 0.512532
v 0.594425 0.400000 0.512532
v 0.673288 0.383755 0.422447
v 0.620712 0.383755 0.422447
v 0.673288 0.416245 0.422447
v 0.620712 0.416245 0.422447
v 0.699575 0.400000 0.427468
v 0.594425 0.400000 0.427468
v 0.606668 0.491506 0.470000
v 0.598560 0.486495 0.476560
v 0.598560 0.486495 0.463440
v 0.585439 0.478387 0.465946
v 0.585439 0.478387 0.474054
v 0.687332 0.491506 0.470000
v 0.695440 0.486495 0.476560
v 0.695440 0.486495 0.463440
v 0.708561 0.478387 0.465946
v 0.708561 0.478387 0.474054
v 0.606668 0.308494 0.470000
v 0.598560 0.313505 0.476560
v 0.598560 0.313505 0.463440
v 0.585439 0.321613 0.465946
v 0.585439 0.321613 0.474054
v 0.687332 0.308494 0.470000
v 0.695440 0.313505 0.476560
v 0.695440 0.313505 0.463440
v 0.708561 0.321613 0.465946
v 0.708561 0.321613 0.474054
v 0.638892 0.338439 0.509194
v 0.655108 0.338439 0.509194
v 0.647000 0.359668 0.515753
v 0.660121 0.351560 0.513248
v 0.633879 0.351560 0.513248
v 0.638892 0.461561 0.509194
v 0.655108 0.461561 0.509194
v 0.647000 0.440332 0.515753
v 0.660121 0.448440 0.513248
v 0.633879 0.448440 0.513248
v 0.638892 0.338439 0.430806
v 0.655108 0.338439 0.430806
v 0.647000 0.359668 0.424247
v 0.660121 0.351560 0.426752
v 0.633879 0.351560 0.426752
v 0.638892 0.461561 0.430806
v 0.655108 0.461561 0.430806
v 0.647000 0.440332 0.424247
v 0.660121 0.448440 0.426752
v 0.633879 0.448440 0.426752
v 0.733495 0.413121 0.445780
v 0.733495 0.386879 0.445780
v 0.725387 0.391892 0.439220
v 0.725387 0.408108 0.439220
v 0.738506 0.400000 0.449834
v 0.733495 0.413121 0.494220
v 0.733495 0.386879 0.494220
v 0.725387 0.391892 0.500780
v 0.725387 0.408108 0.500780
v 0.738506 0.400000 0.490166
v 0.560505 0.413121 0.445780
v 0.560505 0.386879 0.445780
v 0.568613 0.391892 0.439220
v 0.568613 0.408108 0.439220
v 0.555494 0.400000 0.449834
v 0.560505 0.413121 0.494220
v 0.560505 0.386879 0.494220
v 0.568613 0.391892 0.500780
v 0.568613 0.408108 0.500780
v 0.555494 0.400000 0.490166
v 0.633206 0.499044 0.470000
v 0.660794 0.499044 0.470000
v 0.638776 0.498769 0.476654
v 0.638776 0.498769 0.463346
v 0.655224 0.498769 0.476654
v 0.655224 0.498769 0.463346
v 0.609499 0.484392 0.489181
v 0.623293 0.475864 0.500342
v 0.623134 0.489100 0.489310
v 0.601603 0.475794 0.493422
v 0.631358 0.484017 0.495964
v 0.609826 0.470710 0.500076
v 0.609499 0.484392 0.450819
v 0.623293 0.475864 0.439658
v 0.623134 0.489100 0.450690
v 0.601603 0.475794 0.446578
v 0.631358 0.484017 0.444036
v 0.609826 0.470710 0.439924
v 0.571136 0.460685 0.458147
v 0.562608 0.438363 0.451250
v 0.576290 0.460152 0.451413
v 0.562983 0.451928 0.462179
v 0.571206 0.446844 0.447301
v 0.557900 0.438620 0.458067
v 0.571136 0.460685 0.481853
v 0.562608 0.438363 0.488750
v 0.576290 0.460152 0.488587
v 0.562983 0.451928 0.477821
v 0.571206 0.446844 0.492699
v 0.557900 0.438620 0.481933
v 0.684501 0.484392 0.489181
v 0.670707 0.475864 0.500342
v 0.670866 0.489100 0.489310
v 0.662642 0.484017 0.495964
v 0.692397 0.475794 0.493422
v 0.684174 0.470710 0.500076
v 0.684501 0.484392 0.450819
v 0.670707 0.475864 0.439658
v 0.670866 0.489100 0.450690
v 0.662642 0.484017 0.444036
v 0.692397 0.475794 0.446578
v 0.684174 0.470710 0.439924
v 0.722864 0.460685 0.458147
v 0.731392 0.438363 0.451250
v 0.717710 0.460152 0.451413
v 0.731017 0.451928 0.462179
v 0.722794 0.446844 0.447301
v 0.736100 0.438620 0.458067
v 0.722864 0.460685 0.481853
v 0.731392 0.438363 0.488750
v 0.717710 0.460152 0.488587
v 0.731017 0.451928 0.477821
v 0.722794 0.446844 0.492699
v 0.736100 0.438620 0.481933
v 0.633206 0.300956 0.470000
v 0.660794 0.300956 0.470000
v 0.638776 0.301231 0.476654
v 0.638776 0.301231 0.463346
v 0.655224 0.301231 0.476654
v 0.655224 0.301231 0.463346
v 0.609499 0.315608 0.489181
v 0.623293 0.324136 0.500342
v 0.623134 0.310900 0.489310
v 0.601603 0.324206 0.493422
v 0.631358 0.315983 0.495964
v 0.609826 0.329290 0.500076
v 0.609499 0.315608 0.450819
v 0.623293 0.324136 0.439658
v 0.623134 0.310900 0.450690
v 0.601603 0.324206 0.446578
v 0.631358 0.315983 0.444036
v 0.609826 0.329290 0.439924
v 0.571136 0.339315 0.458147
v 0.562608 0.361637 0.451250
v 0.576290 0.339848 0.451413
v 0.562983 0.348072 0.462179
v 0.571206 0.353156 0.447301
v 0.557900 0.361380 0.458067
v 0.571136 0.339315 0.481853
v 0.562608 0.361637 0.488750
v 0.576290 0.339848 0.488587
v 0.562983 0.348072 0.477821
v 0.571206 0.353156 0.492699
v 0.557900 0.361380 0.481933
v 0.684501 0.315608 0.489181
v 0.670707 0.324136 0.500342
v 0.670866 0.310900 0.489310
v 0.662642 0.315983 0.495964
v 0.692397 0.324206 0.493422
v 0.684174 0.329290 0.500076
v 0.684501 0.315608 0.450819
v 0.670707 0.324136 0.439658
v 0.670866 0.310900 0.450690
v 0.662642 0.315983 0.444036
v 0.692397 0.324206 0.446578
v 0.684174 0.329290 0.439924
v 0.722864 0.339315 0.458147
v 0.731392 0.361637 0.451250
v 0.717710 0.339848 0.451413
v 0.731017 0.348072 0.462179
v 0.722794 0.353156 0.447301
v 0.736100 0.361380 0.458067
v 0.722864 0.339315 0.481853
v 0.731392 0.361637 0.488750
v 0.717710 0.339848 0.488587
v 0.731017 0.348072 0.477821
v 0.722794 0.353156 0.492699
v 0.736100 0.361380 0.481933
v 0.647000 0.386206 0.519522
v 0.647000 0.413794 0.519522
v 0.660308 0.391776 0.519384
v 0.633692 0.391776 0.519384
v 0.660308 0.408224 0.519384
v 0.633692 0.408224 0.519384
v 0.685363 0.362499 0.512196
v 0.707685 0.376293 0.507932
v 0.693844 0.354603 0.507897
v 0.707152 0.362826 0.505355
v 0.685620 0.376134 0.514550
v 0.698928 0.384358 0.512008
v 0.608637 0.362499 0.512196
v 0.586315 0.376293 0.507932
v 0.600156 0.354603 0.507897
v 0.586848 0.362826 0.505355
v 0.608380 0.376134 0.514550
v 0.595072 0.384358 0.512008
v 0.685363 0.437501 0.512196
v 0.707685 0.423707 0.507932
v 0.693844 0.445397 0.507897
v 0.707152 0.437174 0.505355
v 0.685620 0.423866 0.514550
v 0.698928 0.415642 0.512008
v 0.608637 0.437501 0.512196
v 0.586315 0.423707 0.507932
v 0.600156 0.445397 0.507897
v 0.586848 0.437174 0.505355
v 0.608380 0.423866 0.514550
v 0.595072 0.415642 0.512008
v 0.647000 0.386206 0.420478
v 0.647000 0.413794 0.420478
v 0.660308 0.391776 0.420616
v 0.633692 0.391776 0.420616
v 0.660308 0.408224 0.420616
v 0.633692 0.408224 0.420616
v 0.685363 0.362499 0.427804
v 0.707685 0.376293 0.432068
v 0.693844 0.354603 0.432103
v 0.707152 0.362826 0.434645
v 0.685620 0.376134 0.425450
v 0.698928 0.384358 0.427992
v 0.608637 0.362499 0.427804
v 0.586315 0.376293 0.432068
v 0.600156 0.354603 0.432103
v 0.586848 0.362826 0.434645
v 0.608380 0.376134 0.425450
v 0.595072 0.384358 0.427992
v 0.685363 0.437501 0.427804
v 0.707685 0.423707 0.432068
v 0.693844 0.445397 0.432103
v 0.707152 0.437174 0.434645
v 0.685620 0.423866 0.425450
v 0.698928 0.415642 0.427992
v 0.608637 0.437501 0.427804
v 0.586315 0.423707 0.432068
v 0.600156 0.445397 0.432103
v 0.586848 0.437174 0.434645
v 0.608380 0.423866 0.425450
v 0.595072 0.415642 0.427992
v 0.746044 0.400000 0.463103
v 0.746044 0.400000 0.476897
v 0.745769 0.413308 0.465888
v 0.745769 0.413308 0.474112
v 0.745769 0.386692 0.465888
v 0.745769 0.386692 0.474112
v 0.547956 0.400000 0.463103
v 0.547956 0.400000 0.476897
v 0.548231 0.413308 0.465888
v 0.548231 0.413308 0.474112
v 0.548231 0.386692 0.465888
v 0.548231 0.386692 0.474112
v 0.611180 0.492432 0.476583
v 0.611180 0.492432 0.463417
v 0.624990 0.496640 0.476640
v 0.624990 0.496640 0.463360
v 0.589878 0.479267 0.480651
v 0.616877 0.491625 0.483205
v 0.595390 0.478346 0.487308
v 0.589878 0.479267 0.459349
v 0.616877 0.491625 0.456795
v 0.595390 0.478346 0.452692
v 0.576712 0.471131 0.470000
v 0.582261 0.470233 0.455200
v 0.568981 0.462026 0.465943
v 0.582261 0.470233 0.484800
v 0.568981 0.462026 0.474057
v 0.682820 0.492432 0.476583
v 0.682820 0.492432 0.463417
v 0.669010 0.496640 0.476640
v 0.669010 0.496640 0.463360
v 0.704122 0.479267 0.480651
v 0.677123 0.491625 0.483205
v 0.698610 0.478346 0.487308
v 0.704122 0.479267 0.459349
v 0.677123 0.491625 0.456795
v 0.698610 0.478346 0.452692
v 0.717288 0.471131 0.470000
v 0.711739 0.470233 0.455200
v 0.725019 0.462026 0.465943
v 0.711739 0.470233 0.484800
v 0.725019 0.462026 0.474057
v 0.611180 0.307568 0.476583
v 0.611180 0.307568 0.463417
v 0.624990 0.303360 0.476640
v 0.624990 0.303360 0.463360
v 0.589878 0.320733 0.480651
v 0.616877 0.308375 0.483205
v 0.595390 0.321654 0.487308
v 0.589878 0.320733 0.459349
v 0.616877 0.308375 0.456795
v 0.595390 0.321654 0.452692
v 0.576712 0.328869 0.470000
v 0.582261 0.329767 0.455200
v 0.568981 0.337974 0.465943
v 0.582261 0.329767 0.484800
v 0.568981 0.337974 0.474057
v 0.682820 0.307568 0.476583
v 0.682820 0.307568 0.463417
v 0.669010 0.303360 0.476640
v 0.669010 0.303360 0.463360
v 0.704122 0.320733 0.480651
v 0.677123 0.308375 0.483205
v 0.698610 0.321654 0.487308
v 0.704122 0.320733 0.459349
v 0.677123 0.308375 0.456795
v 0.698610 0.321654 0.452692
v 0.717288 0.328869 0.470000
v 0.711739 0.329767 0.455200
v 0.725019 0.337974 0.465943
v 0.711739 0.329767 0.484800
v 0.725019 0.337974 0.474057
v 0.647000 0.329712 0.505565
v 0.625698 0.342878 0.509634
v 0.638886 0.321981 0.501013
v 0.617400 0.335261 0.505116
v 0.668302 0.342878 0.509634
v 0.655114 0.321981 0.501013
v 0.676600 0.335261 0.505116
v 0.660166 0.364180 0.516216
v 0.633834 0.364180 0.516216
v 0.660280 0.377990 0.518320
v 0.633720 0.377990 0.518320
v 0.681616 0.348390 0.509173
v 0.673409 0.369877 0.515812
v 0.612384 0.348390 0.509173
v 0.620591 0.369877 0.515812
v 0.647000 0.470288 0.505565
v 0.625698 0.457122 0.509634
v 0.638886 0.478019 0.501013
v 0.617400 0.464739 0.505116
v 0.668302 0.457122 0.509634
v 0.655114 0.478019 0.501013
v 0.676600 0.464739 0.505116
v 0.660166 0.435820 0.516216
v 0.633834 0.435820 0.516216
v 0.660280 0.422010 0.518320
v 0.633720 0.422010 0.518320
v 0.681616 0.451610 0.509173
v 0.673409 0.430123 0.515812
v 0.612384 0.451610 0.509173
v 0.620591 0.430123 0.515812
v 0.647000 0.329712 0.434435
v 0.625698 0.342878 0.430366
v 0.638886 0.321981 0.438987
v 0.617400 0.335261 0.434884
v 0.668302 0.342878 0.430366
v 0.655114 0.321981 0.438987
v 0.676600 0.335261 0.434884
v 0.660166 0.364180 0.423784
v 0.633834 0.364180 0.423784
v 0.660280 0.377990 0.421680
v 0.633720 0.377990 0.421680
v 0.681616 0.348390 0.430827
v 0.673409 0.369877 0.424188
v 0.612384 0.348390 0.430827
v 0.620591 0.369877 0.424188
v 0.647000 0.470288 0.434435
v 0.625698 0.457122 0.430366
v 0.638886 0.478019 0.438987
v 0.617400 0.464739 0.434884
v 0.668302 0.457122 0.430366
v 0.655114 0.478019 0.438987
v 0.676600 0.464739 0.434884
v 0.660166 0.435820 0.423784
v 0.633834 0.435820 0.423784
v 0.660280 0.422010 0.421680
v 0.633720 0.422010 0.421680
v 0.681616 0.451610 0.430827
v 0.673409 0.430123 0.424188
v 0.612384 0.451610 0.430827
v 0.620591 0.430123 0.424188
v 0.726267 0.421302 0.441439
v 0.739432 0.413166 0.452090
v 0.725347 0.434616 0.444195
v 0.738625 0.426409 0.454938
v 0.726267 0.378698 0.441439
v 0.739432 0.386834 0.452090
v 0.725347 0.365384 0.444195
v 0.738625 0.373591 0.454938
v 0.718131 0.400000 0.434856
v 0.717233 0.370400 0.437630
v 0.709026 0.391886 0.430991
v 0.717233 0.429600 0.437630
v 0.709026 0.408114 0.430991
v 0.743640 0.413280 0.458995
v 0.743640 0.386720 0.458995
v 0.726267 0.421302 0.498561
v 0.739432 0.413166 0.487910
v 0.725347 0.434616 0.495805
v 0.738625 0.426409 0.485062
v 0.726267 0.378698 0.498561
v 0.739432 0.386834 0.487910
v 0.725347 0.365384 0.495805
v 0.738625 0.373591 0.485062
v 0.718131 0.400000 0.505144
v 0.717233 0.370400 0.502370
v 0.709026 0.391886 0.509009
v 0.717233 0.429600 0.502370
v 0.709026 0.408114 0.509009
v 0.743640 0.413280 0.481005
v 0.743640 0.386720 0.481005
v 0.567733 0.421302 0.441439
v 0.554568 0.413166 0.452090
v 0.568654 0.434616 0.444195
v 0.555375 0.426409 0.454938
v 0.567733 0.378698 0.441439
v 0.554568 0.386834 0.452090
v 0.568654 0.365384 0.444195
v 0.555375 0.373591 0.454938
v 0.575869 0.400000 0.434856
v 0.576767 0.370400 0.437630
v 0.584974 0.391886 0.430991
v 0.576767 0.429600 0.437630
v 0.584974 0.408114 0.430991
v 0.550360 0.413280 0.458995
v 0.550360 0.386720 0.458995
v 0.567733 0.421302 0.498561
v 0.554568 0.413166 0.487910
v 0.568654 0.434616 0.495805
v 0.555375 0.426409 0.485062
v 0.567733 0.378698 0.498561
v 0.554568 0.386834 0.487910
v 0.568654 0.365384 0.495805
v 0.555375 0.373591 0.485062
v 0.575869 0.400000 0.505144
v 0.576767 0.370400 0.502370
v 0.584974 0.391886 0.509009
v 0.576767 0.429600 0.502370
v 0.584974 0.408114 0.509009
v 0.550360 0.413280 0.481005
v 0.550360 0.386720 0.481005
v 0.647000 0.496386 0.483321
v 0.638768 0.491298 0.489981
v 0.647000 0.496386 0.456679
v 0.638768 0.491298 0.450019
v 0.655232 0.491298 0.489981
v 0.655232 0.491298 0.450019
v 0.595663 0.464658 0.498213
v 0.582342 0.456426 0.495668
v 0.590574 0.451337 0.502329
v 0.595663 0.464658 0.441787
v 0.582342 0.456426 0.444332
v 0.590574 0.451337 0.437671
v 0.555702 0.439962 0.465884
v 0.555702 0.439962 0.474116
v 0.550614 0.426642 0.470000
v 0.698337 0.464658 0.498213
v 0.711658 0.456426 0.495668
v 0.703426 0.451337 0.502329
v 0.698337 0.464658 0.441787
v 0.711658 0.456426 0.444332
v 0.703426 0.451337 0.437671
v 0.738298 0.439962 0.465884
v 0.738298 0.439962 0.474116
v 0.743386 0.426642 0.470000
v 0.647000 0.303614 0.483321
v 0.638768 0.308702 0.489981
v 0.647000 0.303614 0.456679
v 0.638768 0.308702 0.450019
v 0.655232 0.308702 0.489981
v 0.655232 0.308702 0.450019
v 0.595663 0.335342 0.498213
v 0.582342 0.343574 0.495668
v 0.590574 0.348663 0.502329
v 0.595663 0.335342 0.441787
v 0.582342 0.343574 0.444332
v 0.590574 0.348663 0.437671
v 0.555702 0.360038 0.465884
v 0.555702 0.360038 0.474116
v 0.550614 0.373358 0.470000
v 0.698337 0.335342 0.498213
v 0.711658 0.343574 0.495668
v 0.703426 0.348663 0.502329
v 0.698337 0.335342 0.441787
v 0.711658 0.343574 0.444332
v 0.703426 0.348663 0.437671
v 0.738298 0.360038 0.465884
v 0.738298 0.360038 0.474116
v 0.743386 0.373358 0.470000
v 0.673642 0.400000 0.518193
v 0.686962 0.391768 0.515649
v 0.620358 0.400000 0.518193
v 0.607038 0.391768 0.515649
v 0.686962 0.408232 0.515649
v 0.607038 0.408232 0.515649
v 0.673642 0.400000 0.421807
v 0.686962 0.391768 0.424351
v 0.620358 0.400000 0.421807
v 0.607038 0.391768 0.424351
v 0.686962 0.408232 0.424351
v 0.607038 0.408232 0.424351
v 0.194431 0.485068 0.761000
v 0.299569 0.485068 0.761000
v 0.194431 0.314932 0.761000
v 0.299569 0.314932 0.761000
v 0.247000 0.347431 0.803534
v 0.247000 0.452569 0.803534
v 0.247000 0.347431 0.718466
v 0.247000 0.452569 0.718466
v 0.332068 0.400000 0.734716
v 0.332068 0.400000 0.787284
v 0.161932 0.400000 0.734716
v 0.161932 0.400000 0.787284
v 0.247000 0.500000 0.761000
v 0.216101 0.480901 0.786001
v 0.216101 0.480901 0.735999
v 0.166099 0.450002 0.745550
v 0.166099 0.450002 0.776450
v 0.277899 0.480901 0.786001
v 0.277899 0.480901 0.735999
v 0.327901 0.450002 0.745550
v 0.327901 0.450002 0.776450
v 0.247000 0.300000 0.761000
v 0.216101 0.319099 0.786001
v 0.216101 0.319099 0.735999
v 0.166099 0.349998 0.745550
v 0.166099 0.349998 0.776450
v 0.277899 0.319099 0.786001
v 0.277899 0.319099 0.735999
v 0.327901 0.349998 0.745550
v 0.327901 0.349998 0.776450
v 0.247000 0.400000 0.811000
v 0.297002 0.369101 0.801451
v 0.196998 0.369101 0.801451
v 0.297002 0.430899 0.801451
v 0.196998 0.430899 0.801451
v 0.247000 0.400000 0.711000
v 0.297002 0.369101 0.720549
v 0.196998 0.369101 0.720549
v 0.297002 0.430899 0.720549
v 0.196998 0.430899 0.720549
v 0.347000 0.400000 0.761000
v 0.147000 0.400000 0.761000
v 0.219676 0.496195 0.761000
v 0.203615 0.486268 0.773995
v 0.203615 0.486268 0.748005
v 0.177624 0.470207 0.752970
v 0.177624 0.470207 0.769030
v 0.274324 0.496195 0.761000
v 0.290385 0.486268 0.773995
v 0.290385 0.486268 0.748005
v 0.316376 0.470207 0.752970
v 0.316376 0.470207 0.769030
v 0.219676 0.303805 0.761000
v 0.203615 0.313732 0.773995
v 0.203615 0.313732 0.748005
v 0.177624 0.329793 0.752970
v 0.177624 0.329793 0.769030
v 0.274324 0.303805 0.761000
v 0.290385 0.313732 0.773995
v 0.290385 0.313732 0.748005
v 0.316376 0.329793 0.752970
v 0.316376 0.329793 0.769030
v 0.230939 0.330624 0.796104
v 0.263061 0.330624 0.796104
v 0.247000 0.372676 0.809097
v 0.272990 0.356615 0.804134
v 0.221010 0.356615 0.804134
v 0.230939 0.469376 0.796104
v 0.263061 0.469376 0.796104
v 0.247000 0.427324 0.809097
v 0.272990 0.443385 0.804134
v 0.221010 0.443385 0.804134
v 0.230939 0.330624 0.725896
v 0.263061 0.330624 0.725896
v 0.247000 0.372676 0.712903
v 0.272990 0.356615 0.717866
v 0.221010 0.356615 0.717866
v 0.230939 0.469376 0.725896
v 0.263061 0.469376 0.725896
v 0.247000 0.427324 0.712903
v 0.272990 0.443385 0.717866
v 0.221010 0.443385 0.717866
v 0.333268 0.425990 0.739307
v 0.333268 0.374010 0.739307
v 0.317207 0.383939 0.726312
v 0.317207 0.416061 0.726312
v 0.343195 0.400000 0.747338
v 0.333268 0.425990 0.782693
v 0.333268 0.374010 0.782693
v 0.317207 0.383939 0.795688
v 0.317207 0.416061 0.795688
v 0.343195 0.400000 0.774662
v 0.160732 0.425990 0.739307
v 0.160732 0.374010 0.739307
v 0.176793 0.383939 0.726312
v 0.176793 0.416061 0.726312
v 0.150805 0.400000 0.747338
v 0.160732 0.425990 0.782693
v 0.160732 0.374010 0.782693
v 0.176793 0.383939 0.795688
v 0.176793 0.416061 0.795688
v 0.150805 0.400000 0.774662
v 0.230755 0.495106 0.774144
v 0.230755 0.495106 0.747856
v 0.263245 0.495106 0.774144
v 0.263245 0.495106 0.747856
v 0.188223 0.468820 0.782266
v 0.247000 0.485064 0.787287
v 0.204468 0.458777 0.795410
v 0.188223 0.468820 0.739734
v 0.247000 0.485064 0.734713
v 0.204468 0.458777 0.726590
v 0.161936 0.452575 0.761000
v 0.178180 0.442532 0.731611
v 0.151894 0.426288 0.752878
v 0.178180 0.442532 0.790389
v 0.151894 0.426288 0.769122
v 0.305777 0.468820 0.782266
v 0.289532 0.458777 0.795410
v 0.305777 0.468820 0.739734
v 0.289532 0.458777 0.726590
v 0.332064 0.452575 0.761000
v 0.315820 0.442532 0.731611
v 0.342106 0.426288 0.752878
v 0.315820 0.442532 0.790389
v 0.342106 0.426288 0.769122
v 0.230755 0.304894 0.774144
v 0.230755 0.304894 0.747856
v 0.263245 0.304894 0.774144
v 0.263245 0.304894 0.747856
v 0.188223 0.331180 0.782266
v 0.247000 0.314936 0.787287
v 0.204468 0.341223 0.795410
v 0.188223 0.331180 0.739734
v 0.247000 0.314936 0.734713
v 0.204468 0.341223 0.726590
v 0.161936 0.347425 0.761000
v 0.178180 0.357468 0.731611
v 0.151894 0.373712 0.752878
v 0.178180 0.357468 0.790389
v 0.151894 0.373712 0.769122
v 0.305777 0.331180 0.782266
v 0.289532 0.341223 0.795410
v 0.305777 0.331180 0.739734
v 0.289532 0.341223 0.726590
v 0.332064 0.347425 0.761000
v 0.315820 0.357468 0.731611
v 0.342106 0.373712 0.752878
v 0.315820 0.357468 0.790389
v 0.342106 0.373712 0.769122
v 0.273288 0.383755 0.808553
v 0.220712 0.383755 0.808553
v 0.273288 0.416245 0.808553
v 0.220712 0.416245 0.808553
v 0.299575 0.400000 0.803532
v 0.194425 0.400000 0.803532
v 0.273288 0.383755 0.713447
v 0.220712 0.383755 0.713447
v 0.273288 0.416245 0.713447
v 0.220712 0.416245 0.713447
v 0.299575 0.400000 0.718468
v 0.194425 0.400000 0.718468
v 0.206668 0.491506 0.761000
v 0.198560 0.486495 0.767560
v 0.198560 0.486495 0.754440
v 0.185439 0.478387 0.756946
v 0.185439 0.478387 0.765054
v 0.287332 0.491506 0.761000
v 0.295440 0.486495 0.767560
v 0.295440 0.486495 0.754440
v 0.308561 0.478387 0.756946
v 0.308561 0.478387 0.765054
v 0.206668 0.308494 0.761000
v 0.198560 0.313505 0.767560
v 0.198560 0.313505 0.754440
v 0.185439 0.321613 0.756946
v 0.185439 0.321613 0.765054
v 0.287332 0.308494 0.761000
v 0.295440 0.313505 0.767560
v 0.295440 0.313505 0.754440
v 0.308561 0.321613 0.756946
v 0.308561 0.321613 0.765054
v 0.238892 0.338439 0.800193
v 0.255108 0.338439 0.800193
v 0.247000 0.359668 0.806753
v 0.260121 0.351560 0.804247
v 0.233879 0.351560 0.804247
v 0.238892 0.461561 0.800193
v 0.255108 0.461561 0.800193
v 0.247000 0.440332 0.806753
v 0.260121 0.448440 0.804247
v 0.233879 0.448440 0.804247
v 0.238892 0.338439 0.721806
v 0.255108 0.338439 0.721806
v 0.247000 0.359668 0.715247
v 0.260121 0.351560 0.717752
v 0.233879 0.351560 0.717752
v 0.238892 0.461561 0.721806
v 0.255108 0.461561 0.721806
v 0.247000 0.440332 0.715247
v 0.260121 0.448440 0.717752
v 0.233879 0.448440 0.717752
v 0.333495 0.413121 0.736780
v 0.333495 0.386879 0.736780
v 0.325387 0.391892 0.730220
v 0.325387 0.408108 0.730220
v 0.338506 0.400000 0.740834
v 0.333495 0.413121 0.785220
v 0.333495 0.386879 0.785220
v 0.325387 0.391892 0.791780
v 0.325387 0.408108 0.791780
v 0.338506 0.400000 0.781166
v 0.160505 0.413121 0.736780
v 0.160505 0.386879 0.736780
v 0.168613 0.391892 0.730220
v 0.168613 0.408108 0.730220
v 0.155494 0.400000 0.740834
v 0.160505 0.413121 0.785220
v 0.160505 0.386879 0.785220
v 0.168613 0.391892 0.791780
v 0.168613 0.408108 0.791780
v 0.155494 0.400000 0.781166
v 0.233206 0.499044 0.761000
v 0.260794 0.499044 0.761000
v 0.238776 0.498769 0.767654
v 0.238776 0.498769 0.754346
v 0.255224 0.498769 0.767654
v 0.255224 0.498769 0.754346
v 0.209499 0.484392 0.780181
v 0.223293 0.475864 0.791342
v 0.223134 0.489100 0.780310
v 0.201603 0.475794 0.784422
v 0.231358 0.484017 0.786964
v 0.209826 0.470710 0.791076
v 0.209499 0.484392 0.741818
v 0.223293 0.475864 0.730658
v 0.223134 0.489100 0.741690
v 0.201603 0.475794 0.737578
v 0.231358 0.484017 0.735036
v 0.209826 0.470710 0.730924
v 0.171136 0.460685 0.749147
v 0.162608 0.438363 0.742249
v 0.176290 0.460152 0.742413
v 0.162983 0.451928 0.753179
v 0.171206 0.446844 0.738301
v 0.157900 0.438620 0.749067
v 0.171136 0.460685 0.772853
v 0.162608 0.438363 0.779750
v 0.176290 0.460152 0.779587
v 0.162983 0.451928 0.768821
v 0.171206 0.446844 0.783699
v 0.157900 0.438620 0.772933
v 0.284501 0.484392 0.780181
v 0.270707 0.475864 0.791342
v 0.270866 0.489100 0.780310
v 0.262642 0.484017 0.786964
v 0.292397 0.475794 0.784422
v 0.284174 0.470710 0.791076
v 0.284501 0.484392 0.741818
v 0.270707 0.475864 0.730658
v 0.270866 0.489100 0.741690
v 0.262642 0.484017 0.735036
v 0.292397 0.475794 0.737578
v 0.284174 0.470710 0.730924
v 0.322864 0.460685 0.749147
v 0.331392 0.438363 0.742249
v 0.317710 0.460152 0.742413
v 0.331017 0.451928 0.753179
v 0.322794 0.446844 0.738301
v 0.336100 0.438620 0.749067
v 0.322864 0.460685 0.772853
v 0.331392 0.438363 0.779750
v 0.317710 0.460152 0.779587
v 0.331017 0.451928 0.768821
v 0.322794 0.446844 0.783699
v 0.336100 0.438620 0.772933
v 0.233206 0.300956 0.761000
v 0.260794 0.300956 0.761000
v 0.238776 0.301231 0.767654
v 0.238776 0.301231 0.754346
v 0.255224 0.301231 0.767654
v 0.255224 0.301231 0.754346
v 0.209499 0.315608 0.780181
v 0.223293 0.324136 0.791342
v 0.223134 0.310900 0.780310
v 0.201603 0.324206 0.784422
v 0.231358 0.315983 0.786964
v 0.209826 0.329290 0.791076
v 0.209499 0.315608 0.741818
v 0.223293 0.324136 0.730658
v 0.223134 0.310900 0.741690
v 0.201603 0.324206 0.737578
v 0.231358 0.315983 0.735036
v 0.209826 0.329290 0.730924
v 0.171136 0.339315 0.749147
v 0.162608 0.361637 0.742249
v 0.176290 0.339848 0.742413
v 0.162983 0.348072 0.753179
v 0.171206 0.353156 0.738301
v 0.157900 0.361380 0.749067
v 0.171136 0.339315 0.772853
v 0.162608 0.361637 0.779750
v 0.176290 0.339848 0.779587
v 0.162983 0.348072 0.768821
v 0.171206 0.353156 0.783699
v 0.157900 0.361380 0.772933
v 0.284501 0.315608 0.780181
v 0.270707 0.324136 0.791342
v 0.270866 0.310900 0.780310
v 0.262642 0.315983 0.786964
v 0.292397 0.324206 0.784422
v 0.284174 0.329290 0.791076
v 0.284501 0.315608 0.741818
v 0.270707 0.324136 0.730658
v 0.270866 0.310900 0.741690
v 0.262642 0.315983 0.735036
v 0.292397 0.324206 0.737578
v 0.284174 0.329290 0.730924
v 0.322864 0.339315 0.749147
v 0.331392 0.361637 0.742249
v 0.317710 0.339848 0.742413
v 0.331017 0.348072 0.753179
v 0.322794 0.353156 0.738301
v 0.336100 0.361380 0.749067
v 0.322864 0.339315 0.772853
v 0.331392 0.361637 0.779750
v 0.317710 0.339848 0.779587
v 0.331017 0.348072 0.768821
v 0.322794 0.353156 0.783699
v 0.336100 0.361380 0.772933
v 0.247000 0.386206 0.810522
v 0.247000 0.413794 0.810522
v 0.260308 0.391776 0.810384
v 0.233692 0.391776 0.810384
v 0.260308 0.408224 0.810384
v 0.233692 0.408224 0.810384
v 0.285363 0.362499 0.803196
v 0.307685 0.376293 0.798932
v 0.293844 0.354603 0.798897
v 0.307152 0.362826 0.796355
v 0.285620 0.376134 0.805550
v 0.298928 0.384358 0.803008
v 0.208637 0.362499 0.803196
v 0.186315 0.376293 0.798932
v 0.200156 0.354603 0.798897
v 0.186848 0.362826 0.796355
v 0.208380 0.376134 0.805550
v 0.195072 0.384358 0.803008
v 0.285363 0.437501 0.803196
v 0.307685 0.423707 0.798932
v 0.293844 0.445397 0.798897
v 0.307152 0.437174 0.796355
v 0.285620 0.423866 0.805550
v 0.298928 0.415642 0.803008
v 0.208637 0.437501 0.803196
v 0.186315 0.423707 0.798932
v 0.200156 0.445397 0.798897
v 0.186848 0.437174 0.796355
v 0.208380 0.423866 0.805550
v 0.195072 0.415642 0.803008
v 0.247000 0.386206 0.711478
v 0.247000 0.413794 0.711478
v 0.260308 0.391776 0.711616
v 0.233692 0.391776 0.711616
v 0.260308 0.408224 0.711616
v 0.233692 0.408224 0.711616
v 0.285363 0.362499 0.718804
v 0.307685 0.376293 0.723068
v 0.293844 0.354603 0.723103
v 0.307152 0.362826 0.725645
v 0.285620 0.376134 0.716450
v 0.298928 0.384358 0.718992
v 0.208637 0.362499 0.718804
v 0.186315 0.376293 0.723068
v 0.200156 0.354603 0.723103
v 0.186848 0.362826 0.725645
v 0.208380 0.376134 0.716450
v 0.195072 0.384358 0.718992
v 0.285363 0.437501 0.718804
v 0.307685 0.423707 0.723068
v 0.293844 0.445397 0.723103
v 0.307152 0.437174 0.725645
v 0.285620 0.423866 0.716450
v 0.298928 0.415642 0.718992
v 0.208637 0.437501 0.718804
v 0.186315 0.423707 0.723068
v 0.200156 0.445397 0.723103
v 0.186848 0.437174 0.725645
v 0.208380 0.423866 0.716450
v 0.195072 0.415642 0.718992
v 0.346044 0.400000 0.754103
v 0.346044 0.400000 0.767897
v 0.345769 0.413308 0.756888
v 0.345769 0.413308 0.765112
v 0.345769 0.386692 0.756888
v 0.345769 0.386692 0.765112
v 0.147956 0.400000 0.754103
v 0.147956 0.400000 0.767897
v 0.148231 0.413308 0.756888
v 0.148231 0.413308 0.765112
v 0.148231 0.386692 0.756888
v 0.148231 0.386692 0.765112
v 0.211180 0.492432 0.767583
v 0.211180 0.492432 0.754417
v 0.224990 0.496640 0.767640
v 0.224990 0.496640 0.754360
v 0.189878 0.479267 0.771651
v 0.216877 0.491625 0.774205
v 0.195390 0.478346 0.778308
v 0.189878 0.479267 0.750349
v 0.216877 0.491625 0.747795
v 0.195390 0.478346 0.743692
v 0.176712 0.471131 0.761000
v 0.182261 0.470233 0.746200
v 0.168981 0.462026 0.756943
v 0.182261 0.470233 0.775800
v 0.168981 0.462026 0.765057
v 0.282820 0.492432 0.767583
v 0.282820 0.492432 0.754417
v 0.269010 0.496640 0.767640
v 0.269010 0.496640 0.754360
v 0.304122 0.479267 0.771651
v 0.277123 0.491625 0.774205
v 0.298610 0.478346 0.778308
v 0.304122 0.479267 0.750349
v 0.277123 0.491625 0.747795
v 0.298610 0.478346 0.743692
v 0.317288 0.471131 0.761000
v 0.311739 0.470233 0.746200
v 0.325019 0.462026 0.756943
v 0.311739 0.470233 0.775800
v 0.325019 0.462026 0.765057
v 0.211180 0.307568 0.767583
v 0.211180 0.307568 0.754417
v 0.224990 0.303360 0.767640
v 0.224990 0.303360 0.754360
v 0.189878 0.320733 0.771651
v 0.216877 0.308375 0.774205
v 0.195390 0.321654 0.778308
v 0.189878 0.320733 0.750349
v 0.216877 0.308375 0.747795
v 0.195390 0.321654 0.743692
v 0.176712 0.328869 0.761000
v 0.182261 0.329767 0.746200
v 0.168981 0.337974 0.756943
v 0.182261 0.329767 0.775800
v 0.168981 0.337974 0.765057
v 0.282820 0.307568 0.767583
v 0.282820 0.307568 0.754417
v 0.269010 0.303360 0.767640
v 0.269010 0.303360 0.754360
v 0.304122 0.320733 0.771651
v 0.277123 0.308375 0.774205
v 0.298610 0.321654 0.778308
v 0.304122 0.320733 0.750349
v 0.277123 0.308375 0.747795
v 0.298610 0.321654 0.743692
v 0.317288 0.328869 0.761000
v 0.311739 0.329767 0.746200
v 0.325019 0.337974 0.756943
v 0.311739 0.329767 0.775800
v 0.325019 0.337974 0.765057
v 0.247000 0.329712 0.796565
v 0.225698 0.342878 0.800633
v 0.238886 0.321981 0.792013
v 0.217400 0.335261 0.796116
v 0.268302 0.342878 0.800633
v 0.255114 0.321981 0.792013
v 0.276600 0.335261 0.796116
v 0.260166 0.364180 0.807216
v 0.233834 0.364180 0.807216
v 0.260280 0.377990 0.809320
v 0.233720 0.377990 0.809320
v 0.281616 0.348390 0.800173
v 0.273409 0.369877 0.806812
v 0.212384 0.348390 0.800173
v 0.220591 0.369877 0.806812
v 0.247000 0.470288 0.796565
v 0.225698 0.457122 0.800633
v 0.238886 0.478019 0.792013
v 0.217400 0.464739 0.796116
v 0.268302 0.457122 0.800633
v 0.255114 0.478019 0.792013
v 0.276600 0.464739 0.796116
v 0.260166 0.435820 0.807216
v 0.233834 0.435820 0.807216
v 0.260280 0.422010 0.809320
v 0.233720 0.422010 0.809320
v 0.281616 0.451610 0.800173
v 0.273409 0.430123 0.806812
v 0.212384 0.451610 0.800173
v 0.220591 0.430123 0.806812
v 0.247000 0.329712 0.725435
v 0.225698 0.342878 0.721366
v 0.238886 0.321981 0.729987
v 0.217400 0.335261 0.725884
v 0.268302 0.342878 0.721366
v 0.255114 0.321981 0.729987
v 0.276600 0.335261 0.725884
v 0.260166 0.364180 0.714784
v 0.233834 0.364180 0.714784
v 0.260280 0.377990 0.712680
v 0.233720 0.377990 0.712680
v 0.281616 0.348390 0.721827
v 0.273409 0.369877 0.715188
v 0.212384 0.348390 0.721827
v 0.220591 0.369877 0.715188
v 0.247000 0.470288 0.725435
v 0.225698 0.457122 0.721366
v 0.238886 0.478019 0.729987
v 0.217400 0.464739 0.725884
v 0.268302 0.457122 0.721366
v 0.255114 0.478019 0.729987
v 0.276600 0.464739 0.725884
v 0.260166 0.435820 0.714784
v 0.233834 0.435820 0.714784
v 0.260280 0.422010 0.712680
v 0.233720 0.422010 0.712680
v 0.281616 0.451610 0.721827
v 0.273409 0.430123 0.715188
v 0.212384 0.451610 0.721827
v 0.220591 0.430123 0.715188
v 0.326267 0.421302 0.732439
v 0.339432 0.413166 0.743090
v 0.325346 0.434616 0.735195
v 0.338625 0.426409 0.745938
v 0.326267 0.378698 0.732439
v 0.339432 0.386834 0.743090
v 0.325346 0.365384 0.735195
v 0.338625 0.373591 0.745938
v 0.318131 0.400000 0.725856
v 0.317233 0.370400 0.728630
v 0.309026 0.391886 0.721991
v 0.317233 0.429600 0.728630
v 0.309026 0.408114 0.721991
v 0.343640 0.413280 0.749995
v 0.343640 0.386720 0.749995
v 0.326267 0.421302 0.789561
v 0.339432 0.413166 0.778910
v 0.325346 0.434616 0.786805
v 0.338625 0.426409 0.776062
v 0.326267 0.378698 0.789561
v 0.339432 0.386834 0.778910
v 0.325346 0.365384 0.786805
v 0.338625 0.373591 0.776062
v 0.318131 0.400000 0.796144
v 0.317233 0.370400 0.793370
v 0.309026 0.391886 0.800009
v 0.317233 0.429600 0.793370
v 0.309026 0.408114 0.800009
v 0.343640 0.413280 0.772005
v 0.343640 0.386720 0.772005
v 0.167733 0.421302 0.732439
v 0.154568 0.413166 0.743090
v 0.168654 0.434616 0.735195
v 0.155375 0.426409 0.745938
v 0.167733 0.378698 0.732439
v 0.154568 0.386834 0.743090
v 0.168654 0.365384 0.735195
v 0.155375 0.373591 0.745938
v 0.175869 0.400000 0.725856
v 0.176767 0.370400 0.728630
v 0.184974 0.391886 0.721991
v 0.176767 0.429600 0.728630
v 0.184974 0.408114 0.721991
v 0.150360 0.413280 0.749995
v 0.150360 0.386720 0.749995
v 0.167733 0.421302 0.789561
v 0.154568 0.413166 0.778910
v 0.168654 0.434616 0.786805
v 0.155375 0.426409 0.776062
v 0.167733 0.378698 0.789561
v 0.154568 0.386834 0.778910
v 0.168654 0.365384 0.786805
v 0.155375 0.373591 0.776062
v 0.175869 0.400000 0.796144
v 0.176767 0.370400 0.793370
v 0.184974 0.391886 0.800009
v 0.176767 0.429600 0.793370
v 0.184974 0.408114 0.800009
v 0.150360 0.413280 0.772005
v 0.150360 0.386720 0.772005
v 0.247000 0.496386 0.774321
v 0.238768 0.491298 0.780981
v 0.247000 0.496386 0.747679
v 0.238768 0.491298 0.741019
v 0.255232 0.491298 0.780981
v 0.255232 0.491298 0.741019
v 0.195663 0.464658 0.789213
v 0.182342 0.456426 0.786668
v 0.190574 0.451337 0.793329
v 0.195663 0.464658 0.732787
v 0.182342 0.456426 0.735332
v 0.190574 0.451337 0.728671
v 0.155702 0.439962 0.756884
v 0.155702 0.439962 0.765116
v 0.150614 0.426642 0.761000
v 0.298337 0.464658 0.789213
v 0.311658 0.456426 0.786668
v 0.303426 0.451337 0.793329
v 0.298337 0.464658 0.732787
v 0.311658 0.456426 0.735332
v 0.303426 0.451337 0.728671
v 0.338298 0.439962 0.756884
v 0.338298 0.439962 0.765116
v 0.343386 0.426642 0.761000
v 0.247000 0.303614 0.774321
v 0.238768 0.308702 0.780981
v 0.247000 0.303614 0.747679
v 0.238768 0.308702 0.741019
v 0.255232 0.308702 0.780981
v 0.255232 0.308702 0.741019
v 0.195663 0.335342 0.789213
v 0.182342 0.343574 0.786668
v 0.190574 0.348663 0.793329
v 0.195663 0.335342 0.732787
v 0.182342 0.343574 0.735332
v 0.190574 0.348663 0.728671
v 0.155702 0.360038 0.756884
v 0.155702 0.360038 0.765116
v 0.150614 0.373358 0.761000
v 0.298337 0.335342 0.789213
v 0.311658 0.343574 0.786668
v 0.303426 0.348663 0.793329
v 0.298337 0.335342 0.732787
v 0.311658 0.343574 0.735332
v 0.303426 0.348663 0.728671
v 0.338298 0.360038 0.756884
v 0.338298 0.360038 0.765116
v 0.343386 0.373358 0.761000
v 0.273642 0.400000 0.809193
v 0.286962 0.391768 0.806649
v 0.220358 0.400000 0.809193
v 0.207038 0.391768 0.806649
v 0.286962 0.408232 0.806649
v 0.207038 0.408232 0.806649
v 0.273642 0.400000 0.712807
v 0.286962 0.391768 0.715351
v 0.220358 0.400000 0.712807
v 0.207038 0.391768 0.715351
v 0.286962 0.408232 0.715351
v 0.207038 0.408232 0.715351
v -0.299569 0.485068 0.761000
v -0.194431 0.485068 0.761000
v -0.299569 0.314932 0.761000
v -0.194431 0.314932 0.761000
v -0.247000 0.347431 0.803534
v -0.247000 0.452569 0.803534
v -0.247000 0.347431 0.718466
v -0.247000 0.452569 0.718466
v -0.161932 0.400000 0.734716
v -0.161932 0.400000 0.787284
v -0.332068 0.400000 0.734716
v -0.332068 0.400000 0.787284
v -0.247000 0.500000 0.761000
v -0.277899 0.480901 0.786001
v -0.277899 0.480901 0.735999
v -0.327901 0.450002 0.745550
v -0.327901 0.450002 0.776450
v -0.216101 0.480901 0.786001
v -0.216101 0.480901 0.735999
v -0.166099 0.450002 0.745550
v -0.166099 0.450002 0.776450
v -0.247000 0.300000 0.761000
v -0.277899 0.319099 0.786001
v -0.277899 0.319099 0.735999
v -0.327901 0.349998 0.745550
v -0.327901 0.349998 0.776450
v -0.216101 0.319099 0.786001
v -0.216101 0.319099 0.735999
v -0.166099 0.349998 0.745550
v -0.166099 0.349998 0.776450
v -0.247000 0.400000 0.811000
v -0.196998 0.369101 0.801451
v -0.297002 0.369101 0.801451
v -0.196998 0.430899 0.801451
v -0.297002 0.430899 0.801451
v -0.247000 0.400000 0.711000
v -0.196998 0.369101 0.720549
v -0.297002 0.369101 0.720549
v -0.196998 0.430899 0.720549
v -0.297002 0.430899 0.720549
v -0.147000 0.400000 0.761000
v -0.347000 0.400000 0.761000
v -0.274324 0.496195 0.761000
v -0.290385 0.486268 0.773995
v -0.290385 0.486268 0.748005
v -0.316376 0.470207 0.752970
v -0.316376 0.470207 0.769030
v -0.219676 0.496195 0.761000
v -0.203615 0.486268 0.773995
v -0.203615 0.486268 0.748005
v -0.177624 0.470207 0.752970
v -0.177624 0.470207 0.769030
v -0.274324 0.303805 0.761000
v -0.290385 0.313732 0.773995
v -0.290385 0.313732 0.748005
v -0.316376 0.329793 0.752970
v -0.316376 0.329793 0.769030
v -0.219676 0.303805 0.761000
v -0.203615 0.313732 0.773995
v -0.203615 0.313732 0.748005
v -0.177624 0.329793 0.752970
v -0.177624 0.329793 0.769030
v -0.263061 0.330624 0.796104
v -0.230939 0.330624 0.796104
v -0.247000 0.372676 0.809097
v -0.221010 0.356615 0.804134
v -0.272990 0.356615 0.804134
v -0.263061 0.469376 0.796104
v -0.230939 0.469376 0.796104
v -0.247000 0.427324 0.809097
v -0.221010 0.443385 0.804134
v -0.272990 0.443385 0.804134
v -0.263061 0.330624 0.725896
v -0.230939 0.330624 0.725896
v -0.247000 0.372676 0.712903
v -0.221010 0.356615 0.717866
v -0.272990 0.356615 0.717866
v -0.263061 0.469376 0.725896
v -0.230939 0.469376 0.725896
v -0.247000 0.427324 0.712903
v -0.221010 0.443385 0.717866
v -0.272990 0.443385 0.717866
v -0.160732 0.425990 0.739307
v -0.160732 0.374010 0.739307
v -0.176793 0.383939 0.726312
v -0.176793 0.416061 0.726312
v -0.150805 0.400000 0.747338
v -0.160732 0.425990 0.782693
v -0.160732 0.374010 0.782693
v -0.176793 0.383939 0.795688
v -0.176793 0.416061 0.795688
v -0.150805 0.400000 0.774662
v -0.333268 0.425990 0.739307
v -0.333268 0.374010 0.739307
v -0.317207 0.383939 0.726312
v -0.317207 0.416061 0.726312
v -0.343195 0.400000 0.747338
v -0.333268 0.425990 0.782693
v -0.333268 0.374010 0.782693
v -0.317207 0.383939 0.795688
v -0.317207 0.416061 0.795688
v -0.343195 0.400000 0.774662
v -0.263245 0.495106 0.774144
v -0.263245 0.495106 0.747856
v -0.230755 0.495106 0.774144
v -0.230755 0.495106 0.747856
v -0.305777 0.468820 0.782266
v -0.247000 0.485064 0.787287
v -0.289532 0.458777 0.795410
v -0.305777 0.468820 0.739734
v -0.247000 0.485064 0.734713
v -0.289532 0.458777 0.726590
v -0.332064 0.452575 0.761000
v -0.315820 0.442532 0.731611
v -0.342106 0.426288 0.752878
v -0.315820 0.442532 0.790389
v -0.342106 0.426288 0.769122
v -0.188223 0.468820 0.782266
v -0.204468 0.458777 0.795410
v -0.188223 0.468820 0.739734
v -0.204468 0.458777 0.726590
v -0.161936 0.452575 0.761000
v -0.178180 0.442532 0.731611
v -0.151894 0.426288 0.752878
v -0.178180 0.442532 0.790389
v -0.151894 0.426288 0.769122
v -0.263245 0.304894 0.774144
v -0.263245 0.304894 0.747856
v -0.230755 0.304894 0.774144
v -0.230755 0.304894 0.747856
v -0.305777 0.331180 0.782266
v -0.247000 0.314936 0.787287
v -0.289532 0.341223 0.795410
v -0.305777 0.331180 0.739734
v -0.247000 0.314936 0.734713
v -0.289532 0.341223 0.726590
v -0.332064 0.347425 0.761000
v -0.315820 0.357468 0.731611
v -0.342106 0.373712 0.752878
v -0.315820 0.357468 0.790389
v -0.342106 0.373712 0.769122
v -0.188223 0.331180 0.782266
v -0.204468 0.341223 0.795410
v -0.188223 0.331180 0.739734
v -0.204468 0.341223 0.726590
v -0.161936 0.347425 0.761000
v -0.178180 0.357468 0.731611
v -0.151894 0.373712 0.752878
v -0.178180 0.357468 0.790389
v -0.151894 0.373712 0.769122
v -0.220712 0.383755 0.808553
v -0.273288 0.383755 0.808553
v -0.220712 0.416245 0.808553
v -0.273288 0.416245 0.808553
v -0.194425 0.400000 0.803532
v -0.299575 0.400000 0.803532
v -0.220712 0.383755 0.713447
v -0.273288 0.383755 0.713447
v -0.220712 0.416245 0.713447
v -0.273288 0.416245 0.713447
v -0.194425 0.400000 0.718468
v -0.299575 0.400000 0.718468
v -0.287332 0.491506 0.761000
v -0.295440 0.486495 0.767560
v -0.295440 0.486495 0.754440
v -0.308561 0.478387 0.756946
v -0.308561 0.478387 0.765054
v -0.206668 0.491506 0.761000
v -0.198560 0.486495 0.767560
v -0.198560 0.486495 0.754440
v -0.185439 0.478387 0.756946
v -0.185439 0.478387 0.765054
v -0.287332 0.308494 0.761000
v -0.295440 0.313505 0.767560
v -0.295440 0.313505 0.754440
v -0.308561 0.321613 0.756946
v -0.308561 0.321613 0.765054
v -0.206668 0.308494 0.761000
v -0.198560 0.313505 0.767560
v -0.198560 0.313505 0.754440
v -0.185439 0.321613 0.756946
v -0.185439 0.321613 0.765054
v -0.255108 0.338439 0.800193
v -0.238892 0.338439 0.800193
v -0.247000 0.359668 0.806753
v -0.233879 0.351560 0.804247
v -0.260121 0.351560 0.804247
v -0.255108 0.461561 0.800193
v -0.238892 0.461561 0.800193
v -0.247000 0.440332 0.806753
v -0.233879 0.448440 0.804247
v -0.260121 0.448440 0.804247
v -0.255108 0.338439 0.721806
v -0.238892 0.338439 0.721806
v -0.247000 0.359668 0.715247
v -0.233879 0.351560 0.717752
v -0.260121 0.351560 0.717752
v -0.255108 0.461561 0.721806
v -0.238892 0.461561 0.721806
v -0.247000 0.440332 0.715247
v -0.233879 0.448440 0.717752
v -0.260121 0.448440 0.717752
v -0.160505 0.413121 0.736780
v -0.160505 0.386879 0.736780
v -0.168613 0.391892 0.730220
v -0.168613 0.408108 0.730220
v -0.155494 0.400000 0.740834
v -0.160505 0.413121 0.785220
v -0.160505 0.386879 0.785220
v -0.168613 0.391892 0.791780
v -0.168613 0.408108 0.791780
v -0.155494 0.400000 0.781166
v -0.333495 0.413121 0.736780
v -0.333495 0.386879 0.736780
v -0.325387 0.391892 0.730220
v -0.325387 0.408108 0.730220
v -0.338506 0.400000 0.740834
v -0.333495 0.413121 0.785220
v -0.333495 0.386879 0.785220
v -0.325387 0.391892 0.791780
v -0.325387 0.408108 0.791780
v -0.338506 0.400000 0.781166
v -0.260794 0.499044 0.761000
v -0.233206 0.499044 0.761000
v -0.255224 0.498769 0.767654
v -0.255224 0.498769 0.754346
v -0.238776 0.498769 0.767654
v -0.238776 0.498769 0.754346
v -0.284501 0.484392 0.780181
v -0.270707 0.475864 0.791342
v -0.270866 0.489100 0.780310
v -0.292397 0.475794 0.784422
v -0.262642 0.484017 0.786964
v -0.284174 0.470710 0.791076
v -0.284501 0.484392 0.741818
v -0.270707 0.475864 0.730658
v -0.270866 0.489100 0.741690
v -0.292397 0.475794 0.737578
v -0.262642 0.484017 0.735036
v -0.284174 0.470710 0.730924
v -0.322864 0.460685 0.749147
v -0.331392 0.438363 0.742249
v -0.317710 0.460152 0.742413
v -0.331017 0.451928 0.753179
v -0.322794 0.446844 0.738301
v -0.336100 0.438620 0.749067
v -0.322864 0.460685 0.772853
v -0.331392 0.438363 0.779750
v -0.317710 0.460152 0.779587
v -0.331017 0.451928 0.768821
v -0.322794 0.446844 0.783699
v -0.336100 0.438620 0.772933
v -0.209499 0.484392 0.780181
v -0.223293 0.475864 0.791342
v -0.223134 0.489100 0.780310
v -0.231358 0.484017 0.786964
v -0.201603 0.475794 0.784422
v -0.209826 0.470710 0.791076
v -0.209499 0.484392 0.741818
v -0.223293 0.475864 0.730658
v -0.223134 0.489100 0.741690
v -0.231358 0.484017 0.735036
v -0.201603 0.475794 0.737578
v -0.209826 0.470710 0.730924
v -0.171136 0.460685 0.749147
v -0.162608 0.438363 0.742249
v -0.176290 0.460152 0.742413
v -0.162983 0.451928 0.753179
v -0.171206 0.446844 0.738301
v -0.157900 0.438620 0.749067
v -0.171136 0.460685 0.772853
v -0.162608 0.438363 0.779750
v -0.176290 0.460152 0.779587
v -0.162983 0.451928 0.768821
v -0.171206 0.446844 0.783699
v -0.157900 0.438620 0.772933
v -0.260794 0.300956 0.761000
v -0.233206 0.300956 0.761000
v -0.255224 0.301231 0.767654
v -0.255224 0.301231 0.754346
v -0.238776 0.301231 0.767654
v -0.238776 0.301231 0.754346
v -0.284501 0.315608 0.780181
v -0.270707 0.324136 0.791342
v -0.270866 0.310900 0.780310
v -0.292397 0.324206 0.784422
v -0.262642 0.315983 0.786964
v -0.284174 0.329290 0.791076
v -0.284501 0.315608 0.741818
v -0.270707 0.324136 0.730658
v -0.270866 0.310900 0.741690
v -0.292397 0.324206 0.737578
v -0.262642 0.315983 0.735036
v -0.284174 0.329290 0.730924
v -0.322864 0.339315 0.749147
v -0.331392 0.361637 0.742249
v -0.317710 0.339848 0.742413
v -0.331017 0.348072 0.753179
v -0.322794 0.353156 0.738301
v -0.336100 0.361380 0.749067
v -0.322864 0.339315 0.772853
v -0.331392 0.361637 0.779750
v -0.317710 0.339848 0.779587
v -0.331017 0.348072 0.768821
v -0.322794 0.353156 0.783699
v -0.336100 0.361380 0.772933
v -0.209499 0.315608 0.780181
v -0.223293 0.324136 0.791342
v -0.223134 0.310900 0.780310
v -0.231358 0.315983 0.786964
v -0.201603 0.324206 0.784422
v -0.209826 0.329290 0.791076
v -0.209499 0.315608 0.741818
v -0.223293 0.324136 0.730658
v -0.223134 0.310900 0.741690
v -0.231358 0.315983 0.735036
v -0.201603 0.324206 0.737578
v -0.209826 0.329290 0.730924
v -0.171136 0.339315 0.749147
v -0.162608 0.361637 0.742249
v -0.176290 0.339848 0.742413
v -0.162983 0.348072 0.753179
v -0.171206 0.353156 0.738301
v -0.157900 0.361380 0.749067
v -0.171136 0.339315 0.772853
v -0.162608 0.361637 0.779750
v -0.176290 0.339848 0.779587
v -0.162983 0.348072 0.768821
v -0.171206 0.353156 0.783699
v -0.157900 0.361380 0.772933
v -0.247000 0.386206 0.810522
v -0.247000 0.413794 0.810522
v -0.233692 0.391776 0.810384
v -0.260308 0.391776 0.810384
v -0.233692 0.408224 0.810384
v -0.260308 0.408224 0.810384
v -0.208637 0.362499 0.803196
v -0.186315 0.376293 0.798932
v -0.200156 0.354603 0.798897
v -0.186848 0.362826 0.796355
v -0.208380 0.376134 0.805550
v -0.195072 0.384358 0.803008
v -0.285363 0.362499 0.803196
v -0.307685 0.376293 0.798932
v -0.293844 0.354603 0.798897
v -0.307152 0.362826 0.796355
v -0.285620 0.376134 0.805550
v -0.298928 0.384358 0.803008
v -0.208637 0.437501 0.803196
v -0.186315 0.423707 0.798932
v -0.200156 0.445397 0.798897
v -0.186848 0.437174 0.796355
v -0.208380 0.423866 0.805550
v -0.195072 0.415642 0.803008
v -0.285363 0.437501 0.803196
v -0.307685 0.423707 0.798932
v -0.293844 0.445397 0.798897
v -0.307152 0.437174 0.796355
v -0.285620 0.423866 0.805550
v -0.298928 0.415642 0.803008
v -0.247000 0.386206 0.711478
v -0.247000 0.413794 0.711478
v -0.233692 0.391776 0.711616
v -0.260308 0.391776 0.711616
v -0.233692 0.408224 0.711616
v -0.260308 0.408224 0.711616
v -0.208637 0.362499 0.718804
v -0.186315 0.376293 0.723068
v -0.200156 0.354603 0.723103
v -0.186848 0.362826 0.725645
v -0.208380 0.376134 0.716450
v -0.195072 0.384358 0.718992
v -0.285363 0.362499 0.718804
v -0.307685 0.376293 0.723068
v -0.293844 0.354603 0.723103
v -0.307152 0.362826 0.725645
v -0.285620 0.376134 0.716450
v -0.298928 0.384358 0.718992
v -0.208637 0.437501 0.718804
v -0.186315 0.423707 0.723068
v -0.200156 0.445397 0.723103
v -0.186848 0.437174 0.725645
v -0.208380 0.423866 0.716450
v -0.195072 0.415642 0.718992
v -0.285363 0.437501 0.718804
v -0.307685 0.423707 0.723068
v -0.293844 0.445397 0.723103
v -0.307152 0.437174 0.725645
v -0.285620 0.423866 0.716450
v -0.298928 0.415642 0.718992
v -0.147956 0.400000 0.754103
v -0.147956 0.400000 0.767897
v -0.148231 0.413308 0.756888
v -0.148231 0.413308 0.765112
v -0.148231 0.386692 0.756888
v -0.148231 0.386692 0.765112
v -0.346044 0.400000 0.754103
v -0.346044 0.400000 0.767897
v -0.345769 0.413308 0.756888
v -0.345769 0.413308 0.765112
v -0.345769 0.386692 0.756888
v -0.345769 0.386692 0.765112
v -0.282820 0.492432 0.767583
v -0.282820 0.492432 0.754417
v -0.269010 0.496640 0.767640
v -0.269010 0.496640 0.754360
v -0.304122 0.479267 0.771651
v -0.277123 0.491625 0.774205
v -0.298610 0.478346 0.778308
v -0.304122 0.479267 0.750349
v -0.277123 0.491625 0.747795
v -0.298610 0.478346 0.743692
v -0.317288 0.471131 0.761000
v -0.311739 0.470233 0.746200
v -0.325019 0.462026 0.756943
v -0.311739 0.470233 0.775800
v -0.325019 0.462026 0.765057
v -0.211180 0.492432 0.767583
v -0.211180 0.492432 0.754417
v -0.224990 0.496640 0.767640
v -0.224990 0.496640 0.754360
v -0.189878 0.479267 0.771651
v -0.216877 0.491625 0.774205
v -0.195390 0.478346 0.778308
v -0.189878 0.479267 0.750349
v -0.216877 0.491625 0.747795
v -0.195390 0.478346 0.743692
v -0.176712 0.471131 0.761000
v -0.182261 0.470233 0.746200
v -0.168981 0.462026 0.756943
v -0.182261 0.470233 0.775800
v -0.168981 0.462026 0.765057
v -0.282820 0.307568 0.767583
v -0.282820 0.307568 0.754417
v -0.269010 0.303360 0.767640
v -0.269010 0.303360 0.754360
v -0.304122 0.320733 0.771651
v -0.277123 0.308375 0.774205
v -0.298610 0.321654 0.778308
v -0.304122 0.320733 0.750349
v -0.277123 0.308375 0.747795
v -0.298610 0.321654 0.743692
v -0.317288 0.328869 0.761000
v -0.311739 0.329767 0.746200
v -0.325019 0.337974 0.756943
v -0.311739 0.329767 0.775800
v -0.325019 0.337974 0.765057
v -0.211180 0.307568 0.767583
v -0.211180 0.307568 0.754417
v -0.224990 0.303360 0.767640
v -0.224990 0.303360 0.754360
v -0.189878 0.320733 0.771651
v -0.216877 0.308375 0.774205
v -0.195390 0.321654 0.778308
v -0.189878 0.320733 0.750349
v -0.216877 0.308375 0.747795
v -0.195390 0.321654 0.743692
v -0.176712 0.328869 0.761000
v -0.182261 0.329767 0.746200
v -0.168981 0.337974 0.756943
v -0.182261 0.329767 0.775800
v -0.168981 0.337974 0.765057
v -0.247000 0.329712 0.796565
v -0.268302 0.342878 0.800633
v -0.255114 0.321981 0.792013
v -0.276600 0.335261 0.796116
v -0.225698 0.342878 0.800633
v -0.238886 0.321981 0.792013
v -0.217400 0.335261 0.796116
v -0.233834 0.364180 0.807216
v -0.260166 0.364180 0.807216
v -0.233720 0.377990 0.809320
v -0.260280 0.377990 0.809320
v -0.212384 0.348390 0.800173
v -0.220591 0.369877 0.806812
v -0.281616 0.348390 0.800173
v -0.273409 0.369877 0.806812
v -0.247000 0.470288 0.796565
v -0.268302 0.457122 0.800633
v -0.255114 0.478019 0.792013
v -0.276600 0.464739 0.796116
v -0.225698 0.457122 0.800633
v -0.238886 0.478019 0.792013
v -0.217400 0.464739 0.796116
v -0.233834 0.435820 0.807216
v -0.260166 0.435820 0.807216
v -0.233720 0.422010 0.809320
v -0.260280 0.422010 0.809320
v -0.212384 0.451610 0.800173
v -0.220591 0.430123 0.806812
v -0.281616 0.451610 0.800173
v -0.273409 0.430123 0.806812
v -0.247000 0.329712 0.725435
v -0.268302 0.342878 0.721366
v -0.255114 0.321981 0.729987
v -0.276600 0.335261 0.725884
v -0.225698 0.342878 0.721366
v -0.238886 0.321981 0.729987
v -0.217400 0.335261 0.725884
v -0.233834 0.364180 0.714784
v -0.260166 0.364180 0.714784
v -0.233720 0.377990 0.712680
v -0.260280 0.377990 0.712680
v -0.212384 0.348390 0.721827
v -0.220591 0.369877 0.715188
v -0.281616 0.348390 0.721827
v -0.273409 0.369877 0.715188
v -0.247000 0.470288 0.725435
v -0.268302 0.457122 0.721366
v -0.255114 0.478019 0.729987
v -0.276600 0.464739 0.725884
v -0.225698 0.457122 0.721366
v -0.238886 0.478019 0.729987
v -0.217400 0.464739 0.725884
v -0.233834 0.435820 0.714784
v -0.260166 0.435820 0.714784
v -0.233720 0.422010 0.712680
v -0.260280 0.422010 0.712680
v -0.212384 0.451610 0.721827
v -0.220591 0.430123 0.715188
v -0.281616 0.451610 0.721827
v -0.273409 0.430123 0.715188
v -0.167733 0.421302 0.732439
v -0.154568 0.413166 0.743090
v -0.168654 0.434616 0.735195
v -0.155375 0.426409 0.745938
v -0.167733 0.378698 0.732439
v -0.154568 0.386834 0.743090
v -0.168654 0.365384 0.735195
v -0.155375 0.373591 0.745938
v -0.175869 0.400000 0.725856
v -0.176767 0.370400 0.728630
v -0.184974 0.391886 0.721991
v -0.176767 0.429600 0.728630
v -0.184974 0.408114 0.721991
v -0.150360 0.413280 0.749995
v -0.150360 0.386720 0.749995
v -0.167733 0.421302 0.789561
v -0.154568 0.413166 0.778910
v -0.168654 0.434616 0.786805
v -0.155375 0.426409 0.776062
v -0.167733 0.378698 0.789561
v -0.154568 0.386834 0.778910
v -0.168654 0.365384 0.786805
v -0.155375 0.373591 0.776062
v -0.175869 0.400000 0.796144
v -0.176767 0.370400 0.793370
v -0.184974 0.391886 0.800009
v -0.176767 0.429600 0.793370
v -0.184974 0.408114 0.800009
v -0.150360 0.413280 0.772005
v -0.150360 0.386720 0.772005
v -0.326267 0.421302 0.732439
v -0.339432 0.413166 0.743090
v -0.325346 0.434616 0.735195
v -0.338625 0.426409 0.745938
v -0.326267 0.378698 0.732439
v -0.339432 0.386834 0.743090
v -0.325346 0.365384 0.735195
v -0.338625 0.373591 0.745938
v -0.318131 0.400000 0.725856
v -0.317233 0.370400 0.728630
v -0.309026 0.391886 0.721991
v -0.317233 0.429600 0.728630
v -0.309026 0.408114 0.721991
v -0.343640 0.413280 0.749995
v -0.343640 0.386720 0.749995
v -0.326267 0.421302 0.789561
v -0.339432 0.413166 0.778910
v -0.325346 0.434616 0.786805
v -0.338625 0.426409 0.776062
v -0.326267 0.378698 0.789561
v -0.339432 0.386834 0.778910
v -0.325346 0.365384 0.786805
v -0.338625 0.373591 0.776062
v -0.318131 0.400000 0.796144
v -0.317233 0.370400 0.793370
v -0.309026 0.391886 0.800009
v -0.317233 0.429600 0.793370
v -0.309026 0.408114 0.800009
v -0.343640 0.413280 0.772005
v -0.343640 0.386720 0.772005
v -0.247000 0.496386 0.774321
v -0.255232 0.491298 0.780981
v -0.247000 0.496386 0.747679
v -0.255232 0.491298 0.741019
v -0.238768 0.491298 0.780981
v -0.238768 0.491298 0.741019
v -0.298337 0.464658 0.789213
v -0.311658 0.456426 0.786668
v -0.303426 0.451337 0.793329
v -0.298337 0.464658 0.732787
v -0.311658 0.456426 0.735332
v -0.303426 0.451337 0.728671
v -0.338298 0.439962 0.756884
v -0.338298 0.439962 0.765116
v -0.343386 0.426642 0.761000
v -0.195663 0.464658 0.789213
v -0.182342 0.456426 0.786668
v -0.190574 0.451337 0.793329
v -0.195663 0.464658 0.732787
v -0.182342 0.456426 0.735332
v -0.190574 0.451337 0.728671
v -0.155702 0.439962 0.756884
v -0.155702 0.439962 0.765116
v -0.150614 0.426642 0.761000
v -0.247000 0.303614 0.774321
v -0.255232 0.308702 0.780981
v -0.247000 0.303614 0.747679
v -0.255232 0.308702 0.741019
v -0.238768 0.308702 0.780981
v -0.238768 0.308702 0.741019
v -0.298337 0.335342 0.789213
v -0.311658 0.343574 0.786668
v -0.303426 0.348663 0.793329
v -0.298337 0.335342 0.732787
v -0.311658 0.343574 0.735332
v -0.303426 0.348663 0.728671
v -0.338298 0.360038 0.756884
v -0.338298 0.360038 0.765116
v -0.343386 0.373358 0.761000
v -0.195663 0.335342 0.789213
v -0.182342 0.343574 0.786668
v -0.190574 0.348663 0.793329
v -0.195663 0.335342 0.732787
v -0.182342 0.343574 0.735332
v -0.190574 0.348663 0.728671
v -0.155702 0.360038 0.756884
v -0.155702 0.360038 0.765116
v -0.150614 0.373358 0.761000
v -0.220358 0.400000 0.809193
v -0.207038 0.391768 0.806649
v -0.273642 0.400000 0.809193
v -0.286962 0.391768 0.806649
v -0.207038 0.408232 0.806649
v -0.286962 0.408232 0.806649
v -0.220358 0.400000 0.712807
v -0.207038 0.391768 0.715351
v -0.273642 0.400000 0.712807
v -0.286962 0.391768 0.715351
v -0.207038 0.408232 0.715351
v -0.286962 0.408232 0.715351
v -0.699569 0.485068 0.470000
v -0.594431 0.485068 0.470000
v -0.699569 0.314932 0.470000
v -0.594431 0.314932 0.470000
v -0.647000 0.347431 0.512534
v -0.647000 0.452569 0.512534
v -0.647000 0.347431 0.427466
v -0.647000 0.452569 0.427466
v -0.561932 0.400000 0.443716
v -0.561932 0.400000 0.496284
v -0.732068 0.400000 0.443716
v -0.732068 0.400000 0.496284
v -0.647000 0.500000 0.470000
v -0.677899 0.480901 0.495001
v -0.677899 0.480901 0.444999
v -0.727901 0.450002 0.454550
v -0.727901 0.450002 0.485450
v -0.616101 0.480901 0.495001
v -0.616101 0.480901 0.444999
v -0.566099 0.450002 0.454550
v -0.566099 0.450002 0.485450
v -0.647000 0.300000 0.470000
v -0.677899 0.319099 0.495001
v -0.677899 0.319099 0.444999
v -0.727901 0.349998 0.454550
v -0.727901 0.349998 0.485450
v -0.616101 0.319099 0.495001
v -0.616101 0.319099 0.444999
v -0.566099 0.349998 0.454550
v -0.566099 0.349998 0.485450
v -0.647000 0.400000 0.520000
v -0.596998 0.369101 0.510451
v -0.697002 0.369101 0.510451
v -0.596998 0.430899 0.510451
v -0.697002 0.430899 0.510451
v -0.647000 0.400000 0.420000
v -0.596998 0.369101 0.429549
v -0.697002 0.369101 0.429549
v -0.596998 0.430899 0.429549
v -0.697002 0.430899 0.429549
v -0.547000 0.400000 0.470000
v -0.747000 0.400000 0.470000
v -0.674324 0.496195 0.470000
v -0.690385 0.486268 0.482995
v -0.690385 0.486268 0.457005
v -0.716376 0.470207 0.461969
v -0.716376 0.470207 0.478031
v -0.619676 0.496195 0.470000
v -0.603615 0.486268 0.482995
v -0.603615 0.486268 0.457005
v -0.577624 0.470207 0.461969
v -0.577624 0.470207 0.478031
v -0.674324 0.303805 0.470000
v -0.690385 0.313732 0.482995
v -0.690385 0.313732 0.457005
v -0.716376 0.329793 0.461969
v -0.716376 0.329793 0.478031
v -0.619676 0.303805 0.470000
v -0.603615 0.313732 0.482995
v -0.603615 0.313732 0.457005
v -0.577624 0.329793 0.461969
v -0.577624 0.329793 0.478031
v -0.663061 0.330624 0.505104
v -0.630939 0.330624 0.505104
v -0.647000 0.372676 0.518097
v -0.621010 0.356615 0.513134
v -0.672990 0.356615 0.513134
v -0.663061 0.469376 0.505104
v -0.630939 0.469376 0.505104
v -0.647000 0.427324 0.518097
v -0.621010 0.443385 0.513134
v -0.672990 0.443385 0.513134
v -0.663061 0.330624 0.434896
v -0.630939 0.330624 0.434896
v -0.647000 0.372676 0.421903
v -0.621010 0.356615 0.426866
v -0.672990 0.356615 0.426866
v -0.663061 0.469376 0.434896
v -0.630939 0.469376 0.434896
v -0.647000 0.427324 0.421903
v -0.621010 0.443385 0.426866
v -0.672990 0.443385 0.426866
v -0.560732 0.425990 0.448307
v -0.560732 0.374010 0.448307
v -0.576793 0.383939 0.435312
v -0.576793 0.416061 0.435312
v -0.550805 0.400000 0.456338
v -0.560732 0.425990 0.491693
v -0.560732 0.374010 0.491693
v -0.576793 0.383939 0.504688
v -0.576793 0.416061 0.504688
v -0.550805 0.400000 0.483662
v -0.733268 0.425990 0.448307
v -0.733268 0.374010 0.448307
v -0.717207 0.383939 0.435312
v -0.717207 0.416061 0.435312
v -0.743195 0.400000 0.456338
v -0.733268 0.425990 0.491693
v -0.733268 0.374010 0.491693
v -0.717207 0.383939 0.504688
v -0.717207 0.416061 0.504688
v -0.743195 0.400000 0.483662
v -0.663245 0.495106 0.483144
v -0.663245 0.495106 0.456856
v -0.630755 0.495106 0.483144
v -0.630755 0.495106 0.456856
v -0.705777 0.468820 0.491266
v -0.647000 0.485064 0.496287
v -0.689533 0.458777 0.504410
v -0.705777 0.468820 0.448734
v -0.647000 0.485064 0.443713
v -0.689533 0.458777 0.435590
v -0.732064 0.452575 0.470000
v -0.715820 0.442532 0.440611
v -0.742106 0.426288 0.461878
v -0.715820 0.442532 0.499389
v -0.742106 0.426288 0.478122
v -0.588223 0.468820 0.491266
v -0.604468 0.458777 0.504410
v -0.588223 0.468820 0.448734
v -0.604468 0.458777 0.435590
v -0.561936 0.452575 0.470000
v -0.578180 0.442532 0.440611
v -0.551894 0.426288 0.461878
v -0.578180 0.442532 0.499389
v -0.551894 0.426288 0.478122
v -0.663245 0.304894 0.483144
v -0.663245 0.304894 0.456856
v -0.630755 0.304894 0.483144
v -0.630755 0.304894 0.456856
v -0.705777 0.331180 0.491266
v -0.647000 0.314936 0.496287
v -0.689533 0.341223 0.504410
v -0.705777 0.331180 0.448734
v -0.647000 0.314936 0.443713
v -0.689533 0.341223 0.435590
v -0.732064 0.347425 0.470000
v -0.715820 0.357468 0.440611
v -0.742106 0.373712 0.461878
v -0.715820 0.357468 0.499389
v -0.742106 0.373712 0.478122
v -0.588223 0.331180 0.491266
v -0.604468 0.341223 0.504410
v -0.588223 0.331180 0.448734
v -0.604468 0.341223 0.435590
v -0.561936 0.347425 0.470000
v -0.578180 0.357468 0.440611
v -0.551894 0.373712 0.461878
v -0.578180 0.357468 0.499389
v -0.551894 0.373712 0.478122
v -0.620712 0.383755 0.517553
v -0.673288 0.383755 0.517553
v -0.620712 0.416245 0.517553
v -0.673288 0.416245 0.517553
v -0.594425 0.400000 0.512532
v -0.699575 0.400000 0.512532
v -0.620712 0.383755 0.422447
v -0.673288 0.383755 0.422447
v -0.620712 0.416245 0.422447
v -0.673288 0.416245 0.422447
v -0.594425 0.400000 0.427468
v -0.699575 0.400000 0.427468
v -0.687332 0.491506 0.470000
v -0.695440 0.486495 0.476560
v -0.695440 0.486495 0.463440
v -0.708561 0.478387 0.465946
v -0.708561 0.478387 0.474054
v -0.606668 0.491506 0.470000
v -0.598560 0.486495 0.476560
v -0.598560 0.486495 0.463440
v -0.585439 0.478387 0.465946
v -0.585439 0.478387 0.474054
v -0.687332 0.308494 0.470000
v -0.695440 0.313505 0.476560
v -0.695440 0.313505 0.463440
v -0.708561 0.321613 0.465946
v -0.708561 0.321613 0.474054
v -0.606668 0.308494 0.470000
v -0.598560 0.313505 0.476560
v -0.598560 0.313505 0.463440
v -0.585439 0.321613 0.465946
v -0.585439 0.321613 0.474054
v -0.655108 0.338439 0.509194
v -0.638892 0.338439 0.509194
v -0.647000 0.359668 0.515753
v -0.633879 0.351560 0.513248
v -0.660121 0.351560 0.513248
v -0.655108 0.461561 0.509194
v -0.638892 0.461561 0.509194
v -0.647000 0.440332 0.515753
v -0.633879 0.448440 0.513248
v -0.660121 0.448440 0.513248
v -0.655108 0.338439 0.430806
v -0.638892 0.338439 0.430806
v -0.647000 0.359668 0.424247
v -0.633879 0.351560 0.426752
v -0.660121 0.351560 0.426752
v -0.655108 0.461561 0.430806
v -0.638892 0.461561 0.430806
v -0.647000 0.440332 0.424247
v -0.633879 0.448440 0.426752
v -0.660121 0.448440 0.426752
v -0.560505 0.413121 0.445780
v -0.560505 0.386879 0.445780
v -0.568613 0.391892 0.439220
v -0.568613 0.408108 0.439220
v -0.555494 0.400000 0.449834
v -0.560505 0.413121 0.494220
v -0.560505 0.386879 0.494220
v -0.568613 0.391892 0.500780
v -0.568613 0.408108 0.500780
v -0.555494 0.400000 0.490166
v -0.733495 0.413121 0.445780
v -0.733495 0.386879 0.445780
v -0.725387 0.391892 0.439220
v -0.725387 0.408108 0.439220
v -0.738506 0.400000 0.449834
v -0.733495 0.413121 0.494220
v -0.733495 0.386879 0.494220
v -0.725387 0.391892 0.500780
v -0.725387 0.408108 0.500780
v -0.738506 0.400000 0.490166
v -0.660794 0.499044 0.470000
v -0.633206 0.499044 0.470000
v -0.655224 0.498769 0.476654
v -0.655224 0.498769 0.463346
v -0.638776 0.498769 0.476654
v -0.638776 0.498769 0.463346
v -0.684501 0.484392 0.489181
v -0.670707 0.475864 0.500342
v -0.670866 0.489100 0.489310
v -0.692397 0.475794 0.493422
v -0.662642 0.484017 0.495964
v -0.684174 0.470710 0.500076
v -0.684501 0.484392 0.450819
v -0.670707 0.475864 0.439658
v -0.670866 0.489100 0.450690
v -0.692397 0.475794 0.446578
v -0.662642 0.484017 0.444036
v -0.684174 0.470710 0.439924
v -0.722864 0.460685 0.458147
v -0.731392 0.438363 0.451250
v -0.717710 0.460152 0.451413
v -0.731017 0.451928 0.462179
v -0.722794 0.446844 0.447301
v -0.736100 0.438620 0.458067
v -0.722864 0.460685 0.481853
v -0.731392 0.438363 0.488750
v -0.717710 0.460152 0.488587
v -0.731017 0.451928 0.477821
v -0.722794 0.446844 0.492699
v -0.736100 0.438620 0.481933
v -0.609499 0.484392 0.489181
v -0.623293 0.475864 0.500342
v -0.623134 0.489100 0.489310
v -0.631358 0.484017 0.495964
v -0.601603 0.475794 0.493422
v -0.609826 0.470710 0.500076
v -0.609499 0.484392 0.450819
v -0.623293 0.475864 0.439658
v -0.623134 0.489100 0.450690
v -0.631358 0.484017 0.444036
v -0.601603 0.475794 0.446578
v -0.609826 0.470710 0.439924
v -0.571136 0.460685 0.458147
v -0.562608 0.438363 0.451250
v -0.576290 0.460152 0.451413
v -0.562983 0.451928 0.462179
v -0.571206 0.446844 0.447301
v -0.557900 0.438620 0.458067
v -0.571136 0.460685 0.481853
v -0.562608 0.438363 0.488750
v -0.576290 0.460152 0.488587
v -0.562983 0.451928 0.477821
v -0.571206 0.446844 0.492699
v -0.557900 0.438620 0.481933
v -0.660794 0.300956 0.470000
v -0.633206 0.300956 0.470000
v -0.655224 0.301231 0.476654
v -0.655224 0.301231 0.463346
v -0.638776 0.301231 0.476654
v -0.638776 0.301231 0.463346
v -0.684501 0.315608 0.489181
v -0.670707 0.324136 0.500342
v -0.670866 0.310900 0.489310
v -0.692397 0.324206 0.493422
v -0.662642 0.315983 0.495964
v -0.684174 0.329290 0.500076
v -0.684501 0.315608 0.450819
v -0.670707 0.324136 0.439658
v -0.670866 0.310900 0.450690
v -0.692397 0.324206 0.446578
v -0.662642 0.315983 0.444036
v -0.684174 0.329290 0.439924
v -0.722864 0.339315 0.458147
v -0.731392 0.361637 0.451250
v -0.717710 0.339848 0.451413
v -0.731017 0.348072 0.462179
v -0.722794 0.353156 0.447301
v -0.736100 0.361380 0.458067
v -0.722864 0.339315 0.481853
v -0.731392 0.361637 0.488750
v -0.717710 0.339848 0.488587
v -0.731017 0.348072 0.477821
v -0.722794 0.353156 0.492699
v -0.736100 0.361380 0.481933
v -0.609499 0.315608 0.489181
v -0.623293 0.324136 0.500342
v -0.623134 0.310900 0.489310
v -0.631358 0.315983 0.495964
v -0.601603 0.324206 0.493422
v -0.609826 0.329290 0.500076
v -0.609499 0.315608 0.450819
v -0.623293 0.324136 0.439658
v -0.623134 0.310900 0.450690
v -0.631358 0.315983 0.444036
v -0.601603 0.324206 0.446578
v -0.609826 0.329290 0.439924
v -0.571136 0.339315 0.458147
v -0.562608 0.361637 0.451250
v -0.576290 0.339848 0.451413
v -0.562983 0.348072 0.462179
v -0.571206 0.353156 0.447301
v -0.557900 0.361380 0.458067
v -0.571136 0.339315 0.481853
v -0.562608 0.361637 0.488750
v -0.576290 0.339848 0.488587
v -0.562983 0.348072 0.477821
v -0.571206 0.353156 0.492699
v -0.557900 0.361380 0.481933
v -0.647000 0.386206 0.519522
v -0.647000 0.413794 0.519522
v -0.633692 0.391776 0.519384
v -0.660308 0.391776 0.519384
v -0.633692 0.408224 0.519384
v -0.660308 0.408224 0.519384
v -0.608637 0.362499 0.512196
v -0.586315 0.376293 0.507932
v -0.600156 0.354603 0.507897
v -0.586848 0.362826 0.505355
v -0.608380 0.376134 0.514550
v -0.595072 0.384358 0.512008
v -0.685363 0.362499 0.512196
v -0.707685 0.376293 0.507932
v -0.693844 0.354603 0.507897
v -0.707152 0.362826 0.505355
v -0.685620 0.376134 0.514550
v -0.698928 0.384358 0.512008
v -0.608637 0.437501 0.512196
v -0.586315 0.423707 0.507932
v -0.600156 0.445397 0.507897
v -0.586848 0.437174 0.505355
v -0.608380 0.423866 0.514550
v -0.595072 0.415642 0.512008
v -0.685363 0.437501 0.512196
v -0.707685 0.423707 0.507932
v -0.693844 0.445397 0.507897
v -0.707152 0.437174 0.505355
v -0.685620 0.423866 0.514550
v -0.698928 0.415642 0.512008
v -0.647000 0.386206 0.420478
v -0.647000 0.413794 0.420478
v -0.633692 0.391776 0.420616
v -0.660308 0.391776 0.420616
v -0.633692 0.408224 0.420616
v -0.660308 0.408224 0.420616
v -0.608637 0.362499 0.427804
v -0.586315 0.376293 0.432068
v -0.600156 0.354603 0.432103
v -0.586848 0.362826 0.434645
v -0.608380 0.376134 0.425450
v -0.595072 0.384358 0.427992
v -0.685363 0.362499 0.427804
v -0.707685 0.376293 0.432068
v -0.693844 0.354603 0.432103
v -0.707152 0.362826 0.434645
v -0.685620 0.376134 0.425450
v -0.698928 0.384358 0.427992
v -0.608637 0.437501 0.427804
v -0.586315 0.423707 0.432068
v -0.600156 0.445397 0.432103
v -0.586848 0.437174 0.434645
v -0.608380 0.423866 0.425450
v -0.595072 0.415642 0.427992
v -0.685363 0.437501 0.427804
v -0.707685 0.423707 0.432068
v -0.693844 0.445397 0.432103
v -0.707152 0.437174 0.434645
v -0.685620 0.423866 0.425450
v -0.698928 0.415642 0.427992
v -0.547956 0.400000 0.463103
v -0.547956 0.400000 0.476897
v -0.548231 0.413308 0.465888
v -0.548231 0.413308 0.474112
v -0.548231 0.386692 0.465888
v -0.548231 0.386692 0.474112
v -0.746044 0.400000 0.463103
v -0.746044 0.400000 0.476897
v -0.745769 0.413308 0.465888
v -0.745769 0.413308 0.474112
v -0.745769 0.386692 0.465888
v -0.745769 0.386692 0.474112
v -0.682820 0.492432 0.476583
v -0.682820 0.492432 0.463417
v -0.669010 0.496640 0.476640
v -0.669010 0.496640 0.463360
v -0.704122 0.479267 0.480651
v -0.677123 0.491625 0.483205
v -0.698610 0.478346 0.487308
v -0.704122 0.479267 0.459349
v -0.677123 0.491625 0.456795
v -0.698610 0.478346 0.452692
v -0.717288 0.471131 0.470000
v -0.711739 0.470233 0.455200
v -0.725019 0.462026 0.465943
v -0.711739 0.470233 0.484800
v -0.725019 0.462026 0.474057
v -0.611180 0.492432 0.476583
v -0.611180 0.492432 0.463417
v -0.624990 0.496640 0.476640
v -0.624990 0.496640 0.463360
v -0.589878 0.479267 0.480651
v -0.616877 0.491625 0.483205
v -0.595390 0.478346 0.487308
v -0.589878 0.479267 0.459349
v -0.616877 0.491625 0.456795
v -0.595390 0.478346 0.452692
v -0.576712 0.471131 0.470000
v -0.582261 0.470233 0.455200
v -0.568981 0.462026 0.465943
v -0.582261 0.470233 0.484800
v -0.568981 0.462026 0.474057
v -0.682820 0.307568 0.476583
v -0.682820 0.307568 0.463417
v -0.669010 0.303360 0.476640
v -0.669010 0.303360 0.463360
v -0.704122 0.320733 0.480651
v -0.677123 0.308375 0.483205
v -0.698610 0.321654 0.487308
v -0.704122 0.320733 0.459349
v -0.677123 0.308375 0.456795
v -0.698610 0.321654 0.452692
v -0.717288 0.328869 0.470000
v -0.711739 0.329767 0.455200
v -0.725019 0.337974 0.465943
v -0.711739 0.329767 0.484800
v -0.725019 0.337974 0.474057
v -0.611180 0.307568 0.476583
v -0.611180 0.307568 0.463417
v -0.624990 0.303360 0.476640
v -0.624990 0.303360 0.463360
v -0.589878 0.320733 0.480651
v -0.616877 0.308375 0.483205
v -0.595390 0.321654 0.487308
v -0.589878 0.320733 0.459349
v -0.616877 0.308375 0.456795
v -0.595390 0.321654 0.452692
v -0.576712 0.328869 0.470000
v -0.582261 0.329767 0.455200
v -0.568981 0.337974 0.465943
v -0.582261 0.329767 0.484800
v -0.568981 0.337974 0.474057
v -0.647000 0.329712 0.505565
v -0.668302 0.342878 0.509634
v -0.655114 0.321981 0.501013
v -0.676600 0.335261 0.505116
v -0.625698 0.342878 0.509634
v -0.638886 0.321981 0.501013
v -0.617400 0.335261 0.505116
v -0.633834 0.364180 0.516216
v -0.660166 0.364180 0.516216
v -0.633720 0.377990 0.518320
v -0.660280 0.377990 0.518320
v -0.612384 0.348390 0.509173
v -0.620591 0.369877 0.515812
v -0.681616 0.348390 0.509173
v -0.673409 0.369877 0.515812
v -0.647000 0.470288 0.505565
v -0.668302 0.457122 0.509634
v -0.655114 0.478019 0.501013
v -0.676600 0.464739 0.505116
v -0.625698 0.457122 0.509634
v -0.638886 0.478019 0.501013
v -0.617400 0.464739 0.505116
v -0.633834 0.435820 0.516216
v -0.660166 0.435820 0.516216
v -0.633720 0.422010 0.518320
v -0.660280 0.422010 0.518320
v -0.612384 0.451610 0.509173
v -0.620591 0.430123 0.515812
v -0.681616 0.451610 0.509173
v -0.673409 0.430123 0.515812
v -0.647000 0.329712 0.434435
v -0.668302 0.342878 0.430366
v -0.655114 0.321981 0.438987
v -0.676600 0.335261 0.434884
v -0.625698 0.342878 0.430366
v -0.638886 0.321981 0.438987
v -0.617400 0.335261 0.434884
v -0.633834 0.364180 0.423784
v -0.660166 0.364180 0.423784
v -0.633720 0.377990 0.421680
v -0.660280 0.377990 0.421680
v -0.612384 0.348390 0.430827
v -0.620591 0.369877 0.424188
v -0.681616 0.348390 0.430827
v -0.673409 0.369877 0.424188
v -0.647000 0.470288 0.434435
v -0.668302 0.457122 0.430366
v -0.655114 0.478019 0.438987
v -0.676600 0.464739 0.434884
v -0.625698 0.457122 0.430366
v -0.638886 0.478019 0.438987
v -0.617400 0.464739 0.434884
v -0.633834 0.435820 0.423784
v -0.660166 0.435820 0.423784
v -0.633720 0.422010 0.421680
v -0.660280 0.422010 0.421680
v -0.612384 0.451610 0.430827
v -0.620591 0.430123 0.424188
v -0.681616 0.451610 0.430827
v -0.673409 0.430123 0.424188
v -0.567733 0.421302 0.441439
v -0.554568 0.413166 0.452090
v -0.568654 0.434616 0.444195
v -0.555375 0.426409 0.454938
v -0.567733 0.378698 0.441439
v -0.554568 0.386834 0.452090
v -0.568654 0.365384 0.444195
v -0.555375 0.373591 0.454938
v -0.575869 0.400000 0.434856
v -0.576767 0.370400 0.437630
v -0.584974 0.391886 0.430991
v -0.576767 0.429600 0.437630
v -0.584974 0.408114 0.430991
v -0.550360 0.413280 0.458995
v -0.550360 0.386720 0.458995
v -0.567733 0.421302 0.498561
v -0.554568 0.413166 0.487910
v -0.568654 0.434616 0.495805
v -0.555375 0.426409 0.485062
v -0.567733 0.378698 0.498561
v -0.554568 0.386834 0.487910
v -0.568654 0.365384 0.495805
v -0.555375 0.373591 0.485062
v -0.575869 0.400000 0.505144
v -0.576767 0.370400 0.502370
v -0.584974 0.391886 0.509009
v -0.576767 0.429600 0.502370
v -0.584974 0.408114 0.509009
v -0.550360 0.413280 0.481005
v -0.550360 0.386720 0.481005
v -0.726267 0.421302 0.441439
v -0.739432 0.413166 0.452090
v -0.725347 0.434616 0.444195
v -0.738625 0.426409 0.454938
v -0.726267 0.378698 0.441439
v -0.739432 0.386834 0.452090
v -0.725347 0.365384 0.444195
v -0.738625 0.373591 0.454938
v -0.718131 0.400000 0.434856
v -0.717233 0.370400 0.437630
v -0.709026 0.391886 0.430991
v -0.717233 0.429600 0.437630
v -0.709026 0.408114 0.430991
v -0.743640 0.413280 0.458995
v -0.743640 0.386720 0.458995
v -0.726267 0.421302 0.498561
v -0.739432 0.413166 0.487910
v -0.725347 0.434616 0.495805
v -0.738625 0.426409 0.485062
v -0.726267 0.378698 0.498561
v -0.739432 0.386834 0.487910
v -0.725347 0.365384 0.495805
v -0.738625 0.373591 0.485062
v -0.718131 0.400000 0.505144
v -0.717233 0.370400 0.502370
v -0.709026 0.391886 0.509009
v -0.717233 0.429600 0.502370
v -0.709026 0.408114 0.509009
v -0.743640 0.413280 0.481005
v -0.743640 0.386720 0.481005
v -0.647000 0.496386 0.483321
v -0.655232 0.491298 0.489981
v -0.647000 0.496386 0.456679
v -0.655232 0.491298 0.450019
v -0.638768 0.491298 0.489981
v -0.638768 0.491298 0.450019
v -0.698337 0.464658 0.498213
v -0.711658 0.456426 0.495668
v -0.703426 0.451337 0.502329
v -0.698337 0.464658 0.441787
v -0.711658 0.456426 0.444332
v -0.703426 0.451337 0.437671
v -0.738298 0.439962 0.465884
v -0.738298 0.439962 0.474116
v -0.743386 0.426642 0.470000
v -0.595663 0.464658 0.498213
v -0.582342 0.456426 0.495668
v -0.590574 0.451337 0.502329
v -0.595663 0.464658 0.441787
v -0.582342 0.456426 0.444332
v -0.590574 0.451337 0.437671
v -0.555702 0.439962 0.465884
v -0.555702 0.439962 0.474116
v -0.550614 0.426642 0.470000
v -0.647000 0.303614 0.483321
v -0.655232 0.308702 0.489981
v -0.647000 0.303614 0.456679
v -0.655232 0.308702 0.450019
v -0.638768 0.308702 0.489981
v -0.638768 0.308702 0.450019
v -0.698337 0.335342 0.498213
v -0.711658 0.343574 0.495668
v -0.703426 0.348663 0.502329
v -0.698337 0.335342 0.441787
v -0.711658 0.343574 0.444332
v -0.703426 0.348663 0.437671
v -0.738298 0.360038 0.465884
v -0.738298 0.360038 0.474116
v -0.743386 0.373358 0.470000
v -0.595663 0.335342 0.498213
v -0.582342 0.343574 0.495668
v -0.590574 0.348663 0.502329
v -0.595663 0.335342 0.441787
v -0.582342 0.343574 0.444332
v -0.590574 0.348663 0.437671
v -0.555702 0.360038 0.465884
v -0.555702 0.360038 0.474116
v -0.550614 0.373358 0.470000
v -0.620358 0.400000 0.518193
v -0.607038 0.391768 0.515649
v -0.673642 0.400000 0.518193
v -0.686962 0.391768 0.515649
v -0.607038 0.408232 0.515649
v -0.686962 0.408232 0.515649
v -0.620358 0.400000 0.421807
v -0.607038 0.391768 0.424351
v -0.673642 0.400000 0.421807
v -0.686962 0.391768 0.424351
v -0.607038 0.408232 0.424351
v -0.686962 0.408232 0.424351
v -0.852569 0.485068 0.000000
v -0.747431 0.485068 0.000000
v -0.852569 0.314932 0.000000
v -0.747431 0.314932 0.000000
v -0.800000 0.347431 0.042534
v -0.800000 0.452569 0.042534
v -0.800000 0.347431 -0.042534
v -0.800000 0.452569 -0.042534
v -0.714932 0.400000 -0.026284
v -0.714932 0.400000 0.026284
v -0.885068 0.400000 -0.026284
v -0.885068 0.400000 0.026284
v -0.800000 0.500000 0.000000
v -0.830899 0.480901 0.025001
v -0.830899 0.480901 -0.025001
v -0.880901 0.450002 -0.015450
v -0.880901 0.450002 0.015450
v -0.769101 0.480901 0.025001
v -0.769101 0.480901 -0.025001
v -0.719099 0.450002 -0.015450
v -0.719099 0.450002 0.015450
v -0.800000 0.300000 0.000000
v -0.830899 0.319099 0.025001
v -0.830899 0.319099 -0.025001
v -0.880901 0.349998 -0.015450
v -0.880901 0.349998 0.015450
v -0.769101 0.319099 0.025001
v -0.769101 0.319099 -0.025001
v -0.719099 0.349998 -0.015450
v -0.719099 0.349998 0.015450
v -0.800000 0.400000 0.050000
v -0.749998 0.369101 0.040451
v -0.850002 0.369101 0.040451
v -0.749998 0.430899 0.040451
v -0.850002 0.430899 0.040451
v -0.800000 0.400000 -0.050000
v -0.749998 0.369101 -0.040451
v -0.850002 0.369101 -0.040451
v -0.749998 0.430899 -0.040451
v -0.850002 0.430899 -0.040451
v -0.700000 0.400000 0.000000
v -0.900000 0.400000 0.000000
v -0.827324 0.496195 0.000000
v -0.843385 0.486268 0.012995
v -0.843385 0.486268 -0.012995
v -0.869376 0.470207 -0.008031
v -0.869376 0.470207 0.008031
v -0.772676 0.496195 0.000000
v -0.756615 0.486268 0.012995
v -0.756615 0.486268 -0.012995
v -0.730624 0.470207 -0.008031
v -0.730624 0.470207 0.008031
v -0.827324 0.303805 0.000000
v -0.843385 0.313732 0.012995
v -0.843385 0.313732 -0.012995
v -0.869376 0.329793 -0.008031
v -0.869376 0.329793 0.008031
v -0.772676 0.303805 0.000000
v -0.756615 0.313732 0.012995
v -0.756615 0.313732 -0.012995
v -0.730624 0.329793 -0.008031
v -0.730624 0.329793 0.008031
v -0.816061 0.330624 0.035104
v -0.783939 0.330624 0.035104
v -0.800000 0.372676 0.048097
v -0.774010 0.356615 0.043134
v -0.825990 0.356615 0.043134
v -0.816061 0.469376 0.035104
v -0.783939 0.469376 0.035104
v -0.800000 0.427324 0.048097
v -0.774010 0.443385 0.043134
v -0.825990 0.443385 0.043134
v -0.816061 0.330624 -0.035104
v -0.783939 0.330624 -0.035104
v -0.800000 0.372676 -0.048097
v -0.774010 0.356615 -0.043134
v -0.825990 0.356615 -0.043134
v -0.816061 0.469376 -0.035104
v -0.783939 0.469376 -0.035104
v -0.800000 0.427324 -0.048097
v -0.774010 0.443385 -0.043134
v -0.825990 0.443385 -0.043134
v -0.713732 0.425990 -0.021693
v -0.713732 0.374010 -0.021693
v -0.729793 0.383939 -0.034688
v -0.729793 0.416061 -0.034688
v -0.703805 0.400000 -0.013662
v -0.713732 0.425990 0.021693
v -0.713732 0.374010 0.021693
v -0.729793 0.383939 0.034688
v -0.729793 0.416061 0.034688
v -0.703805 0.400000 0.013662
v -0.886268 0.425990 -0.021693
v -0.886268 0.374010 -0.021693
v -0.870207 0.383939 -0.034688
v -0.870207 0.416061 -0.034688
v -0.896195 0.400000 -0.013662
v -0.886268 0.425990 0.021693
v -0.886268 0.374010 0.021693
v -0.870207 0.383939 0.034688
v -0.870207 0.416061 0.034688
v -0.896195 0.400000 0.013662
v -0.816245 0.495106 0.013144
v -0.816245 0.495106 -0.013144
v -0.783755 0.495106 0.013144
v -0.783755 0.495106 -0.013144
v -0.858777 0.468820 0.021266
v -0.800000 0.485064 0.026287
v -0.842533 0.458777 0.034410
v -0.858777 0.468820 -0.021266
v -0.800000 0.485064 -0.026287
v -0.842533 0.458777 -0.034410
v -0.885064 0.452575 0.000000
v -0.868820 0.442532 -0.029389
v -0.895106 0.426288 -0.008122
v -0.868820 0.442532 0.029389
v -0.895106 0.426288 0.008122
v -0.741223 0.468820 0.021266
v -0.757468 0.458777 0.034410
v -0.741223 0.468820 -0.021266
v -0.757468 0.458777 -0.034410
v -0.714936 0.452575 0.000000
v -0.731180 0.442532 -0.029389
v -0.704894 0.426288 -0.008122
v -0.731180 0.442532 0.029389
v -0.704894 0.426288 0.008122
v -0.816245 0.304894 0.013144
v -0.816245 0.304894 -0.013144
v -0.783755 0.304894 0.013144
v -0.783755 0.304894 -0.013144
v -0.858777 0.331180 0.021266
v -0.800000 0.314936 0.026287
v -0.842533 0.341223 0.034410
v -0.858777 0.331180 -0.021266
v -0.800000 0.314936 -0.026287
v -0.842533 0.341223 -0.034410
v -0.885064 0.347425 0.000000
v -0.868820 0.357468 -0.029389
v -0.895106 0.373712 -0.008122
v -0.868820 0.357468 0.029389
v -0.895106 0.373712 0.008122
v -0.741223 0.331180 0.021266
v -0.757468 0.341223 0.034410
v -0.741223 0.331180 -0.021266
v -0.757468 0.341223 -0.034410
v -0.714936 0.347425 0.000000
v -0.731180 0.357468 -0.029389
v -0.704894 0.373712 -0.008122
v -0.731180 0.357468 0.029389
v -0.704894 0.373712 0.008122
v -0.773712 0.383755 0.047553
v -0.826288 0.383755 0.047553
v -0.773712 0.416245 0.047553
v -0.826288 0.416245 0.047553
v -0.747425 0.400000 0.042532
v -0.852575 0.400000 0.042532
v -0.773712 0.383755 -0.047553
v -0.826288 0.383755 -0.047553
v -0.773712 0.416245 -0.047553
v -0.826288 0.416245 -0.047553
v -0.747425 0.400000 -0.042532
v -0.852575 0.400000 -0.042532
v -0.840332 0.491506 0.000000
v -0.848440 0.486495 0.006560
v -0.848440 0.486495 -0.006560
v -0.861561 0.478387 -0.004054
v -0.861561 0.478387 0.004054
v -0.759668 0.491506 0.000000
v -0.751560 0.486495 0.006560
v -0.751560 0.486495 -0.006560
v -0.738439 0.478387 -0.004054
v -0.738439 0.478387 0.004054
v -0.840332 0.308494 0.000000
v -0.848440 0.313505 0.006560
v -0.848440 0.313505 -0.006560
v -0.861561 0.321613 -0.004054
v -0.861561 0.321613 0.004054
v -0.759668 0.308494 0.000000
v -0.751560 0.313505 0.006560
v -0.751560 0.313505 -0.006560
v -0.738439 0.321613 -0.004054
v -0.738439 0.321613 0.004054
v -0.808108 0.338439 0.039194
v -0.791892 0.338439 0.039194
v -0.800000 0.359668 0.045753
v -0.786879 0.351560 0.043248
v -0.813121 0.351560 0.043248
v -0.808108 0.461561 0.039194
v -0.791892 0.461561 0.039194
v -0.800000 0.440332 0.045753
v -0.786879 0.448440 0.043248
v -0.813121 0.448440 0.043248
v -0.808108 0.338439 -0.039194
v -0.791892 0.338439 -0.039194
v -0.800000 0.359668 -0.045753
v -0.786879 0.351560 -0.043248
v -0.813121 0.351560 -0.043248
v -0.808108 0.461561 -0.039194
v -0.791892 0.461561 -0.039194
v -0.800000 0.440332 -0.045753
v -0.786879 0.448440 -0.043248
v -0.813121 0.448440 -0.043248
v -0.713505 0.413121 -0.024220
v -0.713505 0.386879 -0.024220
v -0.721613 0.391892 -0.030780
v -0.721613 0.408108 -0.030780
v -0.708494 0.400000 -0.020166
v -0.713505 0.413121 0.024220
v -0.713505 0.386879 0.024220
v -0.721613 0.391892 0.030780
v -0.721613 0.408108 0.030780
v -0.708494 0.400000 0.020166
v -0.886495 0.413121 -0.024220
v -0.886495 0.386879 -0.024220
v -0.878387 0.391892 -0.030780
v -0.878387 0.408108 -0.030780
v -0.891506 0.400000 -0.020166
v -0.886495 0.413121 0.024220
v -0.886495 0.386879 0.024220
v -0.878387 0.391892 0.030780
v -0.878387 0.408108 0.030780
v -0.891506 0.400000 0.020166
v -0.813794 0.499044 0.000000
v -0.786206 0.499044 0.000000
v -0.808224 0.498769 0.006654
v -0.808224 0.498769 -0.006654
v -0.791776 0.498769 0.006654
v -0.791776 0.498769 -0.006654
v -0.837501 0.484392 0.019181
v -0.823707 0.475864 0.030342
v -0.823866 0.489100 0.019310
v -0.845397 0.475794 0.023422
v -0.815642 0.484017 0.025964
v -0.837174 0.470710 0.030076
v -0.837501 0.484392 -0.019181
v -0.823707 0.475864 -0.030342
v -0.823866 0.489100 -0.019310
v -0.845397 0.475794 -0.023422
v -0.815642 0.484017 -0.025964
v -0.837174 0.470710 -0.030076
v -0.875864 0.460685 -0.011853
v -0.884392 0.438363 -0.018750
v -0.870710 0.460152 -0.018587
v -0.884017 0.451928 -0.007821
v -0.875794 0.446844 -0.022699
v -0.889100 0.438620 -0.011933
v -0.875864 0.460685 0.011853
v -0.884392 0.438363 0.018750
v -0.870710 0.460152 0.018587
v -0.884017 0.451928 0.007821
v -0.875794 0.446844 0.022699
v -0.889100 0.438620 0.011933
v -0.762499 0.484392 0.019181
v -0.776293 0.475864 0.030342
v -0.776134 0.489100 0.019310
v -0.784358 0.484017 0.025964
v -0.754603 0.475794 0.023422
v -0.762826 0.470710 0.030076
v -0.762499 0.484392 -0.019181
v -0.776293 0.475864 -0.030342
v -0.776134 0.489100 -0.019310
v -0.784358 0.484017 -0.025964
v -0.754603 0.475794 -0.023422
v -0.762826 0.470710 -0.030076
v -0.724136 0.460685 -0.011853
v -0.715608 0.438363 -0.018750
v -0.729290 0.460152 -0.018587
v -0.715983 0.451928 -0.007821
v -0.724206 0.446844 -0.022699
v -0.710900 0.438620 -0.011933
v -0.724136 0.460685 0.011853
v -0.715608 0.438363 0.018750
v -0.729290 0.460152 0.018587
v -0.715983 0.451928 0.007821
v -0.724206 0.446844 0.022699
v -0.710900 0.438620 0.011933
v -0.813794 0.300956 0.000000
v -0.786206 0.300956 0.000000
v -0.808224 0.301231 0.006654
v -0.808224 0.301231 -0.006654
v -0.791776 0.301231 0.006654
v -0.791776 0.301231 -0.006654
v -0.837501 0.315608 0.019181
v -0.823707 0.324136 0.030342
v -0.823866 0.310900 0.019310
v -0.845397 0.324206 0.023422
v -0.815642 0.315983 0.025964
v -0.837174 0.329290 0.030076
v -0.837501 0.315608 -0.019181
v -0.823707 0.324136 -0.030342
v -0.823866 0.310900 -0.019310
v -0.845397 0.324206 -0.023422
v -0.815642 0.315983 -0.025964
v -0.837174 0.329290 -0.030076
v -0.875864 0.339315 -0.011853
v -0.884392 0.361637 -0.018750
v -0.870710 0.339848 -0.018587
v -0.884017 0.348072 -0.007821
v -0.875794 0.353156 -0.022699
v -0.889100 0.361380 -0.011933
v -0.875864 0.339315 0.011853
v -0.884392 0.361637 0.018750
v -0.870710 0.339848 0.018587
v -0.884017 0.348072 0.007821
v -0.875794 0.353156 0.022699
v -0.889100 0.361380 0.011933
v -0.762499 0.315608 0.019181
v -0.776293 0.324136 0.030342
v -0.776134 0.310900 0.019310
v -0.784358 0.315983 0.025964
v -0.754603 0.324206 0.023422
v -0.762826 0.329290 0.030076
v -0.762499 0.315608 -0.019181
v -0.776293 0.324136 -0.030342
v -0.776134 0.310900 -0.019310
v -0.784358 0.315983 -0.025964
v -0.754603 0.324206 -0.023422
v -0.762826 0.329290 -0.030076
v -0.724136 0.339315 -0.011853
v -0.715608 0.361637 -0.018750
v -0.729290 0.339848 -0.018587
v -0.715983 0.348072 -0.007821
v -0.724206 0.353156 -0.022699
v -0.710900 0.361380 -0.011933
v -0.724136 0.339315 0.011853
v -0.715608 0.361637 0.018750
v -0.729290 0.339848 0.018587
v -0.715983 0.348072 0.007821
v -0.724206 0.353156 0.022699
v -0.710900 0.361380 0.011933
v -0.800000 0.386206 0.049522
v -0.800000 0.413794 0.049522
v -0.786692 0.391776 0.049384
v -0.813308 0.391776 0.049384
v -0.786692 0.408224 0.049384
v -0.813308 0.408224 0.049384
v -0.761637 0.362499 0.042196
v -0.739315 0.376293 0.037932
v -0.753156 0.354603 0.037897
v -0.739848 0.362826 0.035355
v -0.761380 0.376134 0.044550
v -0.748072 0.384358 0.042008
v -0.838363 0.362499 0.042196
v -0.860685 0.376293 0.037932
v -0.846844 0.354603 0.037897
v -0.860152 0.362826 0.035355
v -0.838620 0.376134 0.044550
v -0.851928 0.384358 0.042008
v -0.761637 0.437501 0.042196
v -0.739315 0.423707 0.037932
v -0.753156 0.445397 0.037897
v -0.739848 0.437174 0.035355
v -0.761380 0.423866 0.044550
v -0.748072 0.415642 0.042008
v -0.838363 0.437501 0.042196
v -0.860685 0.423707 0.037932
v -0.846844 0.445397 0.037897
v -0.860152 0.437174 0.035355
v -0.838620 0.423866 0.044550
v -0.851928 0.415642 0.042008
v -0.800000 0.386206 -0.049522
v -0.800000 0.413794 -0.049522
v -0.786692 0.391776 -0.049384
v -0.813308 0.391776 -0.049384
v -0.786692 0.408224 -0.049384
v -0.813308 0.408224 -0.049384
v -0.761637 0.362499 -0.042196
v -0.739315 0.376293 -0.037932
v -0.753156 0.354603 -0.037897
v -0.739848 0.362826 -0.035355
v -0.761380 0.376134 -0.044550
v -0.748072 0.384358 -0.042008
v -0.838363 0.362499 -0.042196
v -0.860685 0.376293 -0.037932
v -0.846844 0.354603 -0.037897
v -0.860152 0.362826 -0.035355
v -0.838620 0.376134 -0.044550
v -0.851928 0.384358 -0.042008
v -0.761637 0.437501 -0.042196
v -0.739315 0.423707 -0.037932
v -0.753156 0.445397 -0.037897
v -0.739848 0.437174 -0.035355
v -0.761380 0.423866 -0.044550
v -0.748072 0.415642 -0.042008
v -0.838363 0.437501 -0.042196
v -0.860685 0.423707 -0.037932
v -0.846844 0.445397 -0.037897
v -0.860152 0.437174 -0.035355
v -0.838620 0.423866 -0.044550
v -0.851928 0.415642 -0.042008
v -0.700956 0.400000 -0.006897
v -0.700956 0.400000 0.006897
v -0.701231 0.413308 -0.004112
v -0.701231 0.413308 0.004112
v -0.701231 0.386692 -0.004112
v -0.701231 0.386692 0.004112
v -0.899044 0.400000 -0.006897
v -0.899044 0.400000 0.006897
v -0.898769 0.413308 -0.004112
v -0.898769 0.413308 0.004112
v -0.898769 0.386692 -0.004112
v -0.898769 0.386692 0.004112
v -0.835820 0.492432 0.006583
v -0.835820 0.492432 -0.006583
v -0.822010 0.496640 0.006640
v -0.822010 0.496640 -0.006640
v -0.857122 0.479267 0.010651
v -0.830123 0.491625 0.013205
v -0.851610 0.478346 0.017308
v -0.857122 0.479267 -0.010651
v -0.830123 0.491625 -0.013205
v -0.851610 0.478346 -0.017308
v -0.870288 0.471131 0.000000
v -0.864739 0.470233 -0.014800
v -0.878019 0.462026 -0.004057
v -0.864739 0.470233 0.014800
v -0.878019 0.462026 0.004057
v -0.764180 0.492432 0.006583
v -0.764180 0.492432 -0.006583
v -0.777990 0.496640 0.006640
v -0.777990 0.496640 -0.006640
v -0.742878 0.479267 0.010651
v -0.769877 0.491625 0.013205
v -0.748390 0.478346 0.017308
v -0.742878 0.479267 -0.010651
v -0.769877 0.491625 -0.013205
v -0.748390 0.478346 -0.017308
v -0.729712 0.471131 0.000000
v -0.735261 0.470233 -0.014800
v -0.721981 0.462026 -0.004057
v -0.735261 0.470233 0.014800
v -0.721981 0.462026 0.004057
v -0.835820 0.307568 0.006583
v -0.835820 0.307568 -0.006583
v -0.822010 0.303360 0.006640
v -0.822010 0.303360 -0.006640
v -0.857122 0.320733 0.010651
v -0.830123 0.308375 0.013205
v -0.851610 0.321654 0.017308
v -0.857122 0.320733 -0.010651
v -0.830123 0.308375 -0.013205
v -0.851610 0.321654 -0.017308
v -0.870288 0.328869 0.000000
v -0.864739 0.329767 -0.014800
v -0.878019 0.337974 -0.004057
v -0.864739 0.329767 0.014800
v -0.878019 0.337974 0.004057
v -0.764180 0.307568 0.006583
v -0.764180 0.307568 -0.006583
v -0.777990 0.303360 0.006640
v -0.777990 0.303360 -0.006640
v -0.742878 0.320733 0.010651
v -0.769877 0.308375 0.013205
v -0.748390 0.321654 0.017308
v -0.742878 0.320733 -0.010651
v -0.769877 0.308375 -0.013205
v -0.748390 0.321654 -0.017308
v -0.729712 0.328869 0.000000
v -0.735261 0.329767 -0.014800
v -0.721981 0.337974 -0.004057
v -0.735261 0.329767 0.014800
v -0.721981 0.337974 0.004057
v -0.800000 0.329712 0.035565
v -0.821302 0.342878 0.039634
v -0.808114 0.321981 0.031013
v -0.829600 0.335261 0.035116
v -0.778698 0.342878 0.039634
v -0.791886 0.321981 0.031013
v -0.770400 0.335261 0.035116
v -0.786834 0.364180 0.046216
v -0.813166 0.364180 0.046216
v -0.786720 0.377990 0.048320
v -0.813280 0.377990 0.048320
v -0.765384 0.348390 0.039173
v -0.773591 0.369877 0.045812
v -0.834616 0.348390 0.039173
v -0.826409 0.369877 0.045812
v -0.800000 0.470288 0.035565
v -0.821302 0.457122 0.039634
v -0.808114 0.478019 0.031013
v -0.829600 0.464739 0.035116
v -0.778698 0.457122 0.039634
v -0.791886 0.478019 0.031013
v -0.770400 0.464739 0.035116
v -0.786834 0.435820 0.046216
v -0.813166 0.435820 0.046216
v -0.786720 0.422010 0.048320
v -0.813280 0.422010 0.048320
v -0.765384 0.451610 0.039173
v -0.773591 0.430123 0.045812
v -0.834616 0.451610 0.039173
v -0.826409 0.430123 0.045812
v -0.800000 0.329712 -0.035565
v -0.821302 0.342878 -0.039634
v -0.808114 0.321981 -0.031013
v -0.829600 0.335261 -0.035116
v -0.778698 0.342878 -0.039634
v -0.791886 0.321981 -0.031013
v -0.770400 0.335261 -0.035116
v -0.786834 0.364180 -0.046216
v -0.813166 0.364180 -0.046216
v -0.786720 0.377990 -0.048320
v -0.813280 0.377990 -0.048320
v -0.765384 0.348390 -0.039173
v -0.773591 0.369877 -0.045812
v -0.834616 0.348390 -0.039173
v -0.826409 0.369877 -0.045812
v -0.800000 0.470288 -0.035565
v -0.821302 0.457122 -0.039634
v -0.808114 0.478019 -0.031013
v -0.829600 0.464739 -0.035116
v -0.778698 0.457122 -0.039634
v -0.791886 0.478019 -0.031013
v -0.770400 0.464739 -0.035116
v -0.786834 0.435820 -0.046216
v -0.813166 0.435820 -0.046216
v -0.786720 0.422010 -0.048320
v -0.813280 0.422010 -0.048320
v -0.765384 0.451610 -0.039173
v -0.773591 0.430123 -0.045812
v -0.834616 0.451610 -0.039173
v -0.826409 0.430123 -0.045812
v -0.720733 0.421302 -0.028561
v -0.707568 0.413166 -0.017910
v -0.721654 0.434616 -0.025805
v -0.708375 0.426409 -0.015062
v -0.720733 0.378698 -0.028561
v -0.707568 0.386834 -0.017910
v -0.721654 0.365384 -0.025805
v -0.708375 0.373591 -0.015062
v -0.728869 0.400000 -0.035144
v -0.729767 0.370400 -0.032370
v -0.737974 0.391886 -0.039009
v -0.729767 0.429600 -0.032370
v -0.737974 0.408114 -0.039009
v -0.703360 0.413280 -0.011005
v -0.703360 0.386720 -0.011005
v -0.720733 0.421302 0.028561
v -0.707568 0.413166 0.017910
v -0.721654 0.434616 0.025805
v -0.708375 0.426409 0.015062
v -0.720733 0.378698 0.028561
v -0.707568 0.386834 0.017910
v -0.721654 0.365384 0.025805
v -0.708375 0.373591 0.015062
v -0.728869 0.400000 0.035144
v -0.729767 0.370400 0.032370
v -0.737974 0.391886 0.039009
v -0.729767 0.429600 0.032370
v -0.737974 0.408114 0.039009
v -0.703360 0.413280 0.011005
v -0.703360 0.386720 0.011005
v -0.879267 0.421302 -0.028561
v -0.892432 0.413166 -0.017910
v -0.878347 0.434616 -0.025805
v -0.891625 0.426409 -0.015062
v -0.879267 0.378698 -0.028561
v -0.892432 0.386834 -0.017910
v -0.878347 0.365384 -0.025805
v -0.891625 0.373591 -0.015062
v -0.871131 0.400000 -0.035144
v -0.870233 0.370400 -0.032370
v -0.862026 0.391886 -0.039009
v -0.870233 0.429600 -0.032370
v -0.862026 0.408114 -0.039009
v -0.896640 0.413280 -0.011005
v -0.896640 0.386720 -0.011005
v -0.879267 0.421302 0.028561
v -0.892432 0.413166 0.017910
v -0.878347 0.434616 0.025805
v -0.891625 0.426409 0.015062
v -0.879267 0.378698 0.028561
v -0.892432 0.386834 0.017910
v -0.878347 0.365384 0.025805
v -0.891625 0.373591 0.015062
v -0.871131 0.400000 0.035144
v -0.870233 0.370400 0.032370
v -0.862026 0.391886 0.039009
v -0.870233 0.429600 0.032370
v -0.862026 0.408114 0.039009
v -0.896640 0.413280 0.011005
v -0.896640 0.386720 0.011005
v -0.800000 0.496386 0.013321
v -0.808232 0.491298 0.019981
v -0.800000 0.496386 -0.013321
v -0.808232 0.491298 -0.019981
v -0.791768 0.491298 0.019981
v -0.791768 0.491298 -0.019981
v -0.851337 0.464658 0.028213
v -0.864658 0.456426 0.025668
v -0.856426 0.451337 0.032329
v -0.851337 0.464658 -0.028213
v -0.864658 0.456426 -0.025668
v -0.856426 0.451337 -0.032329
v -0.891298 0.439962 -0.004116
v -0.891298 0.439962 0.004116
v -0.896386 0.426642 0.000000
v -0.748663 0.464658 0.028213
v -0.735342 0.456426 0.025668
v -0.743574 0.451337 0.032329
v -0.748663 0.464658 -0.028213
v -0.735342 0.456426 -0.025668
v -0.743574 0.451337 -0.032329
v -0.708702 0.439962 -0.004116
v -0.708702 0.439962 0.004116
v -0.703614 0.426642 0.000000
v -0.800000 0.303614 0.013321
v -0.808232 0.308702 0.019981
v -0.800000 0.303614 -0.013321
v -0.808232 0.308702 -0.019981
v -0.791768 0.308702 0.019981
v -0.791768 0.308702 -0.019981
v -0.851337 0.335342 0.028213
v -0.864658 0.343574 0.025668
v -0.856426 0.348663 0.032329
v -0.851337 0.335342 -0.028213
v -0.864658 0.343574 -0.025668
v -0.856426 0.348663 -0.032329
v -0.891298 0.360038 -0.004116
v -0.891298 0.360038 0.004116
v -0.896386 0.373358 0.000000
v -0.748663 0.335342 0.028213
v -0.735342 0.343574 0.025668
v -0.743574 0.348663 0.032329
v -0.748663 0.335342 -0.028213
v -0.735342 0.343574 -0.025668
v -0.743574 0.348663 -0.032329
v -0.708702 0.360038 -0.004116
v -0.708702 0.360038 0.004116
v -0.703614 0.373358 0.000000
v -0.773358 0.400000 0.048193
v -0.760038 0.391768 0.045649
v -0.826642 0.400000 0.048193
v -0.839962 0.391768 0.045649
v -0.760038 0.408232 0.045649
v -0.839962 0.408232 0.045649
v -0.773358 0.400000 -0.048193
v -0.760038 0.391768 -0.045649
v -0.826642 0.400000 -0.048193
v -0.839962 0.391768 -0.045649
v -0.760038 0.408232 -0.045649
v -0.839962 0.408232 -0.045649
v -0.699569 0.485068 -0.470000
v -0.594431 0.485068 -0.470000
v -0.699569 0.314932 -0.470000
v -0.594431 0.314932 -0.470000
v -0.647000 0.347431 -0.427466
v -0.647000 0.452569 -0.427466
v -0.647000 0.347431 -0.512534
v -0.647000 0.452569 -0.512534
v -0.561932 0.400000 -0.496284
v -0.561932 0.400000 -0.443716
v -0.732068 0.400000 -0.496284
v -0.732068 0.400000 -0.443716
v -0.647000 0.500000 -0.470000
v -0.677899 0.480901 -0.444999
v -0.677899 0.480901 -0.495001
v -0.727901 0.450002 -0.485450
v -0.727901 0.450002 -0.454550
v -0.616101 0.480901 -0.444999
v -0.616101 0.480901 -0.495001
v -0.566099 0.450002 -0.485450
v -0.566099 0.450002 -0.454550
v -0.647000 0.300000 -0.470000
v -0.677899 0.319099 -0.444999
v -0.677899 0.319099 -0.495001
v -0.727901 0.349998 -0.485450
v -0.727901 0.349998 -0.454550
v -0.616101 0.319099 -0.444999
v -0.616101 0.319099 -0.495001
v -0.566099 0.349998 -0.485450
v -0.566099 0.349998 -0.454550
v -0.647000 0.400000 -0.420000
v -0.596998 0.369101 -0.429549
v -0.697002 0.369101 -0.429549
v -0.596998 0.430899 -0.429549
v -0.697002 0.430899 -0.429549
v -0.647000 0.400000 -0.520000
v -0.596998 0.369101 -0.510451
v -0.697002 0.369101 -0.510451
v -0.596998 0.430899 -0.510451
v -0.697002 0.430899 -0.510451
v -0.547000 0.400000 -0.470000
v -0.747000 0.400000 -0.470000
v -0.674324 0.496195 -0.470000
v -0.690385 0.486268 -0.457005
v -0.690385 0.486268 -0.482995
v -0.716376 0.470207 -0.478031
v -0.716376 0.470207 -0.461969
v -0.619676 0.496195 -0.470000
v -0.603615 0.486268 -0.457005
v -0.603615 0.486268 -0.482995
v -0.577624 0.470207 -0.478031
v -0.577624 0.470207 -0.461969
v -0.674324 0.303805 -0.470000
v -0.690385 0.313732 -0.457005
v -0.690385 0.313732 -0.482995
v -0.716376 0.329793 -0.478031
v -0.716376 0.329793 -0.461969
v -0.619676 0.303805 -0.470000
v -0.603615 0.313732 -0.457005
v -0.603615 0.313732 -0.482995
v -0.577624 0.329793 -0.478031
v -0.577624 0.329793 -0.461969
v -0.663061 0.330624 -0.434896
v -0.630939 0.330624 -0.434896
v -0.647000 0.372676 -0.421903
v -0.621010 0.356615 -0.426866
v -0.672990 0.356615 -0.426866
v -0.663061 0.469376 -0.434896
v -0.630939 0.469376 -0.434896
v -0.647000 0.427324 -0.421903
v -0.621010 0.443385 -0.426866
v -0.672990 0.443385 -0.426866
v -0.663061 0.330624 -0.505104
v -0.630939 0.330624 -0.505104
v -0.647000 0.372676 -0.518097
v -0.621010 0.356615 -0.513134
v -0.672990 0.356615 -0.513134
v -0.663061 0.469376 -0.505104
v -0.630939 0.469376 -0.505104
v -0.647000 0.427324 -0.518097
v -0.621010 0.443385 -0.513134
v -0.672990 0.443385 -0.513134
v -0.560732 0.425990 -0.491693
v -0.560732 0.374010 -0.491693
v -0.576793 0.383939 -0.504688
v -0.576793 0.416061 -0.504688
v -0.550805 0.400000 -0.483662
v -0.560732 0.425990 -0.448307
v -0.560732 0.374010 -0.448307
v -0.576793 0.383939 -0.435312
v -0.576793 0.416061 -0.435312
v -0.550805 0.400000 -0.456338
v -0.733268 0.425990 -0.491693
v -0.733268 0.374010 -0.491693
v -0.717207 0.383939 -0.504688
v -0.717207 0.416061 -0.504688
v -0.743195 0.400000 -0.483662
v -0.733268 0.425990 -0.448307
v -0.733268 0.374010 -0.448307
v -0.717207 0.383939 -0.435312
v -0.717207 0.416061 -0.435312
v -0.743195 0.400000 -0.456338
v -0.663245 0.495106 -0.456856
v -0.663245 0.495106 -0.483144
v -0.630755 0.495106 -0.456856
v -0.630755 0.495106 -0.483144
v -0.705777 0.468820 -0.448734
v -0.647000 0.485064 -0.443713
v -0.689533 0.458777 -0.435590
v -0.705777 0.468820 -0.491266
v -0.647000 0.485064 -0.496287
v -0.689533 0.458777 -0.504410
v -0.732064 0.452575 -0.470000
v -0.715820 0.442532 -0.499389
v -0.742106 0.426288 -0.478122
v -0.715820 0.442532 -0.440611
v -0.742106 0.426288 -0.461878
v -0.588223 0.468820 -0.448734
v -0.604468 0.458777 -0.435590
v -0.588223 0.468820 -0.491266
v -0.604468 0.458777 -0.504410
v -0.561936 0.452575 -0.470000
v -0.578180 0.442532 -0.499389
v -0.551894 0.426288 -0.478122
v -0.578180 0.442532 -0.440611
v -0.551894 0.426288 -0.461878
v -0.663245 0.304894 -0.456856
v -0.663245 0.304894 -0.483144
v -0.630755 0.304894 -0.456856
v -0.630755 0.304894 -0.483144
v -0.705777 0.331180 -0.448734
v -0.647000 0.314936 -0.443713
v -0.689533 0.341223 -0.435590
v -0.705777 0.331180 -0.491266
v -0.647000 0.314936 -0.496287
v -0.689533 0.341223 -0.504410
v -0.732064 0.347425 -0.470000
v -0.715820 0.357468 -0.499389
v -0.742106 0.373712 -0.478122
v -0.715820 0.357468 -0.440611
v -0.742106 0.373712 -0.461878
v -0.588223 0.331180 -0.448734
v -0.604468 0.341223 -0.435590
v -0.588223 0.331180 -0.491266
v -0.604468 0.341223 -0.504410
v -0.561936 0.347425 -0.470000
v -0.578180 0.357468 -0.499389
v -0.551894 0.373712 -0.478122
v -0.578180 0.357468 -0.440611
v -0.551894 0.373712 -0.461878
v -0.620712 0.383755 -0.422447
v -0.673288 0.383755 -0.422447
v -0.620712 0.416245 -0.422447
v -0.673288 0.416245 -0.422447
v -0.594425 0.400000 -0.427468
v -0.699575 0.400000 -0.427468
v -0.620712 0.383755 -0.517553
v -0.673288 0.383755 -0.517553
v -0.620712 0.416245 -0.517553
v -0.673288 0.416245 -0.517553
v -0.594425 0.400000 -0.512532
v -0.699575 0.400000 -0.512532
v -0.687332 0.491506 -0.470000
v -0.695440 0.486495 -0.463440
v -0.695440 0.486495 -0.476560
v -0.708561 0.478387 -0.474054
v -0.708561 0.478387 -0.465946
v -0.606668 0.491506 -0.470000
v -0.598560 0.486495 -0.463440
v -0.598560 0.486495 -0.476560
v -0.585439 0.478387 -0.474054
v -0.585439 0.478387 -0.465946
v -0.687332 0.308494 -0.470000
v -0.695440 0.313505 -0.463440
v -0.695440 0.313505 -0.476560
v -0.708561 0.321613 -0.474054
v -0.708561 0.321613 -0.465946
v -0.606668 0.308494 -0.470000
v -0.598560 0.313505 -0.463440
v -0.598560 0.313505 -0.476560
v -0.585439 0.321613 -0.474054
v -0.585439 0.321613 -0.465946
v -0.655108 0.338439 -0.430806
v -0.638892 0.338439 -0.430806
v -0.647000 0.359668 -0.424247
v -0.633879 0.351560 -0.426752
v -0.660121 0.351560 -0.426752
v -0.655108 0.461561 -0.430806
v -0.638892 0.461561 -0.430806
v -0.647000 0.440332 -0.424247
v -0.633879 0.448440 -0.426752
v -0.660121 0.448440 -0.426752
v -0.655108 0.338439 -0.509194
v -0.638892 0.338439 -0.509194
v -0.647000 0.359668 -0.515753
v -0.633879 0.351560 -0.513248
v -0.660121 0.351560 -0.513248
v -0.655108 0.461561 -0.509194
v -0.638892 0.461561 -0.509194
v -0.647000 0.440332 -0.515753
v -0.633879 0.448440 -0.513248
v -0.660121 0.448440 -0.513248
v -0.560505 0.413121 -0.494220
v -0.560505 0.386879 -0.494220
v -0.568613 0.391892 -0.500780
v -0.568613 0.408108 -0.500780
v -0.555494 0.400000 -0.490166
v -0.560505 0.413121 -0.445780
v -0.560505 0.386879 -0.445780
v -0.568613 0.391892 -0.439220
v -0.568613 0.408108 -0.439220
v -0.555494 0.400000 -0.449834
v -0.733495 0.413121 -0.494220
v -0.733495 0.386879 -0.494220
v -0.725387 0.391892 -0.500780
v -0.725387 0.408108 -0.500780
v -0.738506 0.400000 -0.490166
v -0.733495 0.413121 -0.445780
v -0.733495 0.386879 -0.445780
v -0.725387 0.391892 -0.439220
v -0.725387 0.408108 -0.439220
v -0.738506 0.400000 -0.449834
v -0.660794 0.499044 -0.470000
v -0.633206 0.499044 -0.470000
v -0.655224 0.498769 -0.463346
v -0.655224 0.498769 -0.476654
v -0.638776 0.498769 -0.463346
v -0.638776 0.498769 -0.476654
v -0.684501 0.484392 -0.450819
v -0.670707 0.475864 -0.439658
v -0.670866 0.489100 -0.450690
v -0.692397 0.475794 -0.446578
v -0.662642 0.484017 -0.444036
v -0.684174 0.470710 -0.439924
v -0.684501 0.484392 -0.489181
v -0.670707 0.475864 -0.500342
v -0.670866 0.489100 -0.489310
v -0.692397 0.475794 -0.493422
v -0.662642 0.484017 -0.495964
v -0.684174 0.470710 -0.500076
v -0.722864 0.460685 -0.481853
v -0.731392 0.438363 -0.488750
v -0.717710 0.460152 -0.488587
v -0.731017 0.451928 -0.477821
v -0.722794 0.446844 -0.492699
v -0.736100 0.438620 -0.481933
v -0.722864 0.460685 -0.458147
v -0.731392 0.438363 -0.451250
v -0.717710 0.460152 -0.451413
v -0.731017 0.451928 -0.462179
v -0.722794 0.446844 -0.447301
v -0.736100 0.438620 -0.458067
v -0.609499 0.484392 -0.450819
v -0.623293 0.475864 -0.439658
v -0.623134 0.489100 -0.450690
v -0.631358 0.484017 -0.444036
v -0.601603 0.475794 -0.446578
v -0.609826 0.470710 -0.439924
v -0.609499 0.484392 -0.489181
v -0.623293 0.475864 -0.500342
v -0.623134 0.489100 -0.489310
v -0.631358 0.484017 -0.495964
v -0.601603 0.475794 -0.493422
v -0.609826 0.470710 -0.500076
v -0.571136 0.460685 -0.481853
v -0.562608 0.438363 -0.488750
v -0.576290 0.460152 -0.488587
v -0.562983 0.451928 -0.477821
v -0.571206 0.446844 -0.492699
v -0.557900 0.438620 -0.481933
v -0.571136 0.460685 -0.458147
v -0.562608 0.438363 -0.451250
v -0.576290 0.460152 -0.451413
v -0.562983 0.451928 -0.462179
v -0.571206 0.446844 -0.447301
v -0.557900 0.438620 -0.458067
v -0.660794 0.300956 -0.470000
v -0.633206 0.300956 -0.470000
v -0.655224 0.301231 -0.463346
v -0.655224 0.301231 -0.476654
v -0.638776 0.301231 -0.463346
v -0.638776 0.301231 -0.476654
v -0.684501 0.315608 -0.450819
v -0.670707 0.324136 -0.439658
v -0.670866 0.310900 -0.450690
v -0.692397 0.324206 -0.446578
v -0.662642 0.315983 -0.444036
v -0.684174 0.329290 -0.439924
v -0.684501 0.315608 -0.489181
v -0.670707 0.324136 -0.500342
v -0.670866 0.310900 -0.489310
v -0.692397 0.324206 -0.493422
v -0.662642 0.315983 -0.495964
v -0.684174 0.329290 -0.500076
v -0.722864 0.339315 -0.481853
v -0.731392 0.361637 -0.488750
v -0.717710 0.339848 -0.488587
v -0.731017 0.348072 -0.477821
v -0.722794 0.353156 -0.492699
v -0.736100 0.361380 -0.481933
v -0.722864 0.339315 -0.458147
v -0.731392 0.361637 -0.451250
v -0.717710 0.339848 -0.451413
v -0.731017 0.348072 -0.462179
v -0.722794 0.353156 -0.447301
v -0.736100 0.361380 -0.458067
v -0.609499 0.315608 -0.450819
v -0.623293 0.324136 -0.439658
v -0.623134 0.310900 -0.450690
v -0.631358 0.315983 -0.444036
v -0.601603 0.324206 -0.446578
v -0.609826 0.329290 -0.439924
v -0.609499 0.315608 -0.489181
v -0.623293 0.324136 -0.500342
v -0.623134 0.310900 -0.489310
v -0.631358 0.315983 -0.495964
v -0.601603 0.324206 -0.493422
v -0.609826 0.329290 -0.500076
v -0.571136 0.339315 -0.481853
v -0.562608 0.361637 -0.488750
v -0.576290 0.339848 -0.488587
v -0.562983 0.348072 -0.477821
v -0.571206 0.353156 -0.492699
v -0.557900 0.361380 -0.481933
v -0.571136 0.339315 -0.458147
v -0.562608 0.361637 -0.451250
v -0.576290 0.339848 -0.451413
v -0.562983 0.348072 -0.462179
v -0.571206 0.353156 -0.447301
v -0.557900 0.361380 -0.458067
v -0.647000 0.386206 -0.420478
v -0.647000 0.413794 -0.420478
v -0.633692 0.391776 -0.420616
v -0.660308 0.391776 -0.420616
v -0.633692 0.408224 -0.420616
v -0.660308 0.408224 -0.420616
v -0.608637 0.362499 -0.427804
v -0.586315 0.376293 -0.432068
v -0.600156 0.354603 -0.432103
v -0.586848 0.362826 -0.434645
v -0.608380 0.376134 -0.425450
v -0.595072 0.384358 -0.427992
v -0.685363 0.362499 -0.427804
v -0.707685 0.376293 -0.432068
v -0.693844 0.354603 -0.432103
v -0.707152 0.362826 -0.434645
v -0.685620 0.376134 -0.425450
v -0.698928 0.384358 -0.427992
v -0.608637 0.437501 -0.427804
v -0.586315 0.423707 -0.432068
v -0.600156 0.445397 -0.432103
v -0.586848 0.437174 -0.434645
v -0.608380 0.423866 -0.425450
v -0.595072 0.415642 -0.427992
v -0.685363 0.437501 -0.427804
v -0.707685 0.423707 -0.432068
v -0.693844 0.445397 -0.432103
v -0.707152 0.437174 -0.434645
v -0.685620 0.423866 -0.425450
v -0.698928 0.415642 -0.427992
v -0.647000 0.386206 -0.519522
v -0.647000 0.413794 -0.519522
v -0.633692 0.391776 -0.519384
v -0.660308 0.391776 -0.519384
v -0.633692 0.408224 -0.519384
v -0.660308 0.408224 -0.519384
v -0.608637 0.362499 -0.512196
v -0.586315 0.376293 -0.507932
v -0.600156 0.354603 -0.507897
v -0.586848 0.362826 -0.505355
v -0.608380 0.376134 -0.514550
v -0.595072 0.384358 -0.512008
v -0.685363 0.362499 -0.512196
v -0.707685 0.376293 -0.507932
v -0.693844 0.354603 -0.507897
v -0.707152 0.362826 -0.505355
v -0.685620 0.376134 -0.514550
v -0.698928 0.384358 -0.512008
v -0.608637 0.437501 -0.512196
v -0.586315 0.423707 -0.507932
v -0.600156 0.445397 -0.507897
v -0.586848 0.437174 -0.505355
v -0.608380 0.423866 -0.514550
v -0.595072 0.415642 -0.512008
v -0.685363 0.437501 -0.512196
v -0.707685 0.423707 -0.507932
v -0.693844 0.445397 -0.507897
v -0.707152 0.437174 -0.505355
v -0.685620 0.423866 -0.514550
v -0.698928 0.415642 -0.512008
v -0.547956 0.400000 -0.476897
v -0.547956 0.400000 -0.463103
v -0.548231 0.413308 -0.474112
v -0.548231 0.413308 -0.465888
v -0.548231 0.386692 -0.474112
v -0.548231 0.386692 -0.465888
v -0.746044 0.400000 -0.476897
v -0.746044 0.400000 -0.463103
v -0.745769 0.413308 -0.474112
v -0.745769 0.413308 -0.465888
v -0.745769 0.386692 -0.474112
v -0.745769 0.386692 -0.465888
v -0.682820 0.492432 -0.463417
v -0.682820 0.492432 -0.476583
v -0.669010 0.496640 -0.463360
v -0.669010 0.496640 -0.476640
v -0.704122 0.479267 -0.459349
v -0.677123 0.491625 -0.456795
v -0.698610 0.478346 -0.452692
v -0.704122 0.479267 -0.480651
v -0.677123 0.491625 -0.483205
v -0.698610 0.478346 -0.487308
v -0.717288 0.471131 -0.470000
v -0.711739 0.470233 -0.484800
v -0.725019 0.462026 -0.474057
v -0.711739 0.470233 -0.455200
v -0.725019 0.462026 -0.465943
v -0.611180 0.492432 -0.463417
v -0.611180 0.492432 -0.476583
v -0.624990 0.496640 -0.463360
v -0.624990 0.496640 -0.476640
v -0.589878 0.479267 -0.459349
v -0.616877 0.491625 -0.456795
v -0.595390 0.478346 -0.452692
v -0.589878 0.479267 -0.480651
v -0.616877 0.491625 -0.483205
v -0.595390 0.478346 -0.487308
v -0.576712 0.471131 -0.470000
v -0.582261 0.470233 -0.484800
v -0.568981 0.462026 -0.474057
v -0.582261 0.470233 -0.455200
v -0.568981 0.462026 -0.465943
v -0.682820 0.307568 -0.463417
v -0.682820 0.307568 -0.476583
v -0.669010 0.303360 -0.463360
v -0.669010 0.303360 -0.476640
v -0.704122 0.320733 -0.459349
v -0.677123 0.308375 -0.456795
v -0.698610 0.321654 -0.452692
v -0.704122 0.320733 -0.480651
v -0.677123 0.308375 -0.483205
v -0.698610 0.321654 -0.487308
v -0.717288 0.328869 -0.470000
v -0.711739 0.329767 -0.484800
v -0.725019 0.337974 -0.474057
v -0.711739 0.329767 -0.455200
v -0.725019 0.337974 -0.465943
v -0.611180 0.307568 -0.463417
v -0.611180 0.307568 -0.476583
v -0.624990 0.303360 -0.463360
v -0.624990 0.303360 -0.476640
v -0.589878 0.320733 -0.459349
v -0.616877 0.308375 -0.456795
v -0.595390 0.321654 -0.452692
v -0.589878 0.320733 -0.480651
v -0.616877 0.308375 -0.483205
v -0.595390 0.321654 -0.487308
v -0.576712 0.328869 -0.470000
v -0.582261 0.329767 -0.484800
v -0.568981 0.337974 -0.474057
v -0.582261 0.329767 -0.455200
v -0.568981 0.337974 -0.465943
v -0.647000 0.329712 -0.434435
v -0.668302 0.342878 -0.430366
v -0.655114 0.321981 -0.438987
v -0.676600 0.335261 -0.434884
v -0.625698 0.342878 -0.430366
v -0.638886 0.321981 -0.438987
v -0.617400 0.335261 -0.434884
v -0.633834 0.364180 -0.423784
v -0.660166 0.364180 -0.423784
v -0.633720 0.377990 -0.421680
v -0.660280 0.377990 -0.421680
v -0.612384 0.348390 -0.430827
v -0.620591 0.369877 -0.424188
v -0.681616 0.348390 -0.430827
v -0.673409 0.369877 -0.424188
v -0.647000 0.470288 -0.434435
v -0.668302 0.457122 -0.430366
v -0.655114 0.478019 -0.438987
v -0.676600 0.464739 -0.434884
v -0.625698 0.457122 -0.430366
v -0.638886 0.478019 -0.438987
v -0.617400 0.464739 -0.434884
v -0.633834 0.435820 -0.423784
v -0.660166 0.435820 -0.423784
v -0.633720 0.422010 -0.421680
v -0.660280 0.422010 -0.421680
v -0.612384 0.451610 -0.430827
v -0.620591 0.430123 -0.424188
v -0.681616 0.451610 -0.430827
v -0.673409 0.430123 -0.424188
v -0.647000 0.329712 -0.505565
v -0.668302 0.342878 -0.509634
v -0.655114 0.321981 -0.501013
v -0.676600 0.335261 -0.505116
v -0.625698 0.342878 -0.509634
v -0.638886 0.321981 -0.501013
v -0.617400 0.335261 -0.505116
v -0.633834 0.364180 -0.516216
v -0.660166 0.364180 -0.516216
v -0.633720 0.377990 -0.518320
v -0.660280 0.377990 -0.518320
v -0.612384 0.348390 -0.509173
v -0.620591 0.369877 -0.515812
v -0.681616 0.348390 -0.509173
v -0.673409 0.369877 -0.515812
v -0.647000 0.470288 -0.505565
v -0.668302 0.457122 -0.509634
v -0.655114 0.478019 -0.501013
v -0.676600 0.464739 -0.505116
v -0.625698 0.457122 -0.509634
v -0.638886 0.478019 -0.501013
v -0.617400 0.464739 -0.505116
v -0.633834 0.435820 -0.516216
v -0.660166 0.435820 -0.516216
v -0.633720 0.422010 -0.518320
v -0.660280 0.422010 -0.518320
v -0.612384 0.451610 -0.509173
v -0.620591 0.430123 -0.515812
v -0.681616 0.451610 -0.509173
v -0.673409 0.430123 -0.515812
v -0.567733 0.421302 -0.498561
v -0.554568 0.413166 -0.487910
v -0.568654 0.434616 -0.495805
v -0.555375 0.426409 -0.485062
v -0.567733 0.378698 -0.498561
v -0.554568 0.386834 -0.487910
v -0.568654 0.365384 -0.495805
v -0.555375 0.373591 -0.485062
v -0.575869 0.400000 -0.505144
v -0.576767 0.370400 -0.502370
v -0.584974 0.391886 -0.509009
v -0.576767 0.429600 -0.502370
v -0.584974 0.408114 -0.509009
v -0.550360 0.413280 -0.481005
v -0.550360 0.386720 -0.481005
v -0.567733 0.421302 -0.441439
v -0.554568 0.413166 -0.452090
v -0.568654 0.434616 -0.444195
v -0.555375 0.426409 -0.454938
v -0.567733 0.378698 -0.441439
v -0.554568 0.386834 -0.452090
v -0.568654 0.365384 -0.444195
v -0.555375 0.373591 -0.454938
v -0.575869 0.400000 -0.434856
v -0.576767 0.370400 -0.437630
v -0.584974 0.391886 -0.430991
v -0.576767 0.429600 -0.437630
v -0.584974 0.408114 -0.430991
v -0.550360 0.413280 -0.458995
v -0.550360 0.386720 -0.458995
v -0.726267 0.421302 -0.498561
v -0.739432 0.413166 -0.487910
v -0.725347 0.434616 -0.495805
v -0.738625 0.426409 -0.485062
v -0.726267 0.378698 -0.498561
v -0.739432 0.386834 -0.487910
v -0.725347 0.365384 -0.495805
v -0.738625 0.373591 -0.485062
v -0.718131 0.400000 -0.505144
v -0.717233 0.370400 -0.502370
v -0.709026 0.391886 -0.509009
v -0.717233 0.429600 -0.502370
v -0.709026 0.408114 -0.509009
v -0.743640 0.413280 -0.481005
v -0.743640 0.386720 -0.481005
v -0.726267 0.421302 -0.441439
v -0.739432 0.413166 -0.452090
v -0.725347 0.434616 -0.444195
v -0.738625 0.426409 -0.454938
v -0.726267 0.378698 -0.441439
v -0.739432 0.386834 -0.452090
v -0.725347 0.365384 -0.444195
v -0.738625 0.373591 -0.454938
v -0.718131 0.400000 -0.434856
v -0.717233 0.370400 -0.437630
v -0.709026 0.391886 -0.430991
v -0.717233 0.429600 -0.437630
v -0.709026 0.408114 -0.430991
v -0.743640 0.413280 -0.458995
v -0.743640 0.386720 -0.458995
v -0.647000 0.496386 -0.456679
v -0.655232 0.491298 -0.450019
v -0.647000 0.496386 -0.483321
v -0.655232 0.491298 -0.489981
v -0.638768 0.491298 -0.450019
v -0.638768 0.491298 -0.489981
v -0.698337 0.464658 -0.441787
v -0.711658 0.456426 -0.444332
v -0.703426 0.451337 -0.437671
v -0.698337 0.464658 -0.498213
v -0.711658 0.456426 -0.495668
v -0.703426 0.451337 -0.502329
v -0.738298 0.439962 -0.474116
v -0.738298 0.439962 -0.465884
v -0.743386 0.426642 -0.470000
v -0.595663 0.464658 -0.441787
v -0.582342 0.456426 -0.444332
v -0.590574 0.451337 -0.437671
v -0.595663 0.464658 -0.498213
v -0.582342 0.456426 -0.495668
v -0.590574 0.451337 -0.502329
v -0.555702 0.439962 -0.474116
v -0.555702 0.439962 -0.465884
v -0.550614 0.426642 -0.470000
v -0.647000 0.303614 -0.456679
v -0.655232 0.308702 -0.450019
v -0.647000 0.303614 -0.483321
v -0.655232 0.308702 -0.489981
v -0.638768 0.308702 -0.450019
v -0.638768 0.308702 -0.489981
v -0.698337 0.335342 -0.441787
v -0.711658 0.343574 -0.444332
v -0.703426 0.348663 -0.437671
v -0.698337 0.335342 -0.498213
v -0.711658 0.343574 -0.495668
v -0.703426 0.348663 -0.502329
v -0.738298 0.360038 -0.474116
v -0.738298 0.360038 -0.465884
v -0.743386 0.373358 -0.470000
v -0.595663 0.335342 -0.441787
v -0.582342 0.343574 -0.444332
v -0.590574 0.348663 -0.437671
v -0.595663 0.335342 -0.498213
v -0.582342 0.343574 -0.495668
v -0.590574 0.348663 -0.502329
v -0.555702 0.360038 -0.474116
v -0.555702 0.360038 -0.465884
v -0.550614 0.373358 -0.470000
v -0.620358 0.400000 -0.421807
v -0.607038 0.391768 -0.424351
v -0.673642 0.400000 -0.421807
v -0.686962 0.391768 -0.424351
v -0.607038 0.408232 -0.424351
v -0.686962 0.408232 -0.424351
v -0.620358 0.400000 -0.518193
v -0.607038 0.391768 -0.515649
v -0.673642 0.400000 -0.518193
v -0.686962 0.391768 -0.515649
v -0.607038 0.408232 -0.515649
v -0.686962 0.408232 -0.515649
v -0.299569 0.485068 -0.761000
v -0.194431 0.485068 -0.761000
v -0.299569 0.314932 -0.761000
v -0.194431 0.314932 -0.761000
v -0.247000 0.347431 -0.718466
v -0.247000 0.452569 -0.718466
v -0.247000 0.347431 -0.803534
v -0.247000 0.452569 -0.803534
v -0.161932 0.400000 -0.787284
v -0.161932 0.400000 -0.734716
v -0.332068 0.400000 -0.787284
v -0.332068 0.400000 -0.734716
v -0.247000 0.500000 -0.761000
v -0.277899 0.480901 -0.735999
v -0.277899 0.480901 -0.786001
v -0.327901 0.450002 -0.776450
v -0.327901 0.450002 -0.745550
v -0.216101 0.480901 -0.735999
v -0.216101 0.480901 -0.786001
v -0.166099 0.450002 -0.776450
v -0.166099 0.450002 -0.745550
v -0.247000 0.300000 -0.761000
v -0.277899 0.319099 -0.735999
v -0.277899 0.319099 -0.786001
v -0.327901 0.349998 -0.776450
v -0.327901 0.349998 -0.745550
v -0.216101 0.319099 -0.735999
v -0.216101 0.319099 -0.786001
v -0.166099 0.349998 -0.776450
v -0.166099 0.349998 -0.745550
v -0.247000 0.400000 -0.711000
v -0.196998 0.369101 -0.720549
v -0.297002 0.369101 -0.720549
v -0.196998 0.430899 -0.720549
v -0.297002 0.430899 -0.720549
v -0.247000 0.400000 -0.811000
v -0.196998 0.369101 -0.801451
v -0.297002 0.369101 -0.801451
v -0.196998 0.430899 -0.801451
v -0.297002 0.430899 -0.801451
v -0.147000 0.400000 -0.761000
v -0.347000 0.400000 -0.761000
v -0.274324 0.496195 -0.761000
v -0.290385 0.486268 -0.748005
v -0.290385 0.486268 -0.773995
v -0.316376 0.470207 -0.769030
v -0.316376 0.470207 -0.752970
v -0.219676 0.496195 -0.761000
v -0.203615 0.486268 -0.748005
v -0.203615 0.486268 -0.773995
v -0.177624 0.470207 -0.769030
v -0.177624 0.470207 -0.752970
v -0.274324 0.303805 -0.761000
v -0.290385 0.313732 -0.748005
v -0.290385 0.313732 -0.773995
v -0.316376 0.329793 -0.769030
v -0.316376 0.329793 -0.752970
v -0.219676 0.303805 -0.761000
v -0.203615 0.313732 -0.748005
v -0.203615 0.313732 -0.773995
v -0.177624 0.329793 -0.769030
v -0.177624 0.329793 -0.752970
v -0.263061 0.330624 -0.725896
v -0.230939 0.330624 -0.725896
v -0.247000 0.372676 -0.712903
v -0.221010 0.356615 -0.717866
v -0.272990 0.356615 -0.717866
v -0.263061 0.469376 -0.725896
v -0.230939 0.469376 -0.725896
v -0.247000 0.427324 -0.712903
v -0.221010 0.443385 -0.717866
v -0.272990 0.443385 -0.717866
v -0.263061 0.330624 -0.796104
v -0.230939 0.330624 -0.796104
v -0.247000 0.372676 -0.809097
v -0.221010 0.356615 -0.804134
v -0.272990 0.356615 -0.804134
v -0.263061 0.469376 -0.796104
v -0.230939 0.469376 -0.796104
v -0.247000 0.427324 -0.809097
v -0.221010 0.443385 -0.804134
v -0.272990 0.443385 -0.804134
v -0.160732 0.425990 -0.782693
v -0.160732 0.374010 -0.782693
v -0.176793 0.383939 -0.795688
v -0.176793 0.416061 -0.795688
v -0.150805 0.400000 -0.774662
v -0.160732 0.425990 -0.739307
v -0.160732 0.374010 -0.739307
v -0.176793 0.383939 -0.726312
v -0.176793 0.416061 -0.726312
v -0.150805 0.400000 -0.747338
v -0.333268 0.425990 -0.782693
v -0.333268 0.374010 -0.782693
v -0.317207 0.383939 -0.795688
v -0.317207 0.416061 -0.795688
v -0.343195 0.400000 -0.774662
v -0.333268 0.425990 -0.739307
v -0.333268 0.374010 -0.739307
v -0.317207 0.383939 -0.726312
v -0.317207 0.416061 -0.726312
v -0.343195 0.400000 -0.747338
v -0.263245 0.495106 -0.747856
v -0.263245 0.495106 -0.774144
v -0.230755 0.495106 -0.747856
v -0.230755 0.495106 -0.774144
v -0.305777 0.468820 -0.739734
v -0.247000 0.485064 -0.734713
v -0.289532 0.458777 -0.726590
v -0.305777 0.468820 -0.782266
v -0.247000 0.485064 -0.787287
v -0.289532 0.458777 -0.795410
v -0.332064 0.452575 -0.761000
v -0.315820 0.442532 -0.790389
v -0.342106 0.426288 -0.769122
v -0.315820 0.442532 -0.731611
v -0.342106 0.426288 -0.752878
v -0.188223 0.468820 -0.739734
v -0.204468 0.458777 -0.726590
v -0.188223 0.468820 -0.782266
v -0.204468 0.458777 -0.795410
v -0.161936 0.452575 -0.761000
v -0.178180 0.442532 -0.790389
v -0.151894 0.426288 -0.769122
v -0.178180 0.442532 -0.731611
v -0.151894 0.426288 -0.752878
v -0.263245 0.304894 -0.747856
v -0.263245 0.304894 -0.774144
v -0.230755 0.304894 -0.747856
v -0.230755 0.304894 -0.774144
v -0.305777 0.331180 -0.739734
v -0.247000 0.314936 -0.734713
v -0.289532 0.341223 -0.726590
v -0.305777 0.331180 -0.782266
v -0.247000 0.314936 -0.787287
v -0.289532 0.341223 -0.795410
v -0.332064 0.347425 -0.761000
v -0.315820 0.357468 -0.790389
v -0.342106 0.373712 -0.769122
v -0.315820 0.357468 -0.731611
v -0.342106 0.373712 -0.752878
v -0.188223 0.331180 -0.739734
v -0.204468 0.341223 -0.726590
v -0.188223 0.331180 -0.782266
v -0.204468 0.341223 -0.795410
v -0.161936 0.347425 -0.761000
v -0.178180 0.357468 -0.790389
v -0.151894 0.373712 -0.769122
v -0.178180 0.357468 -0.731611
v -0.151894 0.373712 -0.752878
v -0.220712 0.383755 -0.713447
v -0.273288 0.383755 -0.713447
v -0.220712 0.416245 -0.713447
v -0.273288 0.416245 -0.713447
v -0.194425 0.400000 -0.718468
v -0.299575 0.400000 -0.718468
v -0.220712 0.383755 -0.808553
v -0.273288 0.383755 -0.808553
v -0.220712 0.416245 -0.808553
v -0.273288 0.416245 -0.808553
v -0.194425 0.400000 -0.803532
v -0.299575 0.400000 -0.803532
v -0.287332 0.491506 -0.761000
v -0.295440 0.486495 -0.754440
v -0.295440 0.486495 -0.767560
v -0.308561 0.478387 -0.765054
v -0.308561 0.478387 -0.756946
v -0.206668 0.491506 -0.761000
v -0.198560 0.486495 -0.754440
v -0.198560 0.486495 -0.767560
v -0.185439 0.478387 -0.765054
v -0.185439 0.478387 -0.756946
v -0.287332 0.308494 -0.761000
v -0.295440 0.313505 -0.754440
v -0.295440 0.313505 -0.767560
v -0.308561 0.321613 -0.765054
v -0.308561 0.321613 -0.756946
v -0.206668 0.308494 -0.761000
v -0.198560 0.313505 -0.754440
v -0.198560 0.313505 -0.767560
v -0.185439 0.321613 -0.765054
v -0.185439 0.321613 -0.756946
v -0.255108 0.338439 -0.721806
v -0.238892 0.338439 -0.721806
v -0.247000 0.359668 -0.715247
v -0.233879 0.351560 -0.717752
v -0.260121 0.351560 -0.717752
v -0.255108 0.461561 -0.721806
v -0.238892 0.461561 -0.721806
v -0.247000 0.440332 -0.715247
v -0.233879 0.448440 -0.717752
v -0.260121 0.448440 -0.717752
v -0.255108 0.338439 -0.800193
v -0.238892 0.338439 -0.800193
v -0.247000 0.359668 -0.806753
v -0.233879 0.351560 -0.804247
v -0.260121 0.351560 -0.804247
v -0.255108 0.461561 -0.800193
v -0.238892 0.461561 -0.800193
v -0.247000 0.440332 -0.806753
v -0.233879 0.448440 -0.804247
v -0.260121 0.448440 -0.804247
v -0.160505 0.413121 -0.785220
v -0.160505 0.386879 -0.785220
v -0.168613 0.391892 -0.791780
v -0.168613 0.408108 -0.791780
v -0.155494 0.400000 -0.781166
v -0.160505 0.413121 -0.736780
v -0.160505 0.386879 -0.736780
v -0.168613 0.391892 -0.730220
v -0.168613 0.408108 -0.730220
v -0.155494 0.400000 -0.740834
v -0.333495 0.413121 -0.785220
v -0.333495 0.386879 -0.785220
v -0.325387 0.391892 -0.791780
v -0.325387 0.408108 -0.791780
v -0.338506 0.400000 -0.781166
v -0.333495 0.413121 -0.736780
v -0.333495 0.386879 -0.736780
v -0.325387 0.391892 -0.730220
v -0.325387 0.408108 -0.730220
v -0.338506 0.400000 -0.740834
v -0.260794 0.499044 -0.761000
v -0.233206 0.499044 -0.761000
v -0.255224 0.498769 -0.754346
v -0.255224 0.498769 -0.767654
v -0.238776 0.498769 -0.754346
v -0.238776 0.498769 -0.767654
v -0.284501 0.484392 -0.741818
v -0.270707 0.475864 -0.730658
v -0.270866 0.489100 -0.741690
v -0.292397 0.475794 -0.737578
v -0.262642 0.484017 -0.735036
v -0.284174 0.470710 -0.730924
v -0.284501 0.484392 -0.780181
v -0.270707 0.475864 -0.791342
v -0.270866 0.489100 -0.780310
v -0.292397 0.475794 -0.784422
v -0.262642 0.484017 -0.786964
v -0.284174 0.470710 -0.791076
v -0.322864 0.460685 -0.772853
v -0.331392 0.438363 -0.779750
v -0.317710 0.460152 -0.779587
v -0.331017 0.451928 -0.768821
v -0.322794 0.446844 -0.783699
v -0.336100 0.438620 -0.772933
v -0.322864 0.460685 -0.749147
v -0.331392 0.438363 -0.742249
v -0.317710 0.460152 -0.742413
v -0.331017 0.451928 -0.753179
v -0.322794 0.446844 -0.738301
v -0.336100 0.438620 -0.749067
v -0.209499 0.484392 -0.741818
v -0.223293 0.475864 -0.730658
v -0.223134 0.489100 -0.741690
v -0.231358 0.484017 -0.735036
v -0.201603 0.475794 -0.737578
v -0.209826 0.470710 -0.730924
v -0.209499 0.484392 -0.780181
v -0.223293 0.475864 -0.791342
v -0.223134 0.489100 -0.780310
v -0.231358 0.484017 -0.786964
v -0.201603 0.475794 -0.784422
v -0.209826 0.470710 -0.791076
v -0.171136 0.460685 -0.772853
v -0.162608 0.438363 -0.779750
v -0.176290 0.460152 -0.779587
v -0.162983 0.451928 -0.768821
v -0.171206 0.446844 -0.783699
v -0.157900 0.438620 -0.772933
v -0.171136 0.460685 -0.749147
v -0.162608 0.438363 -0.742249
v -0.176290 0.460152 -0.742413
v -0.162983 0.451928 -0.753179
v -0.171206 0.446844 -0.738301
v -0.157900 0.438620 -0.749067
v -0.260794 0.300956 -0.761000
v -0.233206 0.300956 -0.761000
v -0.255224 0.301231 -0.754346
v -0.255224 0.301231 -0.767654
v -0.238776 0.301231 -0.754346
v -0.238776 0.301231 -0.767654
v -0.284501 0.315608 -0.741818
v -0.270707 0.324136 -0.730658
v -0.270866 0.310900 -0.741690
v -0.292397 0.324206 -0.737578
v -0.262642 0.315983 -0.735036
v -0.284174 0.329290 -0.730924
v -0.284501 0.315608 -0.780181
v -0.270707 0.324136 -0.791342
v -0.270866 0.310900 -0.780310
v -0.292397 0.324206 -0.784422
v -0.262642 0.315983 -0.786964
v -0.284174 0.329290 -0.791076
v -0.322864 0.339315 -0.772853
v -0.331392 0.361637 -0.779750
v -0.317710 0.339848 -0.779587
v -0.331017 0.348072 -0.768821
v -0.322794 0.353156 -0.783699
v -0.336100 0.361380 -0.772933
v -0.322864 0.339315 -0.749147
v -0.331392 0.361637 -0.742249
v -0.317710 0.339848 -0.742413
v -0.331017 0.348072 -0.753179
v -0.322794 0.353156 -0.738301
v -0.336100 0.361380 -0.749067
v -0.209499 0.315608 -0.741818
v -0.223293 0.324136 -0.730658
v -0.223134 0.310900 -0.741690
v -0.231358 0.315983 -0.735036
v -0.201603 0.324206 -0.737578
v -0.209826 0.329290 -0.730924
v -0.209499 0.315608 -0.780181
v -0.223293 0.324136 -0.791342
v -0.223134 0.310900 -0.780310
v -0.231358 0.315983 -0.786964
v -0.201603 0.324206 -0.784422
v -0.209826 0.329290 -0.791076
v -0.171136 0.339315 -0.772853
v -0.162608 0.361637 -0.779750
v -0.176290 0.339848 -0.779587
v -0.162983 0.348072 -0.768821
v -0.171206 0.353156 -0.783699
v -0.157900 0.361380 -0.772933
v -0.171136 0.339315 -0.749147
v -0.162608 0.361637 -0.742249
v -0.176290 0.339848 -0.742413
v -0.162983 0.348072 -0.753179
v -0.171206 0.353156 -0.738301
v -0.157900 0.361380 -0.749067
v -0.247000 0.386206 -0.711478
v -0.247000 0.413794 -0.711478
v -0.233692 0.391776 -0.711616
v -0.260308 0.391776 -0.711616
v -0.233692 0.408224 -0.711616
v -0.260308 0.408224 -0.711616
v -0.208637 0.362499 -0.718804
v -0.186315 0.376293 -0.723068
v -0.200156 0.354603 -0.723103
v -0.186848 0.362826 -0.725645
v -0.208380 0.376134 -0.716450
v -0.195072 0.384358 -0.718992
v -0.285363 0.362499 -0.718804
v -0.307685 0.376293 -0.723068
v -0.293844 0.354603 -0.723103
v -0.307152 0.362826 -0.725645
v -0.285620 0.376134 -0.716450
v -0.298928 0.384358 -0.718992
v -0.208637 0.437501 -0.718804
v -0.186315 0.423707 -0.723068
v -0.200156 0.445397 -0.723103
v -0.186848 0.437174 -0.725645
v -0.208380 0.423866 -0.716450
v -0.195072 0.415642 -0.718992
v -0.285363 0.437501 -0.718804
v -0.307685 0.423707 -0.723068
v -0.293844 0.445397 -0.723103
v -0.307152 0.437174 -0.725645
v -0.285620 0.423866 -0.716450
v -0.298928 0.415642 -0.718992
v -0.247000 0.386206 -0.810522
v -0.247000 0.413794 -0.810522
v -0.233692 0.391776 -0.810384
v -0.260308 0.391776 -0.810384
v -0.233692 0.408224 -0.810384
v -0.260308 0.408224 -0.810384
v -0.208637 0.362499 -0.803196
v -0.186315 0.376293 -0.798932
v -0.200156 0.354603 -0.798897
v -0.186848 0.362826 -0.796355
v -0.208380 0.376134 -0.805550
v -0.195072 0.384358 -0.803008
v -0.285363 0.362499 -0.803196
v -0.307685 0.376293 -0.798932
v -0.293844 0.354603 -0.798897
v -0.307152 0.362826 -0.796355
v -0.285620 0.376134 -0.805550
v -0.298928 0.384358 -0.803008
v -0.208637 0.437501 -0.803196
v -0.186315 0.423707 -0.798932
v -0.200156 0.445397 -0.798897
v -0.186848 0.437174 -0.796355
v -0.208380 0.423866 -0.805550
v -0.195072 0.415642 -0.803008
v -0.285363 0.437501 -0.803196
v -0.307685 0.423707 -0.798932
v -0.293844 0.445397 -0.798897
v -0.307152 0.437174 -0.796355
v -0.285620 0.423866 -0.805550
v -0.298928 0.415642 -0.803008
v -0.147956 0.400000 -0.767897
v -0.147956 0.400000 -0.754103
v -0.148231 0.413308 -0.765112
v -0.148231 0.413308 -0.756888
v -0.148231 0.386692 -0.765112
v -0.148231 0.386692 -0.756888
v -0.346044 0.400000 -0.767897
v -0.346044 0.400000 -0.754103
v -0.345769 0.413308 -0.765112
v -0.345769 0.413308 -0.756888
v -0.345769 0.386692 -0.765112
v -0.345769 0.386692 -0.756888
v -0.282820 0.492432 -0.754417
v -0.282820 0.492432 -0.767583
v -0.269010 0.496640 -0.754360
v -0.269010 0.496640 -0.767640
v -0.304122 0.479267 -0.750349
v -0.277123 0.491625 -0.747795
v -0.298610 0.478346 -0.743692
v -0.304122 0.479267 -0.771651
v -0.277123 0.491625 -0.774205
v -0.298610 0.478346 -0.778308
v -0.317288 0.471131 -0.761000
v -0.311739 0.470233 -0.775800
v -0.325019 0.462026 -0.765057
v -0.311739 0.470233 -0.746200
v -0.325019 0.462026 -0.756943
v -0.211180 0.492432 -0.754417
v -0.211180 0.492432 -0.767583
v -0.224990 0.496640 -0.754360
v -0.224990 0.496640 -0.767640
v -0.189878 0.479267 -0.750349
v -0.216877 0.491625 -0.747795
v -0.195390 0.478346 -0.743692
v -0.189878 0.479267 -0.771651
v -0.216877 0.491625 -0.774205
v -0.195390 0.478346 -0.778308
v -0.176712 0.471131 -0.761000
v -0.182261 0.470233 -0.775800
v -0.168981 0.462026 -0.765057
v -0.182261 0.470233 -0.746200
v -0.168981 0.462026 -0.756943
v -0.282820 0.307568 -0.754417
v -0.282820 0.307568 -0.767583
v -0.269010 0.303360 -0.754360
v -0.269010 0.303360 -0.767640
v -0.304122 0.320733 -0.750349
v -0.277123 0.308375 -0.747795
v -0.298610 0.321654 -0.743692
v -0.304122 0.320733 -0.771651
v -0.277123 0.308375 -0.774205
v -0.298610 0.321654 -0.778308
v -0.317288 0.328869 -0.761000
v -0.311739 0.329767 -0.775800
v -0.325019 0.337974 -0.765057
v -0.311739 0.329767 -0.746200
v -0.325019 0.337974 -0.756943
v -0.211180 0.307568 -0.754417
v -0.211180 0.307568 -0.767583
v -0.224990 0.303360 -0.754360
v -0.224990 0.303360 -0.767640
v -0.189878 0.320733 -0.750349
v -0.216877 0.308375 -0.747795
v -0.195390 0.321654 -0.743692
v -0.189878 0.320733 -0.771651
v -0.216877 0.308375 -0.774205
v -0.195390 0.321654 -0.778308
v -0.176712 0.328869 -0.761000
v -0.182261 0.329767 -0.775800
v -0.168981 0.337974 -0.765057
v -0.182261 0.329767 -0.746200
v -0.168981 0.337974 -0.756943
v -0.247000 0.329712 -0.725435
v -0.268302 0.342878 -0.721366
v -0.255114 0.321981 -0.729987
v -0.276600 0.335261 -0.725884
v -0.225698 0.342878 -0.721366
v -0.238886 0.321981 -0.729987
v -0.217400 0.335261 -0.725884
v -0.233834 0.364180 -0.714784
v -0.260166 0.364180 -0.714784
v -0.233720 0.377990 -0.712680
v -0.260280 0.377990 -0.712680
v -0.212384 0.348390 -0.721827
v -0.220591 0.369877 -0.715188
v -0.281616 0.348390 -0.721827
v -0.273409 0.369877 -0.715188
v -0.247000 0.470288 -0.725435
v -0.268302 0.457122 -0.721366
v -0.255114 0.478019 -0.729987
v -0.276600 0.464739 -0.725884
v -0.225698 0.457122 -0.721366
v -0.238886 0.478019 -0.729987
v -0.217400 0.464739 -0.725884
v -0.233834 0.435820 -0.714784
v -0.260166 0.435820 -0.714784
v -0.233720 0.422010 -0.712680
v -0.260280 0.422010 -0.712680
v -0.212384 0.451610 -0.721827
v -0.220591 0.430123 -0.715188
v -0.281616 0.451610 -0.721827
v -0.273409 0.430123 -0.715188
v -0.247000 0.329712 -0.796565
v -0.268302 0.342878 -0.800633
v -0.255114 0.321981 -0.792013
v -0.276600 0.335261 -0.796116
v -0.225698 0.342878 -0.800633
v -0.238886 0.321981 -0.792013
v -0.217400 0.335261 -0.796116
v -0.233834 0.364180 -0.807216
v -0.260166 0.364180 -0.807216
v -0.233720 0.377990 -0.809320
v -0.260280 0.377990 -0.809320
v -0.212384 0.348390 -0.800173
v -0.220591 0.369877 -0.806812
v -0.281616 0.348390 -0.800173
v -0.273409 0.369877 -0.806812
v -0.247000 0.470288 -0.796565
v -0.268302 0.457122 -0.800633
v -0.255114 0.478019 -0.792013
v -0.276600 0.464739 -0.796116
v -0.225698 0.457122 -0.800633
v -0.238886 0.478019 -0.792013
v -0.217400 0.464739 -0.796116
v -0.233834 0.435820 -0.807216
v -0.260166 0.435820 -0.807216
v -0.233720 0.422010 -0.809320
v -0.260280 0.422010 -0.809320
v -0.212384 0.451610 -0.800173
v -0.220591 0.430123 -0.806812
v -0.281616 0.451610 -0.800173
v -0.273409 0.430123 -0.806812
v -0.167733 0.421302 -0.789561
v -0.154568 0.413166 -0.778910
v -0.168654 0.434616 -0.786805
v -0.155375 0.426409 -0.776062
v -0.167733 0.378698 -0.789561
v -0.154568 0.386834 -0.778910
v -0.168654 0.365384 -0.786805
v -0.155375 0.373591 -0.776062
v -0.175869 0.400000 -0.796144
v -0.176767 0.370400 -0.793370
v -0.184974 0.391886 -0.800009
v -0.176767 0.429600 -0.793370
v -0.184974 0.408114 -0.800009
v -0.150360 0.413280 -0.772005
v -0.150360 0.386720 -0.772005
v -0.167733 0.421302 -0.732439
v -0.154568 0.413166 -0.743090
v -0.168654 0.434616 -0.735195
v -0.155375 0.426409 -0.745938
v -0.167733 0.378698 -0.732439
v -0.154568 0.386834 -0.743090
v -0.168654 0.365384 -0.735195
v -0.155375 0.373591 -0.745938
v -0.175869 0.400000 -0.725856
v -0.176767 0.370400 -0.728630
v -0.184974 0.391886 -0.721991
v -0.176767 0.429600 -0.728630
v -0.184974 0.408114 -0.721991
v -0.150360 0.413280 -0.749995
v -0.150360 0.386720 -0.749995
v -0.326267 0.421302 -0.789561
v -0.339432 0.413166 -0.778910
v -0.325346 0.434616 -0.786805
v -0.338625 0.426409 -0.776062
v -0.326267 0.378698 -0.789561
v -0.339432 0.386834 -0.778910
v -0.325346 0.365384 -0.786805
v -0.338625 0.373591 -0.776062
v -0.318131 0.400000 -0.796144
v -0.317233 0.370400 -0.793370
v -0.309026 0.391886 -0.800009
v -0.317233 0.429600 -0.793370
v -0.309026 0.408114 -0.800009
v -0.343640 0.413280 -0.772005
v -0.343640 0.386720 -0.772005
v -0.326267 0.421302 -0.732439
v -0.339432 0.413166 -0.743090
v -0.325346 0.434616 -0.735195
v -0.338625 0.426409 -0.745938
v -0.326267 0.378698 -0.732439
v -0.339432 0.386834 -0.743090
v -0.325346 0.365384 -0.735195
v -0.338625 0.373591 -0.745938
v -0.318131 0.400000 -0.725856
v -0.317233 0.370400 -0.728630
v -0.309026 0.391886 -0.721991
v -0.317233 0.429600 -0.728630
v -0.309026 0.408114 -0.721991
v -0.343640 0.413280 -0.749995
v -0.343640 0.386720 -0.749995
v -0.247000 0.496386 -0.747679
v -0.255232 0.491298 -0.741019
v -0.247000 0.496386 -0.774321
v -0.255232 0.491298 -0.780981
v -0.238768 0.491298 -0.741019
v -0.238768 0.491298 -0.780981
v -0.298337 0.464658 -0.732787
v -0.311658 0.456426 -0.735332
v -0.303426 0.451337 -0.728671
v -0.298337 0.464658 -0.789213
v -0.311658 0.456426 -0.786668
v -0.303426 0.451337 -0.793329
v -0.338298 0.439962 -0.765116
v -0.338298 0.439962 -0.756884
v -0.343386 0.426642 -0.761000
v -0.195663 0.464658 -0.732787
v -0.182342 0.456426 -0.735332
v -0.190574 0.451337 -0.728671
v -0.195663 0.464658 -0.789213
v -0.182342 0.456426 -0.786668
v -0.190574 0.451337 -0.793329
v -0.155702 0.439962 -0.765116
v -0.155702 0.439962 -0.756884
v -0.150614 0.426642 -0.761000
v -0.247000 0.303614 -0.747679
v -0.255232 0.308702 -0.741019
v -0.247000 0.303614 -0.774321
v -0.255232 0.308702 -0.780981
v -0.238768 0.308702 -0.741019
v -0.238768 0.308702 -0.780981
v -0.298337 0.335342 -0.732787
v -0.311658 0.343574 -0.735332
v -0.303426 0.348663 -0.728671
v -0.298337 0.335342 -0.789213
v -0.311658 0.343574 -0.786668
v -0.303426 0.348663 -0.793329
v -0.338298 0.360038 -0.765116
v -0.338298 0.360038 -0.756884
v -0.343386 0.373358 -0.761000
v -0.195663 0.335342 -0.732787
v -0.182342 0.343574 -0.735332
v -0.190574 0.348663 -0.728671
v -0.195663 0.335342 -0.789213
v -0.182342 0.343574 -0.786668
v -0.190574 0.348663 -0.793329
v -0.155702 0.360038 -0.765116
v -0.155702 0.360038 -0.756884
v -0.150614 0.373358 -0.761000
v -0.220358 0.400000 -0.712807
v -0.207038 0.391768 -0.715351
v -0.273642 0.400000 -0.712807
v -0.286962 0.391768 -0.715351
v -0.207038 0.408232 -0.715351
v -0.286962 0.408232 -0.715351
v -0.220358 0.400000 -0.809193
v -0.207038 0.391768 -0.806649
v -0.273642 0.400000 -0.809193
v -0.286962 0.391768 -0.806649
v -0.207038 0.408232 -0.806649
v -0.286962 0.408232 -0.806649
v 0.194431 0.485068 -0.761000
v 0.299569 0.485068 -0.761000
v 0.194431 0.314932 -0.761000
v 0.299569 0.314932 -0.761000
v 0.247000 0.347431 -0.718466
v 0.247000 0.452569 -0.718466
v 0.247000 0.347431 -0.803534
v 0.247000 0.452569 -0.803534
v 0.332068 0.400000 -0.787284
v 0.332068 0.400000 -0.734716
v 0.161932 0.400000 -0.787284
v 0.161932 0.400000 -0.734716
v 0.247000 0.500000 -0.761000
v 0.216101 0.480901 -0.735999
v 0.216101 0.480901 -0.786001
v 0.166099 0.450002 -0.776450
v 0.166099 0.450002 -0.745550
v 0.277899 0.480901 -0.735999
v 0.277899 0.480901 -0.786001
v 0.327901 0.450002 -0.776450
v 0.327901 0.450002 -0.745550
v 0.247000 0.300000 -0.761000
v 0.216101 0.319099 -0.735999
v 0.216101 0.319099 -0.786001
v 0.166099 0.349998 -0.776450
v 0.166099 0.349998 -0.745550
v 0.277899 0.319099 -0.735999
v 0.277899 0.319099 -0.786001
v 0.327901 0.349998 -0.776450
v 0.327901 0.349998 -0.745550
v 0.247000 0.400000 -0.711000
v 0.297002 0.369101 -0.720549
v 0.196998 0.369101 -0.720549
v 0.297002 0.430899 -0.720549
v 0.196998 0.430899 -0.720549
v 0.247000 0.400000 -0.811000
v 0.297002 0.369101 -0.801451
v 0.196998 0.369101 -0.801451
v 0.297002 0.430899 -0.801451
v 0.196998 0.430899 -0.801451
v 0.347000 0.400000 -0.761000
v 0.147000 0.400000 -0.761000
v 0.219676 0.496195 -0.761000
v 0.203615 0.486268 -0.748005
v 0.203615 0.486268 -0.773995
v 0.177624 0.470207 -0.769030
v 0.177624 0.470207 -0.752970
v 0.274324 0.496195 -0.761000
v 0.290385 0.486268 -0.748005
v 0.290385 0.486268 -0.773995
v 0.316376 0.470207 -0.769030
v 0.316376 0.470207 -0.752970
v 0.219676 0.303805 -0.761000
v 0.203615 0.313732 -0.748005
v 0.203615 0.313732 -0.773995
v 0.177624 0.329793 -0.769030
v 0.177624 0.329793 -0.752970
v 0.274324 0.303805 -0.761000
v 0.290385 0.313732 -0.748005
v 0.290385 0.313732 -0.773995
v 0.316376 0.329793 -0.769030
v 0.316376 0.329793 -0.752970
v 0.230939 0.330624 -0.725896
v 0.263061 0.330624 -0.725896
v 0.247000 0.372676 -0.712903
v 0.272990 0.356615 -0.717866
v 0.221010 0.356615 -0.717866
v 0.230939 0.469376 -0.725896
v 0.263061 0.469376 -0.725896
v 0.247000 0.427324 -0.712903
v 0.272990 0.443385 -0.717866
v 0.221010 0.443385 -0.717866
v 0.230939 0.330624 -0.796104
v 0.263061 0.330624 -0.796104
v 0.247000 0.372676 -0.809097
v 0.272990 0.356615 -0.804134
v 0.221010 0.356615 -0.804134
v 0.230939 0.469376 -0.796104
v 0.263061 0.469376 -0.796104
v 0.247000 0.427324 -0.809097
v 0.272990 0.443385 -0.804134
v 0.221010 0.443385 -0.804134
v 0.333268 0.425990 -0.782693
v 0.333268 0.374010 -0.782693
v 0.317207 0.383939 -0.795688
v 0.317207 0.416061 -0.795688
v 0.343195 0.400000 -0.774662
v 0.333268 0.425990 -0.739307
v 0.333268 0.374010 -0.739307
v 0.317207 0.383939 -0.726312
v 0.317207 0.416061 -0.726312
v 0.343195 0.400000 -0.747338
v 0.160732 0.425990 -0.782693
v 0.160732 0.374010 -0.782693
v 0.176793 0.383939 -0.795688
v 0.176793 0.416061 -0.795688
v 0.150805 0.400000 -0.774662
v 0.160732 0.425990 -0.739307
v 0.160732 0.374010 -0.739307
v 0.176793 0.383939 -0.726312
v 0.176793 0.416061 -0.726312
v 0.150805 0.400000 -0.747338
v 0.230755 0.495106 -0.747856
v 0.230755 0.495106 -0.774144
v 0.263245 0.495106 -0.747856
v 0.263245 0.495106 -0.774144
v 0.188223 0.468820 -0.739734
v 0.247000 0.485064 -0.734713
v 0.204468 0.458777 -0.726590
v 0.188223 0.468820 -0.782266
v 0.247000 0.485064 -0.787287
v 0.204468 0.458777 -0.795410
v 0.161936 0.452575 -0.761000
v 0.178180 0.442532 -0.790389
v 0.151894 0.426288 -0.769122
v 0.178180 0.442532 -0.731611
v 0.151894 0.426288 -0.752878
v 0.305777 0.468820 -0.739734
v 0.289532 0.458777 -0.726590
v 0.305777 0.468820 -0.782266
v 0.289532 0.458777 -0.795410
v 0.332064 0.452575 -0.761000
v 0.315820 0.442532 -0.790389
v 0.342106 0.426288 -0.769122
v 0.315820 0.442532 -0.731611
v 0.342106 0.426288 -0.752878
v 0.230755 0.304894 -0.747856
v 0.230755 0.304894 -0.774144
v 0.263245 0.304894 -0.747856
v 0.263245 0.304894 -0.774144
v 0.188223 0.331180 -0.739734
v 0.247000 0.314936 -0.734713
v 0.204468 0.341223 -0.726590
v 0.188223 0.331180 -0.782266
v 0.247000 0.314936 -0.787287
v 0.204468 0.341223 -0.795410
v 0.161936 0.347425 -0.761000
v 0.178180 0.357468 -0.790389
v 0.151894 0.373712 -0.769122
v 0.178180 0.357468 -0.731611
v 0.151894 0.373712 -0.752878
v 0.305777 0.331180 -0.739734
v 0.289532 0.341223 -0.726590
v 0.305777 0.331180 -0.782266
v 0.289532 0.341223 -0.795410
v 0.332064 0.347425 -0.761000
v 0.315820 0.357468 -0.790389
v 0.342106 0.373712 -0.769122
v 0.315820 0.357468 -0.731611
v 0.342106 0.373712 -0.752878
v 0.273288 0.383755 -0.713447
v 0.220712 0.383755 -0.713447
v 0.273288 0.416245 -0.713447
v 0.220712 0.416245 -0.713447
v 0.299575 0.400000 -0.718468
v 0.194425 0.400000 -0.718468
v 0.273288 0.383755 -0.808553
v 0.220712 0.383755 -0.808553
v 0.273288 0.416245 -0.808553
v 0.220712 0.416245 -0.808553
v 0.299575 0.400000 -0.803532
v 0.194425 0.400000 -0.803532
v 0.206668 0.491506 -0.761000
v 0.198560 0.486495 -0.754440
v 0.198560 0.486495 -0.767560
v 0.185439 0.478387 -0.765054
v 0.185439 0.478387 -0.756946
v 0.287332 0.491506 -0.761000
v 0.295440 0.486495 -0.754440
v 0.295440 0.486495 -0.767560
v 0.308561 0.478387 -0.765054
v 0.308561 0.478387 -0.756946
v 0.206668 0.308494 -0.761000
v 0.198560 0.313505 -0.754440
v 0.198560 0.313505 -0.767560
v 0.185439 0.321613 -0.765054
v 0.185439 0.321613 -0.756946
v 0.287332 0.308494 -0.761000
v 0.295440 0.313505 -0.754440
v 0.295440 0.313505 -0.767560
v 0.308561 0.321613 -0.765054
v 0.308561 0.321613 -0.756946
v 0.238892 0.338439 -0.721806
v 0.255108 0.338439 -0.721806
v 0.247000 0.359668 -0.715247
v 0.260121 0.351560 -0.717752
v 0.233879 0.351560 -0.717752
v 0.238892 0.461561 -0.721806
v 0.255108 0.461561 -0.721806
v 0.247000 0.440332 -0.715247
v 0.260121 0.448440 -0.717752
v 0.233879 0.448440 -0.717752
v 0.238892 0.338439 -0.800193
v 0.255108 0.338439 -0.800193
v 0.247000 0.359668 -0.806753
v 0.260121 0.351560 -0.804247
v 0.233879 0.351560 -0.804247
v 0.238892 0.461561 -0.800193
v 0.255108 0.461561 -0.800193
v 0.247000 0.440332 -0.806753
v 0.260121 0.448440 -0.804247
v 0.233879 0.448440 -0.804247
v 0.333495 0.413121 -0.785220
v 0.333495 0.386879 -0.785220
v 0.325387 0.391892 -0.791780
v 0.325387 0.408108 -0.791780
v 0.338506 0.400000 -0.781166
v 0.333495 0.413121 -0.736780
v 0.333495 0.386879 -0.736780
v 0.325387 0.391892 -0.730220
v 0.325387 0.408108 -0.730220
v 0.338506 0.400000 -0.740834
v 0.160505 0.413121 -0.785220
v 0.160505 0.386879 -0.785220
v 0.168613 0.391892 -0.791780
v 0.168613 0.408108 -0.791780
v 0.155494 0.400000 -0.781166
v 0.160505 0.413121 -0.736780
v 0.160505 0.386879 -0.736780
v 0.168613 0.391892 -0.730220
v 0.168613 0.408108 -0.730220
v 0.155494 0.400000 -0.740834
v 0.233206 0.499044 -0.761000
v 0.260794 0.499044 -0.761000
v 0.238776 0.498769 -0.754346
v 0.238776 0.498769 -0.767654
v 0.255224 0.498769 -0.754346
v 0.255224 0.498769 -0.767654
v 0.209499 0.484392 -0.741818
v 0.223293 0.475864 -0.730658
v 0.223134 0.489100 -0.741690
v 0.201603 0.475794 -0.737578
v 0.231358 0.484017 -0.735036
v 0.209826 0.470710 -0.730924
v 0.209499 0.484392 -0.780181
v 0.223293 0.475864 -0.791342
v 0.223134 0.489100 -0.780310
v 0.201603 0.475794 -0.784422
v 0.231358 0.484017 -0.786964
v 0.209826 0.470710 -0.791076
v 0.171136 0.460685 -0.772853
v 0.162608 0.438363 -0.779750
v 0.176290 0.460152 -0.779587
v 0.162983 0.451928 -0.768821
v 0.171206 0.446844 -0.783699
v 0.157900 0.438620 -0.772933
v 0.171136 0.460685 -0.749147
v 0.162608 0.438363 -0.742249
v 0.176290 0.460152 -0.742413
v 0.162983 0.451928 -0.753179
v 0.171206 0.446844 -0.738301
v 0.157900 0.438620 -0.749067
v 0.284501 0.484392 -0.741818
v 0.270707 0.475864 -0.730658
v 0.270866 0.489100 -0.741690
v 0.262642 0.484017 -0.735036
v 0.292397 0.475794 -0.737578
v 0.284174 0.470710 -0.730924
v 0.284501 0.484392 -0.780181
v 0.270707 0.475864 -0.791342
v 0.270866 0.489100 -0.780310
v 0.262642 0.484017 -0.786964
v 0.292397 0.475794 -0.784422
v 0.284174 0.470710 -0.791076
v 0.322864 0.460685 -0.772853
v 0.331392 0.438363 -0.779750
v 0.317710 0.460152 -0.779587
v 0.331017 0.451928 -0.768821
v 0.322794 0.446844 -0.783699
v 0.336100 0.438620 -0.772933
v 0.322864 0.460685 -0.749147
v 0.331392 0.438363 -0.742249
v 0.317710 0.460152 -0.742413
v 0.331017 0.451928 -0.753179
v 0.322794 0.446844 -0.738301
v 0.336100 0.438620 -0.749067
v 0.233206 0.300956 -0.761000
v 0.260794 0.300956 -0.761000
v 0.238776 0.301231 -0.754346
v 0.238776 0.301231 -0.767654
v 0.255224 0.301231 -0.754346
v 0.255224 0.301231 -0.767654
v 0.209499 0.315608 -0.741818
v 0.223293 0.324136 -0.730658
v 0.223134 0.310900 -0.741690
v 0.201603 0.324206 -0.737578
v 0.231358 0.315983 -0.735036
v 0.209826 0.329290 -0.730924
v 0.209499 0.315608 -0.780181
v 0.223293 0.324136 -0.791342
v 0.223134 0.310900 -0.780310
v 0.201603 0.324206 -0.784422
v 0.231358 0.315983 -0.786964
v 0.209826 0.329290 -0.791076
v 0.171136 0.339315 -0.772853
v 0.162608 0.361637 -0.779750
v 0.176290 0.339848 -0.779587
v 0.162983 0.348072 -0.768821
v 0.171206 0.353156 -0.783699
v 0.157900 0.361380 -0.772933
v 0.171136 0.339315 -0.749147
v 0.162608 0.361637 -0.742249
v 0.176290 0.339848 -0.742413
v 0.162983 0.348072 -0.753179
v 0.171206 0.353156 -0.738301
v 0.157900 0.361380 -0.749067
v 0.284501 0.315608 -0.741818
v 0.270707 0.324136 -0.730658
v 0.270866 0.310900 -0.741690
v 0.262642 0.315983 -0.735036
v 0.292397 0.324206 -0.737578
v 0.284174 0.329290 -0.730924
v 0.284501 0.315608 -0.780181
v 0.270707 0.324136 -0.791342
v 0.270866 0.310900 -0.780310
v 0.262642 0.315983 -0.786964
v 0.292397 0.324206 -0.784422
v 0.284174 0.329290 -0.791076
v 0.322864 0.339315 -0.772853
v 0.331392 0.361637 -0.779750
v 0.317710 0.339848 -0.779587
v 0.331017 0.348072 -0.768821
v 0.322794 0.353156 -0.783699
v 0.336100 0.361380 -0.772933
v 0.322864 0.339315 -0.749147
v 0.331392 0.361637 -0.742249
v 0.317710 0.339848 -0.742413
v 0.331017 0.348072 -0.753179
v 0.322794 0.353156 -0.738301
v 0.336100 0.361380 -0.749067
v 0.247000 0.386206 -0.711478
v 0.247000 0.413794 -0.711478
v 0.260308 0.391776 -0.711616
v 0.233692 0.391776 -0.711616
v 0.260308 0.408224 -0.711616
v 0.233692 0.408224 -0.711616
v 0.285363 0.362499 -0.718804
v 0.307685 0.376293 -0.723068
v 0.293844 0.354603 -0.723103
v 0.307152 0.362826 -0.725645
v 0.285620 0.376134 -0.716450
v 0.298928 0.384358 -0.718992
v 0.208637 0.362499 -0.718804
v 0.186315 0.376293 -0.723068
v 0.200156 0.354603 -0.723103
v 0.186848 0.362826 -0.725645
v 0.208380 0.376134 -0.716450
v 0.195072 0.384358 -0.718992
v 0.285363 0.437501 -0.718804
v 0.307685 0.423707 -0.723068
v 0.293844 0.445397 -0.723103
v 0.307152 0.437174 -0.725645
v 0.285620 0.423866 -0.716450
v 0.298928 0.415642 -0.718992
v 0.208637 0.437501 -0.718804
v 0.186315 0.423707 -0.723068
v 0.200156 0.445397 -0.723103
v 0.186848 0.437174 -0.725645
v 0.208380 0.423866 -0.716450
v 0.195072 0.415642 -0.718992
v 0.247000 0.386206 -0.810522
v 0.247000 0.413794 -0.810522
v 0.260308 0.391776 -0.810384
v 0.233692 0.391776 -0.810384
v 0.260308 0.408224 -0.810384
v 0.233692 0.408224 -0.810384
v 0.285363 0.362499 -0.803196
v 0.307685 0.376293 -0.798932
v 0.293844 0.354603 -0.798897
v 0.307152 0.362826 -0.796355
v 0.285620 0.376134 -0.805550
v 0.298928 0.384358 -0.803008
v 0.208637 0.362499 -0.803196
v 0.186315 0.376293 -0.798932
v 0.200156 0.354603 -0.798897
v 0.186848 0.362826 -0.796355
v 0.208380 0.376134 -0.805550
v 0.195072 0.384358 -0.803008
v 0.285363 0.437501 -0.803196
v 0.307685 0.423707 -0.798932
v 0.293844 0.445397 -0.798897
v 0.307152 0.437174 -0.796355
v 0.285620 0.423866 -0.805550
v 0.298928 0.415642 -0.803008
v 0.208637 0.437501 -0.803196
v 0.186315 0.423707 -0.798932
v 0.200156 0.445397 -0.798897
v 0.186848 0.437174 -0.796355
v 0.208380 0.423866 -0.805550
v 0.195072 0.415642 -0.803008
v 0.346044 0.400000 -0.767897
v 0.346044 0.400000 -0.754103
v 0.345769 0.413308 -0.765112
v 0.345769 0.413308 -0.756888
v 0.345769 0.386692 -0.765112
v 0.345769 0.386692 -0.756888
v 0.147956 0.400000 -0.767897
v 0.147956 0.400000 -0.754103
v 0.148231 0.413308 -0.765112
v 0.148231 0.413308 -0.756888
v 0.148231 0.386692 -0.765112
v 0.148231 0.386692 -0.756888
v 0.211180 0.492432 -0.754417
v 0.211180 0.492432 -0.767583
v 0.224990 0.496640 -0.754360
v 0.224990 0.496640 -0.767640
v 0.189878 0.479267 -0.750349
v 0.216877 0.491625 -0.747795
v 0.195390 0.478346 -0.743692
v 0.189878 0.479267 -0.771651
v 0.216877 0.491625 -0.774205
v 0.195390 0.478346 -0.778308
v 0.176712 0.471131 -0.761000
v 0.182261 0.470233 -0.775800
v 0.168981 0.462026 -0.765057
v 0.182261 0.470233 -0.746200
v 0.168981 0.462026 -0.756943
v 0.282820 0.492432 -0.754417
v 0.282820 0.492432 -0.767583
v 0.269010 0.496640 -0.754360
v 0.269010 0.496640 -0.767640
v 0.304122 0.479267 -0.750349
v 0.277123 0.491625 -0.747795
v 0.298610 0.478346 -0.743692
v 0.304122 0.479267 -0.771651
v 0.277123 0.491625 -0.774205
v 0.298610 0.478346 -0.778308
v 0.317288 0.471131 -0.761000
v 0.311739 0.470233 -0.775800
v 0.325019 0.462026 -0.765057
v 0.311739 0.470233 -0.746200
v 0.325019 0.462026 -0.756943
v 0.211180 0.307568 -0.754417
v 0.211180 0.307568 -0.767583
v 0.224990 0.303360 -0.754360
v 0.224990 0.303360 -0.767640
v 0.189878 0.320733 -0.750349
v 0.216877 0.308375 -0.747795
v 0.195390 0.321654 -0.743692
v 0.189878 0.320733 -0.771651
v 0.216877 0.308375 -0.774205
v 0.195390 0.321654 -0.778308
v 0.176712 0.328869 -0.761000
v 0.182261 0.329767 -0.775800
v 0.168981 0.337974 -0.765057
v 0.182261 0.329767 -0.746200
v 0.168981 0.337974 -0.756943
v 0.282820 0.307568 -0.754417
v 0.282820 0.307568 -0.767583
v 0.269010 0.303360 -0.754360
v 0.269010 0.303360 -0.767640
v 0.304122 0.320733 -0.750349
v 0.277123 0.308375 -0.747795
v 0.298610 0.321654 -0.743692
v 0.304122 0.320733 -0.771651
v 0.277123 0.308375 -0.774205
v 0.298610 0.321654 -0.778308
v 0.317288 0.328869 -0.761000
v 0.311739 0.329767 -0.775800
v 0.325019 0.337974 -0.765057
v 0.311739 0.329767 -0.746200
v 0.325019 0.337974 -0.756943
v 0.247000 0.329712 -0.725435
v 0.225698 0.342878 -0.721366
v 0.238886 0.321981 -0.729987
v 0.217400 0.335261 -0.725884
v 0.268302 0.342878 -0.721366
v 0.255114 0.321981 -0.729987
v 0.276600 0.335261 -0.725884
v 0.260166 0.364180 -0.714784
v 0.233834 0.364180 -0.714784
v 0.260280 0.377990 -0.712680
v 0.233720 0.377990 -0.712680
v 0.281616 0.348390 -0.721827
v 0.273409 0.369877 -0.715188
v 0.212384 0.348390 -0.721827
v 0.220591 0.369877 -0.715188
v 0.247000 0.470288 -0.725435
v 0.225698 0.457122 -0.721366
v 0.238886 0.478019 -0.729987
v 0.217400 0.464739 -0.725884
v 0.268302 0.457122 -0.721366
v 0.255114 0.478019 -0.729987
v 0.276600 0.464739 -0.725884
v 0.260166 0.435820 -0.714784
v 0.233834 0.435820 -0.714784
v 0.260280 0.422010 -0.712680
v 0.233720 0.422010 -0.712680
v 0.281616 0.451610 -0.721827
v 0.273409 0.430123 -0.715188
v 0.212384 0.451610 -0.721827
v 0.220591 0.430123 -0.715188
v 0.247000 0.329712 -0.796565
v 0.225698 0.342878 -0.800633
v 0.238886 0.321981 -0.792013
v 0.217400 0.335261 -0.796116
v 0.268302 0.342878 -0.800633
v 0.255114 0.321981 -0.792013
v 0.276600 0.335261 -0.796116
v 0.260166 0.364180 -0.807216
v 0.233834 0.364180 -0.807216
v 0.260280 0.377990 -0.809320
v 0.233720 0.377990 -0.809320
v 0.281616 0.348390 -0.800173
v 0.273409 0.369877 -0.806812
v 0.212384 0.348390 -0.800173
v 0.220591 0.369877 -0.806812
v 0.247000 0.470288 -0.796565
v 0.225698 0.457122 -0.800633
v 0.238886 0.478019 -0.792013
v 0.217400 0.464739 -0.796116
v 0.268302 0.457122 -0.800633
v 0.255114 0.478019 -0.792013
v 0.276600 0.464739 -0.796116
v 0.260166 0.435820 -0.807216
v 0.233834 0.435820 -0.807216
v 0.260280 0.422010 -0.809320
v 0.233720 0.422010 -0.809320
v 0.281616 0.451610 -0.800173
v 0.273409 0.430123 -0.806812
v 0.212384 0.451610 -0.800173
v 0.220591 0.430123 -0.806812
v 0.326267 0.421302 -0.789561
v 0.339432 0.413166 -0.778910
v 0.325346 0.434616 -0.786805
v 0.338625 0.426409 -0.776062
v 0.326267 0.378698 -0.789561
v 0.339432 0.386834 -0.778910
v 0.325346 0.365384 -0.786805
v 0.338625 0.373591 -0.776062
v 0.318131 0.400000 -0.796144
v 0.317233 0.370400 -0.793370
v 0.309026 0.391886 -0.800009
v 0.317233 0.429600 -0.793370
v 0.309026 0.408114 -0.800009
v 0.343640 0.413280 -0.772005
v 0.343640 0.386720 -0.772005
v 0.326267 0.421302 -0.732439
v 0.339432 0.413166 -0.743090
v 0.325346 0.434616 -0.735195
v 0.338625 0.426409 -0.745938
v 0.326267 0.378698 -0.732439
v 0.339432 0.386834 -0.743090
v 0.325346 0.365384 -0.735195
v 0.338625 0.373591 -0.745938
v 0.318131 0.400000 -0.725856
v 0.317233 0.370400 -0.728630
v 0.309026 0.391886 -0.721991
v 0.317233 0.429600 -0.728630
v 0.309026 0.408114 -0.721991
v 0.343640 0.413280 -0.749995
v 0.343640 0.386720 -0.749995
v 0.167733 0.421302 -0.789561
v 0.154568 0.413166 -0.778910
v 0.168654 0.434616 -0.786805
v 0.155375 0.426409 -0.776062
v 0.167733 0.378698 -0.789561
v 0.154568 0.386834 -0.778910
v 0.168654 0.365384 -0.786805
v 0.155375 0.373591 -0.776062
v 0.175869 0.400000 -0.796144
v 0.176767 0.370400 -0.793370
v 0.184974 0.391886 -0.800009
v 0.176767 0.429600 -0.793370
v 0.184974 0.408114 -0.800009
v 0.150360 0.413280 -0.772005
v 0.150360 0.386720 -0.772005
v 0.167733 0.421302 -0.732439
v 0.154568 0.413166 -0.743090
v 0.168654 0.434616 -0.735195
v 0.155375 0.426409 -0.745938
v 0.167733 0.378698 -0.732439
v 0.154568 0.386834 -0.743090
v 0.168654 0.365384 -0.735195
v 0.155375 0.373591 -0.745938
v 0.175869 0.400000 -0.725856
v 0.176767 0.370400 -0.728630
v 0.184974 0.391886 -0.721991
v 0.176767 0.429600 -0.728630
v 0.184974 0.408114 -0.721991
v 0.150360 0.413280 -0.749995
v 0.150360 0.386720 -0.749995
v 0.247000 0.496386 -0.747679
v 0.238768 0.491298 -0.741019
v 0.247000 0.496386 -0.774321
v 0.238768 0.491298 -0.780981
v 0.255232 0.491298 -0.741019
v 0.255232 0.491298 -0.780981
v 0.195663 0.464658 -0.732787
v 0.182342 0.456426 -0.735332
v 0.190574 0.451337 -0.728671
v 0.195663 0.464658 -0.789213
v 0.182342 0.456426 -0.786668
v 0.190574 0.451337 -0.793329
v 0.155702 0.439962 -0.765116
v 0.155702 0.439962 -0.756884
v 0.150614 0.426642 -0.761000
v 0.298337 0.464658 -0.732787
v 0.311658 0.456426 -0.735332
v 0.303426 0.451337 -0.728671
v 0.298337 0.464658 -0.789213
v 0.311658 0.456426 -0.786668
v 0.303426 0.451337 -0.793329
v 0.338298 0.439962 -0.765116
v 0.338298 0.439962 -0.756884
v 0.343386 0.426642 -0.761000
v 0.247000 0.303614 -0.747679
v 0.238768 0.308702 -0.741019
v 0.247000 0.303614 -0.774321
v 0.238768 0.308702 -0.780981
v 0.255232 0.308702 -0.741019
v 0.255232 0.308702 -0.780981
v 0.195663 0.335342 -0.732787
v 0.182342 0.343574 -0.735332
v 0.190574 0.348663 -0.728671
v 0.195663 0.335342 -0.789213
v 0.182342 0.343574 -0.786668
v 0.190574 0.348663 -0.793329
v 0.155702 0.360038 -0.765116
v 0.155702 0.360038 -0.756884
v 0.150614 0.373358 -0.761000
v 0.298337 0.335342 -0.732787
v 0.311658 0.343574 -0.735332
v 0.303426 0.348663 -0.728671
v 0.298337 0.335342 -0.789213
v 0.311658 0.343574 -0.786668
v 0.303426 0.348663 -0.793329
v 0.338298 0.360038 -0.765116
v 0.338298 0.360038 -0.756884
v 0.343386 0.373358 -0.761000
v 0.273642 0.400000 -0.712807
v 0.286962 0.391768 -0.715351
v 0.220358 0.400000 -0.712807
v 0.207038 0.391768 -0.715351
v 0.286962 0.408232 -0.715351
v 0.207038 0.408232 -0.715351
v 0.273642 0.400000 -0.809193
v 0.286962 0.391768 -0.806649
v 0.220358 0.400000 -0.809193
v 0.207038 0.391768 -0.806649
v 0.286962 0.408232 -0.806649
v 0.207038 0.408232 -0.806649
v 0.594431 0.485068 -0.470000
v 0.699569 0.485068 -0.470000
v 0.594431 0.314932 -0.470000
v 0.699569 0.314932 -0.470000
v 0.647000 0.347431 -0.427466
v 0.647000 0.452569 -0.427466
v 0.647000 0.347431 -0.512534
v 0.647000 0.452569 -0.512534
v 0.732068 0.400000 -0.496284
v 0.732068 0.400000 -0.443716
v 0.561932 0.400000 -0.496284
v 0.561932 0.400000 -0.443716
v 0.647000 0.500000 -0.470000
v 0.616101 0.480901 -0.444999
v 0.616101 0.480901 -0.495001
v 0.566099 0.450002 -0.485450
v 0.566099 0.450002 -0.454550
v 0.677899 0.480901 -0.444999
v 0.677899 0.480901 -0.495001
v 0.727901 0.450002 -0.485450
v 0.727901 0.450002 -0.454550
v 0.647000 0.300000 -0.470000
v 0.616101 0.319099 -0.444999
v 0.616101 0.319099 -0.495001
v 0.566099 0.349998 -0.485450
v 0.566099 0.349998 -0.454550
v 0.677899 0.319099 -0.444999
v 0.677899 0.319099 -0.495001
v 0.727901 0.349998 -0.485450
v 0.727901 0.349998 -0.454550
v 0.647000 0.400000 -0.420000
v 0.697002 0.369101 -0.429549
v 0.596998 0.369101 -0.429549
v 0.697002 0.430899 -0.429549
v 0.596998 0.430899 -0.429549
v 0.647000 0.400000 -0.520000
v 0.697002 0.369101 -0.510451
v 0.596998 0.369101 -0.510451
v 0.697002 0.430899 -0.510451
v 0.596998 0.430899 -0.510451
v 0.747000 0.400000 -0.470000
v 0.547000 0.400000 -0.470000
v 0.619676 0.496195 -0.470000
v 0.603615 0.486268 -0.457005
v 0.603615 0.486268 -0.482995
v 0.577624 0.470207 -0.478031
v 0.577624 0.470207 -0.461969
v 0.674324 0.496195 -0.470000
v 0.690385 0.486268 -0.457005
v 0.690385 0.486268 -0.482995
v 0.716376 0.470207 -0.478031
v 0.716376 0.470207 -0.461969
v 0.619676 0.303805 -0.470000
v 0.603615 0.313732 -0.457005
v 0.603615 0.313732 -0.482995
v 0.577624 0.329793 -0.478031
v 0.577624 0.329793 -0.461969
v 0.674324 0.303805 -0.470000
v 0.690385 0.313732 -0.457005
v 0.690385 0.313732 -0.482995
v 0.716376 0.329793 -0.478031
v 0.716376 0.329793 -0.461969
v 0.630939 0.330624 -0.434896
v 0.663061 0.330624 -0.434896
v 0.647000 0.372676 -0.421903
v 0.672990 0.356615 -0.426866
v 0.621010 0.356615 -0.426866
v 0.630939 0.469376 -0.434896
v 0.663061 0.469376 -0.434896
v 0.647000 0.427324 -0.421903
v 0.672990 0.443385 -0.426866
v 0.621010 0.443385 -0.426866
v 0.630939 0.330624 -0.505104
v 0.663061 0.330624 -0.505104
v 0.647000 0.372676 -0.518097
v 0.672990 0.356615 -0.513134
v 0.621010 0.356615 -0.513134
v 0.630939 0.469376 -0.505104
v 0.663061 0.469376 -0.505104
v 0.647000 0.427324 -0.518097
v 0.672990 0.443385 -0.513134
v 0.621010 0.443385 -0.513134
v 0.733268 0.425990 -0.491693
v 0.733268 0.374010 -0.491693
v 0.717207 0.383939 -0.504688
v 0.717207 0.416061 -0.504688
v 0.743195 0.400000 -0.483662
v 0.733268 0.425990 -0.448307
v 0.733268 0.374010 -0.448307
v 0.717207 0.383939 -0.435312
v 0.717207 0.416061 -0.435312
v 0.743195 0.400000 -0.456338
v 0.560732 0.425990 -0.491693
v 0.560732 0.374010 -0.491693
v 0.576793 0.383939 -0.504688
v 0.576793 0.416061 -0.504688
v 0.550805 0.400000 -0.483662
v 0.560732 0.425990 -0.448307
v 0.560732 0.374010 -0.448307
v 0.576793 0.383939 -0.435312
v 0.576793 0.416061 -0.435312
v 0.550805 0.400000 -0.456338
v 0.630755 0.495106 -0.456856
v 0.630755 0.495106 -0.483144
v 0.663245 0.495106 -0.456856
v 0.663245 0.495106 -0.483144
v 0.588223 0.468820 -0.448734
v 0.647000 0.485064 -0.443713
v 0.604468 0.458777 -0.435590
v 0.588223 0.468820 -0.491266
v 0.647000 0.485064 -0.496287
v 0.604468 0.458777 -0.504410
v 0.561936 0.452575 -0.470000
v 0.578180 0.442532 -0.499389
v 0.551894 0.426288 -0.478122
v 0.578180 0.442532 -0.440611
v 0.551894 0.426288 -0.461878
v 0.705777 0.468820 -0.448734
v 0.689533 0.458777 -0.435590
v 0.705777 0.468820 -0.491266
v 0.689533 0.458777 -0.504410
v 0.732064 0.452575 -0.470000
v 0.715820 0.442532 -0.499389
v 0.742106 0.426288 -0.478122
v 0.715820 0.442532 -0.440611
v 0.742106 0.426288 -0.461878
v 0.630755 0.304894 -0.456856
v 0.630755 0.304894 -0.483144
v 0.663245 0.304894 -0.456856
v 0.663245 0.304894 -0.483144
v 0.588223 0.331180 -0.448734
v 0.647000 0.314936 -0.443713
v 0.604468 0.341223 -0.435590
v 0.588223 0.331180 -0.491266
v 0.647000 0.314936 -0.496287
v 0.604468 0.341223 -0.504410
v 0.561936 0.347425 -0.470000
v 0.578180 0.357468 -0.499389
v 0.551894 0.373712 -0.478122
v 0.578180 0.357468 -0.440611
v 0.551894 0.373712 -0.461878
v 0.705777 0.331180 -0.448734
v 0.689533 0.341223 -0.435590
v 0.705777 0.331180 -0.491266
v 0.689533 0.341223 -0.504410
v 0.732064 0.347425 -0.470000
v 0.715820 0.357468 -0.499389
v 0.742106 0.373712 -0.478122
v 0.715820 0.357468 -0.440611
v 0.742106 0.373712 -0.461878
v 0.673288 0.383755 -0.422447
v 0.620712 0.383755 -0.422447
v 0.673288 0.416245 -0.422447
v 0.620712 0.416245 -0.422447
v 0.699575 0.400000 -0.427468
v 0.594425 0.400000 -0.427468
v 0.673288 0.383755 -0.517553
v 0.620712 0.383755 -0.517553
v 0.673288 0.416245 -0.517553
v 0.620712 0.416245 -0.517553
v 0.699575 0.400000 -0.512532
v 0.594425 0.400000 -0.512532
v 0.606668 0.491506 -0.470000
v 0.598560 0.486495 -0.463440
v 0.598560 0.486495 -0.476560
v 0.585439 0.478387 -0.474054
v 0.585439 0.478387 -0.465946
v 0.687332 0.491506 -0.470000
v 0.695440 0.486495 -0.463440
v 0.695440 0.486495 -0.476560
v 0.708561 0.478387 -0.474054
v 0.708561 0.478387 -0.465946
v 0.606668 0.308494 -0.470000
v 0.598560 0.313505 -0.463440
v 0.598560 0.313505 -0.476560
v 0.585439 0.321613 -0.474054
v 0.585439 0.321613 -0.465946
v 0.687332 0.308494 -0.470000
v 0.695440 0.313505 -0.463440
v 0.695440 0.313505 -0.476560
v 0.708561 0.321613 -0.474054
v 0.708561 0.321613 -0.465946
v 0.638892 0.338439 -0.430806
v 0.655108 0.338439 -0.430806
v 0.647000 0.359668 -0.424247
v 0.660121 0.351560 -0.426752
v 0.633879 0.351560 -0.426752
v 0.638892 0.461561 -0.430806
v 0.655108 0.461561 -0.430806
v 0.647000 0.440332 -0.424247
v 0.660121 0.448440 -0.426752
v 0.633879 0.448440 -0.426752
v 0.638892 0.338439 -0.509194
v 0.655108 0.338439 -0.509194
v 0.647000 0.359668 -0.515753
v 0.660121 0.351560 -0.513248
v 0.633879 0.351560 -0.513248
v 0.638892 0.461561 -0.509194
v 0.655108 0.461561 -0.509194
v 0.647000 0.440332 -0.515753
v 0.660121 0.448440 -0.513248
v 0.633879 0.448440 -0.513248
v 0.733495 0.413121 -0.494220
v 0.733495 0.386879 -0.494220
v 0.725387 0.391892 -0.500780
v 0.725387 0.408108 -0.500780
v 0.738506 0.400000 -0.490166
v 0.733495 0.413121 -0.445780
v 0.733495 0.386879 -0.445780
v 0.725387 0.391892 -0.439220
v 0.725387 0.408108 -0.439220
v 0.738506 0.400000 -0.449834
v 0.560505 0.413121 -0.494220
v 0.560505 0.386879 -0.494220
v 0.568613 0.391892 -0.500780
v 0.568613 0.408108 -0.500780
v 0.555494 0.400000 -0.490166
v 0.560505 0.413121 -0.445780
v 0.560505 0.386879 -0.445780
v 0.568613 0.391892 -0.439220
v 0.568613 0.408108 -0.439220
v 0.555494 0.400000 -0.449834
v 0.633206 0.499044 -0.470000
v 0.660794 0.499044 -0.470000
v 0.638776 0.498769 -0.463346
v 0.638776 0.498769 -0.476654
v 0.655224 0.498769 -0.463346
v 0.655224 0.498769 -0.476654
v 0.609499 0.484392 -0.450819
v 0.623293 0.475864 -0.439658
v 0.623134 0.489100 -0.450690
v 0.601603 0.475794 -0.446578
v 0.631358 0.484017 -0.444036
v 0.609826 0.470710 -0.439924
v 0.609499 0.484392 -0.489181
v 0.623293 0.475864 -0.500342
v 0.623134 0.489100 -0.489310
v 0.601603 0.475794 -0.493422
v 0.631358 0.484017 -0.495964
v 0.609826 0.470710 -0.500076
v 0.571136 0.460685 -0.481853
v 0.562608 0.438363 -0.488750
v 0.576290 0.460152 -0.488587
v 0.562983 0.451928 -0.477821
v 0.571206 0.446844 -0.492699
v 0.557900 0.438620 -0.481933
v 0.571136 0.460685 -0.458147
v 0.562608 0.438363 -0.451250
v 0.576290 0.460152 -0.451413
v 0.562983 0.451928 -0.462179
v 0.571206 0.446844 -0.447301
v 0.557900 0.438620 -0.458067
v 0.684501 0.484392 -0.450819
v 0.670707 0.475864 -0.439658
v 0.670866 0.489100 -0.450690
v 0.662642 0.484017 -0.444036
v 0.692397 0.475794 -0.446578
v 0.684174 0.470710 -0.439924
v 0.684501 0.484392 -0.489181
v 0.670707 0.475864 -0.500342
v 0.670866 0.489100 -0.489310
v 0.662642 0.484017 -0.495964
v 0.692397 0.475794 -0.493422
v 0.684174 0.470710 -0.500076
v 0.722864 0.460685 -0.481853
v 0.731392 0.438363 -0.488750
v 0.717710 0.460152 -0.488587
v 0.731017 0.451928 -0.477821
v 0.722794 0.446844 -0.492699
v 0.736100 0.438620 -0.481933
v 0.722864 0.460685 -0.458147
v 0.731392 0.438363 -0.451250
v 0.717710 0.460152 -0.451413
v 0.731017 0.451928 -0.462179
v 0.722794 0.446844 -0.447301
v 0.736100 0.438620 -0.458067
v 0.633206 0.300956 -0.470000
v 0.660794 0.300956 -0.470000
v 0.638776 0.301231 -0.463346
v 0.638776 0.301231 -0.476654
v 0.655224 0.301231 -0.463346
v 0.655224 0.301231 -0.476654
v 0.609499 0.315608 -0.450819
v 0.623293 0.324136 -0.439658
v 0.623134 0.310900 -0.450690
v 0.601603 0.324206 -0.446578
v 0.631358 0.315983 -0.444036
v 0.609826 0.329290 -0.439924
v 0.609499 0.315608 -0.489181
v 0.623293 0.324136 -0.500342
v 0.623134 0.310900 -0.489310
v 0.601603 0.324206 -0.493422
v 0.631358 0.315983 -0.495964
v 0.609826 0.329290 -0.500076
v 0.571136 0.339315 -0.481853
v 0.562608 0.361637 -0.488750
v 0.576290 0.339848 -0.488587
v 0.562983 0.348072 -0.477821
v 0.571206 0.353156 -0.492699
v 0.557900 0.361380 -0.481933
v 0.571136 0.339315 -0.458147
v 0.562608 0.361637 -0.451250
v 0.576290 0.339848 -0.451413
v 0.562983 0.348072 -0.462179
v 0.571206 0.353156 -0.447301
v 0.557900 0.361380 -0.458067
v 0.684501 0.315608 -0.450819
v 0.670707 0.324136 -0.439658
v 0.670866 0.310900 -0.450690
v 0.662642 0.315983 -0.444036
v 0.692397 0.324206 -0.446578
v 0.684174 0.329290 -0.439924
v 0.684501 0.315608 -0.489181
v 0.670707 0.324136 -0.500342
v 0.670866 0.310900 -0.489310
v 0.662642 0.315983 -0.495964
v 0.692397 0.324206 -0.493422
v 0.684174 0.329290 -0.500076
v 0.722864 0.339315 -0.481853
v 0.731392 0.361637 -0.488750
v 0.717710 0.339848 -0.488587
v 0.731017 0.348072 -0.477821
v 0.722794 0.353156 -0.492699
v 0.736100 0.361380 -0.481933
v 0.722864 0.339315 -0.458147
v 0.731392 0.361637 -0.451250
v 0.717710 0.339848 -0.451413
v 0.731017 0.348072 -0.462179
v 0.722794 0.353156 -0.447301
v 0.736100 0.361380 -0.458067
v 0.647000 0.386206 -0.420478
v 0.647000 0.413794 -0.420478
v 0.660308 0.391776 -0.420616
v 0.633692 0.391776 -0.420616
v 0.660308 0.408224 -0.420616
v 0.633692 0.408224 -0.420616
v 0.685363 0.362499 -0.427804
v 0.707685 0.376293 -0.432068
v 0.693844 0.354603 -0.432103
v 0.707152 0.362826 -0.434645
v 0.685620 0.376134 -0.425450
v 0.698928 0.384358 -0.427992
v 0.608637 0.362499 -0.427804
v 0.586315 0.376293 -0.432068
v 0.600156 0.354603 -0.432103
v 0.586848 0.362826 -0.434645
v 0.608380 0.376134 -0.425450
v 0.595072 0.384358 -0.427992
v 0.685363 0.437501 -0.427804
v 0.707685 0.423707 -0.432068
v 0.693844 0.445397 -0.432103
v 0.707152 0.437174 -0.434645
v 0.685620 0.423866 -0.425450
v 0.698928 0.415642 -0.427992
v 0.608637 0.437501 -0.427804
v 0.586315 0.423707 -0.432068
v 0.600156 0.445397 -0.432103
v 0.586848 0.437174 -0.434645
v 0.608380 0.423866 -0.425450
v 0.595072 0.415642 -0.427992
v 0.647000 0.386206 -0.519522
v 0.647000 0.413794 -0.519522
v 0.660308 0.391776 -0.519384
v 0.633692 0.391776 -0.519384
v 0.660308 0.408224 -0.519384
v 0.633692 0.408224 -0.519384
v 0.685363 0.362499 -0.512196
v 0.707685 0.376293 -0.507932
v 0.693844 0.354603 -0.507897
v 0.707152 0.362826 -0.505355
v 0.685620 0.376134 -0.514550
v 0.698928 0.384358 -0.512008
v 0.608637 0.362499 -0.512196
v 0.586315 0.376293 -0.507932
v 0.600156 0.354603 -0.507897
v 0.586848 0.362826 -0.505355
v 0.608380 0.376134 -0.514550
v 0.595072 0.384358 -0.512008
v 0.685363 0.437501 -0.512196
v 0.707685 0.423707 -0.507932
v 0.693844 0.445397 -0.507897
v 0.707152 0.437174 -0.505355
v 0.685620 0.423866 -0.514550
v 0.698928 0.415642 -0.512008
v 0.608637 0.437501 -0.512196
v 0.586315 0.423707 -0.507932
v 0.600156 0.445397 -0.507897
v 0.586848 0.437174 -0.505355
v 0.608380 0.423866 -0.514550
v 0.595072 0.415642 -0.512008
v 0.746044 0.400000 -0.476897
v 0.746044 0.400000 -0.463103
v 0.745769 0.413308 -0.474112
v 0.745769 0.413308 -0.465888
v 0.745769 0.386692 -0.474112
v 0.745769 0.386692 -0.465888
v 0.547956 0.400000 -0.476897
v 0.547956 0.400000 -0.463103
v 0.548231 0.413308 -0.474112
v 0.548231 0.413308 -0.465888
v 0.548231 0.386692 -0.474112
v 0.548231 0.386692 -0.465888
v 0.611180 0.492432 -0.463417
v 0.611180 0.492432 -0.476583
v 0.624990 0.496640 -0.463360
v 0.624990 0.496640 -0.476640
v 0.589878 0.479267 -0.459349
v 0.616877 0.491625 -0.456795
v 0.595390 0.478346 -0.452692
v 0.589878 0.479267 -0.480651
v 0.616877 0.491625 -0.483205
v 0.595390 0.478346 -0.487308
v 0.576712 0.471131 -0.470000
v 0.582261 0.470233 -0.484800
v 0.568981 0.462026 -0.474057
v 0.582261 0.470233 -0.455200
v 0.568981 0.462026 -0.465943
v 0.682820 0.492432 -0.463417
v 0.682820 0.492432 -0.476583
v 0.669010 0.496640 -0.463360
v 0.669010 0.496640 -0.476640
v 0.704122 0.479267 -0.459349
v 0.677123 0.491625 -0.456795
v 0.698610 0.478346 -0.452692
v 0.704122 0.479267 -0.480651
v 0.677123 0.491625 -0.483205
v 0.698610 0.478346 -0.487308
v 0.717288 0.471131 -0.470000
v 0.711739 0.470233 -0.484800
v 0.725019 0.462026 -0.474057
v 0.711739 0.470233 -0.455200
v 0.725019 0.462026 -0.465943
v 0.611180 0.307568 -0.463417
v 0.611180 0.307568 -0.476583
v 0.624990 0.303360 -0.463360
v 0.624990 0.303360 -0.476640
v 0.589878 0.320733 -0.459349
v 0.616877 0.308375 -0.456795
v 0.595390 0.321654 -0.452692
v 0.589878 0.320733 -0.480651
v 0.616877 0.308375 -0.483205
v 0.595390 0.321654 -0.487308
v 0.576712 0.328869 -0.470000
v 0.582261 0.329767 -0.484800
v 0.568981 0.337974 -0.474057
v 0.582261 0.329767 -0.455200
v 0.568981 0.337974 -0.465943
v 0.682820 0.307568 -0.463417
v 0.682820 0.307568 -0.476583
v 0.669010 0.303360 -0.463360
v 0.669010 0.303360 -0.476640
v 0.704122 0.320733 -0.459349
v 0.677123 0.308375 -0.456795
v 0.698610 0.321654 -0.452692
v 0.704122 0.320733 -0.480651
v 0.677123 0.308375 -0.483205
v 0.698610 0.321654 -0.487308
v 0.717288 0.328869 -0.470000
v 0.711739 0.329767 -0.484800
v 0.725019 0.337974 -0.474057
v 0.711739 0.329767 -0.455200
v 0.725019 0.337974 -0.465943
v 0.647000 0.329712 -0.434435
v 0.625698 0.342878 -0.430366
v 0.638886 0.321981 -0.438987
v 0.617400 0.335261 -0.434884
v 0.668302 0.342878 -0.430366
v 0.655114 0.321981 -0.438987
v 0.676600 0.335261 -0.434884
v 0.660166 0.364180 -0.423784
v 0.633834 0.364180 -0.423784
v 0.660280 0.377990 -0.421680
v 0.633720 0.377990 -0.421680
v 0.681616 0.348390 -0.430827
v 0.673409 0.369877 -0.424188
v 0.612384 0.348390 -0.430827
v 0.620591 0.369877 -0.424188
v 0.647000 0.470288 -0.434435
v 0.625698 0.457122 -0.430366
v 0.638886 0.478019 -0.438987
v 0.617400 0.464739 -0.434884
v 0.668302 0.457122 -0.430366
v 0.655114 0.478019 -0.438987
v 0.676600 0.464739 -0.434884
v 0.660166 0.435820 -0.423784
v 0.633834 0.435820 -0.423784
v 0.660280 0.422010 -0.421680
v 0.633720 0.422010 -0.421680
v 0.681616 0.451610 -0.430827
v 0.673409 0.430123 -0.424188
v 0.612384 0.451610 -0.430827
v 0.620591 0.430123 -0.424188
v 0.647000 0.329712 -0.505565
v 0.625698 0.342878 -0.509634
v 0.638886 0.321981 -0.501013
v 0.617400 0.335261 -0.505116
v 0.668302 0.342878 -0.509634
v 0.655114 0.321981 -0.501013
v 0.676600 0.335261 -0.505116
v 0.660166 0.364180 -0.516216
v 0.633834 0.364180 -0.516216
v 0.660280 0.377990 -0.518320
v 0.633720 0.377990 -0.518320
v 0.681616 0.348390 -0.509173
v 0.673409 0.369877 -0.515812
v 0.612384 0.348390 -0.509173
v 0.620591 0.369877 -0.515812
v 0.647000 0.470288 -0.505565
v 0.625698 0.457122 -0.509634
v 0.638886 0.478019 -0.501013
v 0.617400 0.464739 -0.505116
v 0.668302 0.457122 -0.509634
v 0.655114 0.478019 -0.501013
v 0.676600 0.464739 -0.505116
v 0.660166 0.435820 -0.516216
v 0.633834 0.435820 -0.516216
v 0.660280 0.422010 -0.518320
v 0.633720 0.422010 -0.518320
v 0.681616 0.451610 -0.509173
v 0.673409 0.430123 -0.515812
v 0.612384 0.451610 -0.509173
v 0.620591 0.430123 -0.515812
v 0.726267 0.421302 -0.498561
v 0.739432 0.413166 -0.487910
v 0.725347 0.434616 -0.495805
v 0.738625 0.426409 -0.485062
v 0.726267 0.378698 -0.498561
v 0.739432 0.386834 -0.487910
v 0.725347 0.365384 -0.495805
v 0.738625 0.373591 -0.485062
v 0.718131 0.400000 -0.505144
v 0.717233 0.370400 -0.502370
v 0.709026 0.391886 -0.509009
v 0.717233 0.429600 -0.502370
v 0.709026 0.408114 -0.509009
v 0.743640 0.413280 -0.481005
v 0.743640 0.386720 -0.481005
v 0.726267 0.421302 -0.441439
v 0.739432 0.413166 -0.452090
v 0.725347 0.434616 -0.444195
v 0.738625 0.426409 -0.454938
v 0.726267 0.378698 -0.441439
v 0.739432 0.386834 -0.452090
v 0.725347 0.365384 -0.444195
v 0.738625 0.373591 -0.454938
v 0.718131 0.400000 -0.434856
v 0.717233 0.370400 -0.437630
v 0.709026 0.391886 -0.430991
v 0.717233 0.429600 -0.437630
v 0.709026 0.408114 -0.430991
v 0.743640 0.413280 -0.458995
v 0.743640 0.386720 -0.458995
v 0.567733 0.421302 -0.498561
v 0.554568 0.413166 -0.487910
v 0.568654 0.434616 -0.495805
v 0.555375 0.426409 -0.485062
v 0.567733 0.378698 -0.498561
v 0.554568 0.386834 -0.487910
v 0.568654 0.365384 -0.495805
v 0.555375 0.373591 -0.485062
v 0.575869 0.400000 -0.505144
v 0.576767 0.370400 -0.502370
v 0.584974 0.391886 -0.509009
v 0.576767 0.429600 -0.502370
v 0.584974 0.408114 -0.509009
v 0.550360 0.413280 -0.481005
v 0.550360 0.386720 -0.481005
v 0.567733 0.421302 -0.441439
v 0.554568 0.413166 -0.452090
v 0.568654 0.434616 -0.444195
v 0.555375 0.426409 -0.454938
v 0.567733 0.378698 -0.441439
v 0.554568 0.386834 -0.452090
v 0.568654 0.365384 -0.444195
v 0.555375 0.373591 -0.454938
v 0.575869 0.400000 -0.434856
v 0.576767 0.370400 -0.437630
v 0.584974 0.391886 -0.430991
v 0.576767 0.429600 -0.437630
v 0.584974 0.408114 -0.430991
v 0.550360 0.413280 -0.458995
v 0.550360 0.386720 -0.458995
v 0.647000 0.496386 -0.456679
v 0.638768 0.491298 -0.450019
v 0.647000 0.496386 -0.483321
v 0.638768 0.491298 -0.489981
v 0.655232 0.491298 -0.450019
v 0.655232 0.491298 -0.489981
v 0.595663 0.464658 -0.441787
v 0.582342 0.456426 -0.444332
v 0.590574 0.451337 -0.437671
v 0.595663 0.464658 -0.498213
v 0.582342 0.456426 -0.495668
v 0.590574 0.451337 -0.502329
v 0.555702 0.439962 -0.474116
v 0.555702 0.439962 -0.465884
v 0.550614 0.426642 -0.470000
v 0.698337 0.464658 -0.441787
v 0.711658 0.456426 -0.444332
v 0.703426 0.451337 -0.437671
v 0.698337 0.464658 -0.498213
v 0.711658 0.456426 -0.495668
v 0.703426 0.451337 -0.502329
v 0.738298 0.439962 -0.474116
v 0.738298 0.439962 -0.465884
v 0.743386 0.426642 -0.470000
v 0.647000 0.303614 -0.456679
v 0.638768 0.308702 -0.450019
v 0.647000 0.303614 -0.483321
v 0.638768 0.308702 -0.489981
v 0.655232 0.308702 -0.450019
v 0.655232 0.308702 -0.489981
v 0.595663 0.335342 -0.441787
v 0.582342 0.343574 -0.444332
v 0.590574 0.348663 -0.437671
v 0.595663 0.335342 -0.498213
v 0.582342 0.343574 -0.495668
v 0.590574 0.348663 -0.502329
v 0.555702 0.360038 -0.474116
v 0.555702 0.360038 -0.465884
v 0.550614 0.373358 -0.470000
v 0.698337 0.335342 -0.441787
v 0.711658 0.343574 -0.444332
v 0.703426 0.348663 -0.437671
v 0.698337 0.335342 -0.498213
v 0.711658 0.343574 -0.495668
v 0.703426 0.348663 -0.502329
v 0.738298 0.360038 -0.474116
v 0.738298 0.360038 -0.465884
v 0.743386 0.373358 -0.470000
v 0.673642 0.400000 -0.421807
v 0.686962 0.391768 -0.424351
v 0.620358 0.400000 -0.421807
v 0.607038 0.391768 -0.424351
v 0.686962 0.408232 -0.424351
v 0.607038 0.408232 -0.424351
v 0.673642 0.400000 -0.518193
v 0.686962 0.391768 -0.515649
v 0.620358 0.400000 -0.518193
v 0.607038 0.391768 -0.515649
v 0.686962 0.408232 -0.515649
v 0.607038 0.408232 -0.515649
f 1 167 164
f 1 164 163
f 1 163 165
f 1 165 166
f 1 166 167
f 2 169 172
f 6 192 190
f 12 222 219
f 11 216 215
f 8 199 201
f 4 182 179
f 4 179 178
f 4 178 180
f 4 180 181
f 4 181 182
f 5 186 185
f 3 174 177
f 7 193 197
f 9 205 206
f 10 212 208
f 12 221 218
f 6 189 188
f 2 170 168
f 8 202 198
f 11 217 213
f 6 191 189
f 12 220 221
f 11 214 217
f 8 200 202
f 2 171 170
f 10 210 209
f 5 183 184
f 3 175 173
f 7 196 194
f 9 207 204
f 10 211 210
f 5 187 183
f 3 176 175
f 7 195 196
f 9 203 207
f 6 188 192
f 2 168 169
f 8 198 199
f 11 213 216
f 12 218 222
f 10 208 211
f 5 185 187
f 3 177 176
f 7 197 195
f 9 206 203
f 5 184 186
f 3 173 174
f 7 194 193
f 9 204 205
f 10 209 212
f 6 190 191
f 12 219 220
f 11 215 214
f 8 201 200
f 2 172 171
f 35 357 358
f 18 255 256
f 19 262 261
f 40 388 387
f 42 400 399
f 34 352 351
f 33 347 348
f 25 298 300
f 36 364 366
f 20 269 267
f 32 339 340
f 23 285 287
f 24 293 291
f 37 370 369
f 41 396 395
f 34 353 354
f 33 346 345
f 25 299 297
f 36 365 363
f 20 268 270
f 17 249 247
f 14 231 229
f 13 226 223
f 15 238 235
f 16 244 241
f 18 257 253
f 35 359 355
f 42 402 398
f 40 390 386
f 19 264 260
f 30 327 325
f 27 309 307
f 22 282 278
f 28 317 313
f 29 322 319
f 32 341 337
f 23 286 283
f 24 294 290
f 37 372 368
f 41 394 392
f 35 358 356
f 18 256 254
f 19 261 259
f 40 387 385
f 42 399 397
f 34 351 349
f 33 348 344
f 25 300 296
f 36 366 362
f 20 267 265
f 32 340 338
f 23 287 284
f 24 291 289
f 37 369 367
f 41 395 391
f 34 354 350
f 33 345 343
f 25 297 295
f 36 363 361
f 20 270 266
f 14 234 230
f 13 227 224
f 15 239 236
f 16 245 242
f 17 252 248
f 21 275 272
f 31 334 331
f 26 304 301
f 38 377 373
f 39 382 380
f 27 312 308
f 22 279 277
f 28 316 314
f 29 323 320
f 30 330 326
f 31 335 332
f 26 305 302
f 38 376 374
f 39 383 379
f 21 274 271
f 14 232 234
f 13 225 227
f 15 237 239
f 16 243 245
f 17 250 252
f 21 273 275
f 31 336 334
f 26 306 304
f 38 378 377
f 39 381 382
f 27 311 312
f 22 281 279
f 28 315 316
f 29 321 323
f 30 328 330
f 31 333 335
f 26 303 305
f 38 375 376
f 39 384 383
f 21 276 274
f 14 229 232
f 13 223 225
f 15 235 237
f 16 241 243
f 17 247 250
f 21 271 273
f 31 332 336
f 26 302 306
f 38 374 378
f 39 379 381
f 27 307 311
f 22 278 281
f 28 313 315
f 29 319 321
f 30 325 328
f 31 331 333
f 26 301 303
f 38 373 375
f 39 380 384
f 21 272 276
f 17 248 251
f 14 230 233
f 13 224 228
f 15 236 240
f 16 242 246
f 18 254 258
f 35 356 360
f 42 397 401
f 40 385 389
f 19 259 263
f 30 326 329
f 27 308 310
f 22 277 280
f 28 314 318
f 29 320 324
f 32 338 342
f 23 284 288
f 24 289 292
f 37 367 371
f 41 391 393
f 35 355 357
f 18 253 255
f 19 260 262
f 40 386 388
f 42 398 400
f 34 350 352
f 33 343 347
f 25 295 298
f 36 361 364
f 20 266 269
f 32 337 339
f 23 283 285
f 24 290 293
f 37 368 370
f 41 392 396
f 34 349 353
f 33 344 346
f 25 296 299
f 36 362 365
f 20 265 268
f 17 251 249
f 14 233 231
f 13 228 226
f 15 240 238
f 16 246 244
f 18 258 257
f 35 360 359
f 42 401 402
f 40 389 390
f 19 263 264
f 30 329 327
f 27 310 309
f 22 280 282
f 28 318 317
f 29 324 322
f 32 342 341
f 23 288 286
f 24 292 294
f 37 371 372
f 41 393 394
f 107 409 416
f 103 405 408
f 104 411 406
f 110 414 412
f 113 417 415
f 118 431 424
f 154 488 492
f 141 575 582
f 162 563 565
f 121 519 514
f 142 454 461
f 129 450 453
f 130 456 451
f 144 459 457
f 146 462 460
f 151 472 475
f 131 446 439
f 136 506 496
f 161 535 533
f 126 541 551
f 116 570 579
f 108 480 483
f 106 421 426
f 112 511 521
f 115 556 566
f 119 484 489
f 156 580 578
f 139 567 560
f 160 522 518
f 120 427 429
f 149 544 547
f 132 468 465
f 128 436 441
f 145 499 504
f 148 530 537
f 155 548 550
f 133 466 476
f 134 442 444
f 157 505 502
f 124 536 526
f 109 491 481
f 105 423 420
f 111 513 510
f 114 564 555
f 117 581 571
f 125 549 540
f 152 477 473
f 137 445 447
f 158 503 507
f 123 525 534
f 143 474 469
f 127 438 435
f 135 495 498
f 147 532 529
f 150 552 545
f 153 490 487
f 140 577 574
f 138 559 562
f 159 517 520
f 122 430 432
f 107 590 589
f 103 584 583
f 104 585 586
f 110 592 593
f 113 595 596
f 118 598 599
f 154 636 633
f 141 621 620
f 162 642 640
f 121 601 603
f 142 623 622
f 129 611 607
f 130 609 612
f 144 625 626
f 146 628 629
f 151 632 631
f 131 613 614
f 136 616 618
f 161 638 641
f 126 606 605
f 47 407 167
f 44 403 164
f 43 404 163
f 45 410 165
f 46 413 166
f 49 422 169
f 72 486 192
f 102 573 222
f 96 561 216
f 79 512 199
f 62 452 182
f 59 448 179
f 58 449 178
f 60 455 180
f 61 458 181
f 66 470 186
f 54 437 174
f 73 494 193
f 85 531 205
f 92 539 212
f 101 568 221
f 69 478 189
f 50 419 170
f 82 509 202
f 97 554 217
f 71 482 191
f 100 576 220
f 94 558 214
f 80 516 200
f 51 425 171
f 90 542 210
f 63 463 183
f 55 434 175
f 76 497 196
f 87 528 207
f 91 546 211
f 67 464 187
f 56 440 176
f 75 500 195
f 83 524 203
f 68 479 188
f 48 418 168
f 78 508 198
f 93 553 213
f 98 569 218
f 88 538 208
f 65 471 185
f 57 443 177
f 77 501 197
f 86 523 206
f 64 467 184
f 53 433 173
f 74 493 194
f 84 527 204
f 89 543 209
f 70 485 190
f 99 572 219
f 95 557 215
f 81 515 201
f 52 428 172
f 109 591 357
f 105 587 255
f 111 588 262
f 114 594 388
f 117 597 400
f 125 600 352
f 152 634 347
f 137 619 298
f 158 639 364
f 123 602 269
f 143 624 339
f 127 608 285
f 135 610 293
f 147 627 370
f 150 630 396
f 153 635 353
f 140 615 346
f 138 617 299
f 159 637 365
f 122 604 268
f 107 416 249
f 103 408 231
f 104 406 226
f 110 412 238
f 113 415 244
f 118 424 257
f 154 492 359
f 141 582 402
f 162 565 390
f 121 514 264
f 142 461 327
f 129 453 309
f 130 451 282
f 144 457 317
f 146 460 322
f 151 475 341
f 131 439 286
f 136 496 294
f 161 533 372
f 126 551 394
f 116 579 358
f 108 483 256
f 106 426 261
f 112 521 387
f 115 566 399
f 119 489 351
f 156 578 348
f 139 560 300
f 160 518 366
f 120 429 267
f 149 547 340
f 132 465 287
f 128 441 291
f 145 504 369
f 148 537 395
f 155 550 354
f 133 476 345
f 134 444 297
f 157 502 363
f 124 526 270
f 109 481 234
f 105 420 227
f 111 510 239
f 114 555 245
f 117 571 252
f 125 540 275
f 152 473 334
f 137 447 304
f 158 507 377
f 123 534 382
f 143 469 312
f 127 435 279
f 135 498 316
f 147 529 323
f 150 545 330
f 153 487 335
f 140 574 305
f 138 562 376
f 159 520 383
f 122 432 274
f 107 589 232
f 103 583 225
f 104 586 237
f 110 593 243
f 113 596 250
f 118 599 273
f 154 633 336
f 141 620 306
f 162 640 378
f 121 603 381
f 142 622 311
f 129 607 281
f 130 612 315
f 144 626 321
f 146 629 328
f 151 631 333
f 131 614 303
f 136 618 375
f 161 641 384
f 126 605 276
f 44 409 229
f 43 405 223
f 45 411 235
f 46 414 241
f 47 417 247
f 52 431 271
f 70 488 332
f 99 575 302
f 95 563 374
f 81 519 379
f 59 454 307
f 58 450 278
f 60 456 313
f 61 459 319
f 62 462 325
f 65 472 331
f 57 446 301
f 77 506 373
f 86 535 380
f 88 541 272
f 98 570 248
f 68 480 230
f 48 421 224
f 78 511 236
f 93 556 242
f 69 484 254
f 101 580 356
f 97 567 397
f 82 522 385
f 50 427 259
f 89 544 326
f 64 468 308
f 53 436 277
f 74 499 314
f 84 530 320
f 90 548 338
f 63 466 284
f 55 442 289
f 76 505 367
f 87 536 391
f 72 491 355
f 49 423 253
f 79 513 260
f 96 564 386
f 102 581 398
f 91 549 350
f 67 477 343
f 56 445 295
f 75 503 361
f 83 525 266
f 66 474 337
f 54 438 283
f 73 495 290
f 85 532 368
f 92 552 392
f 71 490 349
f 100 577 344
f 94 559 296
f 80 517 362
f 51 430 265
f 116 590 251
f 108 584 233
f 106 585 228
f 112 592 240
f 115 595 246
f 119 598 258
f 156 636 360
f 139 621 401
f 160 642 389
f 120 601 263
f 149 623 329
f 132 611 310
f 128 609 280
f 145 625 318
f 148 628 324
f 155 632 342
f 133 613 288
f 134 616 292
f 157 638 371
f 124 606 393
f 44 407 409
f 43 403 405
f 45 404 411
f 46 410 414
f 47 413 417
f 52 422 431
f 70 486 488
f 99 573 575
f 95 561 563
f 81 512 519
f 59 452 454
f 58 448 450
f 60 449 456
f 61 455 459
f 62 458 462
f 65 470 472
f 57 437 446
f 77 494 506
f 86 531 535
f 88 539 541
f 98 568 570
f 68 478 480
f 48 419 421
f 78 509 511
f 93 554 556
f 69 482 484
f 101 576 580
f 97 558 567
f 82 516 522
f 50 425 427
f 89 542 544
f 64 463 468
f 53 434 436
f 74 497 499
f 84 528 530
f 90 546 548
f 63 464 466
f 55 440 442
f 76 500 505
f 87 524 536
f 72 479 491
f 49 418 423
f 79 508 513
f 96 553 564
f 102 569 581
f 91 538 549
f 67 471 477
f 56 443 445
f 75 501 503
f 83 523 525
f 66 467 474
f 54 433 438
f 73 493 495
f 85 527 532
f 92 543 552
f 71 485 490
f 100 572 577
f 94 557 559
f 80 515 517
f 51 428 430
f 116 591 590
f 108 587 584
f 106 588 585
f 112 594 592
f 115 597 595
f 119 600 598
f 156 634 636
f 139 619 621
f 160 639 642
f 120 602 601
f 149 624 623
f 132 608 611
f 128 610 609
f 145 627 625
f 148 630 628
f 155 635 632
f 133 615 613
f 134 617 616
f 157 637 638
f 124 604 606
f 44 164 407
f 43 163 403
f 45 165 404
f 46 166 410
f 47 167 413
f 52 172 422
f 70 190 486
f 99 219 573
f 95 215 561
f 81 201 512
f 59 179 452
f 58 178 448
f 60 180 449
f 61 181 455
f 62 182 458
f 65 185 470
f 57 177 437
f 77 197 494
f 86 206 531
f 88 208 539
f 98 218 568
f 68 188 478
f 48 168 419
f 78 198 509
f 93 213 554
f 69 189 482
f 101 221 576
f 97 217 558
f 82 202 516
f 50 170 425
f 89 209 542
f 64 184 463
f 53 173 434
f 74 194 497
f 84 204 528
f 90 210 546
f 63 183 464
f 55 175 440
f 76 196 500
f 87 207 524
f 72 192 479
f 49 169 418
f 79 199 508
f 96 216 553
f 102 222 569
f 91 211 538
f 67 187 471
f 56 176 443
f 75 195 501
f 83 203 523
f 66 186 467
f 54 174 433
f 73 193 493
f 85 205 527
f 92 212 543
f 71 191 485
f 100 220 572
f 94 214 557
f 80 200 515
f 51 171 428
f 116 358 591
f 108 256 587
f 106 261 588
f 112 387 594
f 115 399 597
f 119 351 600
f 156 348 634
f 139 300 619
f 160 366 639
f 120 267 602
f 149 340 624
f 132 287 608
f 128 291 610
f 145 369 627
f 148 395 630
f 155 354 635
f 133 345 615
f 134 297 617
f 157 363 637
f 124 270 604
f 47 247 416
f 44 229 408
f 43 223 406
f 45 235 412
f 46 241 415
f 49 253 424
f 72 355 492
f 102 398 582
f 96 386 565
f 79 260 514
f 62 325 461
f 59 307 453
f 58 278 451
f 60 313 457
f 61 319 460
f 66 337 475
f 54 283 439
f 73 290 496
f 85 368 533
f 92 392 551
f 101 356 579
f 69 254 483
f 50 259 426
f 82 385 521
f 97 397 566
f 71 349 489
f 100 344 578
f 94 296 560
f 80 362 518
f 51 265 429
f 90 338 547
f 63 284 465
f 55 289 441
f 76 367 504
f 87 391 537
f 91 350 550
f 67 343 476
f 56 295 444
f 75 361 502
f 83 266 526
f 68 230 481
f 48 224 420
f 78 236 510
f 93 242 555
f 98 248 571
f 88 272 540
f 65 331 473
f 57 301 447
f 77 373 507
f 86 380 534
f 64 308 469
f 53 277 435
f 74 314 498
f 84 320 529
f 89 326 545
f 70 332 487
f 99 302 574
f 95 374 562
f 81 379 520
f 52 271 432
f 109 234 589
f 105 227 583
f 111 239 586
f 114 245 593
f 117 252 596
f 125 275 599
f 152 334 633
f 137 304 620
f 158 377 640
f 123 382 603
f 143 312 622
f 127 279 607
f 135 316 612
f 147 323 626
f 150 330 629
f 153 335 631
f 140 305 614
f 138 376 618
f 159 383 641
f 122 274 605
f 107 232 409
f 103 225 405
f 104 237 411
f 110 243 414
f 113 250 417
f 118 273 431
f 154 336 488
f 141 306 575
f 162 378 563
f 121 381 519
f 142 311 454
f 129 281 450
f 130 315 456
f 144 321 459
f 146 328 462
f 151 333 472
f 131 303 446
f 136 375 506
f 161 384 535
f 126 276 541
f 116 251 570
f 108 233 480
f 106 228 421
f 112 240 511
f 115 246 556
f 119 258 484
f 156 360 580
f 139 401 567
f 160 389 522
f 120 263 427
f 149 329 544
f 132 310 468
f 128 280 436
f 145 318 499
f 148 324 530
f 155 342 548
f 133 288 466
f 134 292 442
f 157 371 505
f 124 393 536
f 109 357 491
f 105 255 423
f 111 262 513
f 114 388 564
f 117 400 581
f 125 352 549
f 152 347 477
f 137 298 445
f 158 364 503
f 123 269 525
f 143 339 474
f 127 285 438
f 135 293 495
f 147 370 532
f 150 396 552
f 153 353 490
f 140 346 577
f 138 299 559
f 159 365 517
f 122 268 430
f 107 249 590
f 103 231 584
f 104 226 585
f 110 238 592
f 113 244 595
f 118 257 598
f 154 359 636
f 141 402 621
f 162 390 642
f 121 264 601
f 142 327 623
f 129 309 611
f 130 282 609
f 144 317 625
f 146 322 628
f 151 341 632
f 131 286 613
f 136 294 616
f 161 372 638
f 126 394 606
f 47 416 407
f 44 408 403
f 43 406 404
f 45 412 410
f 46 415 413
f 49 424 422
f 72 492 486
f 102 582 573
f 96 565 561
f 79 514 512
f 62 461 452
f 59 453 448
f 58 451 449
f 60 457 455
f 61 460 458
f 66 475 470
f 54 439 437
f 73 496 494
f 85 533 531
f 92 551 539
f 101 579 568
f 69 483 478
f 50 426 419
f 82 521 509
f 97 566 554
f 71 489 482
f 100 578 576
f 94 560 558
f 80 518 516
f 51 429 425
f 90 547 542
f 63 465 463
f 55 441 434
f 76 504 497
f 87 537 528
f 91 550 546
f 67 476 464
f 56 444 440
f 75 502 500
f 83 526 524
f 68 481 479
f 48 420 418
f 78 510 508
f 93 555 553
f 98 571 569
f 88 540 538
f 65 473 471
f 57 447 443
f 77 507 501
f 86 534 523
f 64 469 467
f 53 435 433
f 74 498 493
f 84 529 527
f 89 545 543
f 70 487 485
f 99 574 572
f 95 562 557
f 81 520 515
f 52 432 428
f 109 589 591
f 105 583 587
f 111 586 588
f 114 593 594
f 117 596 597
f 125 599 600
f 152 633 634
f 137 620 619
f 158 640 639
f 123 603 602
f 143 622 624
f 127 607 608
f 135 612 610
f 147 626 627
f 150 629 630
f 153 631 635
f 140 614 615
f 138 618 617
f 159 641 637
f 122 605 604
f 407 164 167
f 403 163 164
f 404 165 163
f 410 166 165
f 413 167 166
f 422 172 169
f 486 190 192
f 573 219 222
f 561 215 216
f 512 201 199
f 452 179 182
f 448 178 179
f 449 180 178
f 455 181 180
f 458 182 181
f 470 185 186
f 437 177 174
f 494 197 193
f 531 206 205
f 539 208 212
f 568 218 221
f 478 188 189
f 419 168 170
f 509 198 202
f 554 213 217
f 482 189 191
f 576 221 220
f 558 217 214
f 516 202 200
f 425 170 171
f 542 209 210
f 463 184 183
f 434 173 175
f 497 194 196
f 528 204 207
f 546 210 211
f 464 183 187
f 440 175 176
f 500 196 195
f 524 207 203
f 479 192 188
f 418 169 168
f 508 199 198
f 553 216 213
f 569 222 218
f 538 211 208
f 471 187 185
f 443 176 177
f 501 195 197
f 523 203 206
f 467 186 184
f 433 174 173
f 493 193 194
f 527 205 204
f 543 212 209
f 485 191 190
f 572 220 219
f 557 214 215
f 515 200 201
f 428 171 172
f 591 358 357
f 587 256 255
f 588 261 262
f 594 387 388
f 597 399 400
f 600 351 352
f 634 348 347
f 619 300 298
f 639 366 364
f 602 267 269
f 624 340 339
f 608 287 285
f 610 291 293
f 627 369 370
f 630 395 396
f 635 354 353
f 615 345 346
f 617 297 299
f 637 363 365
f 604 270 268
f 416 247 249
f 408 229 231
f 406 223 226
f 412 235 238
f 415 241 244
f 424 253 257
f 492 355 359
f 582 398 402
f 565 386 390
f 514 260 264
f 461 325 327
f 453 307 309
f 451 278 282
f 457 313 317
f 460 319 322
f 475 337 341
f 439 283 286
f 496 290 294
f 533 368 372
f 551 392 394
f 579 356 358
f 483 254 256
f 426 259 261
f 521 385 387
f 566 397 399
f 489 349 351
f 578 344 348
f 560 296 300
f 518 362 366
f 429 265 267
f 547 338 340
f 465 284 287
f 441 289 291
f 504 367 369
f 537 391 395
f 550 350 354
f 476 343 345
f 444 295 297
f 502 361 363
f 526 266 270
f 481 230 234
f 420 224 227
f 510 236 239
f 555 242 245
f 571 248 252
f 540 272 275
f 473 331 334
f 447 301 304
f 507 373 377
f 534 380 382
f 469 308 312
f 435 277 279
f 498 314 316
f 529 320 323
f 545 326 330
f 487 332 335
f 574 302 305
f 562 374 376
f 520 379 383
f 432 271 274
f 589 234 232
f 583 227 225
f 586 239 237
f 593 245 243
f 596 252 250
f 599 275 273
f 633 334 336
f 620 304 306
f 640 377 378
f 603 382 381
f 622 312 311
f 607 279 281
f 612 316 315
f 626 323 321
f 629 330 328
f 631 335 333
f 614 305 303
f 618 376 375
f 641 383 384
f 605 274 276
f 409 232 229
f 405 225 223
f 411 237 235
f 414 243 241
f 417 250 247
f 431 273 271
f 488 336 332
f 575 306 302
f 563 378 374
f 519 381 379
f 454 311 307
f 450 281 278
f 456 315 313
f 459 321 319
f 462 328 325
f 472 333 331
f 446 303 301
f 506 375 373
f 535 384 380
f 541 276 272
f 570 251 248
f 480 233 230
f 421 228 224
f 511 240 236
f 556 246 242
f 484 258 254
f 580 360 356
f 567 401 397
f 522 389 385
f 427 263 259
f 544 329 326
f 468 310 308
f 436 280 277
f 499 318 314
f 530 324 320
f 548 342 338
f 466 288 284
f 442 292 289
f 505 371 367
f 536 393 391
f 491 357 355
f 423 255 253
f 513 262 260
f 564 388 386
f 581 400 398
f 549 352 350
f 477 347 343
f 445 298 295
f 503 364 361
f 525 269 266
f 474 339 337
f 438 285 283
f 495 293 290
f 532 370 368
f 552 396 392
f 490 353 349
f 577 346 344
f 559 299 296
f 517 365 362
f 430 268 265
f 590 249 251
f 584 231 233
f 585 226 228
f 592 238 240
f 595 244 246
f 598 257 258
f 636 359 360
f 621 402 401
f 642 390 389
f 601 264 263
f 623 327 329
f 611 309 310
f 609 282 280
f 625 317 318
f 628 322 324
f 632 341 342
f 613 286 288
f 616 294 292
f 638 372 371
f 606 394 393
f 407 416 409
f 403 408 405
f 404 406 411
f 410 412 414
f 413 415 417
f 422 424 431
f 486 492 488
f 573 582 575
f 561 565 563
f 512 514 519
f 452 461 454
f 448 453 450
f 449 451 456
f 455 457 459
f 458 460 462
f 470 475 472
f 437 439 446
f 494 496 506
f 531 533 535
f 539 551 541
f 568 579 570
f 478 483 480
f 419 426 421
f 509 521 511
f 554 566 556
f 482 489 484
f 576 578 580
f 558 560 567
f 516 518 522
f 425 429 427
f 542 547 544
f 463 465 468
f 434 441 436
f 497 504 499
f 528 537 530
f 546 550 548
f 464 476 466
f 440 444 442
f 500 502 505
f 524 526 536
f 479 481 491
f 418 420 423
f 508 510 513
f 553 555 564
f 569 571 581
f 538 540 549
f 471 473 477
f 443 447 445
f 501 507 503
f 523 534 525
f 467 469 474
f 433 435 438
f 493 498 495
f 527 529 532
f 543 545 552
f 485 487 490
f 572 574 577
f 557 562 559
f 515 520 517
f 428 432 430
f 591 589 590
f 587 583 584
f 588 586 585
f 594 593 592
f 597 596 595
f 600 599 598
f 634 633 636
f 619 620 621
f 639 640 642
f 602 603 601
f 624 622 623
f 608 607 611
f 610 612 609
f 627 626 625
f 630 629 628
f 635 631 632
f 615 614 613
f 617 618 616
f 637 641 638
f 604 605 606
f 643 809 806
f 643 806 805
f 643 805 807
f 643 807 808
f 643 808 809
f 644 811 814
f 648 834 832
f 654 864 861
f 653 858 857
f 650 841 843
f 646 824 821
f 646 821 820
f 646 820 822
f 646 822 823
f 646 823 824
f 647 828 827
f 645 816 819
f 649 835 839
f 651 847 848
f 652 854 850
f 654 863 860
f 648 831 830
f 644 812 810
f 650 844 840
f 653 859 855
f 648 833 831
f 654 862 863
f 653 856 859
f 650 842 844
f 644 813 812
f 652 852 851
f 647 825 826
f 645 817 815
f 649 838 836
f 651 849 846
f 652 853 852
f 647 829 825
f 645 818 817
f 649 837 838
f 651 845 849
f 648 830 834
f 644 810 811
f 650 840 841
f 653 855 858
f 654 860 864
f 652 850 853
f 647 827 829
f 645 819 818
f 649 839 837
f 651 848 845
f 647 826 828
f 645 815 816
f 649 836 835
f 651 846 847
f 652 851 854
f 648 832 833
f 654 861 862
f 653 857 856
f 650 843 842
f 644 814 813
f 677 999 1000
f 660 897 898
f 661 904 903
f 682 1030 1029
f 684 1042 1041
f 676 994 993
f 675 989 990
f 667 940 942
f 678 1006 1008
f 662 911 909
f 674 981 982
f 665 927 929
f 666 935 933
f 679 1012 1011
f 683 1038 1037
f 676 995 996
f 675 988 987
f 667 941 939
f 678 1007 1005
f 662 910 912
f 659 891 889
f 656 873 871
f 655 868 865
f 657 880 877
f 658 886 883
f 660 899 895
f 677 1001 997
f 684 1044 1040
f 682 1032 1028
f 661 906 902
f 672 969 967
f 669 951 949
f 664 924 920
f 670 959 955
f 671 964 961
f 674 983 979
f 665 928 925
f 666 936 932
f 679 1014 1010
f 683 1036 1034
f 677 1000 998
f 660 898 896
f 661 903 901
f 682 1029 1027
f 684 1041 1039
f 676 993 991
f 675 990 986
f 667 942 938
f 678 1008 1004
f 662 909 907
f 674 982 980
f 665 929 926
f 666 933 931
f 679 1011 1009
f 683 1037 1033
f 676 996 992
f 675 987 985
f 667 939 937
f 678 1005 1003
f 662 912 908
f 656 876 872
f 655 869 866
f 657 881 878
f 658 887 884
f 659 894 890
f 663 917 914
f 673 976 973
f 668 946 943
f 680 1019 1015
f 681 1024 1022
f 669 954 950
f 664 921 919
f 670 958 956
f 671 965 962
f 672 972 968
f 673 977 974
f 668 947 944
f 680 1018 1016
f 681 1025 1021
f 663 916 913
f 656 874 876
f 655 867 869
f 657 879 881
f 658 885 887
f 659 892 894
f 663 915 917
f 673 978 976
f 668 948 946
f 680 1020 1019
f 681 1023 1024
f 669 953 954
f 664 923 921
f 670 957 958
f 671 963 965
f 672 970 972
f 673 975 977
f 668 945 947
f 680 1017 1018
f 681 1026 1025
f 663 918 916
f 656 871 874
f 655 865 867
f 657 877 879
f 658 883 885
f 659 889 892
f 663 913 915
f 673 974 978
f 668 944 948
f 680 1016 1020
f 681 1021 1023
f 669 949 953
f 664 920 923
f 670 955 957
f 671 961 963
f 672 967 970
f 673 973 975
f 668 943 945
f 680 1015 1017
f 681 1022 1026
f 663 914 918
f 659 890 893
f 656 872 875
f 655 866 870
f 657 878 882
f 658 884 888
f 660 896 900
f 677 998 1002
f 684 1039 1043
f 682 1027 1031
f 661 901 905
f 672 968 971
f 669 950 952
f 664 919 922
f 670 956 960
f 671 962 966
f 674 980 984
f 665 926 930
f 666 931 934
f 679 1009 1013
f 683 1033 1035
f 677 997 999
f 660 895 897
f 661 902 904
f 682 1028 1030
f 684 1040 1042
f 676 992 994
f 675 985 989
f 667 937 940
f 678 1003 1006
f 662 908 911
f 674 979 981
f 665 925 927
f 666 932 935
f 679 1010 1012
f 683 1034 1038
f 676 991 995
f 675 986 988
f 667 938 941
f 678 1004 1007
f 662 907 910
f 659 893 891
f 656 875 873
f 655 870 868
f 657 882 880
f 658 888 886
f 660 900 899
f 677 1002 1001
f 684 1043 1044
f 682 1031 1032
f 661 905 906
f 672 971 969
f 669 952 951
f 664 922 924
f 670 960 959
f 671 966 964
f 674 984 983
f 665 930 928
f 666 934 936
f 679 1013 1014
f 683 1035 1036
f 749 1051 1058
f 745 1047 1050
f 746 1053 1048
f 752 1056 1054
f 755 1059 1057
f 760 1073 1066
f 796 1130 1134
f 783 1217 1224
f 804 1205 1207
f 763 1161 1156
f 784 1096 1103
f 771 1092 1095
f 772 1098 1093
f 786 1101 1099
f 788 1104 1102
f 793 1114 1117
f 773 1088 1081
f 778 1148 1138
f 803 1177 1175
f 768 1183 1193
f 758 1212 1221
f 750 1122 1125
f 748 1063 1068
f 754 1153 1163
f 757 1198 1208
f 761 1126 1131
f 798 1222 1220
f 781 1209 1202
f 802 1164 1160
f 762 1069 1071
f 791 1186 1189
f 774 1110 1107
f 770 1078 1083
f 787 1141 1146
f 790 1172 1179
f 797 1190 1192
f 775 1108 1118
f 776 1084 1086
f 799 1147 1144
f 766 1178 1168
f 751 1133 1123
f 747 1065 1062
f 753 1155 1152
f 756 1206 1197
f 759 1223 1213
f 767 1191 1182
f 794 1119 1115
f 779 1087 1089
f 800 1145 1149
f 765 1167 1176
f 785 1116 1111
f 769 1080 1077
f 777 1137 1140
f 789 1174 1171
f 792 1194 1187
f 795 1132 1129
f 782 1219 1216
f 780 1201 1204
f 801 1159 1162
f 764 1072 1074
f 749 1232 1231
f 745 1226 1225
f 746 1227 1228
f 752 1234 1235
f 755 1237 1238
f 760 1240 1241
f 796 1278 1275
f 783 1263 1262
f 804 1284 1282
f 763 1243 1245
f 784 1265 1264
f 771 1253 1249
f 772 1251 1254
f 786 1267 1268
f 788 1270 1271
f 793 1274 1273
f 773 1255 1256
f 778 1258 1260
f 803 1280 1283
f 768 1248 1247
f 689 1049 809
f 686 1045 806
f 685 1046 805
f 687 1052 807
f 688 1055 808
f 691 1064 811
f 714 1128 834
f 744 1215 864
f 738 1203 858
f 721 1154 841
f 704 1094 824
f 701 1090 821
f 700 1091 820
f 702 1097 822
f 703 1100 823
f 708 1112 828
f 696 1079 816
f 715 1136 835
f 727 1173 847
f 734 1181 854
f 743 1210 863
f 711 1120 831
f 692 1061 812
f 724 1151 844
f 739 1196 859
f 713 1124 833
f 742 1218 862
f 736 1200 856
f 722 1158 842
f 693 1067 813
f 732 1184 852
f 705 1105 825
f 697 1076 817
f 718 1139 838
f 729 1170 849
f 733 1188 853
f 709 1106 829
f 698 1082 818
f 717 1142 837
f 725 1166 845
f 710 1121 830
f 690 1060 810
f 720 1150 840
f 735 1195 855
f 740 1211 860
f 730 1180 850
f 707 1113 827
f 699 1085 819
f 719 1143 839
f 728 1165 848
f 706 1109 826
f 695 1075 815
f 716 1135 836
f 726 1169 846
f 731 1185 851
f 712 1127 832
f 741 1214 861
f 737 1199 857
f 723 1157 843
f 694 1070 814
f 751 1233 999
f 747 1229 897
f 753 1230 904
f 756 1236 1030
f 759 1239 1042
f 767 1242 994
f 794 1276 989
f 779 1261 940
f 800 1281 1006
f 765 1244 911
f 785 1266 981
f 769 1250 927
f 777 1252 935
f 789 1269 1012
f 792 1272 1038
f 795 1277 995
f 782 1257 988
f 780 1259 941
f 801 1279 1007
f 764 1246 910
f 749 1058 891
f 745 1050 873
f 746 1048 868
f 752 1054 880
f 755 1057 886
f 760 1066 899
f 796 1134 1001
f 783 1224 1044
f 804 1207 1032
f 763 1156 906
f 784 1103 969
f 771 1095 951
f 772 1093 924
f 786 1099 959
f 788 1102 964
f 793 1117 983
f 773 1081 928
f 778 1138 936
f 803 1175 1014
f 768 1193 1036
f 758 1221 1000
f 750 1125 898
f 748 1068 903
f 754 1163 1029
f 757 1208 1041
f 761 1131 993
f 798 1220 990
f 781 1202 942
f 802 1160 1008
f 762 1071 909
f 791 1189 982
f 774 1107 929
f 770 1083 933
f 787 1146 1011
f 790 1179 1037
f 797 1192 996
f 775 1118 987
f 776 1086 939
f 799 1144 1005
f 766 1168 912
f 751 1123 876
f 747 1062 869
f 753 1152 881
f 756 1197 887
f 759 1213 894
f 767 1182 917
f 794 1115 976
f 779 1089 946
f 800 1149 1019
f 765 1176 1024
f 785 1111 954
f 769 1077 921
f 777 1140 958
f 789 1171 965
f 792 1187 972
f 795 1129 977
f 782 1216 947
f 780 1204 1018
f 801 1162 1025
f 764 1074 916
f 749 1231 874
f 745 1225 867
f 746 1228 879
f 752 1235 885
f 755 1238 892
f 760 1241 915
f 796 1275 978
f 783 1262 948
f 804 1282 1020
f 763 1245 1023
f 784 1264 953
f 771 1249 923
f 772 1254 957
f 786 1268 963
f 788 1271 970
f 793 1273 975
f 773 1256 945
f 778 1260 1017
f 803 1283 1026
f 768 1247 918
f 686 1051 871
f 685 1047 865
f 687 1053 877
f 688 1056 883
f 689 1059 889
f 694 1073 913
f 712 1130 974
f 741 1217 944
f 737 1205 1016
f 723 1161 1021
f 701 1096 949
f 700 1092 920
f 702 1098 955
f 703 1101 961
f 704 1104 967
f 707 1114 973
f 699 1088 943
f 719 1148 1015
f 728 1177 1022
f 730 1183 914
f 740 1212 890
f 710 1122 872
f 690 1063 866
f 720 1153 878
f 735 1198 884
f 711 1126 896
f 743 1222 998
f 739 1209 1039
f 724 1164 1027
f 692 1069 901
f 731 1186 968
f 706 1110 950
f 695 1078 919
f 716 1141 956
f 726 1172 962
f 732 1190 980
f 705 1108 926
f 697 1084 931
f 718 1147 1009
f 729 1178 1033
f 714 1133 997
f 691 1065 895
f 721 1155 902
f 738 1206 1028
f 744 1223 1040
f 733 1191 992
f 709 1119 985
f 698 1087 937
f 717 1145 1003
f 725 1167 908
f 708 1116 979
f 696 1080 925
f 715 1137 932
f 727 1174 1010
f 734 1194 1034
f 713 1132 991
f 742 1219 986
f 736 1201 938
f 722 1159 1004
f 693 1072 907
f 758 1232 893
f 750 1226 875
f 748 1227 870
f 754 1234 882
f 757 1237 888
f 761 1240 900
f 798 1278 1002
f 781 1263 1043
f 802 1284 1031
f 762 1243 905
f 791 1265 971
f 774 1253 952
f 770 1251 922
f 787 1267 960
f 790 1270 966
f 797 1274 984
f 775 1255 930
f 776 1258 934
f 799 1280 1013
f 766 1248 1035
f 686 1049 1051
f 685 1045 1047
f 687 1046 1053
f 688 1052 1056
f 689 1055 1059
f 694 1064 1073
f 712 1128 1130
f 741 1215 1217
f 737 1203 1205
f 723 1154 1161
f 701 1094 1096
f 700 1090 1092
f 702 1091 1098
f 703 1097 1101
f 704 1100 1104
f 707 1112 1114
f 699 1079 1088
f 719 1136 1148
f 728 1173 1177
f 730 1181 1183
f 740 1210 1212
f 710 1120 1122
f 690 1061 1063
f 720 1151 1153
f 735 1196 1198
f 711 1124 1126
f 743 1218 1222
f 739 1200 1209
f 724 1158 1164
f 692 1067 1069
f 731 1184 1186
f 706 1105 1110
f 695 1076 1078
f 716 1139 1141
f 726 1170 1172
f 732 1188 1190
f 705 1106 1108
f 697 1082 1084
f 718 1142 1147
f 729 1166 1178
f 714 1121 1133
f 691 1060 1065
f 721 1150 1155
f 738 1195 1206
f 744 1211 1223
f 733 1180 1191
f 709 1113 1119
f 698 1085 1087
f 717 1143 1145
f 725 1165 1167
f 708 1109 1116
f 696 1075 1080
f 715 1135 1137
f 727 1169 1174
f 734 1185 1194
f 713 1127 1132
f 742 1214 1219
f 736 1199 1201
f 722 1157 1159
f 693 1070 1072
f 758 1233 1232
f 750 1229 1226
f 748 1230 1227
f 754 1236 1234
f 757 1239 1237
f 761 1242 1240
f 798 1276 1278
f 781 1261 1263
f 802 1281 1284
f 762 1244 1243
f 791 1266 1265
f 774 1250 1253
f 770 1252 1251
f 787 1269 1267
f 790 1272 1270
f 797 1277 1274
f 775 1257 1255
f 776 1259 1258
f 799 1279 1280
f 766 1246 1248
f 686 806 1049
f 685 805 1045
f 687 807 1046
f 688 808 1052
f 689 809 1055
f 694 814 1064
f 712 832 1128
f 741 861 1215
f 737 857 1203
f 723 843 1154
f 701 821 1094
f 700 820 1090
f 702 822 1091
f 703 823 1097
f 704 824 1100
f 707 827 1112
f 699 819 1079
f 719 839 1136
f 728 848 1173
f 730 850 1181
f 740 860 1210
f 710 830 1120
f 690 810 1061
f 720 840 1151
f 735 855 1196
f 711 831 1124
f 743 863 1218
f 739 859 1200
f 724 844 1158
f 692 812 1067
f 731 851 1184
f 706 826 1105
f 695 815 1076
f 716 836 1139
f 726 846 1170
f 732 852 1188
f 705 825 1106
f 697 817 1082
f 718 838 1142
f 729 849 1166
f 714 834 1121
f 691 811 1060
f 721 841 1150
f 738 858 1195
f 744 864 1211
f 733 853 1180
f 709 829 1113
f 698 818 1085
f 717 837 1143
f 725 845 1165
f 708 828 1109
f 696 816 1075
f 715 835 1135
f 727 847 1169
f 734 854 1185
f 713 833 1127
f 742 862 1214
f 736 856 1199
f 722 842 1157
f 693 813 1070
f 758 1000 1233
f 750 898 1229
f 748 903 1230
f 754 1029 1236
f 757 1041 1239
f 761 993 1242
f 798 990 1276
f 781 942 1261
f 802 1008 1281
f 762 909 1244
f 791 982 1266
f 774 929 1250
f 770 933 1252
f 787 1011 1269
f 790 1037 1272
f 797 996 1277
f 775 987 1257
f 776 939 1259
f 799 1005 1279
f 766 912 1246
f 689 889 1058
f 686 871 1050
f 685 865 1048
f 687 877 1054
f 688 883 1057
f 691 895 1066
f 714 997 1134
f 744 1040 1224
f 738 1028 1207
f 721 902 1156
f 704 967 1103
f 701 949 1095
f 700 920 1093
f 702 955 1099
f 703 961 1102
f 708 979 1117
f 696 925 1081
f 715 932 1138
f 727 1010 1175
f 734 1034 1193
f 743 998 1221
f 711 896 1125
f 692 901 1068
f 724 1027 1163
f 739 1039 1208
f 713 991 1131
f 742 986 1220
f 736 938 1202
f 722 1004 1160
f 693 907 1071
f 732 980 1189
f 705 926 1107
f 697 931 1083
f 718 1009 1146
f 729 1033 1179
f 733 992 1192
f 709 985 1118
f 698 937 1086
f 717 1003 1144
f 725 908 1168
f 710 872 1123
f 690 866 1062
f 720 878 1152
f 735 884 1197
f 740 890 1213
f 730 914 1182
f 707 973 1115
f 699 943 1089
f 719 1015 1149
f 728 1022 1176
f 706 950 1111
f 695 919 1077
f 716 956 1140
f 726 962 1171
f 731 968 1187
f 712 974 1129
f 741 944 1216
f 737 1016 1204
f 723 1021 1162
f 694 913 1074
f 751 876 1231
f 747 869 1225
f 753 881 1228
f 756 887 1235
f 759 894 1238
f 767 917 1241
f 794 976 1275
f 779 946 1262
f 800 1019 1282
f 765 1024 1245
f 785 954 1264
f 769 921 1249
f 777 958 1254
f 789 965 1268
f 792 972 1271
f 795 977 1273
f 782 947 1256
f 780 1018 1260
f 801 1025 1283
f 764 916 1247
f 749 874 1051
f 745 867 1047
f 746 879 1053
f 752 885 1056
f 755 892 1059
f 760 915 1073
f 796 978 1130
f 783 948 1217
f 804 1020 1205
f 763 1023 1161
f 784 953 1096
f 771 923 1092
f 772 957 1098
f 786 963 1101
f 788 970 1104
f 793 975 1114
f 773 945 1088
f 778 1017 1148
f 803 1026 1177
f 768 918 1183
f 758 893 1212
f 750 875 1122
f 748 870 1063
f 754 882 1153
f 757 888 1198
f 761 900 1126
f 798 1002 1222
f 781 1043 1209
f 802 1031 1164
f 762 905 1069
f 791 971 1186
f 774 952 1110
f 770 922 1078
f 787 960 1141
f 790 966 1172
f 797 984 1190
f 775 930 1108
f 776 934 1084
f 799 1013 1147
f 766 1035 1178
f 751 999 1133
f 747 897 1065
f 753 904 1155
f 756 1030 1206
f 759 1042 1223
f 767 994 1191
f 794 989 1119
f 779 940 1087
f 800 1006 1145
f 765 911 1167
f 785 981 1116
f 769 927 1080
f 777 935 1137
f 789 1012 1174
f 792 1038 1194
f 795 995 1132
f 782 988 1219
f 780 941 1201
f 801 1007 1159
f 764 910 1072
f 749 891 1232
f 745 873 1226
f 746 868 1227
f 752 880 1234
f 755 886 1237
f 760 899 1240
f 796 1001 1278
f 783 1044 1263
f 804 1032 1284
f 763 906 1243
f 784 969 1265
f 771 951 1253
f 772 924 1251
f 786 959 1267
f 788 964 1270
f 793 983 1274
f 773 928 1255
f 778 936 1258
f 803 1014 1280
f 768 1036 1248
f 689 1058 1049
f 686 1050 1045
f 685 1048 1046
f 687 1054 1052
f 688 1057 1055
f 691 1066 1064
f 714 1134 1128
f 744 1224 1215
f 738 1207 1203
f 721 1156 1154
f 704 1103 1094
f 701 1095 1090
f 700 1093 1091
f 702 1099 1097
f 703 1102 1100
f 708 1117 1112
f 696 1081 1079
f 715 1138 1136
f 727 1175 1173
f 734 1193 1181
f 743 1221 1210
f 711 1125 1120
f 692 1068 1061
f 724 1163 1151
f 739 1208 1196
f 713 1131 1124
f 742 1220 1218
f 736 1202 1200
f 722 1160 1158
f 693 1071 1067
f 732 1189 1184
f 705 1107 1105
f 697 1083 1076
f 718 1146 1139
f 729 1179 1170
f 733 1192 1188
f 709 1118 1106
f 698 1086 1082
f 717 1144 1142
f 725 1168 1166
f 710 1123 1121
f 690 1062 1060
f 720 1152 1150
f 735 1197 1195
f 740 1213 1211
f 730 1182 1180
f 707 1115 1113
f 699 1089 1085
f 719 1149 1143
f 728 1176 1165
f 706 1111 1109
f 695 1077 1075
f 716 1140 1135
f 726 1171 1169
f 731 1187 1185
f 712 1129 1127
f 741 1216 1214
f 737 1204 1199
f 723 1162 1157
f 694 1074 1070
f 751 1231 1233
f 747 1225 1229
f 753 1228 1230
f 756 1235 1236
f 759 1238 1239
f 767 1241 1242
f 794 1275 1276
f 779 1262 1261
f 800 1282 1281
f 765 1245 1244
f 785 1264 1266
f 769 1249 1250
f 777 1254 1252
f 789 1268 1269
f 792 1271 1272
f 795 1273 1277
f 782 1256 1257
f 780 1260 1259
f 801 1283 1279
f 764 1247 1246
f 1049 806 809
f 1045 805 806
f 1046 807 805
f 1052 808 807
f 1055 809 808
f 1064 814 811
f 1128 832 834
f 1215 861 864
f 1203 857 858
f 1154 843 841
f 1094 821 824
f 1090 820 821
f 1091 822 820
f 1097 823 822
f 1100 824 823
f 1112 827 828
f 1079 819 816
f 1136 839 835
f 1173 848 847
f 1181 850 854
f 1210 860 863
f 1120 830 831
f 1061 810 812
f 1151 840 844
f 1196 855 859
f 1124 831 833
f 1218 863 862
f 1200 859 856
f 1158 844 842
f 1067 812 813
f 1184 851 852
f 1105 826 825
f 1076 815 817
f 1139 836 838
f 1170 846 849
f 1188 852 853
f 1106 825 829
f 1082 817 818
f 1142 838 837
f 1166 849 845
f 1121 834 830
f 1060 811 810
f 1150 841 840
f 1195 858 855
f 1211 864 860
f 1180 853 850
f 1113 829 827
f 1085 818 819
f 1143 837 839
f 1165 845 848
f 1109 828 826
f 1075 816 815
f 1135 835 836
f 1169 847 846
f 1185 854 851
f 1127 833 832
f 1214 862 861
f 1199 856 857
f 1157 842 843
f 1070 813 814
f 1233 1000 999
f 1229 898 897
f 1230 903 904
f 1236 1029 1030
f 1239 1041 1042
f 1242 993 994
f 1276 990 989
f 1261 942 940
f 1281 1008 1006
f 1244 909 911
f 1266 982 981
f 1250 929 927
f 1252 933 935
f 1269 1011 1012
f 1272 1037 1038
f 1277 996 995
f 1257 987 988
f 1259 939 941
f 1279 1005 1007
f 1246 912 910
f 1058 889 891
f 1050 871 873
f 1048 865 868
f 1054 877 880
f 1057 883 886
f 1066 895 899
f 1134 997 1001
f 1224 1040 1044
f 1207 1028 1032
f 1156 902 906
f 1103 967 969
f 1095 949 951
f 1093 920 924
f 1099 955 959
f 1102 961 964
f 1117 979 983
f 1081 925 928
f 1138 932 936
f 1175 1010 1014
f 1193 1034 1036
f 1221 998 1000
f 1125 896 898
f 1068 901 903
f 1163 1027 1029
f 1208 1039 1041
f 1131 991 993
f 1220 986 990
f 1202 938 942
f 1160 1004 1008
f 1071 907 909
f 1189 980 982
f 1107 926 929
f 1083 931 933
f 1146 1009 1011
f 1179 1033 1037
f 1192 992 996
f 1118 985 987
f 1086 937 939
f 1144 1003 1005
f 1168 908 912
f 1123 872 876
f 1062 866 869
f 1152 878 881
f 1197 884 887
f 1213 890 894
f 1182 914 917
f 1115 973 976
f 1089 943 946
f 1149 1015 1019
f 1176 1022 1024
f 1111 950 954
f 1077 919 921
f 1140 956 958
f 1171 962 965
f 1187 968 972
f 1129 974 977
f 1216 944 947
f 1204 1016 1018
f 1162 1021 1025
f 1074 913 916
f 1231 876 874
f 1225 869 867
f 1228 881 879
f 1235 887 885
f 1238 894 892
f 1241 917 915
f 1275 976 978
f 1262 946 948
f 1282 1019 1020
f 1245 1024 1023
f 1264 954 953
f 1249 921 923
f 1254 958 957
f 1268 965 963
f 1271 972 970
f 1273 977 975
f 1256 947 945
f 1260 1018 1017
f 1283 1025 1026
f 1247 916 918
f 1051 874 871
f 1047 867 865
f 1053 879 877
f 1056 885 883
f 1059 892 889
f 1073 915 913
f 1130 978 974
f 1217 948 944
f 1205 1020 1016
f 1161 1023 1021
f 1096 953 949
f 1092 923 920
f 1098 957 955
f 1101 963 961
f 1104 970 967
f 1114 975 973
f 1088 945 943
f 1148 1017 1015
f 1177 1026 1022
f 1183 918 914
f 1212 893 890
f 1122 875 872
f 1063 870 866
f 1153 882 878
f 1198 888 884
f 1126 900 896
f 1222 1002 998
f 1209 1043 1039
f 1164 1031 1027
f 1069 905 901
f 1186 971 968
f 1110 952 950
f 1078 922 919
f 1141 960 956
f 1172 966 962
f 1190 984 980
f 1108 930 926
f 1084 934 931
f 1147 1013 1009
f 1178 1035 1033
f 1133 999 997
f 1065 897 895
f 1155 904 902
f 1206 1030 1028
f 1223 1042 1040
f 1191 994 992
f 1119 989 985
f 1087 940 937
f 1145 1006 1003
f 1167 911 908
f 1116 981 979
f 1080 927 925
f 1137 935 932
f 1174 1012 1010
f 1194 1038 1034
f 1132 995 991
f 1219 988 986
f 1201 941 938
f 1159 1007 1004
f 1072 910 907
f 1232 891 893
f 1226 873 875
f 1227 868 870
f 1234 880 882
f 1237 886 888
f 1240 899 900
f 1278 1001 1002
f 1263 1044 1043
f 1284 1032 1031
f 1243 906 905
f 1265 969 971
f 1253 951 952
f 1251 924 922
f 1267 959 960
f 1270 964 966
f 1274 983 984
f 1255 928 930
f 1258 936 934
f 1280 1014 1013
f 1248 1036 1035
f 1049 1058 1051
f 1045 1050 1047
f 1046 1048 1053
f 1052 1054 1056
f 1055 1057 1059
f 1064 1066 1073
f 1128 1134 1130
f 1215 1224 1217
f 1203 1207 1205
f 1154 1156 1161
f 1094 1103 1096
f 1090 1095 1092
f 1091 1093 1098
f 1097 1099 1101
f 1100 1102 1104
f 1112 1117 1114
f 1079 1081 1088
f 1136 1138 1148
f 1173 1175 1177
f 1181 1193 1183
f 1210 1221 1212
f 1120 1125 1122
f 1061 1068 1063
f 1151 1163 1153
f 1196 1208 1198
f 1124 1131 1126
f 1218 1220 1222
f 1200 1202 1209
f 1158 1160 1164
f 1067 1071 1069
f 1184 1189 1186
f 1105 1107 1110
f 1076 1083 1078
f 1139 1146 1141
f 1170 1179 1172
f 1188 1192 1190
f 1106 1118 1108
f 1082 1086 1084
f 1142 1144 1147
f 1166 1168 1178
f 1121 1123 1133
f 1060 1062 1065
f 1150 1152 1155
f 1195 1197 1206
f 1211 1213 1223
f 1180 1182 1191
f 1113 1115 1119
f 1085 1089 1087
f 1143 1149 1145
f 1165 1176 1167
f 1109 1111 1116
f 1075 1077 1080
f 1135 1140 1137
f 1169 1171 1174
f 1185 1187 1194
f 1127 1129 1132
f 1214 1216 1219
f 1199 1204 1201
f 1157 1162 1159
f 1070 1074 1072
f 1233 1231 1232
f 1229 1225 1226
f 1230 1228 1227
f 1236 1235 1234
f 1239 1238 1237
f 1242 1241 1240
f 1276 1275 1278
f 1261 1262 1263
f 1281 1282 1284
f 1244 1245 1243
f 1266 1264 1265
f 1250 1249 1253
f 1252 1254 1251
f 1269 1268 1267
f 1272 1271 1270
f 1277 1273 1274
f 1257 1256 1255
f 1259 1260 1258
f 1279 1283 1280
f 1246 1247 1248
f 1285 1451 1448
f 1285 1448 1447
f 1285 1447 1449
f 1285 1449 1450
f 1285 1450 1451
f 1286 1453 1456
f 1290 1476 1474
f 1296 1506 1503
f 1295 1500 1499
f 1292 1483 1485
f 1288 1466 1463
f 1288 1463 1462
f 1288 1462 1464
f 1288 1464 1465
f 1288 1465 1466
f 1289 1470 1469
f 1287 1458 1461
f 1291 1477 1481
f 1293 1489 1490
f 1294 1496 1492
f 1296 1505 1502
f 1290 1473 1472
f 1286 1454 1452
f 1292 1486 1482
f 1295 1501 1497
f 1290 1475 1473
f 1296 1504 1505
f 1295 1498 1501
f 1292 1484 1486
f 1286 1455 1454
f 1294 1494 1493
f 1289 1467 1468
f 1287 1459 1457
f 1291 1480 1478
f 1293 1491 1488
f 1294 1495 1494
f 1289 1471 1467
f 1287 1460 1459
f 1291 1479 1480
f 1293 1487 1491
f 1290 1472 1476
f 1286 1452 1453
f 1292 1482 1483
f 1295 1497 1500
f 1296 1502 1506
f 1294 1492 1495
f 1289 1469 1471
f 1287 1461 1460
f 1291 1481 1479
f 1293 1490 1487
f 1289 1468 1470
f 1287 1457 1458
f 1291 1478 1477
f 1293 1488 1489
f 1294 1493 1496
f 1290 1474 1475
f 1296 1503 1504
f 1295 1499 1498
f 1292 1485 1484
f 1286 1456 1455
f 1319 1641 1642
f 1302 1539 1540
f 1303 1546 1545
f 1324 1672 1671
f 1326 1684 1683
f 1318 1636 1635
f 1317 1631 1632
f 1309 1582 1584
f 1320 1648 1650
f 1304 1553 1551
f 1316 1623 1624
f 1307 1569 1571
f 1308 1577 1575
f 1321 1654 1653
f 1325 1680 1679
f 1318 1637 1638
f 1317 1630 1629
f 1309 1583 1581
f 1320 1649 1647
f 1304 1552 1554
f 1301 1533 1531
f 1298 1515 1513
f 1297 1510 1507
f 1299 1522 1519
f 1300 1528 1525
f 1302 1541 1537
f 1319 1643 1639
f 1326 1686 1682
f 1324 1674 1670
f 1303 1548 1544
f 1314 1611 1609
f 1311 1593 1591
f 1306 1566 1562
f 1312 1601 1597
f 1313 1606 1603
f 1316 1625 1621
f 1307 1570 1567
f 1308 1578 1574
f 1321 1656 1652
f 1325 1678 1676
f 1319 1642 1640
f 1302 1540 1538
f 1303 1545 1543
f 1324 1671 1669
f 1326 1683 1681
f 1318 1635 1633
f 1317 1632 1628
f 1309 1584 1580
f 1320 1650 1646
f 1304 1551 1549
f 1316 1624 1622
f 1307 1571 1568
f 1308 1575 1573
f 1321 1653 1651
f 1325 1679 1675
f 1318 1638 1634
f 1317 1629 1627
f 1309 1581 1579
f 1320 1647 1645
f 1304 1554 1550
f 1298 1518 1514
f 1297 1511 1508
f 1299 1523 1520
f 1300 1529 1526
f 1301 1536 1532
f 1305 1559 1556
f 1315 1618 1615
f 1310 1588 1585
f 1322 1661 1657
f 1323 1666 1664
f 1311 1596 1592
f 1306 1563 1561
f 1312 1600 1598
f 1313 1607 1604
f 1314 1614 1610
f 1315 1619 1616
f 1310 1589 1586
f 1322 1660 1658
f 1323 1667 1663
f 1305 1558 1555
f 1298 1516 1518
f 1297 1509 1511
f 1299 1521 1523
f 1300 1527 1529
f 1301 1534 1536
f 1305 1557 1559
f 1315 1620 1618
f 1310 1590 1588
f 1322 1662 1661
f 1323 1665 1666
f 1311 1595 1596
f 1306 1565 1563
f 1312 1599 1600
f 1313 1605 1607
f 1314 1612 1614
f 1315 1617 1619
f 1310 1587 1589
f 1322 1659 1660
f 1323 1668 1667
f 1305 1560 1558
f 1298 1513 1516
f 1297 1507 1509
f 1299 1519 1521
f 1300 1525 1527
f 1301 1531 1534
f 1305 1555 1557
f 1315 1616 1620
f 1310 1586 1590
f 1322 1658 1662
f 1323 1663 1665
f 1311 1591 1595
f 1306 1562 1565
f 1312 1597 1599
f 1313 1603 1605
f 1314 1609 1612
f 1315 1615 1617
f 1310 1585 1587
f 1322 1657 1659
f 1323 1664 1668
f 1305 1556 1560
f 1301 1532 1535
f 1298 1514 1517
f 1297 1508 1512
f 1299 1520 1524
f 1300 1526 1530
f 1302 1538 1542
f 1319 1640 1644
f 1326 1681 1685
f 1324 1669 1673
f 1303 1543 1547
f 1314 1610 1613
f 1311 1592 1594
f 1306 1561 1564
f 1312 1598 1602
f 1313 1604 1608
f 1316 1622 1626
f 1307 1568 1572
f 1308 1573 1576
f 1321 1651 1655
f 1325 1675 1677
f 1319 1639 1641
f 1302 1537 1539
f 1303 1544 1546
f 1324 1670 1672
f 1326 1682 1684
f 1318 1634 1636
f 1317 1627 1631
f 1309 1579 1582
f 1320 1645 1648
f 1304 1550 1553
f 1316 1621 1623
f 1307 1567 1569
f 1308 1574 1577
f 1321 1652 1654
f 1325 1676 1680
f 1318 1633 1637
f 1317 1628 1630
f 1309 1580 1583
f 1320 1646 1649
f 1304 1549 1552
f 1301 1535 1533
f 1298 1517 1515
f 1297 1512 1510
f 1299 1524 1522
f 1300 1530 1528
f 1302 1542 1541
f 1319 1644 1643
f 1326 1685 1686
f 1324 1673 1674
f 1303 1547 1548
f 1314 1613 1611
f 1311 1594 1593
f 1306 1564 1566
f 1312 1602 1601
f 1313 1608 1606
f 1316 1626 1625
f 1307 1572 1570
f 1308 1576 1578
f 1321 1655 1656
f 1325 1677 1678
f 1391 1693 1700
f 1387 1689 1692
f 1388 1695 1690
f 1394 1698 1696
f 1397 1701 1699
f 1402 1715 1708
f 1438 1772 1776
f 1425 1859 1866
f 1446 1847 1849
f 1405 1803 1798
f 1426 1738 1745
f 1413 1734 1737
f 1414 1740 1735
f 1428 1743 1741
f 1430 1746 1744
f 1435 1756 1759
f 1415 1730 1723
f 1420 1790 1780
f 1445 1819 1817
f 1410 1825 1835
f 1400 1854 1863
f 1392 1764 1767
f 1390 1705 1710
f 1396 1795 1805
f 1399 1840 1850
f 1403 1768 1773
f 1440 1864 1862
f 1423 1851 1844
f 1444 1806 1802
f 1404 1711 1713
f 1433 1828 1831
f 1416 1752 1749
f 1412 1720 1725
f 1429 1783 1788
f 1432 1814 1821
f 1439 1832 1834
f 1417 1750 1760
f 1418 1726 1728
f 1441 1789 1786
f 1408 1820 1810
f 1393 1775 1765
f 1389 1707 1704
f 1395 1797 1794
f 1398 1848 1839
f 1401 1865 1855
f 1409 1833 1824
f 1436 1761 1757
f 1421 1729 1731
f 1442 1787 1791
f 1407 1809 1818
f 1427 1758 1753
f 1411 1722 1719
f 1419 1779 1782
f 1431 1816 1813
f 1434 1836 1829
f 1437 1774 1771
f 1424 1861 1858
f 1422 1843 1846
f 1443 1801 1804
f 1406 1714 1716
f 1391 1874 1873
f 1387 1868 1867
f 1388 1869 1870
f 1394 1876 1877
f 1397 1879 1880
f 1402 1882 1883
f 1438 1920 1917
f 1425 1905 1904
f 1446 1926 1924
f 1405 1885 1887
f 1426 1907 1906
f 1413 1895 1891
f 1414 1893 1896
f 1428 1909 1910
f 1430 1912 1913
f 1435 1916 1915
f 1415 1897 1898
f 1420 1900 1902
f 1445 1922 1925
f 1410 1890 1889
f 1331 1691 1451
f 1328 1687 1448
f 1327 1688 1447
f 1329 1694 1449
f 1330 1697 1450
f 1333 1706 1453
f 1356 1770 1476
f 1386 1857 1506
f 1380 1845 1500
f 1363 1796 1483
f 1346 1736 1466
f 1343 1732 1463
f 1342 1733 1462
f 1344 1739 1464
f 1345 1742 1465
f 1350 1754 1470
f 1338 1721 1458
f 1357 1778 1477
f 1369 1815 1489
f 1376 1823 1496
f 1385 1852 1505
f 1353 1762 1473
f 1334 1703 1454
f 1366 1793 1486
f 1381 1838 1501
f 1355 1766 1475
f 1384 1860 1504
f 1378 1842 1498
f 1364 1800 1484
f 1335 1709 1455
f 1374 1826 1494
f 1347 1747 1467
f 1339 1718 1459
f 1360 1781 1480
f 1371 1812 1491
f 1375 1830 1495
f 1351 1748 1471
f 1340 1724 1460
f 1359 1784 1479
f 1367 1808 1487
f 1352 1763 1472
f 1332 1702 1452
f 1362 1792 1482
f 1377 1837 1497
f 1382 1853 1502
f 1372 1822 1492
f 1349 1755 1469
f 1341 1727 1461
f 1361 1785 1481
f 1370 1807 1490
f 1348 1751 1468
f 1337 1717 1457
f 1358 1777 1478
f 1368 1811 1488
f 1373 1827 1493
f 1354 1769 1474
f 1383 1856 1503
f 1379 1841 1499
f 1365 1799 1485
f 1336 1712 1456
f 1393 1875 1641
f 1389 1871 1539
f 1395 1872 1546
f 1398 1878 1672
f 1401 1881 1684
f 1409 1884 1636
f 1436 1918 1631
f 1421 1903 1582
f 1442 1923 1648
f 1407 1886 1553
f 1427 1908 1623
f 1411 1892 1569
f 1419 1894 1577
f 1431 1911 1654
f 1434 1914 1680
f 1437 1919 1637
f 1424 1899 1630
f 1422 1901 1583
f 1443 1921 1649
f 1406 1888 1552
f 1391 1700 1533
f 1387 1692 1515
f 1388 1690 1510
f 1394 1696 1522
f 1397 1699 1528
f 1402 1708 1541
f 1438 1776 1643
f 1425 1866 1686
f 1446 1849 1674
f 1405 1798 1548
f 1426 1745 1611
f 1413 1737 1593
f 1414 1735 1566
f 1428 1741 1601
f 1430 1744 1606
f 1435 1759 1625
f 1415 1723 1570
f 1420 1780 1578
f 1445 1817 1656
f 1410 1835 1678
f 1400 1863 1642
f 1392 1767 1540
f 1390 1710 1545
f 1396 1805 1671
f 1399 1850 1683
f 1403 1773 1635
f 1440 1862 1632
f 1423 1844 1584
f 1444 1802 1650
f 1404 1713 1551
f 1433 1831 1624
f 1416 1749 1571
f 1412 1725 1575
f 1429 1788 1653
f 1432 1821 1679
f 1439 1834 1638
f 1417 1760 1629
f 1418 1728 1581
f 1441 1786 1647
f 1408 1810 1554
f 1393 1765 1518
f 1389 1704 1511
f 1395 1794 1523
f 1398 1839 1529
f 1401 1855 1536
f 1409 1824 1559
f 1436 1757 1618
f 1421 1731 1588
f 1442 1791 1661
f 1407 1818 1666
f 1427 1753 1596
f 1411 1719 1563
f 1419 1782 1600
f 1431 1813 1607
f 1434 1829 1614
f 1437 1771 1619
f 1424 1858 1589
f 1422 1846 1660
f 1443 1804 1667
f 1406 1716 1558
f 1391 1873 1516
f 1387 1867 1509
f 1388 1870 1521
f 1394 1877 1527
f 1397 1880 1534
f 1402 1883 1557
f 1438 1917 1620
f 1425 1904 1590
f 1446 1924 1662
f 1405 1887 1665
f 1426 1906 1595
f 1413 1891 1565
f 1414 1896 1599
f 1428 1910 1605
f 1430 1913 1612
f 1435 1915 1617
f 1415 1898 1587
f 1420 1902 1659
f 1445 1925 1668
f 1410 1889 1560
f 1328 1693 1513
f 1327 1689 1507
f 1329 1695 1519
f 1330 1698 1525
f 1331 1701 1531
f 1336 1715 1555
f 1354 1772 1616
f 1383 1859 1586
f 1379 1847 1658
f 1365 1803 1663
f 1343 1738 1591
f 1342 1734 1562
f 1344 1740 1597
f 1345 1743 1603
f 1346 1746 1609
f 1349 1756 1615
f 1341 1730 1585
f 1361 1790 1657
f 1370 1819 1664
f 1372 1825 1556
f 1382 1854 1532
f 1352 1764 1514
f 1332 1705 1508
f 1362 1795 1520
f 1377 1840 1526
f 1353 1768 1538
f 1385 1864 1640
f 1381 1851 1681
f 1366 1806 1669
f 1334 1711 1543
f 1373 1828 1610
f 1348 1752 1592
f 1337 1720 1561
f 1358 1783 1598
f 1368 1814 1604
f 1374 1832 1622
f 1347 1750 1568
f 1339 1726 1573
f 1360 1789 1651
f 1371 1820 1675
f 1356 1775 1639
f 1333 1707 1537
f 1363 1797 1544
f 1380 1848 1670
f 1386 1865 1682
f 1375 1833 1634
f 1351 1761 1627
f 1340 1729 1579
f 1359 1787 1645
f 1367 1809 1550
f 1350 1758 1621
f 1338 1722 1567
f 1357 1779 1574
f 1369 1816 1652
f 1376 1836 1676
f 1355 1774 1633
f 1384 1861 1628
f 1378 1843 1580
f 1364 1801 1646
f 1335 1714 1549
f 1400 1874 1535
f 1392 1868 1517
f 1390 1869 1512
f 1396 1876 1524
f 1399 1879 1530
f 1403 1882 1542
f 1440 1920 1644
f 1423 1905 1685
f 1444 1926 1673
f 1404 1885 1547
f 1433 1907 1613
f 1416 1895 1594
f 1412 1893 1564
f 1429 1909 1602
f 1432 1912 1608
f 1439 1916 1626
f 1417 1897 1572
f 1418 1900 1576
f 1441 1922 1655
f 1408 1890 1677
f 1328 1691 1693
f 1327 1687 1689
f 1329 1688 1695
f 1330 1694 1698
f 1331 1697 1701
f 1336 1706 1715
f 1354 1770 1772
f 1383 1857 1859
f 1379 1845 1847
f 1365 1796 1803
f 1343 1736 1738
f 1342 1732 1734
f 1344 1733 1740
f 1345 1739 1743
f 1346 1742 1746
f 1349 1754 1756
f 1341 1721 1730
f 1361 1778 1790
f 1370 1815 1819
f 1372 1823 1825
f 1382 1852 1854
f 1352 1762 1764
f 1332 1703 1705
f 1362 1793 1795
f 1377 1838 1840
f 1353 1766 1768
f 1385 1860 1864
f 1381 1842 1851
f 1366 1800 1806
f 1334 1709 1711
f 1373 1826 1828
f 1348 1747 1752
f 1337 1718 1720
f 1358 1781 1783
f 1368 1812 1814
f 1374 1830 1832
f 1347 1748 1750
f 1339 1724 1726
f 1360 1784 1789
f 1371 1808 1820
f 1356 1763 1775
f 1333 1702 1707
f 1363 1792 1797
f 1380 1837 1848
f 1386 1853 1865
f 1375 1822 1833
f 1351 1755 1761
f 1340 1727 1729
f 1359 1785 1787
f 1367 1807 1809
f 1350 1751 1758
f 1338 1717 1722
f 1357 1777 1779
f 1369 1811 1816
f 1376 1827 1836
f 1355 1769 1774
f 1384 1856 1861
f 1378 1841 1843
f 1364 1799 1801
f 1335 1712 1714
f 1400 1875 1874
f 1392 1871 1868
f 1390 1872 1869
f 1396 1878 1876
f 1399 1881 1879
f 1403 1884 1882
f 1440 1918 1920
f 1423 1903 1905
f 1444 1923 1926
f 1404 1886 1885
f 1433 1908 1907
f 1416 1892 1895
f 1412 1894 1893
f 1429 1911 1909
f 1432 1914 1912
f 1439 1919 1916
f 1417 1899 1897
f 1418 1901 1900
f 1441 1921 1922
f 1408 1888 1890
f 1328 1448 1691
f 1327 1447 1687
f 1329 1449 1688
f 1330 1450 1694
f 1331 1451 1697
f 1336 1456 1706
f 1354 1474 1770
f 1383 1503 1857
f 1379 1499 1845
f 1365 1485 1796
f 1343 1463 1736
f 1342 1462 1732
f 1344 1464 1733
f 1345 1465 1739
f 1346 1466 1742
f 1349 1469 1754
f 1341 1461 1721
f 1361 1481 1778
f 1370 1490 1815
f 1372 1492 1823
f 1382 1502 1852
f 1352 1472 1762
f 1332 1452 1703
f 1362 1482 1793
f 1377 1497 1838
f 1353 1473 1766
f 1385 1505 1860
f 1381 1501 1842
f 1366 1486 1800
f 1334 1454 1709
f 1373 1493 1826
f 1348 1468 1747
f 1337 1457 1718
f 1358 1478 1781
f 1368 1488 1812
f 1374 1494 1830
f 1347 1467 1748
f 1339 1459 1724
f 1360 1480 1784
f 1371 1491 1808
f 1356 1476 1763
f 1333 1453 1702
f 1363 1483 1792
f 1380 1500 1837
f 1386 1506 1853
f 1375 1495 1822
f 1351 1471 1755
f 1340 1460 1727
f 1359 1479 1785
f 1367 1487 1807
f 1350 1470 1751
f 1338 1458 1717
f 1357 1477 1777
f 1369 1489 1811
f 1376 1496 1827
f 1355 1475 1769
f 1384 1504 1856
f 1378 1498 1841
f 1364 1484 1799
f 1335 1455 1712
f 1400 1642 1875
f 1392 1540 1871
f 1390 1545 1872
f 1396 1671 1878
f 1399 1683 1881
f 1403 1635 1884
f 1440 1632 1918
f 1423 1584 1903
f 1444 1650 1923
f 1404 1551 1886
f 1433 1624 1908
f 1416 1571 1892
f 1412 1575 1894
f 1429 1653 1911
f 1432 1679 1914
f 1439 1638 1919
f 1417 1629 1899
f 1418 1581 1901
f 1441 1647 1921
f 1408 1554 1888
f 1331 1531 1700
f 1328 1513 1692
f 1327 1507 1690
f 1329 1519 1696
f 1330 1525 1699
f 1333 1537 1708
f 1356 1639 1776
f 1386 1682 1866
f 1380 1670 1849
f 1363 1544 1798
f 1346 1609 1745
f 1343 1591 1737
f 1342 1562 1735
f 1344 1597 1741
f 1345 1603 1744
f 1350 1621 1759
f 1338 1567 1723
f 1357 1574 1780
f 1369 1652 1817
f 1376 1676 1835
f 1385 1640 1863
f 1353 1538 1767
f 1334 1543 1710
f 1366 1669 1805
f 1381 1681 1850
f 1355 1633 1773
f 1384 1628 1862
f 1378 1580 1844
f 1364 1646 1802
f 1335 1549 1713
f 1374 1622 1831
f 1347 1568 1749
f 1339 1573 1725
f 1360 1651 1788
f 1371 1675 1821
f 1375 1634 1834
f 1351 1627 1760
f 1340 1579 1728
f 1359 1645 1786
f 1367 1550 1810
f 1352 1514 1765
f 1332 1508 1704
f 1362 1520 1794
f 1377 1526 1839
f 1382 1532 1855
f 1372 1556 1824
f 1349 1615 1757
f 1341 1585 1731
f 1361 1657 1791
f 1370 1664 1818
f 1348 1592 1753
f 1337 1561 1719
f 1358 1598 1782
f 1368 1604 1813
f 1373 1610 1829
f 1354 1616 1771
f 1383 1586 1858
f 1379 1658 1846
f 1365 1663 1804
f 1336 1555 1716
f 1393 1518 1873
f 1389 1511 1867
f 1395 1523 1870
f 1398 1529 1877
f 1401 1536 1880
f 1409 1559 1883
f 1436 1618 1917
f 1421 1588 1904
f 1442 1661 1924
f 1407 1666 1887
f 1427 1596 1906
f 1411 1563 1891
f 1419 1600 1896
f 1431 1607 1910
f 1434 1614 1913
f 1437 1619 1915
f 1424 1589 1898
f 1422 1660 1902
f 1443 1667 1925
f 1406 1558 1889
f 1391 1516 1693
f 1387 1509 1689
f 1388 1521 1695
f 1394 1527 1698
f 1397 1534 1701
f 1402 1557 1715
f 1438 1620 1772
f 1425 1590 1859
f 1446 1662 1847
f 1405 1665 1803
f 1426 1595 1738
f 1413 1565 1734
f 1414 1599 1740
f 1428 1605 1743
f 1430 1612 1746
f 1435 1617 1756
f 1415 1587 1730
f 1420 1659 1790
f 1445 1668 1819
f 1410 1560 1825
f 1400 1535 1854
f 1392 1517 1764
f 1390 1512 1705
f 1396 1524 1795
f 1399 1530 1840
f 1403 1542 1768
f 1440 1644 1864
f 1423 1685 1851
f 1444 1673 1806
f 1404 1547 1711
f 1433 1613 1828
f 1416 1594 1752
f 1412 1564 1720
f 1429 1602 1783
f 1432 1608 1814
f 1439 1626 1832
f 1417 1572 1750
f 1418 1576 1726
f 1441 1655 1789
f 1408 1677 1820
f 1393 1641 1775
f 1389 1539 1707
f 1395 1546 1797
f 1398 1672 1848
f 1401 1684 1865
f 1409 1636 1833
f 1436 1631 1761
f 1421 1582 1729
f 1442 1648 1787
f 1407 1553 1809
f 1427 1623 1758
f 1411 1569 1722
f 1419 1577 1779
f 1431 1654 1816
f 1434 1680 1836
f 1437 1637 1774
f 1424 1630 1861
f 1422 1583 1843
f 1443 1649 1801
f 1406 1552 1714
f 1391 1533 1874
f 1387 1515 1868
f 1388 1510 1869
f 1394 1522 1876
f 1397 1528 1879
f 1402 1541 1882
f 1438 1643 1920
f 1425 1686 1905
f 1446 1674 1926
f 1405 1548 1885
f 1426 1611 1907
f 1413 1593 1895
f 1414 1566 1893
f 1428 1601 1909
f 1430 1606 1912
f 1435 1625 1916
f 1415 1570 1897
f 1420 1578 1900
f 1445 1656 1922
f 1410 1678 1890
f 1331 1700 1691
f 1328 1692 1687
f 1327 1690 1688
f 1329 1696 1694
f 1330 1699 1697
f 1333 1708 1706
f 1356 1776 1770
f 1386 1866 1857
f 1380 1849 1845
f 1363 1798 1796
f 1346 1745 1736
f 1343 1737 1732
f 1342 1735 1733
f 1344 1741 1739
f 1345 1744 1742
f 1350 1759 1754
f 1338 1723 1721
f 1357 1780 1778
f 1369 1817 1815
f 1376 1835 1823
f 1385 1863 1852
f 1353 1767 1762
f 1334 1710 1703
f 1366 1805 1793
f 1381 1850 1838
f 1355 1773 1766
f 1384 1862 1860
f 1378 1844 1842
f 1364 1802 1800
f 1335 1713 1709
f 1374 1831 1826
f 1347 1749 1747
f 1339 1725 1718
f 1360 1788 1781
f 1371 1821 1812
f 1375 1834 1830
f 1351 1760 1748
f 1340 1728 1724
f 1359 1786 1784
f 1367 1810 1808
f 1352 1765 1763
f 1332 1704 1702
f 1362 1794 1792
f 1377 1839 1837
f 1382 1855 1853
f 1372 1824 1822
f 1349 1757 1755
f 1341 1731 1727
f 1361 1791 1785
f 1370 1818 1807
f 1348 1753 1751
f 1337 1719 1717
f 1358 1782 1777
f 1368 1813 1811
f 1373 1829 1827
f 1354 1771 1769
f 1383 1858 1856
f 1379 1846 1841
f 1365 1804 1799
f 1336 1716 1712
f 1393 1873 1875
f 1389 1867 1871
f 1395 1870 1872
f 1398 1877 1878
f 1401 1880 1881
f 1409 1883 1884
f 1436 1917 1918
f 1421 1904 1903
f 1442 1924 1923
f 1407 1887 1886
f 1427 1906 1908
f 1411 1891 1892
f 1419 1896 1894
f 1431 1910 1911
f 1434 1913 1914
f 1437 1915 1919
f 1424 1898 1899
f 1422 1902 1901
f 1443 1925 1921
f 1406 1889 1888
f 1691 1448 1451
f 1687 1447 1448
f 1688 1449 1447
f 1694 1450 1449
f 1697 1451 1450
f 1706 1456 1453
f 1770 1474 1476
f 1857 1503 1506
f 1845 1499 1500
f 1796 1485 1483
f 1736 1463 1466
f 1732 1462 1463
f 1733 1464 1462
f 1739 1465 1464
f 1742 1466 1465
f 1754 1469 1470
f 1721 1461 1458
f 1778 1481 1477
f 1815 1490 1489
f 1823 1492 1496
f 1852 1502 1505
f 1762 1472 1473
f 1703 1452 1454
f 1793 1482 1486
f 1838 1497 1501
f 1766 1473 1475
f 1860 1505 1504
f 1842 1501 1498
f 1800 1486 1484
f 1709 1454 1455
f 1826 1493 1494
f 1747 1468 1467
f 1718 1457 1459
f 1781 1478 1480
f 1812 1488 1491
f 1830 1494 1495
f 1748 1467 1471
f 1724 1459 1460
f 1784 1480 1479
f 1808 1491 1487
f 1763 1476 1472
f 1702 1453 1452
f 1792 1483 1482
f 1837 1500 1497
f 1853 1506 1502
f 1822 1495 1492
f 1755 1471 1469
f 1727 1460 1461
f 1785 1479 1481
f 1807 1487 1490
f 1751 1470 1468
f 1717 1458 1457
f 1777 1477 1478
f 1811 1489 1488
f 1827 1496 1493
f 1769 1475 1474
f 1856 1504 1503
f 1841 1498 1499
f 1799 1484 1485
f 1712 1455 1456
f 1875 1642 1641
f 1871 1540 1539
f 1872 1545 1546
f 1878 1671 1672
f 1881 1683 1684
f 1884 1635 1636
f 1918 1632 1631
f 1903 1584 1582
f 1923 1650 1648
f 1886 1551 1553
f 1908 1624 1623
f 1892 1571 1569
f 1894 1575 1577
f 1911 1653 1654
f 1914 1679 1680
f 1919 1638 1637
f 1899 1629 1630
f 1901 1581 1583
f 1921 1647 1649
f 1888 1554 1552
f 1700 1531 1533
f 1692 1513 1515
f 1690 1507 1510
f 1696 1519 1522
f 1699 1525 1528
f 1708 1537 1541
f 1776 1639 1643
f 1866 1682 1686
f 1849 1670 1674
f 1798 1544 1548
f 1745 1609 1611
f 1737 1591 1593
f 1735 1562 1566
f 1741 1597 1601
f 1744 1603 1606
f 1759 1621 1625
f 1723 1567 1570
f 1780 1574 1578
f 1817 1652 1656
f 1835 1676 1678
f 1863 1640 1642
f 1767 1538 1540
f 1710 1543 1545
f 1805 1669 1671
f 1850 1681 1683
f 1773 1633 1635
f 1862 1628 1632
f 1844 1580 1584
f 1802 1646 1650
f 1713 1549 1551
f 1831 1622 1624
f 1749 1568 1571
f 1725 1573 1575
f 1788 1651 1653
f 1821 1675 1679
f 1834 1634 1638
f 1760 1627 1629
f 1728 1579 1581
f 1786 1645 1647
f 1810 1550 1554
f 1765 1514 1518
f 1704 1508 1511
f 1794 1520 1523
f 1839 1526 1529
f 1855 1532 1536
f 1824 1556 1559
f 1757 1615 1618
f 1731 1585 1588
f 1791 1657 1661
f 1818 1664 1666
f 1753 1592 1596
f 1719 1561 1563
f 1782 1598 1600
f 1813 1604 1607
f 1829 1610 1614
f 1771 1616 1619
f 1858 1586 1589
f 1846 1658 1660
f 1804 1663 1667
f 1716 1555 1558
f 1873 1518 1516
f 1867 1511 1509
f 1870 1523 1521
f 1877 1529 1527
f 1880 1536 1534
f 1883 1559 1557
f 1917 1618 1620
f 1904 1588 1590
f 1924 1661 1662
f 1887 1666 1665
f 1906 1596 1595
f 1891 1563 1565
f 1896 1600 1599
f 1910 1607 1605
f 1913 1614 1612
f 1915 1619 1617
f 1898 1589 1587
f 1902 1660 1659
f 1925 1667 1668
f 1889 1558 1560
f 1693 1516 1513
f 1689 1509 1507
f 1695 1521 1519
f 1698 1527 1525
f 1701 1534 1531
f 1715 1557 1555
f 1772 1620 1616
f 1859 1590 1586
f 1847 1662 1658
f 1803 1665 1663
f 1738 1595 1591
f 1734 1565 1562
f 1740 1599 1597
f 1743 1605 1603
f 1746 1612 1609
f 1756 1617 1615
f 1730 1587 1585
f 1790 1659 1657
f 1819 1668 1664
f 1825 1560 1556
f 1854 1535 1532
f 1764 1517 1514
f 1705 1512 1508
f 1795 1524 1520
f 1840 1530 1526
f 1768 1542 1538
f 1864 1644 1640
f 1851 1685 1681
f 1806 1673 1669
f 1711 1547 1543
f 1828 1613 1610
f 1752 1594 1592
f 1720 1564 1561
f 1783 1602 1598
f 1814 1608 1604
f 1832 1626 1622
f 1750 1572 1568
f 1726 1576 1573
f 1789 1655 1651
f 1820 1677 1675
f 1775 1641 1639
f 1707 1539 1537
f 1797 1546 1544
f 1848 1672 1670
f 1865 1684 1682
f 1833 1636 1634
f 1761 1631 1627
f 1729 1582 1579
f 1787 1648 1645
f 1809 1553 1550
f 1758 1623 1621
f 1722 1569 1567
f 1779 1577 1574
f 1816 1654 1652
f 1836 1680 1676
f 1774 1637 1633
f 1861 1630 1628
f 1843 1583 1580
f 1801 1649 1646
f 1714 1552 1549
f 1874 1533 1535
f 1868 1515 1517
f 1869 1510 1512
f 1876 1522 1524
f 1879 1528 1530
f 1882 1541 1542
f 1920 1643 1644
f 1905 1686 1685
f 1926 1674 1673
f 1885 1548 1547
f 1907 1611 1613
f 1895 1593 1594
f 1893 1566 1564
f 1909 1601 1602
f 1912 1606 1608
f 1916 1625 1626
f 1897 1570 1572
f 1900 1578 1576
f 1922 1656 1655
f 1890 1678 1677
f 1691 1700 1693
f 1687 1692 1689
f 1688 1690 1695
f 1694 1696 1698
f 1697 1699 1701
f 1706 1708 1715
f 1770 1776 1772
f 1857 1866 1859
f 1845 1849 1847
f 1796 1798 1803
f 1736 1745 1738
f 1732 1737 1734
f 1733 1735 1740
f 1739 1741 1743
f 1742 1744 1746
f 1754 1759 1756
f 1721 1723 1730
f 1778 1780 1790
f 1815 1817 1819
f 1823 1835 1825
f 1852 1863 1854
f 1762 1767 1764
f 1703 1710 1705
f 1793 1805 1795
f 1838 1850 1840
f 1766 1773 1768
f 1860 1862 1864
f 1842 1844 1851
f 1800 1802 1806
f 1709 1713 1711
f 1826 1831 1828
f 1747 1749 1752
f 1718 1725 1720
f 1781 1788 1783
f 1812 1821 1814
f 1830 1834 1832
f 1748 1760 1750
f 1724 1728 1726
f 1784 1786 1789
f 1808 1810 1820
f 1763 1765 1775
f 1702 1704 1707
f 1792 1794 1797
f 1837 1839 1848
f 1853 1855 1865
f 1822 1824 1833
f 1755 1757 1761
f 1727 1731 1729
f 1785 1791 1787
f 1807 1818 1809
f 1751 1753 1758
f 1717 1719 1722
f 1777 1782 1779
f 1811 1813 1816
f 1827 1829 1836
f 1769 1771 1774
f 1856 1858 1861
f 1841 1846 1843
f 1799 1804 1801
f 1712 1716 1714
f 1875 1873 1874
f 1871 1867 1868
f 1872 1870 1869
f 1878 1877 1876
f 1881 1880 1879
f 1884 1883 1882
f 1918 1917 1920
f 1903 1904 1905
f 1923 1924 1926
f 1886 1887 1885
f 1908 1906 1907
f 1892 1891 1895
f 1894 1896 1893
f 1911 1910 1909
f 1914 1913 1912
f 1919 1915 1916
f 1899 1898 1897
f 1901 1902 1900
f 1921 1925 1922
f 1888 1889 1890
f 1927 2093 2090
f 1927 2090 2089
f 1927 2089 2091
f 1927 2091 2092
f 1927 2092 2093
f 1928 2095 2098
f 1932 2118 2116
f 1938 2148 2145
f 1937 2142 2141
f 1934 2125 2127
f 1930 2108 2105
f 1930 2105 2104
f 1930 2104 2106
f 1930 2106 2107
f 1930 2107 2108
f 1931 2112 2111
f 1929 2100 2103
f 1933 2119 2123
f 1935 2131 2132
f 1936 2138 2134
f 1938 2147 2144
f 1932 2115 2114
f 1928 2096 2094
f 1934 2128 2124
f 1937 2143 2139
f 1932 2117 2115
f 1938 2146 2147
f 1937 2140 2143
f 1934 2126 2128
f 1928 2097 2096
f 1936 2136 2135
f 1931 2109 2110
f 1929 2101 2099
f 1933 2122 2120
f 1935 2133 2130
f 1936 2137 2136
f 1931 2113 2109
f 1929 2102 2101
f 1933 2121 2122
f 1935 2129 2133
f 1932 2114 2118
f 1928 2094 2095
f 1934 2124 2125
f 1937 2139 2142
f 1938 2144 2148
f 1936 2134 2137
f 1931 2111 2113
f 1929 2103 2102
f 1933 2123 2121
f 1935 2132 2129
f 1931 2110 2112
f 1929 2099 2100
f 1933 2120 2119
f 1935 2130 2131
f 1936 2135 2138
f 1932 2116 2117
f 1938 2145 2146
f 1937 2141 2140
f 1934 2127 2126
f 1928 2098 2097
f 1961 2283 2284
f 1944 2181 2182
f 1945 2188 2187
f 1966 2314 2313
f 1968 2326 2325
f 1960 2278 2277
f 1959 2273 2274
f 1951 2224 2226
f 1962 2290 2292
f 1946 2195 2193
f 1958 2265 2266
f 1949 2211 2213
f 1950 2219 2217
f 1963 2296 2295
f 1967 2322 2321
f 1960 2279 2280
f 1959 2272 2271
f 1951 2225 2223
f 1962 2291 2289
f 1946 2194 2196
f 1943 2175 2173
f 1940 2157 2155
f 1939 2152 2149
f 1941 2164 2161
f 1942 2170 2167
f 1944 2183 2179
f 1961 2285 2281
f 1968 2328 2324
f 1966 2316 2312
f 1945 2190 2186
f 1956 2253 2251
f 1953 2235 2233
f 1948 2208 2204
f 1954 2243 2239
f 1955 2248 2245
f 1958 2267 2263
f 1949 2212 2209
f 1950 2220 2216
f 1963 2298 2294
f 1967 2320 2318
f 1961 2284 2282
f 1944 2182 2180
f 1945 2187 2185
f 1966 2313 2311
f 1968 2325 2323
f 1960 2277 2275
f 1959 2274 2270
f 1951 2226 2222
f 1962 2292 2288
f 1946 2193 2191
f 1958 2266 2264
f 1949 2213 2210
f 1950 2217 2215
f 1963 2295 2293
f 1967 2321 2317
f 1960 2280 2276
f 1959 2271 2269
f 1951 2223 2221
f 1962 2289 2287
f 1946 2196 2192
f 1940 2160 2156
f 1939 2153 2150
f 1941 2165 2162
f 1942 2171 2168
f 1943 2178 2174
f 1947 2201 2198
f 1957 2260 2257
f 1952 2230 2227
f 1964 2303 2299
f 1965 2308 2306
f 1953 2238 2234
f 1948 2205 2203
f 1954 2242 2240
f 1955 2249 2246
f 1956 2256 2252
f 1957 2261 2258
f 1952 2231 2228
f 1964 2302 2300
f 1965 2309 2305
f 1947 2200 2197
f 1940 2158 2160
f 1939 2151 2153
f 1941 2163 2165
f 1942 2169 2171
f 1943 2176 2178
f 1947 2199 2201
f 1957 2262 2260
f 1952 2232 2230
f 1964 2304 2303
f 1965 2307 2308
f 1953 2237 2238
f 1948 2207 2205
f 1954 2241 2242
f 1955 2247 2249
f 1956 2254 2256
f 1957 2259 2261
f 1952 2229 2231
f 1964 2301 2302
f 1965 2310 2309
f 1947 2202 2200
f 1940 2155 2158
f 1939 2149 2151
f 1941 2161 2163
f 1942 2167 2169
f 1943 2173 2176
f 1947 2197 2199
f 1957 2258 2262
f 1952 2228 2232
f 1964 2300 2304
f 1965 2305 2307
f 1953 2233 2237
f 1948 2204 2207
f 1954 2239 2241
f 1955 2245 2247
f 1956 2251 2254
f 1957 2257 2259
f 1952 2227 2229
f 1964 2299 2301
f 1965 2306 2310
f 1947 2198 2202
f 1943 2174 2177
f 1940 2156 2159
f 1939 2150 2154
f 1941 2162 2166
f 1942 2168 2172
f 1944 2180 2184
f 1961 2282 2286
f 1968 2323 2327
f 1966 2311 2315
f 1945 2185 2189
f 1956 2252 2255
f 1953 2234 2236
f 1948 2203 2206
f 1954 2240 2244
f 1955 2246 2250
f 1958 2264 2268
f 1949 2210 2214
f 1950 2215 2218
f 1963 2293 2297
f 1967 2317 2319
f 1961 2281 2283
f 1944 2179 2181
f 1945 2186 2188
f 1966 2312 2314
f 1968 2324 2326
f 1960 2276 2278
f 1959 2269 2273
f 1951 2221 2224
f 1962 2287 2290
f 1946 2192 2195
f 1958 2263 2265
f 1949 2209 2211
f 1950 2216 2219
f 1963 2294 2296
f 1967 2318 2322
f 1960 2275 2279
f 1959 2270 2272
f 1951 2222 2225
f 1962 2288 2291
f 1946 2191 2194
f 1943 2177 2175
f 1940 2159 2157
f 1939 2154 2152
f 1941 2166 2164
f 1942 2172 2170
f 1944 2184 2183
f 1961 2286 2285
f 1968 2327 2328
f 1966 2315 2316
f 1945 2189 2190
f 1956 2255 2253
f 1953 2236 2235
f 1948 2206 2208
f 1954 2244 2243
f 1955 2250 2248
f 1958 2268 2267
f 1949 2214 2212
f 1950 2218 2220
f 1963 2297 2298
f 1967 2319 2320
f 2033 2335 2342
f 2029 2331 2334
f 2030 2337 2332
f 2036 2340 2338
f 2039 2343 2341
f 2044 2357 2350
f 2080 2414 2418
f 2067 2501 2508
f 2088 2489 2491
f 2047 2445 2440
f 2068 2380 2387
f 2055 2376 2379
f 2056 2382 2377
f 2070 2385 2383
f 2072 2388 2386
f 2077 2398 2401
f 2057 2372 2365
f 2062 2432 2422
f 2087 2461 2459
f 2052 2467 2477
f 2042 2496 2505
f 2034 2406 2409
f 2032 2347 2352
f 2038 2437 2447
f 2041 2482 2492
f 2045 2410 2415
f 2082 2506 2504
f 2065 2493 2486
f 2086 2448 2444
f 2046 2353 2355
f 2075 2470 2473
f 2058 2394 2391
f 2054 2362 2367
f 2071 2425 2430
f 2074 2456 2463
f 2081 2474 2476
f 2059 2392 2402
f 2060 2368 2370
f 2083 2431 2428
f 2050 2462 2452
f 2035 2417 2407
f 2031 2349 2346
f 2037 2439 2436
f 2040 2490 2481
f 2043 2507 2497
f 2051 2475 2466
f 2078 2403 2399
f 2063 2371 2373
f 2084 2429 2433
f 2049 2451 2460
f 2069 2400 2395
f 2053 2364 2361
f 2061 2421 2424
f 2073 2458 2455
f 2076 2478 2471
f 2079 2416 2413
f 2066 2503 2500
f 2064 2485 2488
f 2085 2443 2446
f 2048 2356 2358
f 2033 2516 2515
f 2029 2510 2509
f 2030 2511 2512
f 2036 2518 2519
f 2039 2521 2522
f 2044 2524 2525
f 2080 2562 2559
f 2067 2547 2546
f 2088 2568 2566
f 2047 2527 2529
f 2068 2549 2548
f 2055 2537 2533
f 2056 2535 2538
f 2070 2551 2552
f 2072 2554 2555
f 2077 2558 2557
f 2057 2539 2540
f 2062 2542 2544
f 2087 2564 2567
f 2052 2532 2531
f 1973 2333 2093
f 1970 2329 2090
f 1969 2330 2089
f 1971 2336 2091
f 1972 2339 2092
f 1975 2348 2095
f 1998 2412 2118
f 2028 2499 2148
f 2022 2487 2142
f 2005 2438 2125
f 1988 2378 2108
f 1985 2374 2105
f 1984 2375 2104
f 1986 2381 2106
f 1987 2384 2107
f 1992 2396 2112
f 1980 2363 2100
f 1999 2420 2119
f 2011 2457 2131
f 2018 2465 2138
f 2027 2494 2147
f 1995 2404 2115
f 1976 2345 2096
f 2008 2435 2128
f 2023 2480 2143
f 1997 2408 2117
f 2026 2502 2146
f 2020 2484 2140
f 2006 2442 2126
f 1977 2351 2097
f 2016 2468 2136
f 1989 2389 2109
f 1981 2360 2101
f 2002 2423 2122
f 2013 2454 2133
f 2017 2472 2137
f 1993 2390 2113
f 1982 2366 2102
f 2001 2426 2121
f 2009 2450 2129
f 1994 2405 2114
f 1974 2344 2094
f 2004 2434 2124
f 2019 2479 2139
f 2024 2495 2144
f 2014 2464 2134
f 1991 2397 2111
f 1983 2369 2103
f 2003 2427 2123
f 2012 2449 2132
f 1990 2393 2110
f 1979 2359 2099
f 2000 2419 2120
f 2010 2453 2130
f 2015 2469 2135
f 1996 2411 2116
f 2025 2498 2145
f 2021 2483 2141
f 2007 2441 2127
f 1978 2354 2098
f 2035 2517 2283
f 2031 2513 2181
f 2037 2514 2188
f 2040 2520 2314
f 2043 2523 2326
f 2051 2526 2278
f 2078 2560 2273
f 2063 2545 2224
f 2084 2565 2290
f 2049 2528 2195
f 2069 2550 2265
f 2053 2534 2211
f 2061 2536 2219
f 2073 2553 2296
f 2076 2556 2322
f 2079 2561 2279
f 2066 2541 2272
f 2064 2543 2225
f 2085 2563 2291
f 2048 2530 2194
f 2033 2342 2175
f 2029 2334 2157
f 2030 2332 2152
f 2036 2338 2164
f 2039 2341 2170
f 2044 2350 2183
f 2080 2418 2285
f 2067 2508 2328
f 2088 2491 2316
f 2047 2440 2190
f 2068 2387 2253
f 2055 2379 2235
f 2056 2377 2208
f 2070 2383 2243
f 2072 2386 2248
f 2077 2401 2267
f 2057 2365 2212
f 2062 2422 2220
f 2087 2459 2298
f 2052 2477 2320
f 2042 2505 2284
f 2034 2409 2182
f 2032 2352 2187
f 2038 2447 2313
f 2041 2492 2325
f 2045 2415 2277
f 2082 2504 2274
f 2065 2486 2226
f 2086 2444 2292
f 2046 2355 2193
f 2075 2473 2266
f 2058 2391 2213
f 2054 2367 2217
f 2071 2430 2295
f 2074 2463 2321
f 2081 2476 2280
f 2059 2402 2271
f 2060 2370 2223
f 2083 2428 2289
f 2050 2452 2196
f 2035 2407 2160
f 2031 2346 2153
f 2037 2436 2165
f 2040 2481 2171
f 2043 2497 2178
f 2051 2466 2201
f 2078 2399 2260
f 2063 2373 2230
f 2084 2433 2303
f 2049 2460 2308
f 2069 2395 2238
f 2053 2361 2205
f 2061 2424 2242
f 2073 2455 2249
f 2076 2471 2256
f 2079 2413 2261
f 2066 2500 2231
f 2064 2488 2302
f 2085 2446 2309
f 2048 2358 2200
f 2033 2515 2158
f 2029 2509 2151
f 2030 2512 2163
f 2036 2519 2169
f 2039 2522 2176
f 2044 2525 2199
f 2080 2559 2262
f 2067 2546 2232
f 2088 2566 2304
f 2047 2529 2307
f 2068 2548 2237
f 2055 2533 2207
f 2056 2538 2241
f 2070 2552 2247
f 2072 2555 2254
f 2077 2557 2259
f 2057 2540 2229
f 2062 2544 2301
f 2087 2567 2310
f 2052 2531 2202
f 1970 2335 2155
f 1969 2331 2149
f 1971 2337 2161
f 1972 2340 2167
f 1973 2343 2173
f 1978 2357 2197
f 1996 2414 2258
f 2025 2501 2228
f 2021 2489 2300
f 2007 2445 2305
f 1985 2380 2233
f 1984 2376 2204
f 1986 2382 2239
f 1987 2385 2245
f 1988 2388 2251
f 1991 2398 2257
f 1983 2372 2227
f 2003 2432 2299
f 2012 2461 2306
f 2014 2467 2198
f 2024 2496 2174
f 1994 2406 2156
f 1974 2347 2150
f 2004 2437 2162
f 2019 2482 2168
f 1995 2410 2180
f 2027 2506 2282
f 2023 2493 2323
f 2008 2448 2311
f 1976 2353 2185
f 2015 2470 2252
f 1990 2394 2234
f 1979 2362 2203
f 2000 2425 2240
f 2010 2456 2246
f 2016 2474 2264
f 1989 2392 2210
f 1981 2368 2215
f 2002 2431 2293
f 2013 2462 2317
f 1998 2417 2281
f 1975 2349 2179
f 2005 2439 2186
f 2022 2490 2312
f 2028 2507 2324
f 2017 2475 2276
f 1993 2403 2269
f 1982 2371 2221
f 2001 2429 2287
f 2009 2451 2192
f 1992 2400 2263
f 1980 2364 2209
f 1999 2421 2216
f 2011 2458 2294
f 2018 2478 2318
f 1997 2416 2275
f 2026 2503 2270
f 2020 2485 2222
f 2006 2443 2288
f 1977 2356 2191
f 2042 2516 2177
f 2034 2510 2159
f 2032 2511 2154
f 2038 2518 2166
f 2041 2521 2172
f 2045 2524 2184
f 2082 2562 2286
f 2065 2547 2327
f 2086 2568 2315
f 2046 2527 2189
f 2075 2549 2255
f 2058 2537 2236
f 2054 2535 2206
f 2071 2551 2244
f 2074 2554 2250
f 2081 2558 2268
f 2059 2539 2214
f 2060 2542 2218
f 2083 2564 2297
f 2050 2532 2319
f 1970 2333 2335
f 1969 2329 2331
f 1971 2330 2337
f 1972 2336 2340
f 1973 2339 2343
f 1978 2348 2357
f 1996 2412 2414
f 2025 2499 2501
f 2021 2487 2489
f 2007 2438 2445
f 1985 2378 2380
f 1984 2374 2376
f 1986 2375 2382
f 1987 2381 2385
f 1988 2384 2388
f 1991 2396 2398
f 1983 2363 2372
f 2003 2420 2432
f 2012 2457 2461
f 2014 2465 2467
f 2024 2494 2496
f 1994 2404 2406
f 1974 2345 2347
f 2004 2435 2437
f 2019 2480 2482
f 1995 2408 2410
f 2027 2502 2506
f 2023 2484 2493
f 2008 2442 2448
f 1976 2351 2353
f 2015 2468 2470
f 1990 2389 2394
f 1979 2360 2362
f 2000 2423 2425
f 2010 2454 2456
f 2016 2472 2474
f 1989 2390 2392
f 1981 2366 2368
f 2002 2426 2431
f 2013 2450 2462
f 1998 2405 2417
f 1975 2344 2349
f 2005 2434 2439
f 2022 2479 2490
f 2028 2495 2507
f 2017 2464 2475
f 1993 2397 2403
f 1982 2369 2371
f 2001 2427 2429
f 2009 2449 2451
f 1992 2393 2400
f 1980 2359 2364
f 1999 2419 2421
f 2011 2453 2458
f 2018 2469 2478
f 1997 2411 2416
f 2026 2498 2503
f 2020 2483 2485
f 2006 2441 2443
f 1977 2354 2356
f 2042 2517 2516
f 2034 2513 2510
f 2032 2514 2511
f 2038 2520 2518
f 2041 2523 2521
f 2045 2526 2524
f 2082 2560 2562
f 2065 2545 2547
f 2086 2565 2568
f 2046 2528 2527
f 2075 2550 2549
f 2058 2534 2537
f 2054 2536 2535
f 2071 2553 2551
f 2074 2556 2554
f 2081 2561 2558
f 2059 2541 2539
f 2060 2543 2542
f 2083 2563 2564
f 2050 2530 2532
f 1970 2090 2333
f 1969 2089 2329
f 1971 2091 2330
f 1972 2092 2336
f 1973 2093 2339
f 1978 2098 2348
f 1996 2116 2412
f 2025 2145 2499
f 2021 2141 2487
f 2007 2127 2438
f 1985 2105 2378
f 1984 2104 2374
f 1986 2106 2375
f 1987 2107 2381
f 1988 2108 2384
f 1991 2111 2396
f 1983 2103 2363
f 2003 2123 2420
f 2012 2132 2457
f 2014 2134 2465
f 2024 2144 2494
f 1994 2114 2404
f 1974 2094 2345
f 2004 2124 2435
f 2019 2139 2480
f 1995 2115 2408
f 2027 2147 2502
f 2023 2143 2484
f 2008 2128 2442
f 1976 2096 2351
f 2015 2135 2468
f 1990 2110 2389
f 1979 2099 2360
f 2000 2120 2423
f 2010 2130 2454
f 2016 2136 2472
f 1989 2109 2390
f 1981 2101 2366
f 2002 2122 2426
f 2013 2133 2450
f 1998 2118 2405
f 1975 2095 2344
f 2005 2125 2434
f 2022 2142 2479
f 2028 2148 2495
f 2017 2137 2464
f 1993 2113 2397
f 1982 2102 2369
f 2001 2121 2427
f 2009 2129 2449
f 1992 2112 2393
f 1980 2100 2359
f 1999 2119 2419
f 2011 2131 2453
f 2018 2138 2469
f 1997 2117 2411
f 2026 2146 2498
f 2020 2140 2483
f 2006 2126 2441
f 1977 2097 2354
f 2042 2284 2517
f 2034 2182 2513
f 2032 2187 2514
f 2038 2313 2520
f 2041 2325 2523
f 2045 2277 2526
f 2082 2274 2560
f 2065 2226 2545
f 2086 2292 2565
f 2046 2193 2528
f 2075 2266 2550
f 2058 2213 2534
f 2054 2217 2536
f 2071 2295 2553
f 2074 2321 2556
f 2081 2280 2561
f 2059 2271 2541
f 2060 2223 2543
f 2083 2289 2563
f 2050 2196 2530
f 1973 2173 2342
f 1970 2155 2334
f 1969 2149 2332
f 1971 2161 2338
f 1972 2167 2341
f 1975 2179 2350
f 1998 2281 2418
f 2028 2324 2508
f 2022 2312 2491
f 2005 2186 2440
f 1988 2251 2387
f 1985 2233 2379
f 1984 2204 2377
f 1986 2239 2383
f 1987 2245 2386
f 1992 2263 2401
f 1980 2209 2365
f 1999 2216 2422
f 2011 2294 2459
f 2018 2318 2477
f 2027 2282 2505
f 1995 2180 2409
f 1976 2185 2352
f 2008 2311 2447
f 2023 2323 2492
f 1997 2275 2415
f 2026 2270 2504
f 2020 2222 2486
f 2006 2288 2444
f 1977 2191 2355
f 2016 2264 2473
f 1989 2210 2391
f 1981 2215 2367
f 2002 2293 2430
f 2013 2317 2463
f 2017 2276 2476
f 1993 2269 2402
f 1982 2221 2370
f 2001 2287 2428
f 2009 2192 2452
f 1994 2156 2407
f 1974 2150 2346
f 2004 2162 2436
f 2019 2168 2481
f 2024 2174 2497
f 2014 2198 2466
f 1991 2257 2399
f 1983 2227 2373
f 2003 2299 2433
f 2012 2306 2460
f 1990 2234 2395
f 1979 2203 2361
f 2000 2240 2424
f 2010 2246 2455
f 2015 2252 2471
f 1996 2258 2413
f 2025 2228 2500
f 2021 2300 2488
f 2007 2305 2446
f 1978 2197 2358
f 2035 2160 2515
f 2031 2153 2509
f 2037 2165 2512
f 2040 2171 2519
f 2043 2178 2522
f 2051 2201 2525
f 2078 2260 2559
f 2063 2230 2546
f 2084 2303 2566
f 2049 2308 2529
f 2069 2238 2548
f 2053 2205 2533
f 2061 2242 2538
f 2073 2249 2552
f 2076 2256 2555
f 2079 2261 2557
f 2066 2231 2540
f 2064 2302 2544
f 2085 2309 2567
f 2048 2200 2531
f 2033 2158 2335
f 2029 2151 2331
f 2030 2163 2337
f 2036 2169 2340
f 2039 2176 2343
f 2044 2199 2357
f 2080 2262 2414
f 2067 2232 2501
f 2088 2304 2489
f 2047 2307 2445
f 2068 2237 2380
f 2055 2207 2376
f 2056 2241 2382
f 2070 2247 2385
f 2072 2254 2388
f 2077 2259 2398
f 2057 2229 2372
f 2062 2301 2432
f 2087 2310 2461
f 2052 2202 2467
f 2042 2177 2496
f 2034 2159 2406
f 2032 2154 2347
f 2038 2166 2437
f 2041 2172 2482
f 2045 2184 2410
f 2082 2286 2506
f 2065 2327 2493
f 2086 2315 2448
f 2046 2189 2353
f 2075 2255 2470
f 2058 2236 2394
f 2054 2206 2362
f 2071 2244 2425
f 2074 2250 2456
f 2081 2268 2474
f 2059 2214 2392
f 2060 2218 2368
f 2083 2297 2431
f 2050 2319 2462
f 2035 2283 2417
f 2031 2181 2349
f 2037 2188 2439
f 2040 2314 2490
f 2043 2326 2507
f 2051 2278 2475
f 2078 2273 2403
f 2063 2224 2371
f 2084 2290 2429
f 2049 2195 2451
f 2069 2265 2400
f 2053 2211 2364
f 2061 2219 2421
f 2073 2296 2458
f 2076 2322 2478
f 2079 2279 2416
f 2066 2272 2503
f 2064 2225 2485
f 2085 2291 2443
f 2048 2194 2356
f 2033 2175 2516
f 2029 2157 2510
f 2030 2152 2511
f 2036 2164 2518
f 2039 2170 2521
f 2044 2183 2524
f 2080 2285 2562
f 2067 2328 2547
f 2088 2316 2568
f 2047 2190 2527
f 2068 2253 2549
f 2055 2235 2537
f 2056 2208 2535
f 2070 2243 2551
f 2072 2248 2554
f 2077 2267 2558
f 2057 2212 2539
f 2062 2220 2542
f 2087 2298 2564
f 2052 2320 2532
f 1973 2342 2333
f 1970 2334 2329
f 1969 2332 2330
f 1971 2338 2336
f 1972 2341 2339
f 1975 2350 2348
f 1998 2418 2412
f 2028 2508 2499
f 2022 2491 2487
f 2005 2440 2438
f 1988 2387 2378
f 1985 2379 2374
f 1984 2377 2375
f 1986 2383 2381
f 1987 2386 2384
f 1992 2401 2396
f 1980 2365 2363
f 1999 2422 2420
f 2011 2459 2457
f 2018 2477 2465
f 2027 2505 2494
f 1995 2409 2404
f 1976 2352 2345
f 2008 2447 2435
f 2023 2492 2480
f 1997 2415 2408
f 2026 2504 2502
f 2020 2486 2484
f 2006 2444 2442
f 1977 2355 2351
f 2016 2473 2468
f 1989 2391 2389
f 1981 2367 2360
f 2002 2430 2423
f 2013 2463 2454
f 2017 2476 2472
f 1993 2402 2390
f 1982 2370 2366
f 2001 2428 2426
f 2009 2452 2450
f 1994 2407 2405
f 1974 2346 2344
f 2004 2436 2434
f 2019 2481 2479
f 2024 2497 2495
f 2014 2466 2464
f 1991 2399 2397
f 1983 2373 2369
f 2003 2433 2427
f 2012 2460 2449
f 1990 2395 2393
f 1979 2361 2359
f 2000 2424 2419
f 2010 2455 2453
f 2015 2471 2469
f 1996 2413 2411
f 2025 2500 2498
f 2021 2488 2483
f 2007 2446 2441
f 1978 2358 2354
f 2035 2515 2517
f 2031 2509 2513
f 2037 2512 2514
f 2040 2519 2520
f 2043 2522 2523
f 2051 2525 2526
f 2078 2559 2560
f 2063 2546 2545
f 2084 2566 2565
f 2049 2529 2528
f 2069 2548 2550
f 2053 2533 2534
f 2061 2538 2536
f 2073 2552 2553
f 2076 2555 2556
f 2079 2557 2561
f 2066 2540 2541
f 2064 2544 2543
f 2085 2567 2563
f 2048 2531 2530
f 2333 2090 2093
f 2329 2089 2090
f 2330 2091 2089
f 2336 2092 2091
f 2339 2093 2092
f 2348 2098 2095
f 2412 2116 2118
f 2499 2145 2148
f 2487 2141 2142
f 2438 2127 2125
f 2378 2105 2108
f 2374 2104 2105
f 2375 2106 2104
f 2381 2107 2106
f 2384 2108 2107
f 2396 2111 2112
f 2363 2103 2100
f 2420 2123 2119
f 2457 2132 2131
f 2465 2134 2138
f 2494 2144 2147
f 2404 2114 2115
f 2345 2094 2096
f 2435 2124 2128
f 2480 2139 2143
f 2408 2115 2117
f 2502 2147 2146
f 2484 2143 2140
f 2442 2128 2126
f 2351 2096 2097
f 2468 2135 2136
f 2389 2110 2109
f 2360 2099 2101
f 2423 2120 2122
f 2454 2130 2133
f 2472 2136 2137
f 2390 2109 2113
f 2366 2101 2102
f 2426 2122 2121
f 2450 2133 2129
f 2405 2118 2114
f 2344 2095 2094
f 2434 2125 2124
f 2479 2142 2139
f 2495 2148 2144
f 2464 2137 2134
f 2397 2113 2111
f 2369 2102 2103
f 2427 2121 2123
f 2449 2129 2132
f 2393 2112 2110
f 2359 2100 2099
f 2419 2119 2120
f 2453 2131 2130
f 2469 2138 2135
f 2411 2117 2116
f 2498 2146 2145
f 2483 2140 2141
f 2441 2126 2127
f 2354 2097 2098
f 2517 2284 2283
f 2513 2182 2181
f 2514 2187 2188
f 2520 2313 2314
f 2523 2325 2326
f 2526 2277 2278
f 2560 2274 2273
f 2545 2226 2224
f 2565 2292 2290
f 2528 2193 2195
f 2550 2266 2265
f 2534 2213 2211
f 2536 2217 2219
f 2553 2295 2296
f 2556 2321 2322
f 2561 2280 2279
f 2541 2271 2272
f 2543 2223 2225
f 2563 2289 2291
f 2530 2196 2194
f 2342 2173 2175
f 2334 2155 2157
f 2332 2149 2152
f 2338 2161 2164
f 2341 2167 2170
f 2350 2179 2183
f 2418 2281 2285
f 2508 2324 2328
f 2491 2312 2316
f 2440 2186 2190
f 2387 2251 2253
f 2379 2233 2235
f 2377 2204 2208
f 2383 2239 2243
f 2386 2245 2248
f 2401 2263 2267
f 2365 2209 2212
f 2422 2216 2220
f 2459 2294 2298
f 2477 2318 2320
f 2505 2282 2284
f 2409 2180 2182
f 2352 2185 2187
f 2447 2311 2313
f 2492 2323 2325
f 2415 2275 2277
f 2504 2270 2274
f 2486 2222 2226
f 2444 2288 2292
f 2355 2191 2193
f 2473 2264 2266
f 2391 2210 2213
f 2367 2215 2217
f 2430 2293 2295
f 2463 2317 2321
f 2476 2276 2280
f 2402 2269 2271
f 2370 2221 2223
f 2428 2287 2289
f 2452 2192 2196
f 2407 2156 2160
f 2346 2150 2153
f 2436 2162 2165
f 2481 2168 2171
f 2497 2174 2178
f 2466 2198 2201
f 2399 2257 2260
f 2373 2227 2230
f 2433 2299 2303
f 2460 2306 2308
f 2395 2234 2238
f 2361 2203 2205
f 2424 2240 2242
f 2455 2246 2249
f 2471 2252 2256
f 2413 2258 2261
f 2500 2228 2231
f 2488 2300 2302
f 2446 2305 2309
f 2358 2197 2200
f 2515 2160 2158
f 2509 2153 2151
f 2512 2165 2163
f 2519 2171 2169
f 2522 2178 2176
f 2525 2201 2199
f 2559 2260 2262
f 2546 2230 2232
f 2566 2303 2304
f 2529 2308 2307
f 2548 2238 2237
f 2533 2205 2207
f 2538 2242 2241
f 2552 2249 2247
f 2555 2256 2254
f 2557 2261 2259
f 2540 2231 2229
f 2544 2302 2301
f 2567 2309 2310
f 2531 2200 2202
f 2335 2158 2155
f 2331 2151 2149
f 2337 2163 2161
f 2340 2169 2167
f 2343 2176 2173
f 2357 2199 2197
f 2414 2262 2258
f 2501 2232 2228
f 2489 2304 2300
f 2445 2307 2305
f 2380 2237 2233
f 2376 2207 2204
f 2382 2241 2239
f 2385 2247 2245
f 2388 2254 2251
f 2398 2259 2257
f 2372 2229 2227
f 2432 2301 2299
f 2461 2310 2306
f 2467 2202 2198
f 2496 2177 2174
f 2406 2159 2156
f 2347 2154 2150
f 2437 2166 2162
f 2482 2172 2168
f 2410 2184 2180
f 2506 2286 2282
f 2493 2327 2323
f 2448 2315 2311
f 2353 2189 2185
f 2470 2255 2252
f 2394 2236 2234
f 2362 2206 2203
f 2425 2244 2240
f 2456 2250 2246
f 2474 2268 2264
f 2392 2214 2210
f 2368 2218 2215
f 2431 2297 2293
f 2462 2319 2317
f 2417 2283 2281
f 2349 2181 2179
f 2439 2188 2186
f 2490 2314 2312
f 2507 2326 2324
f 2475 2278 2276
f 2403 2273 2269
f 2371 2224 2221
f 2429 2290 2287
f 2451 2195 2192
f 2400 2265 2263
f 2364 2211 2209
f 2421 2219 2216
f 2458 2296 2294
f 2478 2322 2318
f 2416 2279 2275
f 2503 2272 2270
f 2485 2225 2222
f 2443 2291 2288
f 2356 2194 2191
f 2516 2175 2177
f 2510 2157 2159
f 2511 2152 2154
f 2518 2164 2166
f 2521 2170 2172
f 2524 2183 2184
f 2562 2285 2286
f 2547 2328 2327
f 2568 2316 2315
f 2527 2190 2189
f 2549 2253 2255
f 2537 2235 2236
f 2535 2208 2206
f 2551 2243 2244
f 2554 2248 2250
f 2558 2267 2268
f 2539 2212 2214
f 2542 2220 2218
f 2564 2298 2297
f 2532 2320 2319
f 2333 2342 2335
f 2329 2334 2331
f 2330 2332 2337
f 2336 2338 2340
f 2339 2341 2343
f 2348 2350 2357
f 2412 2418 2414
f 2499 2508 2501
f 2487 2491 2489
f 2438 2440 2445
f 2378 2387 2380
f 2374 2379 2376
f 2375 2377 2382
f 2381 2383 2385
f 2384 2386 2388
f 2396 2401 2398
f 2363 2365 2372
f 2420 2422 2432
f 2457 2459 2461
f 2465 2477 2467
f 2494 2505 2496
f 2404 2409 2406
f 2345 2352 2347
f 2435 2447 2437
f 2480 2492 2482
f 2408 2415 2410
f 2502 2504 2506
f 2484 2486 2493
f 2442 2444 2448
f 2351 2355 2353
f 2468 2473 2470
f 2389 2391 2394
f 2360 2367 2362
f 2423 2430 2425
f 2454 2463 2456
f 2472 2476 2474
f 2390 2402 2392
f 2366 2370 2368
f 2426 2428 2431
f 2450 2452 2462
f 2405 2407 2417
f 2344 2346 2349
f 2434 2436 2439
f 2479 2481 2490
f 2495 2497 2507
f 2464 2466 2475
f 2397 2399 2403
f 2369 2373 2371
f 2427 2433 2429
f 2449 2460 2451
f 2393 2395 2400
f 2359 2361 2364
f 2419 2424 2421
f 2453 2455 2458
f 2469 2471 2478
f 2411 2413 2416
f 2498 2500 2503
f 2483 2488 2485
f 2441 2446 2443
f 2354 2358 2356
f 2517 2515 2516
f 2513 2509 2510
f 2514 2512 2511
f 2520 2519 2518
f 2523 2522 2521
f 2526 2525 2524
f 2560 2559 2562
f 2545 2546 2547
f 2565 2566 2568
f 2528 2529 2527
f 2550 2548 2549
f 2534 2533 2537
f 2536 2538 2535
f 2553 2552 2551
f 2556 2555 2554
f 2561 2557 2558
f 2541 2540 2539
f 2543 2544 2542
f 2563 2567 2564
f 2530 2531 2532
f 2569 2735 2732
f 2569 2732 2731
f 2569 2731 2733
f 2569 2733 2734
f 2569 2734 2735
f 2570 2737 2740
f 2574 2760 2758
f 2580 2790 2787
f 2579 2784 2783
f 2576 2767 2769
f 2572 2750 2747
f 2572 2747 2746
f 2572 2746 2748
f 2572 2748 2749
f 2572 2749 2750
f 2573 2754 2753
f 2571 2742 2745
f 2575 2761 2765
f 2577 2773 2774
f 2578 2780 2776
f 2580 2789 2786
f 2574 2757 2756
f 2570 2738 2736
f 2576 2770 2766
f 2579 2785 2781
f 2574 2759 2757
f 2580 2788 2789
f 2579 2782 2785
f 2576 2768 2770
f 2570 2739 2738
f 2578 2778 2777
f 2573 2751 2752
f 2571 2743 2741
f 2575 2764 2762
f 2577 2775 2772
f 2578 2779 2778
f 2573 2755 2751
f 2571 2744 2743
f 2575 2763 2764
f 2577 2771 2775
f 2574 2756 2760
f 2570 2736 2737
f 2576 2766 2767
f 2579 2781 2784
f 2580 2786 2790
f 2578 2776 2779
f 2573 2753 2755
f 2571 2745 2744
f 2575 2765 2763
f 2577 2774 2771
f 2573 2752 2754
f 2571 2741 2742
f 2575 2762 2761
f 2577 2772 2773
f 2578 2777 2780
f 2574 2758 2759
f 2580 2787 2788
f 2579 2783 2782
f 2576 2769 2768
f 2570 2740 2739
f 2603 2925 2926
f 2586 2823 2824
f 2587 2830 2829
f 2608 2956 2955
f 2610 2968 2967
f 2602 2920 2919
f 2601 2915 2916
f 2593 2866 2868
f 2604 2932 2934
f 2588 2837 2835
f 2600 2907 2908
f 2591 2853 2855
f 2592 2861 2859
f 2605 2938 2937
f 2609 2964 2963
f 2602 2921 2922
f 2601 2914 2913
f 2593 2867 2865
f 2604 2933 2931
f 2588 2836 2838
f 2585 2817 2815
f 2582 2799 2797
f 2581 2794 2791
f 2583 2806 2803
f 2584 2812 2809
f 2586 2825 2821
f 2603 2927 2923
f 2610 2970 2966
f 2608 2958 2954
f 2587 2832 2828
f 2598 2895 2893
f 2595 2877 2875
f 2590 2850 2846
f 2596 2885 2881
f 2597 2890 2887
f 2600 2909 2905
f 2591 2854 2851
f 2592 2862 2858
f 2605 2940 2936
f 2609 2962 2960
f 2603 2926 2924
f 2586 2824 2822
f 2587 2829 2827
f 2608 2955 2953
f 2610 2967 2965
f 2602 2919 2917
f 2601 2916 2912
f 2593 2868 2864
f 2604 2934 2930
f 2588 2835 2833
f 2600 2908 2906
f 2591 2855 2852
f 2592 2859 2857
f 2605 2937 2935
f 2609 2963 2959
f 2602 2922 2918
f 2601 2913 2911
f 2593 2865 2863
f 2604 2931 2929
f 2588 2838 2834
f 2582 2802 2798
f 2581 2795 2792
f 2583 2807 2804
f 2584 2813 2810
f 2585 2820 2816
f 2589 2843 2840
f 2599 2902 2899
f 2594 2872 2869
f 2606 2945 2941
f 2607 2950 2948
f 2595 2880 2876
f 2590 2847 2845
f 2596 2884 2882
f 2597 2891 2888
f 2598 2898 2894
f 2599 2903 2900
f 2594 2873 2870
f 2606 2944 2942
f 2607 2951 2947
f 2589 2842 2839
f 2582 2800 2802
f 2581 2793 2795
f 2583 2805 2807
f 2584 2811 2813
f 2585 2818 2820
f 2589 2841 2843
f 2599 2904 2902
f 2594 2874 2872
f 2606 2946 2945
f 2607 2949 2950
f 2595 2879 2880
f 2590 2849 2847
f 2596 2883 2884
f 2597 2889 2891
f 2598 2896 2898
f 2599 2901 2903
f 2594 2871 2873
f 2606 2943 2944
f 2607 2952 2951
f 2589 2844 2842
f 2582 2797 2800
f 2581 2791 2793
f 2583 2803 2805
f 2584 2809 2811
f 2585 2815 2818
f 2589 2839 2841
f 2599 2900 2904
f 2594 2870 2874
f 2606 2942 2946
f 2607 2947 2949
f 2595 2875 2879
f 2590 2846 2849
f 2596 2881 2883
f 2597 2887 2889
f 2598 2893 2896
f 2599 2899 2901
f 2594 2869 2871
f 2606 2941 2943
f 2607 2948 2952
f 2589 2840 2844
f 2585 2816 2819
f 2582 2798 2801
f 2581 2792 2796
f 2583 2804 2808
f 2584 2810 2814
f 2586 2822 2826
f 2603 2924 2928
f 2610 2965 2969
f 2608 2953 2957
f 2587 2827 2831
f 2598 2894 2897
f 2595 2876 2878
f 2590 2845 2848
f 2596 2882 2886
f 2597 2888 2892
f 2600 2906 2910
f 2591 2852 2856
f 2592 2857 2860
f 2605 2935 2939
f 2609 2959 2961
f 2603 2923 2925
f 2586 2821 2823
f 2587 2828 2830
f 2608 2954 2956
f 2610 2966 2968
f 2602 2918 2920
f 2601 2911 2915
f 2593 2863 2866
f 2604 2929 2932
f 2588 2834 2837
f 2600 2905 2907
f 2591 2851 2853
f 2592 2858 2861
f 2605 2936 2938
f 2609 2960 2964
f 2602 2917 2921
f 2601 2912 2914
f 2593 2864 2867
f 2604 2930 2933
f 2588 2833 2836
f 2585 2819 2817
f 2582 2801 2799
f 2581 2796 2794
f 2583 2808 2806
f 2584 2814 2812
f 2586 2826 2825
f 2603 2928 2927
f 2610 2969 2970
f 2608 2957 2958
f 2587 2831 2832
f 2598 2897 2895
f 2595 2878 2877
f 2590 2848 2850
f 2596 2886 2885
f 2597 2892 2890
f 2600 2910 2909
f 2591 2856 2854
f 2592 2860 2862
f 2605 2939 2940
f 2609 2961 2962
f 2675 2977 2984
f 2671 2973 2976
f 2672 2979 2974
f 2678 2982 2980
f 2681 2985 2983
f 2686 2999 2992
f 2722 3056 3060
f 2709 3143 3150
f 2730 3131 3133
f 2689 3087 3082
f 2710 3022 3029
f 2697 3018 3021
f 2698 3024 3019
f 2712 3027 3025
f 2714 3030 3028
f 2719 3040 3043
f 2699 3014 3007
f 2704 3074 3064
f 2729 3103 3101
f 2694 3109 3119
f 2684 3138 3147
f 2676 3048 3051
f 2674 2989 2994
f 2680 3079 3089
f 2683 3124 3134
f 2687 3052 3057
f 2724 3148 3146
f 2707 3135 3128
f 2728 3090 3086
f 2688 2995 2997
f 2717 3112 3115
f 2700 3036 3033
f 2696 3004 3009
f 2713 3067 3072
f 2716 3098 3105
f 2723 3116 3118
f 2701 3034 3044
f 2702 3010 3012
f 2725 3073 3070
f 2692 3104 3094
f 2677 3059 3049
f 2673 2991 2988
f 2679 3081 3078
f 2682 3132 3123
f 2685 3149 3139
f 2693 3117 3108
f 2720 3045 3041
f 2705 3013 3015
f 2726 3071 3075
f 2691 3093 3102
f 2711 3042 3037
f 2695 3006 3003
f 2703 3063 3066
f 2715 3100 3097
f 2718 3120 3113
f 2721 3058 3055
f 2708 3145 3142
f 2706 3127 3130
f 2727 3085 3088
f 2690 2998 3000
f 2675 3158 3157
f 2671 3152 3151
f 2672 3153 3154
f 2678 3160 3161
f 2681 3163 3164
f 2686 3166 3167
f 2722 3204 3201
f 2709 3189 3188
f 2730 3210 3208
f 2689 3169 3171
f 2710 3191 3190
f 2697 3179 3175
f 2698 3177 3180
f 2712 3193 3194
f 2714 3196 3197
f 2719 3200 3199
f 2699 3181 3182
f 2704 3184 3186
f 2729 3206 3209
f 2694 3174 3173
f 2615 2975 2735
f 2612 2971 2732
f 2611 2972 2731
f 2613 2978 2733
f 2614 2981 2734
f 2617 2990 2737
f 2640 3054 2760
f 2670 3141 2790
f 2664 3129 2784
f 2647 3080 2767
f 2630 3020 2750
f 2627 3016 2747
f 2626 3017 2746
f 2628 3023 2748
f 2629 3026 2749
f 2634 3038 2754
f 2622 3005 2742
f 2641 3062 2761
f 2653 3099 2773
f 2660 3107 2780
f 2669 3136 2789
f 2637 3046 2757
f 2618 2987 2738
f 2650 3077 2770
f 2665 3122 2785
f 2639 3050 2759
f 2668 3144 2788
f 2662 3126 2782
f 2648 3084 2768
f 2619 2993 2739
f 2658 3110 2778
f 2631 3031 2751
f 2623 3002 2743
f 2644 3065 2764
f 2655 3096 2775
f 2659 3114 2779
f 2635 3032 2755
f 2624 3008 2744
f 2643 3068 2763
f 2651 3092 2771
f 2636 3047 2756
f 2616 2986 2736
f 2646 3076 2766
f 2661 3121 2781
f 2666 3137 2786
f 2656 3106 2776
f 2633 3039 2753
f 2625 3011 2745
f 2645 3069 2765
f 2654 3091 2774
f 2632 3035 2752
f 2621 3001 2741
f 2642 3061 2762
f 2652 3095 2772
f 2657 3111 2777
f 2638 3053 2758
f 2667 3140 2787
f 2663 3125 2783
f 2649 3083 2769
f 2620 2996 2740
f 2677 3159 2925
f 2673 3155 2823
f 2679 3156 2830
f 2682 3162 2956
f 2685 3165 2968
f 2693 3168 2920
f 2720 3202 2915
f 2705 3187 2866
f 2726 3207 2932
f 2691 3170 2837
f 2711 3192 2907
f 2695 3176 2853
f 2703 3178 2861
f 2715 3195 2938
f 2718 3198 2964
f 2721 3203 2921
f 2708 3183 2914
f 2706 3185 2867
f 2727 3205 2933
f 2690 3172 2836
f 2675 2984 2817
f 2671 2976 2799
f 2672 2974 2794
f 2678 2980 2806
f 2681 2983 2812
f 2686 2992 2825
f 2722 3060 2927
f 2709 3150 2970
f 2730 3133 2958
f 2689 3082 2832
f 2710 3029 2895
f 2697 3021 2877
f 2698 3019 2850
f 2712 3025 2885
f 2714 3028 2890
f 2719 3043 2909
f 2699 3007 2854
f 2704 3064 2862
f 2729 3101 2940
f 2694 3119 2962
f 2684 3147 2926
f 2676 3051 2824
f 2674 2994 2829
f 2680 3089 2955
f 2683 3134 2967
f 2687 3057 2919
f 2724 3146 2916
f 2707 3128 2868
f 2728 3086 2934
f 2688 2997 2835
f 2717 3115 2908
f 2700 3033 2855
f 2696 3009 2859
f 2713 3072 2937
f 2716 3105 2963
f 2723 3118 2922
f 2701 3044 2913
f 2702 3012 2865
f 2725 3070 2931
f 2692 3094 2838
f 2677 3049 2802
f 2673 2988 2795
f 2679 3078 2807
f 2682 3123 2813
f 2685 3139 2820
f 2693 3108 2843
f 2720 3041 2902
f 2705 3015 2872
f 2726 3075 2945
f 2691 3102 2950
f 2711 3037 2880
f 2695 3003 2847
f 2703 3066 2884
f 2715 3097 2891
f 2718 3113 2898
f 2721 3055 2903
f 2708 3142 2873
f 2706 3130 2944
f 2727 3088 2951
f 2690 3000 2842
f 2675 3157 2800
f 2671 3151 2793
f 2672 3154 2805
f 2678 3161 2811
f 2681 3164 2818
f 2686 3167 2841
f 2722 3201 2904
f 2709 3188 2874
f 2730 3208 2946
f 2689 3171 2949
f 2710 3190 2879
f 2697 3175 2849
f 2698 3180 2883
f 2712 3194 2889
f 2714 3197 2896
f 2719 3199 2901
f 2699 3182 2871
f 2704 3186 2943
f 2729 3209 2952
f 2694 3173 2844
f 2612 2977 2797
f 2611 2973 2791
f 2613 2979 2803
f 2614 2982 2809
f 2615 2985 2815
f 2620 2999 2839
f 2638 3056 2900
f 2667 3143 2870
f 2663 3131 2942
f 2649 3087 2947
f 2627 3022 2875
f 2626 3018 2846
f 2628 3024 2881
f 2629 3027 2887
f 2630 3030 2893
f 2633 3040 2899
f 2625 3014 2869
f 2645 3074 2941
f 2654 3103 2948
f 2656 3109 2840
f 2666 3138 2816
f 2636 3048 2798
f 2616 2989 2792
f 2646 3079 2804
f 2661 3124 2810
f 2637 3052 2822
f 2669 3148 2924
f 2665 3135 2965
f 2650 3090 2953
f 2618 2995 2827
f 2657 3112 2894
f 2632 3036 2876
f 2621 3004 2845
f 2642 3067 2882
f 2652 3098 2888
f 2658 3116 2906
f 2631 3034 2852
f 2623 3010 2857
f 2644 3073 2935
f 2655 3104 2959
f 2640 3059 2923
f 2617 2991 2821
f 2647 3081 2828
f 2664 3132 2954
f 2670 3149 2966
f 2659 3117 2918
f 2635 3045 2911
f 2624 3013 2863
f 2643 3071 2929
f 2651 3093 2834
f 2634 3042 2905
f 2622 3006 2851
f 2641 3063 2858
f 2653 3100 2936
f 2660 3120 2960
f 2639 3058 2917
f 2668 3145 2912
f 2662 3127 2864
f 2648 3085 2930
f 2619 2998 2833
f 2684 3158 2819
f 2676 3152 2801
f 2674 3153 2796
f 2680 3160 2808
f 2683 3163 2814
f 2687 3166 2826
f 2724 3204 2928
f 2707 3189 2969
f 2728 3210 2957
f 2688 3169 2831
f 2717 3191 2897
f 2700 3179 2878
f 2696 3177 2848
f 2713 3193 2886
f 2716 3196 2892
f 2723 3200 2910
f 2701 3181 2856
f 2702 3184 2860
f 2725 3206 2939
f 2692 3174 2961
f 2612 2975 2977
f 2611 2971 2973
f 2613 2972 2979
f 2614 2978 2982
f 2615 2981 2985
f 2620 2990 2999
f 2638 3054 3056
f 2667 3141 3143
f 2663 3129 3131
f 2649 3080 3087
f 2627 3020 3022
f 2626 3016 3018
f 2628 3017 3024
f 2629 3023 3027
f 2630 3026 3030
f 2633 3038 3040
f 2625 3005 3014
f 2645 3062 3074
f 2654 3099 3103
f 2656 3107 3109
f 2666 3136 3138
f 2636 3046 3048
f 2616 2987 2989
f 2646 3077 3079
f 2661 3122 3124
f 2637 3050 3052
f 2669 3144 3148
f 2665 3126 3135
f 2650 3084 3090
f 2618 2993 2995
f 2657 3110 3112
f 2632 3031 3036
f 2621 3002 3004
f 2642 3065 3067
f 2652 3096 3098
f 2658 3114 3116
f 2631 3032 3034
f 2623 3008 3010
f 2644 3068 3073
f 2655 3092 3104
f 2640 3047 3059
f 2617 2986 2991
f 2647 3076 3081
f 2664 3121 3132
f 2670 3137 3149
f 2659 3106 3117
f 2635 3039 3045
f 2624 3011 3013
f 2643 3069 3071
f 2651 3091 3093
f 2634 3035 3042
f 2622 3001 3006
f 2641 3061 3063
f 2653 3095 3100
f 2660 3111 3120
f 2639 3053 3058
f 2668 3140 3145
f 2662 3125 3127
f 2648 3083 3085
f 2619 2996 2998
f 2684 3159 3158
f 2676 3155 3152
f 2674 3156 3153
f 2680 3162 3160
f 2683 3165 3163
f 2687 3168 3166
f 2724 3202 3204
f 2707 3187 3189
f 2728 3207 3210
f 2688 3170 3169
f 2717 3192 3191
f 2700 3176 3179
f 2696 3178 3177
f 2713 3195 3193
f 2716 3198 3196
f 2723 3203 3200
f 2701 3183 3181
f 2702 3185 3184
f 2725 3205 3206
f 2692 3172 3174
f 2612 2732 2975
f 2611 2731 2971
f 2613 2733 2972
f 2614 2734 2978
f 2615 2735 2981
f 2620 2740 2990
f 2638 2758 3054
f 2667 2787 3141
f 2663 2783 3129
f 2649 2769 3080
f 2627 2747 3020
f 2626 2746 3016
f 2628 2748 3017
f 2629 2749 3023
f 2630 2750 3026
f 2633 2753 3038
f 2625 2745 3005
f 2645 2765 3062
f 2654 2774 3099
f 2656 2776 3107
f 2666 2786 3136
f 2636 2756 3046
f 2616 2736 2987
f 2646 2766 3077
f 2661 2781 3122
f 2637 2757 3050
f 2669 2789 3144
f 2665 2785 3126
f 2650 2770 3084
f 2618 2738 2993
f 2657 2777 3110
f 2632 2752 3031
f 2621 2741 3002
f 2642 2762 3065
f 2652 2772 3096
f 2658 2778 3114
f 2631 2751 3032
f 2623 2743 3008
f 2644 2764 3068
f 2655 2775 3092
f 2640 2760 3047
f 2617 2737 2986
f 2647 2767 3076
f 2664 2784 3121
f 2670 2790 3137
f 2659 2779 3106
f 2635 2755 3039
f 2624 2744 3011
f 2643 2763 3069
f 2651 2771 3091
f 2634 2754 3035
f 2622 2742 3001
f 2641 2761 3061
f 2653 2773 3095
f 2660 2780 3111
f 2639 2759 3053
f 2668 2788 3140
f 2662 2782 3125
f 2648 2768 3083
f 2619 2739 2996
f 2684 2926 3159
f 2676 2824 3155
f 2674 2829 3156
f 2680 2955 3162
f 2683 2967 3165
f 2687 2919 3168
f 2724 2916 3202
f 2707 2868 3187
f 2728 2934 3207
f 2688 2835 3170
f 2717 2908 3192
f 2700 2855 3176
f 2696 2859 3178
f 2713 2937 3195
f 2716 2963 3198
f 2723 2922 3203
f 2701 2913 3183
f 2702 2865 3185
f 2725 2931 3205
f 2692 2838 3172
f 2615 2815 2984
f 2612 2797 2976
f 2611 2791 2974
f 2613 2803 2980
f 2614 2809 2983
f 2617 2821 2992
f 2640 2923 3060
f 2670 2966 3150
f 2664 2954 3133
f 2647 2828 3082
f 2630 2893 3029
f 2627 2875 3021
f 2626 2846 3019
f 2628 2881 3025
f 2629 2887 3028
f 2634 2905 3043
f 2622 2851 3007
f 2641 2858 3064
f 2653 2936 3101
f 2660 2960 3119
f 2669 2924 3147
f 2637 2822 3051
f 2618 2827 2994
f 2650 2953 3089
f 2665 2965 3134
f 2639 2917 3057
f 2668 2912 3146
f 2662 2864 3128
f 2648 2930 3086
f 2619 2833 2997
f 2658 2906 3115
f 2631 2852 3033
f 2623 2857 3009
f 2644 2935 3072
f 2655 2959 3105
f 2659 2918 3118
f 2635 2911 3044
f 2624 2863 3012
f 2643 2929 3070
f 2651 2834 3094
f 2636 2798 3049
f 2616 2792 2988
f 2646 2804 3078
f 2661 2810 3123
f 2666 2816 3139
f 2656 2840 3108
f 2633 2899 3041
f 2625 2869 3015
f 2645 2941 3075
f 2654 2948 3102
f 2632 2876 3037
f 2621 2845 3003
f 2642 2882 3066
f 2652 2888 3097
f 2657 2894 3113
f 2638 2900 3055
f 2667 2870 3142
f 2663 2942 3130
f 2649 2947 3088
f 2620 2839 3000
f 2677 2802 3157
f 2673 2795 3151
f 2679 2807 3154
f 2682 2813 3161
f 2685 2820 3164
f 2693 2843 3167
f 2720 2902 3201
f 2705 2872 3188
f 2726 2945 3208
f 2691 2950 3171
f 2711 2880 3190
f 2695 2847 3175
f 2703 2884 3180
f 2715 2891 3194
f 2718 2898 3197
f 2721 2903 3199
f 2708 2873 3182
f 2706 2944 3186
f 2727 2951 3209
f 2690 2842 3173
f 2675 2800 2977
f 2671 2793 2973
f 2672 2805 2979
f 2678 2811 2982
f 2681 2818 2985
f 2686 2841 2999
f 2722 2904 3056
f 2709 2874 3143
f 2730 2946 3131
f 2689 2949 3087
f 2710 2879 3022
f 2697 2849 3018
f 2698 2883 3024
f 2712 2889 3027
f 2714 2896 3030
f 2719 2901 3040
f 2699 2871 3014
f 2704 2943 3074
f 2729 2952 3103
f 2694 2844 3109
f 2684 2819 3138
f 2676 2801 3048
f 2674 2796 2989
f 2680 2808 3079
f 2683 2814 3124
f 2687 2826 3052
f 2724 2928 3148
f 2707 2969 3135
f 2728 2957 3090
f 2688 2831 2995
f 2717 2897 3112
f 2700 2878 3036
f 2696 2848 3004
f 2713 2886 3067
f 2716 2892 3098
f 2723 2910 3116
f 2701 2856 3034
f 2702 2860 3010
f 2725 2939 3073
f 2692 2961 3104
f 2677 2925 3059
f 2673 2823 2991
f 2679 2830 3081
f 2682 2956 3132
f 2685 2968 3149
f 2693 2920 3117
f 2720 2915 3045
f 2705 2866 3013
f 2726 2932 3071
f 2691 2837 3093
f 2711 2907 3042
f 2695 2853 3006
f 2703 2861 3063
f 2715 2938 3100
f 2718 2964 3120
f 2721 2921 3058
f 2708 2914 3145
f 2706 2867 3127
f 2727 2933 3085
f 2690 2836 2998
f 2675 2817 3158
f 2671 2799 3152
f 2672 2794 3153
f 2678 2806 3160
f 2681 2812 3163
f 2686 2825 3166
f 2722 2927 3204
f 2709 2970 3189
f 2730 2958 3210
f 2689 2832 3169
f 2710 2895 3191
f 2697 2877 3179
f 2698 2850 3177
f 2712 2885 3193
f 2714 2890 3196
f 2719 2909 3200
f 2699 2854 3181
f 2704 2862 3184
f 2729 2940 3206
f 2694 2962 3174
f 2615 2984 2975
f 2612 2976 2971
f 2611 2974 2972
f 2613 2980 2978
f 2614 2983 2981
f 2617 2992 2990
f 2640 3060 3054
f 2670 3150 3141
f 2664 3133 3129
f 2647 3082 3080
f 2630 3029 3020
f 2627 3021 3016
f 2626 3019 3017
f 2628 3025 3023
f 2629 3028 3026
f 2634 3043 3038
f 2622 3007 3005
f 2641 3064 3062
f 2653 3101 3099
f 2660 3119 3107
f 2669 3147 3136
f 2637 3051 3046
f 2618 2994 2987
f 2650 3089 3077
f 2665 3134 3122
f 2639 3057 3050
f 2668 3146 3144
f 2662 3128 3126
f 2648 3086 3084
f 2619 2997 2993
f 2658 3115 3110
f 2631 3033 3031
f 2623 3009 3002
f 2644 3072 3065
f 2655 3105 3096
f 2659 3118 3114
f 2635 3044 3032
f 2624 3012 3008
f 2643 3070 3068
f 2651 3094 3092
f 2636 3049 3047
f 2616 2988 2986
f 2646 3078 3076
f 2661 3123 3121
f 2666 3139 3137
f 2656 3108 3106
f 2633 3041 3039
f 2625 3015 3011
f 2645 3075 3069
f 2654 3102 3091
f 2632 3037 3035
f 2621 3003 3001
f 2642 3066 3061
f 2652 3097 3095
f 2657 3113 3111
f 2638 3055 3053
f 2667 3142 3140
f 2663 3130 3125
f 2649 3088 3083
f 2620 3000 2996
f 2677 3157 3159
f 2673 3151 3155
f 2679 3154 3156
f 2682 3161 3162
f 2685 3164 3165
f 2693 3167 3168
f 2720 3201 3202
f 2705 3188 3187
f 2726 3208 3207
f 2691 3171 3170
f 2711 3190 3192
f 2695 3175 3176
f 2703 3180 3178
f 2715 3194 3195
f 2718 3197 3198
f 2721 3199 3203
f 2708 3182 3183
f 2706 3186 3185
f 2727 3209 3205
f 2690 3173 3172
f 2975 2732 2735
f 2971 2731 2732
f 2972 2733 2731
f 2978 2734 2733
f 2981 2735 2734
f 2990 2740 2737
f 3054 2758 2760
f 3141 2787 2790
f 3129 2783 2784
f 3080 2769 2767
f 3020 2747 2750
f 3016 2746 2747
f 3017 2748 2746
f 3023 2749 2748
f 3026 2750 2749
f 3038 2753 2754
f 3005 2745 2742
f 3062 2765 2761
f 3099 2774 2773
f 3107 2776 2780
f 3136 2786 2789
f 3046 2756 2757
f 2987 2736 2738
f 3077 2766 2770
f 3122 2781 2785
f 3050 2757 2759
f 3144 2789 2788
f 3126 2785 2782
f 3084 2770 2768
f 2993 2738 2739
f 3110 2777 2778
f 3031 2752 2751
f 3002 2741 2743
f 3065 2762 2764
f 3096 2772 2775
f 3114 2778 2779
f 3032 2751 2755
f 3008 2743 2744
f 3068 2764 2763
f 3092 2775 2771
f 3047 2760 2756
f 2986 2737 2736
f 3076 2767 2766
f 3121 2784 2781
f 3137 2790 2786
f 3106 2779 2776
f 3039 2755 2753
f 3011 2744 2745
f 3069 2763 2765
f 3091 2771 2774
f 3035 2754 2752
f 3001 2742 2741
f 3061 2761 2762
f 3095 2773 2772
f 3111 2780 2777
f 3053 2759 2758
f 3140 2788 2787
f 3125 2782 2783
f 3083 2768 2769
f 2996 2739 2740
f 3159 2926 2925
f 3155 2824 2823
f 3156 2829 2830
f 3162 2955 2956
f 3165 2967 2968
f 3168 2919 2920
f 3202 2916 2915
f 3187 2868 2866
f 3207 2934 2932
f 3170 2835 2837
f 3192 2908 2907
f 3176 2855 2853
f 3178 2859 2861
f 3195 2937 2938
f 3198 2963 2964
f 3203 2922 2921
f 3183 2913 2914
f 3185 2865 2867
f 3205 2931 2933
f 3172 2838 2836
f 2984 2815 2817
f 2976 2797 2799
f 2974 2791 2794
f 2980 2803 2806
f 2983 2809 2812
f 2992 2821 2825
f 3060 2923 2927
f 3150 2966 2970
f 3133 2954 2958
f 3082 2828 2832
f 3029 2893 2895
f 3021 2875 2877
f 3019 2846 2850
f 3025 2881 2885
f 3028 2887 2890
f 3043 2905 2909
f 3007 2851 2854
f 3064 2858 2862
f 3101 2936 2940
f 3119 2960 2962
f 3147 2924 2926
f 3051 2822 2824
f 2994 2827 2829
f 3089 2953 2955
f 3134 2965 2967
f 3057 2917 2919
f 3146 2912 2916
f 3128 2864 2868
f 3086 2930 2934
f 2997 2833 2835
f 3115 2906 2908
f 3033 2852 2855
f 3009 2857 2859
f 3072 2935 2937
f 3105 2959 2963
f 3118 2918 2922
f 3044 2911 2913
f 3012 2863 2865
f 3070 2929 2931
f 3094 2834 2838
f 3049 2798 2802
f 2988 2792 2795
f 3078 2804 2807
f 3123 2810 2813
f 3139 2816 2820
f 3108 2840 2843
f 3041 2899 2902
f 3015 2869 2872
f 3075 2941 2945
f 3102 2948 2950
f 3037 2876 2880
f 3003 2845 2847
f 3066 2882 2884
f 3097 2888 2891
f 3113 2894 2898
f 3055 2900 2903
f 3142 2870 2873
f 3130 2942 2944
f 3088 2947 2951
f 3000 2839 2842
f 3157 2802 2800
f 3151 2795 2793
f 3154 2807 2805
f 3161 2813 2811
f 3164 2820 2818
f 3167 2843 2841
f 3201 2902 2904
f 3188 2872 2874
f 3208 2945 2946
f 3171 2950 2949
f 3190 2880 2879
f 3175 2847 2849
f 3180 2884 2883
f 3194 2891 2889
f 3197 2898 2896
f 3199 2903 2901
f 3182 2873 2871
f 3186 2944 2943
f 3209 2951 2952
f 3173 2842 2844
f 2977 2800 2797
f 2973 2793 2791
f 2979 2805 2803
f 2982 2811 2809
f 2985 2818 2815
f 2999 2841 2839
f 3056 2904 2900
f 3143 2874 2870
f 3131 2946 2942
f 3087 2949 2947
f 3022 2879 2875
f 3018 2849 2846
f 3024 2883 2881
f 3027 2889 2887
f 3030 2896 2893
f 3040 2901 2899
f 3014 2871 2869
f 3074 2943 2941
f 3103 2952 2948
f 3109 2844 2840
f 3138 2819 2816
f 3048 2801 2798
f 2989 2796 2792
f 3079 2808 2804
f 3124 2814 2810
f 3052 2826 2822
f 3148 2928 2924
f 3135 2969 2965
f 3090 2957 2953
f 2995 2831 2827
f 3112 2897 2894
f 3036 2878 2876
f 3004 2848 2845
f 3067 2886 2882
f 3098 2892 2888
f 3116 2910 2906
f 3034 2856 2852
f 3010 2860 2857
f 3073 2939 2935
f 3104 2961 2959
f 3059 2925 2923
f 2991 2823 2821
f 3081 2830 2828
f 3132 2956 2954
f 3149 2968 2966
f 3117 2920 2918
f 3045 2915 2911
f 3013 2866 2863
f 3071 2932 2929
f 3093 2837 2834
f 3042 2907 2905
f 3006 2853 2851
f 3063 2861 2858
f 3100 2938 2936
f 3120 2964 2960
f 3058 2921 2917
f 3145 2914 2912
f 3127 2867 2864
f 3085 2933 2930
f 2998 2836 2833
f 3158 2817 2819
f 3152 2799 2801
f 3153 2794 2796
f 3160 2806 2808
f 3163 2812 2814
f 3166 2825 2826
f 3204 2927 2928
f 3189 2970 2969
f 3210 2958 2957
f 3169 2832 2831
f 3191 2895 2897
f 3179 2877 2878
f 3177 2850 2848
f 3193 2885 2886
f 3196 2890 2892
f 3200 2909 2910
f 3181 2854 2856
f 3184 2862 2860
f 3206 2940 2939
f 3174 2962 2961
f 2975 2984 2977
f 2971 2976 2973
f 2972 2974 2979
f 2978 2980 2982
f 2981 2983 2985
f 2990 2992 2999
f 3054 3060 3056
f 3141 3150 3143
f 3129 3133 3131
f 3080 3082 3087
f 3020 3029 3022
f 3016 3021 3018
f 3017 3019 3024
f 3023 3025 3027
f 3026 3028 3030
f 3038 3043 3040
f 3005 3007 3014
f 3062 3064 3074
f 3099 3101 3103
f 3107 3119 3109
f 3136 3147 3138
f 3046 3051 3048
f 2987 2994 2989
f 3077 3089 3079
f 3122 3134 3124
f 3050 3057 3052
f 3144 3146 3148
f 3126 3128 3135
f 3084 3086 3090
f 2993 2997 2995
f 3110 3115 3112
f 3031 3033 3036
f 3002 3009 3004
f 3065 3072 3067
f 3096 3105 3098
f 3114 3118 3116
f 3032 3044 3034
f 3008 3012 3010
f 3068 3070 3073
f 3092 3094 3104
f 3047 3049 3059
f 2986 2988 2991
f 3076 3078 3081
f 3121 3123 3132
f 3137 3139 3149
f 3106 3108 3117
f 3039 3041 3045
f 3011 3015 3013
f 3069 3075 3071
f 3091 3102 3093
f 3035 3037 3042
f 3001 3003 3006
f 3061 3066 3063
f 3095 3097 3100
f 3111 3113 3120
f 3053 3055 3058
f 3140 3142 3145
f 3125 3130 3127
f 3083 3088 3085
f 2996 3000 2998
f 3159 3157 3158
f 3155 3151 3152
f 3156 3154 3153
f 3162 3161 3160
f 3165 3164 3163
f 3168 3167 3166
f 3202 3201 3204
f 3187 3188 3189
f 3207 3208 3210
f 3170 3171 3169
f 3192 3190 3191
f 3176 3175 3179
f 3178 3180 3177
f 3195 3194 3193
f 3198 3197 3196
f 3203 3199 3200
f 3183 3182 3181
f 3185 3186 3184
f 3205 3209 3206
f 3172 3173 3174
f 3211 3377 3374
f 3211 3374 3373
f 3211 3373 3375
f 3211 3375 3376
f 3211 3376 3377
f 3212 3379 3382
f 3216 3402 3400
f 3222 3432 3429
f 3221 3426 3425
f 3218 3409 3411
f 3214 3392 3389
f 3214 3389 3388
f 3214 3388 3390
f 3214 3390 3391
f 3214 3391 3392
f 3215 3396 3395
f 3213 3384 3387
f 3217 3403 3407
f 3219 3415 3416
f 3220 3422 3418
f 3222 3431 3428
f 3216 3399 3398
f 3212 3380 3378
f 3218 3412 3408
f 3221 3427 3423
f 3216 3401 3399
f 3222 3430 3431
f 3221 3424 3427
f 3218 3410 3412
f 3212 3381 3380
f 3220 3420 3419
f 3215 3393 3394
f 3213 3385 3383
f 3217 3406 3404
f 3219 3417 3414
f 3220 3421 3420
f 3215 3397 3393
f 3213 3386 3385
f 3217 3405 3406
f 3219 3413 3417
f 3216 3398 3402
f 3212 3378 3379
f 3218 3408 3409
f 3221 3423 3426
f 3222 3428 3432
f 3220 3418 3421
f 3215 3395 3397
f 3213 3387 3386
f 3217 3407 3405
f 3219 3416 3413
f 3215 3394 3396
f 3213 3383 3384
f 3217 3404 3403
f 3219 3414 3415
f 3220 3419 3422
f 3216 3400 3401
f 3222 3429 3430
f 3221 3425 3424
f 3218 3411 3410
f 3212 3382 3381
f 3245 3567 3568
f 3228 3465 3466
f 3229 3472 3471
f 3250 3598 3597
f 3252 3610 3609
f 3244 3562 3561
f 3243 3557 3558
f 3235 3508 3510
f 3246 3574 3576
f 3230 3479 3477
f 3242 3549 3550
f 3233 3495 3497
f 3234 3503 3501
f 3247 3580 3579
f 3251 3606 3605
f 3244 3563 3564
f 3243 3556 3555
f 3235 3509 3507
f 3246 3575 3573
f 3230 3478 3480
f 3227 3459 3457
f 3224 3441 3439
f 3223 3436 3433
f 3225 3448 3445
f 3226 3454 3451
f 3228 3467 3463
f 3245 3569 3565
f 3252 3612 3608
f 3250 3600 3596
f 3229 3474 3470
f 3240 3537 3535
f 3237 3519 3517
f 3232 3492 3488
f 3238 3527 3523
f 3239 3532 3529
f 3242 3551 3547
f 3233 3496 3493
f 3234 3504 3500
f 3247 3582 3578
f 3251 3604 3602
f 3245 3568 3566
f 3228 3466 3464
f 3229 3471 3469
f 3250 3597 3595
f 3252 3609 3607
f 3244 3561 3559
f 3243 3558 3554
f 3235 3510 3506
f 3246 3576 3572
f 3230 3477 3475
f 3242 3550 3548
f 3233 3497 3494
f 3234 3501 3499
f 3247 3579 3577
f 3251 3605 3601
f 3244 3564 3560
f 3243 3555 3553
f 3235 3507 3505
f 3246 3573 3571
f 3230 3480 3476
f 3224 3444 3440
f 3223 3437 3434
f 3225 3449 3446
f 3226 3455 3452
f 3227 3462 3458
f 3231 3485 3482
f 3241 3544 3541
f 3236 3514 3511
f 3248 3587 3583
f 3249 3592 3590
f 3237 3522 3518
f 3232 3489 3487
f 3238 3526 3524
f 3239 3533 3530
f 3240 3540 3536
f 3241 3545 3542
f 3236 3515 3512
f 3248 3586 3584
f 3249 3593 3589
f 3231 3484 3481
f 3224 3442 3444
f 3223 3435 3437
f 3225 3447 3449
f 3226 3453 3455
f 3227 3460 3462
f 3231 3483 3485
f 3241 3546 3544
f 3236 3516 3514
f 3248 3588 3587
f 3249 3591 3592
f 3237 3521 3522
f 3232 3491 3489
f 3238 3525 3526
f 3239 3531 3533
f 3240 3538 3540
f 3241 3543 3545
f 3236 3513 3515
f 3248 3585 3586
f 3249 3594 3593
f 3231 3486 3484
f 3224 3439 3442
f 3223 3433 3435
f 3225 3445 3447
f 3226 3451 3453
f 3227 3457 3460
f 3231 3481 3483
f 3241 3542 3546
f 3236 3512 3516
f 3248 3584 3588
f 3249 3589 3591
f 3237 3517 3521
f 3232 3488 3491
f 3238 3523 3525
f 3239 3529 3531
f 3240 3535 3538
f 3241 3541 3543
f 3236 3511 3513
f 3248 3583 3585
f 3249 3590 3594
f 3231 3482 3486
f 3227 3458 3461
f 3224 3440 3443
f 3223 3434 3438
f 3225 3446 3450
f 3226 3452 3456
f 3228 3464 3468
f 3245 3566 3570
f 3252 3607 3611
f 3250 3595 3599
f 3229 3469 3473
f 3240 3536 3539
f 3237 3518 3520
f 3232 3487 3490
f 3238 3524 3528
f 3239 3530 3534
f 3242 3548 3552
f 3233 3494 3498
f 3234 3499 3502
f 3247 3577 3581
f 3251 3601 3603
f 3245 3565 3567
f 3228 3463 3465
f 3229 3470 3472
f 3250 3596 3598
f 3252 3608 3610
f 3244 3560 3562
f 3243 3553 3557
f 3235 3505 3508
f 3246 3571 3574
f 3230 3476 3479
f 3242 3547 3549
f 3233 3493 3495
f 3234 3500 3503
f 3247 3578 3580
f 3251 3602 3606
f 3244 3559 3563
f 3243 3554 3556
f 3235 3506 3509
f 3246 3572 3575
f 3230 3475 3478
f 3227 3461 3459
f 3224 3443 3441
f 3223 3438 3436
f 3225 3450 3448
f 3226 3456 3454
f 3228 3468 3467
f 3245 3570 3569
f 3252 3611 3612
f 3250 3599 3600
f 3229 3473 3474
f 3240 3539 3537
f 3237 3520 3519
f 3232 3490 3492
f 3238 3528 3527
f 3239 3534 3532
f 3242 3552 3551
f 3233 3498 3496
f 3234 3502 3504
f 3247 3581 3582
f 3251 3603 3604
f 3317 3619 3626
f 3313 3615 3618
f 3314 3621 3616
f 3320 3624 3622
f 3323 3627 3625
f 3328 3641 3634
f 3364 3698 3702
f 3351 3785 3792
f 3372 3773 3775
f 3331 3729 3724
f 3352 3664 3671
f 3339 3660 3663
f 3340 3666 3661
f 3354 3669 3667
f 3356 3672 3670
f 3361 3682 3685
f 3341 3656 3649
f 3346 3716 3706
f 3371 3745 3743
f 3336 3751 3761
f 3326 3780 3789
f 3318 3690 3693
f 3316 3631 3636
f 3322 3721 3731
f 3325 3766 3776
f 3329 3694 3699
f 3366 3790 3788
f 3349 3777 3770
f 3370 3732 3728
f 3330 3637 3639
f 3359 3754 3757
f 3342 3678 3675
f 3338 3646 3651
f 3355 3709 3714
f 3358 3740 3747
f 3365 3758 3760
f 3343 3676 3686
f 3344 3652 3654
f 3367 3715 3712
f 3334 3746 3736
f 3319 3701 3691
f 3315 3633 3630
f 3321 3723 3720
f 3324 3774 3765
f 3327 3791 3781
f 3335 3759 3750
f 3362 3687 3683
f 3347 3655 3657
f 3368 3713 3717
f 3333 3735 3744
f 3353 3684 3679
f 3337 3648 3645
f 3345 3705 3708
f 3357 3742 3739
f 3360 3762 3755
f 3363 3700 3697
f 3350 3787 3784
f 3348 3769 3772
f 3369 3727 3730
f 3332 3640 3642
f 3317 3800 3799
f 3313 3794 3793
f 3314 3795 3796
f 3320 3802 3803
f 3323 3805 3806
f 3328 3808 3809
f 3364 3846 3843
f 3351 3831 3830
f 3372 3852 3850
f 3331 3811 3813
f 3352 3833 3832
f 3339 3821 3817
f 3340 3819 3822
f 3354 3835 3836
f 3356 3838 3839
f 3361 3842 3841
f 3341 3823 3824
f 3346 3826 3828
f 3371 3848 3851
f 3336 3816 3815
f 3257 3617 3377
f 3254 3613 3374
f 3253 3614 3373
f 3255 3620 3375
f 3256 3623 3376
f 3259 3632 3379
f 3282 3696 3402
f 3312 3783 3432
f 3306 3771 3426
f 3289 3722 3409
f 3272 3662 3392
f 3269 3658 3389
f 3268 3659 3388
f 3270 3665 3390
f 3271 3668 3391
f 3276 3680 3396
f 3264 3647 3384
f 3283 3704 3403
f 3295 3741 3415
f 3302 3749 3422
f 3311 3778 3431
f 3279 3688 3399
f 3260 3629 3380
f 3292 3719 3412
f 3307 3764 3427
f 3281 3692 3401
f 3310 3786 3430
f 3304 3768 3424
f 3290 3726 3410
f 3261 3635 3381
f 3300 3752 3420
f 3273 3673 3393
f 3265 3644 3385
f 3286 3707 3406
f 3297 3738 3417
f 3301 3756 3421
f 3277 3674 3397
f 3266 3650 3386
f 3285 3710 3405
f 3293 3734 3413
f 3278 3689 3398
f 3258 3628 3378
f 3288 3718 3408
f 3303 3763 3423
f 3308 3779 3428
f 3298 3748 3418
f 3275 3681 3395
f 3267 3653 3387
f 3287 3711 3407
f 3296 3733 3416
f 3274 3677 3394
f 3263 3643 3383
f 3284 3703 3404
f 3294 3737 3414
f 3299 3753 3419
f 3280 3695 3400
f 3309 3782 3429
f 3305 3767 3425
f 3291 3725 3411
f 3262 3638 3382
f 3319 3801 3567
f 3315 3797 3465
f 3321 3798 3472
f 3324 3804 3598
f 3327 3807 3610
f 3335 3810 3562
f 3362 3844 3557
f 3347 3829 3508
f 3368 3849 3574
f 3333 3812 3479
f 3353 3834 3549
f 3337 3818 3495
f 3345 3820 3503
f 3357 3837 3580
f 3360 3840 3606
f 3363 3845 3563
f 3350 3825 3556
f 3348 3827 3509
f 3369 3847 3575
f 3332 3814 3478
f 3317 3626 3459
f 3313 3618 3441
f 3314 3616 3436
f 3320 3622 3448
f 3323 3625 3454
f 3328 3634 3467
f 3364 3702 3569
f 3351 3792 3612
f 3372 3775 3600
f 3331 3724 3474
f 3352 3671 3537
f 3339 3663 3519
f 3340 3661 3492
f 3354 3667 3527
f 3356 3670 3532
f 3361 3685 3551
f 3341 3649 3496
f 3346 3706 3504
f 3371 3743 3582
f 3336 3761 3604
f 3326 3789 3568
f 3318 3693 3466
f 3316 3636 3471
f 3322 3731 3597
f 3325 3776 3609
f 3329 3699 3561
f 3366 3788 3558
f 3349 3770 3510
f 3370 3728 3576
f 3330 3639 3477
f 3359 3757 3550
f 3342 3675 3497
f 3338 3651 3501
f 3355 3714 3579
f 3358 3747 3605
f 3365 3760 3564
f 3343 3686 3555
f 3344 3654 3507
f 3367 3712 3573
f 3334 3736 3480
f 3319 3691 3444
f 3315 3630 3437
f 3321 3720 3449
f 3324 3765 3455
f 3327 3781 3462
f 3335 3750 3485
f 3362 3683 3544
f 3347 3657 3514
f 3368 3717 3587
f 3333 3744 3592
f 3353 3679 3522
f 3337 3645 3489
f 3345 3708 3526
f 3357 3739 3533
f 3360 3755 3540
f 3363 3697 3545
f 3350 3784 3515
f 3348 3772 3586
f 3369 3730 3593
f 3332 3642 3484
f 3317 3799 3442
f 3313 3793 3435
f 3314 3796 3447
f 3320 3803 3453
f 3323 3806 3460
f 3328 3809 3483
f 3364 3843 3546
f 3351 3830 3516
f 3372 3850 3588
f 3331 3813 3591
f 3352 3832 3521
f 3339 3817 3491
f 3340 3822 3525
f 3354 3836 3531
f 3356 3839 3538
f 3361 3841 3543
f 3341 3824 3513
f 3346 3828 3585
f 3371 3851 3594
f 3336 3815 3486
f 3254 3619 3439
f 3253 3615 3433
f 3255 3621 3445
f 3256 3624 3451
f 3257 3627 3457
f 3262 3641 3481
f 3280 3698 3542
f 3309 3785 3512
f 3305 3773 3584
f 3291 3729 3589
f 3269 3664 3517
f 3268 3660 3488
f 3270 3666 3523
f 3271 3669 3529
f 3272 3672 3535
f 3275 3682 3541
f 3267 3656 3511
f 3287 3716 3583
f 3296 3745 3590
f 3298 3751 3482
f 3308 3780 3458
f 3278 3690 3440
f 3258 3631 3434
f 3288 3721 3446
f 3303 3766 3452
f 3279 3694 3464
f 3311 3790 3566
f 3307 3777 3607
f 3292 3732 3595
f 3260 3637 3469
f 3299 3754 3536
f 3274 3678 3518
f 3263 3646 3487
f 3284 3709 3524
f 3294 3740 3530
f 3300 3758 3548
f 3273 3676 3494
f 3265 3652 3499
f 3286 3715 3577
f 3297 3746 3601
f 3282 3701 3565
f 3259 3633 3463
f 3289 3723 3470
f 3306 3774 3596
f 3312 3791 3608
f 3301 3759 3560
f 3277 3687 3553
f 3266 3655 3505
f 3285 3713 3571
f 3293 3735 3476
f 3276 3684 3547
f 3264 3648 3493
f 3283 3705 3500
f 3295 3742 3578
f 3302 3762 3602
f 3281 3700 3559
f 3310 3787 3554
f 3304 3769 3506
f 3290 3727 3572
f 3261 3640 3475
f 3326 3800 3461
f 3318 3794 3443
f 3316 3795 3438
f 3322 3802 3450
f 3325 3805 3456
f 3329 3808 3468
f 3366 3846 3570
f 3349 3831 3611
f 3370 3852 3599
f 3330 3811 3473
f 3359 3833 3539
f 3342 3821 3520
f 3338 3819 3490
f 3355 3835 3528
f 3358 3838 3534
f 3365 3842 3552
f 3343 3823 3498
f 3344 3826 3502
f 3367 3848 3581
f 3334 3816 3603
f 3254 3617 3619
f 3253 3613 3615
f 3255 3614 3621
f 3256 3620 3624
f 3257 3623 3627
f 3262 3632 3641
f 3280 3696 3698
f 3309 3783 3785
f 3305 3771 3773
f 3291 3722 3729
f 3269 3662 3664
f 3268 3658 3660
f 3270 3659 3666
f 3271 3665 3669
f 3272 3668 3672
f 3275 3680 3682
f 3267 3647 3656
f 3287 3704 3716
f 3296 3741 3745
f 3298 3749 3751
f 3308 3778 3780
f 3278 3688 3690
f 3258 3629 3631
f 3288 3719 3721
f 3303 3764 3766
f 3279 3692 3694
f 3311 3786 3790
f 3307 3768 3777
f 3292 3726 3732
f 3260 3635 3637
f 3299 3752 3754
f 3274 3673 3678
f 3263 3644 3646
f 3284 3707 3709
f 3294 3738 3740
f 3300 3756 3758
f 3273 3674 3676
f 3265 3650 3652
f 3286 3710 3715
f 3297 3734 3746
f 3282 3689 3701
f 3259 3628 3633
f 3289 3718 3723
f 3306 3763 3774
f 3312 3779 3791
f 3301 3748 3759
f 3277 3681 3687
f 3266 3653 3655
f 3285 3711 3713
f 3293 3733 3735
f 3276 3677 3684
f 3264 3643 3648
f 3283 3703 3705
f 3295 3737 3742
f 3302 3753 3762
f 3281 3695 3700
f 3310 3782 3787
f 3304 3767 3769
f 3290 3725 3727
f 3261 3638 3640
f 3326 3801 3800
f 3318 3797 3794
f 3316 3798 3795
f 3322 3804 3802
f 3325 3807 3805
f 3329 3810 3808
f 3366 3844 3846
f 3349 3829 3831
f 3370 3849 3852
f 3330 3812 3811
f 3359 3834 3833
f 3342 3818 3821
f 3338 3820 3819
f 3355 3837 3835
f 3358 3840 3838
f 3365 3845 3842
f 3343 3825 3823
f 3344 3827 3826
f 3367 3847 3848
f 3334 3814 3816
f 3254 3374 3617
f 3253 3373 3613
f 3255 3375 3614
f 3256 3376 3620
f 3257 3377 3623
f 3262 3382 3632
f 3280 3400 3696
f 3309 3429 3783
f 3305 3425 3771
f 3291 3411 3722
f 3269 3389 3662
f 3268 3388 3658
f 3270 3390 3659
f 3271 3391 3665
f 3272 3392 3668
f 3275 3395 3680
f 3267 3387 3647
f 3287 3407 3704
f 3296 3416 3741
f 3298 3418 3749
f 3308 3428 3778
f 3278 3398 3688
f 3258 3378 3629
f 3288 3408 3719
f 3303 3423 3764
f 3279 3399 3692
f 3311 3431 3786
f 3307 3427 3768
f 3292 3412 3726
f 3260 3380 3635
f 3299 3419 3752
f 3274 3394 3673
f 3263 3383 3644
f 3284 3404 3707
f 3294 3414 3738
f 3300 3420 3756
f 3273 3393 3674
f 3265 3385 3650
f 3286 3406 3710
f 3297 3417 3734
f 3282 3402 3689
f 3259 3379 3628
f 3289 3409 3718
f 3306 3426 3763
f 3312 3432 3779
f 3301 3421 3748
f 3277 3397 3681
f 3266 3386 3653
f 3285 3405 3711
f 3293 3413 3733
f 3276 3396 3677
f 3264 3384 3643
f 3283 3403 3703
f 3295 3415 3737
f 3302 3422 3753
f 3281 3401 3695
f 3310 3430 3782
f 3304 3424 3767
f 3290 3410 3725
f 3261 3381 3638
f 3326 3568 3801
f 3318 3466 3797
f 3316 3471 3798
f 3322 3597 3804
f 3325 3609 3807
f 3329 3561 3810
f 3366 3558 3844
f 3349 3510 3829
f 3370 3576 3849
f 3330 3477 3812
f 3359 3550 3834
f 3342 3497 3818
f 3338 3501 3820
f 3355 3579 3837
f 3358 3605 3840
f 3365 3564 3845
f 3343 3555 3825
f 3344 3507 3827
f 3367 3573 3847
f 3334 3480 3814
f 3257 3457 3626
f 3254 3439 3618
f 3253 3433 3616
f 3255 3445 3622
f 3256 3451 3625
f 3259 3463 3634
f 3282 3565 3702
f 3312 3608 3792
f 3306 3596 3775
f 3289 3470 3724
f 3272 3535 3671
f 3269 3517 3663
f 3268 3488 3661
f 3270 3523 3667
f 3271 3529 3670
f 3276 3547 3685
f 3264 3493 3649
f 3283 3500 3706
f 3295 3578 3743
f 3302 3602 3761
f 3311 3566 3789
f 3279 3464 3693
f 3260 3469 3636
f 3292 3595 3731
f 3307 3607 3776
f 3281 3559 3699
f 3310 3554 3788
f 3304 3506 3770
f 3290 3572 3728
f 3261 3475 3639
f 3300 3548 3757
f 3273 3494 3675
f 3265 3499 3651
f 3286 3577 3714
f 3297 3601 3747
f 3301 3560 3760
f 3277 3553 3686
f 3266 3505 3654
f 3285 3571 3712
f 3293 3476 3736
f 3278 3440 3691
f 3258 3434 3630
f 3288 3446 3720
f 3303 3452 3765
f 3308 3458 3781
f 3298 3482 3750
f 3275 3541 3683
f 3267 3511 3657
f 3287 3583 3717
f 3296 3590 3744
f 3274 3518 3679
f 3263 3487 3645
f 3284 3524 3708
f 3294 3530 3739
f 3299 3536 3755
f 3280 3542 3697
f 3309 3512 3784
f 3305 3584 3772
f 3291 3589 3730
f 3262 3481 3642
f 3319 3444 3799
f 3315 3437 3793
f 3321 3449 3796
f 3324 3455 3803
f 3327 3462 3806
f 3335 3485 3809
f 3362 3544 3843
f 3347 3514 3830
f 3368 3587 3850
f 3333 3592 3813
f 3353 3522 3832
f 3337 3489 3817
f 3345 3526 3822
f 3357 3533 3836
f 3360 3540 3839
f 3363 3545 3841
f 3350 3515 3824
f 3348 3586 3828
f 3369 3593 3851
f 3332 3484 3815
f 3317 3442 3619
f 3313 3435 3615
f 3314 3447 3621
f 3320 3453 3624
f 3323 3460 3627
f 3328 3483 3641
f 3364 3546 3698
f 3351 3516 3785
f 3372 3588 3773
f 3331 3591 3729
f 3352 3521 3664
f 3339 3491 3660
f 3340 3525 3666
f 3354 3531 3669
f 3356 3538 3672
f 3361 3543 3682
f 3341 3513 3656
f 3346 3585 3716
f 3371 3594 3745
f 3336 3486 3751
f 3326 3461 3780
f 3318 3443 3690
f 3316 3438 3631
f 3322 3450 3721
f 3325 3456 3766
f 3329 3468 3694
f 3366 3570 3790
f 3349 3611 3777
f 3370 3599 3732
f 3330 3473 3637
f 3359 3539 3754
f 3342 3520 3678
f 3338 3490 3646
f 3355 3528 3709
f 3358 3534 3740
f 3365 3552 3758
f 3343 3498 3676
f 3344 3502 3652
f 3367 3581 3715
f 3334 3603 3746
f 3319 3567 3701
f 3315 3465 3633
f 3321 3472 3723
f 3324 3598 3774
f 3327 3610 3791
f 3335 3562 3759
f 3362 3557 3687
f 3347 3508 3655
f 3368 3574 3713
f 3333 3479 3735
f 3353 3549 3684
f 3337 3495 3648
f 3345 3503 3705
f 3357 3580 3742
f 3360 3606 3762
f 3363 3563 3700
f 3350 3556 3787
f 3348 3509 3769
f 3369 3575 3727
f 3332 3478 3640
f 3317 3459 3800
f 3313 3441 3794
f 3314 3436 3795
f 3320 3448 3802
f 3323 3454 3805
f 3328 3467 3808
f 3364 3569 3846
f 3351 3612 3831
f 3372 3600 3852
f 3331 3474 3811
f 3352 3537 3833
f 3339 3519 3821
f 3340 3492 3819
f 3354 3527 3835
f 3356 3532 3838
f 3361 3551 3842
f 3341 3496 3823
f 3346 3504 3826
f 3371 3582 3848
f 3336 3604 3816
f 3257 3626 3617
f 3254 3618 3613
f 3253 3616 3614
f 3255 3622 3620
f 3256 3625 3623
f 3259 3634 3632
f 3282 3702 3696
f 3312 3792 3783
f 3306 3775 3771
f 3289 3724 3722
f 3272 3671 3662
f 3269 3663 3658
f 3268 3661 3659
f 3270 3667 3665
f 3271 3670 3668
f 3276 3685 3680
f 3264 3649 3647
f 3283 3706 3704
f 3295 3743 3741
f 3302 3761 3749
f 3311 3789 3778
f 3279 3693 3688
f 3260 3636 3629
f 3292 3731 3719
f 3307 3776 3764
f 3281 3699 3692
f 3310 3788 3786
f 3304 3770 3768
f 3290 3728 3726
f 3261 3639 3635
f 3300 3757 3752
f 3273 3675 3673
f 3265 3651 3644
f 3286 3714 3707
f 3297 3747 3738
f 3301 3760 3756
f 3277 3686 3674
f 3266 3654 3650
f 3285 3712 3710
f 3293 3736 3734
f 3278 3691 3689
f 3258 3630 3628
f 3288 3720 3718
f 3303 3765 3763
f 3308 3781 3779
f 3298 3750 3748
f 3275 3683 3681
f 3267 3657 3653
f 3287 3717 3711
f 3296 3744 3733
f 3274 3679 3677
f 3263 3645 3643
f 3284 3708 3703
f 3294 3739 3737
f 3299 3755 3753
f 3280 3697 3695
f 3309 3784 3782
f 3305 3772 3767
f 3291 3730 3725
f 3262 3642 3638
f 3319 3799 3801
f 3315 3793 3797
f 3321 3796 3798
f 3324 3803 3804
f 3327 3806 3807
f 3335 3809 3810
f 3362 3843 3844
f 3347 3830 3829
f 3368 3850 3849
f 3333 3813 3812
f 3353 3832 3834
f 3337 3817 3818
f 3345 3822 3820
f 3357 3836 3837
f 3360 3839 3840
f 3363 3841 3845
f 3350 3824 3825
f 3348 3828 3827
f 3369 3851 3847
f 3332 3815 3814
f 3617 3374 3377
f 3613 3373 3374
f 3614 3375 3373
f 3620 3376 3375
f 3623 3377 3376
f 3632 3382 3379
f 3696 3400 3402
f 3783 3429 3432
f 3771 3425 3426
f 3722 3411 3409
f 3662 3389 3392
f 3658 3388 3389
f 3659 3390 3388
f 3665 3391 3390
f 3668 3392 3391
f 3680 3395 3396
f 3647 3387 3384
f 3704 3407 3403
f 3741 3416 3415
f 3749 3418 3422
f 3778 3428 3431
f 3688 3398 3399
f 3629 3378 3380
f 3719 3408 3412
f 3764 3423 3427
f 3692 3399 3401
f 3786 3431 3430
f 3768 3427 3424
f 3726 3412 3410
f 3635 3380 3381
f 3752 3419 3420
f 3673 3394 3393
f 3644 3383 3385
f 3707 3404 3406
f 3738 3414 3417
f 3756 3420 3421
f 3674 3393 3397
f 3650 3385 3386
f 3710 3406 3405
f 3734 3417 3413
f 3689 3402 3398
f 3628 3379 3378
f 3718 3409 3408
f 3763 3426 3423
f 3779 3432 3428
f 3748 3421 3418
f 3681 3397 3395
f 3653 3386 3387
f 3711 3405 3407
f 3733 3413 3416
f 3677 3396 3394
f 3643 3384 3383
f 3703 3403 3404
f 3737 3415 3414
f 3753 3422 3419
f 3695 3401 3400
f 3782 3430 3429
f 3767 3424 3425
f 3725 3410 3411
f 3638 3381 3382
f 3801 3568 3567
f 3797 3466 3465
f 3798 3471 3472
f 3804 3597 3598
f 3807 3609 3610
f 3810 3561 3562
f 3844 3558 3557
f 3829 3510 3508
f 3849 3576 3574
f 3812 3477 3479
f 3834 3550 3549
f 3818 3497 3495
f 3820 3501 3503
f 3837 3579 3580
f 3840 3605 3606
f 3845 3564 3563
f 3825 3555 3556
f 3827 3507 3509
f 3847 3573 3575
f 3814 3480 3478
f 3626 3457 3459
f 3618 3439 3441
f 3616 3433 3436
f 3622 3445 3448
f 3625 3451 3454
f 3634 3463 3467
f 3702 3565 3569
f 3792 3608 3612
f 3775 3596 3600
f 3724 3470 3474
f 3671 3535 3537
f 3663 3517 3519
f 3661 3488 3492
f 3667 3523 3527
f 3670 3529 3532
f 3685 3547 3551
f 3649 3493 3496
f 3706 3500 3504
f 3743 3578 3582
f 3761 3602 3604
f 3789 3566 3568
f 3693 3464 3466
f 3636 3469 3471
f 3731 3595 3597
f 3776 3607 3609
f 3699 3559 3561
f 3788 3554 3558
f 3770 3506 3510
f 3728 3572 3576
f 3639 3475 3477
f 3757 3548 3550
f 3675 3494 3497
f 3651 3499 3501
f 3714 3577 3579
f 3747 3601 3605
f 3760 3560 3564
f 3686 3553 3555
f 3654 3505 3507
f 3712 3571 3573
f 3736 3476 3480
f 3691 3440 3444
f 3630 3434 3437
f 3720 3446 3449
f 3765 3452 3455
f 3781 3458 3462
f 3750 3482 3485
f 3683 3541 3544
f 3657 3511 3514
f 3717 3583 3587
f 3744 3590 3592
f 3679 3518 3522
f 3645 3487 3489
f 3708 3524 3526
f 3739 3530 3533
f 3755 3536 3540
f 3697 3542 3545
f 3784 3512 3515
f 3772 3584 3586
f 3730 3589 3593
f 3642 3481 3484
f 3799 3444 3442
f 3793 3437 3435
f 3796 3449 3447
f 3803 3455 3453
f 3806 3462 3460
f 3809 3485 3483
f 3843 3544 3546
f 3830 3514 3516
f 3850 3587 3588
f 3813 3592 3591
f 3832 3522 3521
f 3817 3489 3491
f 3822 3526 3525
f 3836 3533 3531
f 3839 3540 3538
f 3841 3545 3543
f 3824 3515 3513
f 3828 3586 3585
f 3851 3593 3594
f 3815 3484 3486
f 3619 3442 3439
f 3615 3435 3433
f 3621 3447 3445
f 3624 3453 3451
f 3627 3460 3457
f 3641 3483 3481
f 3698 3546 3542
f 3785 3516 3512
f 3773 3588 3584
f 3729 3591 3589
f 3664 3521 3517
f 3660 3491 3488
f 3666 3525 3523
f 3669 3531 3529
f 3672 3538 3535
f 3682 3543 3541
f 3656 3513 3511
f 3716 3585 3583
f 3745 3594 3590
f 3751 3486 3482
f 3780 3461 3458
f 3690 3443 3440
f 3631 3438 3434
f 3721 3450 3446
f 3766 3456 3452
f 3694 3468 3464
f 3790 3570 3566
f 3777 3611 3607
f 3732 3599 3595
f 3637 3473 3469
f 3754 3539 3536
f 3678 3520 3518
f 3646 3490 3487
f 3709 3528 3524
f 3740 3534 3530
f 3758 3552 3548
f 3676 3498 3494
f 3652 3502 3499
f 3715 3581 3577
f 3746 3603 3601
f 3701 3567 3565
f 3633 3465 3463
f 3723 3472 3470
f 3774 3598 3596
f 3791 3610 3608
f 3759 3562 3560
f 3687 3557 3553
f 3655 3508 3505
f 3713 3574 3571
f 3735 3479 3476
f 3684 3549 3547
f 3648 3495 3493
f 3705 3503 3500
f 3742 3580 3578
f 3762 3606 3602
f 3700 3563 3559
f 3787 3556 3554
f 3769 3509 3506
f 3727 3575 3572
f 3640 3478 3475
f 3800 3459 3461
f 3794 3441 3443
f 3795 3436 3438
f 3802 3448 3450
f 3805 3454 3456
f 3808 3467 3468
f 3846 3569 3570
f 3831 3612 3611
f 3852 3600 3599
f 3811 3474 3473
f 3833 3537 3539
f 3821 3519 3520
f 3819 3492 3490
f 3835 3527 3528
f 3838 3532 3534
f 3842 3551 3552
f 3823 3496 3498
f 3826 3504 3502
f 3848 3582 3581
f 3816 3604 3603
f 3617 3626 3619
f 3613 3618 3615
f 3614 3616 3621
f 3620 3622 3624
f 3623 3625 3627
f 3632 3634 3641
f 3696 3702 3698
f 3783 3792 3785
f 3771 3775 3773
f 3722 3724 3729
f 3662 3671 3664
f 3658 3663 3660
f 3659 3661 3666
f 3665 3667 3669
f 3668 3670 3672
f 3680 3685 3682
f 3647 3649 3656
f 3704 3706 3716
f 3741 3743 3745
f 3749 3761 3751
f 3778 3789 3780
f 3688 3693 3690
f 3629 3636 3631
f 3719 3731 3721
f 3764 3776 3766
f 3692 3699 3694
f 3786 3788 3790
f 3768 3770 3777
f 3726 3728 3732
f 3635 3639 3637
f 3752 3757 3754
f 3673 3675 3678
f 3644 3651 3646
f 3707 3714 3709
f 3738 3747 3740
f 3756 3760 3758
f 3674 3686 3676
f 3650 3654 3652
f 3710 3712 3715
f 3734 3736 3746
f 3689 3691 3701
f 3628 3630 3633
f 3718 3720 3723
f 3763 3765 3774
f 3779 3781 3791
f 3748 3750 3759
f 3681 3683 3687
f 3653 3657 3655
f 3711 3717 3713
f 3733 3744 3735
f 3677 3679 3684
f 3643 3645 3648
f 3703 3708 3705
f 3737 3739 3742
f 3753 3755 3762
f 3695 3697 3700
f 3782 3784 3787
f 3767 3772 3769
f 3725 3730 3727
f 3638 3642 3640
f 3801 3799 3800
f 3797 3793 3794
f 3798 3796 3795
f 3804 3803 3802
f 3807 3806 3805
f 3810 3809 3808
f 3844 3843 3846
f 3829 3830 3831
f 3849 3850 3852
f 3812 3813 3811
f 3834 3832 3833
f 3818 3817 3821
f 3820 3822 3819
f 3837 3836 3835
f 3840 3839 3838
f 3845 3841 3842
f 3825 3824 3823
f 3827 3828 3826
f 3847 3851 3848
f 3814 3815 3816
f 3853 4019 4016
f 3853 4016 4015
f 3853 4015 4017
f 3853 4017 4018
f 3853 4018 4019
f 3854 4021 4024
f 3858 4044 4042
f 3864 4074 4071
f 3863 4068 4067
f 3860 4051 4053
f 3856 4034 4031
f 3856 4031 4030
f 3856 4030 4032
f 3856 4032 4033
f 3856 4033 4034
f 3857 4038 4037
f 3855 4026 4029
f 3859 4045 4049
f 3861 4057 4058
f 3862 4064 4060
f 3864 4073 4070
f 3858 4041 4040
f 3854 4022 4020
f 3860 4054 4050
f 3863 4069 4065
f 3858 4043 4041
f 3864 4072 4073
f 3863 4066 4069
f 3860 4052 4054
f 3854 4023 4022
f 3862 4062 4061
f 3857 4035 4036
f 3855 4027 4025
f 3859 4048 4046
f 3861 4059 4056
f 3862 4063 4062
f 3857 4039 4035
f 3855 4028 4027
f 3859 4047 4048
f 3861 4055 4059
f 3858 4040 4044
f 3854 4020 4021
f 3860 4050 4051
f 3863 4065 4068
f 3864 4070 4074
f 3862 4060 4063
f 3857 4037 4039
f 3855 4029 4028
f 3859 4049 4047
f 3861 4058 4055
f 3857 4036 4038
f 3855 4025 4026
f 3859 4046 4045
f 3861 4056 4057
f 3862 4061 4064
f 3858 4042 4043
f 3864 4071 4072
f 3863 4067 4066
f 3860 4053 4052
f 3854 4024 4023
f 3887 4209 4210
f 3870 4107 4108
f 3871 4114 4113
f 3892 4240 4239
f 3894 4252 4251
f 3886 4204 4203
f 3885 4199 4200
f 3877 4150 4152
f 3888 4216 4218
f 3872 4121 4119
f 3884 4191 4192
f 3875 4137 4139
f 3876 4145 4143
f 3889 4222 4221
f 3893 4248 4247
f 3886 4205 4206
f 3885 4198 4197
f 3877 4151 4149
f 3888 4217 4215
f 3872 4120 4122
f 3869 4101 4099
f 3866 4083 4081
f 3865 4078 4075
f 3867 4090 4087
f 3868 4096 4093
f 3870 4109 4105
f 3887 4211 4207
f 3894 4254 4250
f 3892 4242 4238
f 3871 4116 4112
f 3882 4179 4177
f 3879 4161 4159
f 3874 4134 4130
f 3880 4169 4165
f 3881 4174 4171
f 3884 4193 4189
f 3875 4138 4135
f 3876 4146 4142
f 3889 4224 4220
f 3893 4246 4244
f 3887 4210 4208
f 3870 4108 4106
f 3871 4113 4111
f 3892 4239 4237
f 3894 4251 4249
f 3886 4203 4201
f 3885 4200 4196
f 3877 4152 4148
f 3888 4218 4214
f 3872 4119 4117
f 3884 4192 4190
f 3875 4139 4136
f 3876 4143 4141
f 3889 4221 4219
f 3893 4247 4243
f 3886 4206 4202
f 3885 4197 4195
f 3877 4149 4147
f 3888 4215 4213
f 3872 4122 4118
f 3866 4086 4082
f 3865 4079 4076
f 3867 4091 4088
f 3868 4097 4094
f 3869 4104 4100
f 3873 4127 4124
f 3883 4186 4183
f 3878 4156 4153
f 3890 4229 4225
f 3891 4234 4232
f 3879 4164 4160
f 3874 4131 4129
f 3880 4168 4166
f 3881 4175 4172
f 3882 4182 4178
f 3883 4187 4184
f 3878 4157 4154
f 3890 4228 4226
f 3891 4235 4231
f 3873 4126 4123
f 3866 4084 4086
f 3865 4077 4079
f 3867 4089 4091
f 3868 4095 4097
f 3869 4102 4104
f 3873 4125 4127
f 3883 4188 4186
f 3878 4158 4156
f 3890 4230 4229
f 3891 4233 4234
f 3879 4163 4164
f 3874 4133 4131
f 3880 4167 4168
f 3881 4173 4175
f 3882 4180 4182
f 3883 4185 4187
f 3878 4155 4157
f 3890 4227 4228
f 3891 4236 4235
f 3873 4128 4126
f 3866 4081 4084
f 3865 4075 4077
f 3867 4087 4089
f 3868 4093 4095
f 3869 4099 4102
f 3873 4123 4125
f 3883 4184 4188
f 3878 4154 4158
f 3890 4226 4230
f 3891 4231 4233
f 3879 4159 4163
f 3874 4130 4133
f 3880 4165 4167
f 3881 4171 4173
f 3882 4177 4180
f 3883 4183 4185
f 3878 4153 4155
f 3890 4225 4227
f 3891 4232 4236
f 3873 4124 4128
f 3869 4100 4103
f 3866 4082 4085
f 3865 4076 4080
f 3867 4088 4092
f 3868 4094 4098
f 3870 4106 4110
f 3887 4208 4212
f 3894 4249 4253
f 3892 4237 4241
f 3871 4111 4115
f 3882 4178 4181
f 3879 4160 4162
f 3874 4129 4132
f 3880 4166 4170
f 3881 4172 4176
f 3884 4190 4194
f 3875 4136 4140
f 3876 4141 4144
f 3889 4219 4223
f 3893 4243 4245
f 3887 4207 4209
f 3870 4105 4107
f 3871 4112 4114
f 3892 4238 4240
f 3894 4250 4252
f 3886 4202 4204
f 3885 4195 4199
f 3877 4147 4150
f 3888 4213 4216
f 3872 4118 4121
f 3884 4189 4191
f 3875 4135 4137
f 3876 4142 4145
f 3889 4220 4222
f 3893 4244 4248
f 3886 4201 4205
f 3885 4196 4198
f 3877 4148 4151
f 3888 4214 4217
f 3872 4117 4120
f 3869 4103 4101
f 3866 4085 4083
f 3865 4080 4078
f 3867 4092 4090
f 3868 4098 4096
f 3870 4110 4109
f 3887 4212 4211
f 3894 4253 4254
f 3892 4241 4242
f 3871 4115 4116
f 3882 4181 4179
f 3879 4162 4161
f 3874 4132 4134
f 3880 4170 4169
f 3881 4176 4174
f 3884 4194 4193
f 3875 4140 4138
f 3876 4144 4146
f 3889 4223 4224
f 3893 4245 4246
f 3959 4261 4268
f 3955 4257 4260
f 3956 4263 4258
f 3962 4266 4264
f 3965 4269 4267
f 3970 4283 4276
f 4006 4340 4344
f 3993 4427 4434
f 4014 4415 4417
f 3973 4371 4366
f 3994 4306 4313
f 3981 4302 4305
f 3982 4308 4303
f 3996 4311 4309
f 3998 4314 4312
f 4003 4324 4327
f 3983 4298 4291
f 3988 4358 4348
f 4013 4387 4385
f 3978 4393 4403
f 3968 4422 4431
f 3960 4332 4335
f 3958 4273 4278
f 3964 4363 4373
f 3967 4408 4418
f 3971 4336 4341
f 4008 4432 4430
f 3991 4419 4412
f 4012 4374 4370
f 3972 4279 4281
f 4001 4396 4399
f 3984 4320 4317
f 3980 4288 4293
f 3997 4351 4356
f 4000 4382 4389
f 4007 4400 4402
f 3985 4318 4328
f 3986 4294 4296
f 4009 4357 4354
f 3976 4388 4378
f 3961 4343 4333
f 3957 4275 4272
f 3963 4365 4362
f 3966 4416 4407
f 3969 4433 4423
f 3977 4401 4392
f 4004 4329 4325
f 3989 4297 4299
f 4010 4355 4359
f 3975 4377 4386
f 3995 4326 4321
f 3979 4290 4287
f 3987 4347 4350
f 3999 4384 4381
f 4002 4404 4397
f 4005 4342 4339
f 3992 4429 4426
f 3990 4411 4414
f 4011 4369 4372
f 3974 4282 4284
f 3959 4442 4441
f 3955 4436 4435
f 3956 4437 4438
f 3962 4444 4445
f 3965 4447 4448
f 3970 4450 4451
f 4006 4488 4485
f 3993 4473 4472
f 4014 4494 4492
f 3973 4453 4455
f 3994 4475 4474
f 3981 4463 4459
f 3982 4461 4464
f 3996 4477 4478
f 3998 4480 4481
f 4003 4484 4483
f 3983 4465 4466
f 3988 4468 4470
f 4013 4490 4493
f 3978 4458 4457
f 3899 4259 4019
f 3896 4255 4016
f 3895 4256 4015
f 3897 4262 4017
f 3898 4265 4018
f 3901 4274 4021
f 3924 4338 4044
f 3954 4425 4074
f 3948 4413 4068
f 3931 4364 4051
f 3914 4304 4034
f 3911 4300 4031
f 3910 4301 4030
f 3912 4307 4032
f 3913 4310 4033
f 3918 4322 4038
f 3906 4289 4026
f 3925 4346 4045
f 3937 4383 4057
f 3944 4391 4064
f 3953 4420 4073
f 3921 4330 4041
f 3902 4271 4022
f 3934 4361 4054
f 3949 4406 4069
f 3923 4334 4043
f 3952 4428 4072
f 3946 4410 4066
f 3932 4368 4052
f 3903 4277 4023
f 3942 4394 4062
f 3915 4315 4035
f 3907 4286 4027
f 3928 4349 4048
f 3939 4380 4059
f 3943 4398 4063
f 3919 4316 4039
f 3908 4292 4028
f 3927 4352 4047
f 3935 4376 4055
f 3920 4331 4040
f 3900 4270 4020
f 3930 4360 4050
f 3945 4405 4065
f 3950 4421 4070
f 3940 4390 4060
f 3917 4323 4037
f 3909 4295 4029
f 3929 4353 4049
f 3938 4375 4058
f 3916 4319 4036
f 3905 4285 4025
f 3926 4345 4046
f 3936 4379 4056
f 3941 4395 4061
f 3922 4337 4042
f 3951 4424 4071
f 3947 4409 4067
f 3933 4367 4053
f 3904 4280 4024
f 3961 4443 4209
f 3957 4439 4107
f 3963 4440 4114
f 3966 4446 4240
f 3969 4449 4252
f 3977 4452 4204
f 4004 4486 4199
f 3989 4471 4150
f 4010 4491 4216
f 3975 4454 4121
f 3995 4476 4191
f 3979 4460 4137
f 3987 4462 4145
f 3999 4479 4222
f 4002 4482 4248
f 4005 4487 4205
f 3992 4467 4198
f 3990 4469 4151
f 4011 4489 4217
f 3974 4456 4120
f 3959 4268 4101
f 3955 4260 4083
f 3956 4258 4078
f 3962 4264 4090
f 3965 4267 4096
f 3970 4276 4109
f 4006 4344 4211
f 3993 4434 4254
f 4014 4417 4242
f 3973 4366 4116
f 3994 4313 4179
f 3981 4305 4161
f 3982 4303 4134
f 3996 4309 4169
f 3998 4312 4174
f 4003 4327 4193
f 3983 4291 4138
f 3988 4348 4146
f 4013 4385 4224
f 3978 4403 4246
f 3968 4431 4210
f 3960 4335 4108
f 3958 4278 4113
f 3964 4373 4239
f 3967 4418 4251
f 3971 4341 4203
f 4008 4430 4200
f 3991 4412 4152
f 4012 4370 4218
f 3972 4281 4119
f 4001 4399 4192
f 3984 4317 4139
f 3980 4293 4143
f 3997 4356 4221
f 4000 4389 4247
f 4007 4402 4206
f 3985 4328 4197
f 3986 4296 4149
f 4009 4354 4215
f 3976 4378 4122
f 3961 4333 4086
f 3957 4272 4079
f 3963 4362 4091
f 3966 4407 4097
f 3969 4423 4104
f 3977 4392 4127
f 4004 4325 4186
f 3989 4299 4156
f 4010 4359 4229
f 3975 4386 4234
f 3995 4321 4164
f 3979 4287 4131
f 3987 4350 4168
f 3999 4381 4175
f 4002 4397 4182
f 4005 4339 4187
f 3992 4426 4157
f 3990 4414 4228
f 4011 4372 4235
f 3974 4284 4126
f 3959 4441 4084
f 3955 4435 4077
f 3956 4438 4089
f 3962 4445 4095
f 3965 4448 4102
f 3970 4451 4125
f 4006 4485 4188
f 3993 4472 4158
f 4014 4492 4230
f 3973 4455 4233
f 3994 4474 4163
f 3981 4459 4133
f 3982 4464 4167
f 3996 4478 4173
f 3998 4481 4180
f 4003 4483 4185
f 3983 4466 4155
f 3988 4470 4227
f 4013 4493 4236
f 3978 4457 4128
f 3896 4261 4081
f 3895 4257 4075
f 3897 4263 4087
f 3898 4266 4093
f 3899 4269 4099
f 3904 4283 4123
f 3922 4340 4184
f 3951 4427 4154
f 3947 4415 4226
f 3933 4371 4231
f 3911 4306 4159
f 3910 4302 4130
f 3912 4308 4165
f 3913 4311 4171
f 3914 4314 4177
f 3917 4324 4183
f 3909 4298 4153
f 3929 4358 4225
f 3938 4387 4232
f 3940 4393 4124
f 3950 4422 4100
f 3920 4332 4082
f 3900 4273 4076
f 3930 4363 4088
f 3945 4408 4094
f 3921 4336 4106
f 3953 4432 4208
f 3949 4419 4249
f 3934 4374 4237
f 3902 4279 4111
f 3941 4396 4178
f 3916 4320 4160
f 3905 4288 4129
f 3926 4351 4166
f 3936 4382 4172
f 3942 4400 4190
f 3915 4318 4136
f 3907 4294 4141
f 3928 4357 4219
f 3939 4388 4243
f 3924 4343 4207
f 3901 4275 4105
f 3931 4365 4112
f 3948 4416 4238
f 3954 4433 4250
f 3943 4401 4202
f 3919 4329 4195
f 3908 4297 4147
f 3927 4355 4213
f 3935 4377 4118
f 3918 4326 4189
f 3906 4290 4135
f 3925 4347 4142
f 3937 4384 4220
f 3944 4404 4244
f 3923 4342 4201
f 3952 4429 4196
f 3946 4411 4148
f 3932 4369 4214
f 3903 4282 4117
f 3968 4442 4103
f 3960 4436 4085
f 3958 4437 4080
f 3964 4444 4092
f 3967 4447 4098
f 3971 4450 4110
f 4008 4488 4212
f 3991 4473 4253
f 4012 4494 4241
f 3972 4453 4115
f 4001 4475 4181
f 3984 4463 4162
f 3980 4461 4132
f 3997 4477 4170
f 4000 4480 4176
f 4007 4484 4194
f 3985 4465 4140
f 3986 4468 4144
f 4009 4490 4223
f 3976 4458 4245
f 3896 4259 4261
f 3895 4255 4257
f 3897 4256 4263
f 3898 4262 4266
f 3899 4265 4269
f 3904 4274 4283
f 3922 4338 4340
f 3951 4425 4427
f 3947 4413 4415
f 3933 4364 4371
f 3911 4304 4306
f 3910 4300 4302
f 3912 4301 4308
f 3913 4307 4311
f 3914 4310 4314
f 3917 4322 4324
f 3909 4289 4298
f 3929 4346 4358
f 3938 4383 4387
f 3940 4391 4393
f 3950 4420 4422
f 3920 4330 4332
f 3900 4271 4273
f 3930 4361 4363
f 3945 4406 4408
f 3921 4334 4336
f 3953 4428 4432
f 3949 4410 4419
f 3934 4368 4374
f 3902 4277 4279
f 3941 4394 4396
f 3916 4315 4320
f 3905 4286 4288
f 3926 4349 4351
f 3936 4380 4382
f 3942 4398 4400
f 3915 4316 4318
f 3907 4292 4294
f 3928 4352 4357
f 3939 4376 4388
f 3924 4331 4343
f 3901 4270 4275
f 3931 4360 4365
f 3948 4405 4416
f 3954 4421 4433
f 3943 4390 4401
f 3919 4323 4329
f 3908 4295 4297
f 3927 4353 4355
f 3935 4375 4377
f 3918 4319 4326
f 3906 4285 4290
f 3925 4345 4347
f 3937 4379 4384
f 3944 4395 4404
f 3923 4337 4342
f 3952 4424 4429
f 3946 4409 4411
f 3932 4367 4369
f 3903 4280 4282
f 3968 4443 4442
f 3960 4439 4436
f 3958 4440 4437
f 3964 4446 4444
f 3967 4449 4447
f 3971 4452 4450
f 4008 4486 4488
f 3991 4471 4473
f 4012 4491 4494
f 3972 4454 4453
f 4001 4476 4475
f 3984 4460 4463
f 3980 4462 4461
f 3997 4479 4477
f 4000 4482 4480
f 4007 4487 4484
f 3985 4467 4465
f 3986 4469 4468
f 4009 4489 4490
f 3976 4456 4458
f 3896 4016 4259
f 3895 4015 4255
f 3897 4017 4256
f 3898 4018 4262
f 3899 4019 4265
f 3904 4024 4274
f 3922 4042 4338
f 3951 4071 4425
f 3947 4067 4413
f 3933 4053 4364
f 3911 4031 4304
f 3910 4030 4300
f 3912 4032 4301
f 3913 4033 4307
f 3914 4034 4310
f 3917 4037 4322
f 3909 4029 4289
f 3929 4049 4346
f 3938 4058 4383
f 3940 4060 4391
f 3950 4070 4420
f 3920 4040 4330
f 3900 4020 4271
f 3930 4050 4361
f 3945 4065 4406
f 3921 4041 4334
f 3953 4073 4428
f 3949 4069 4410
f 3934 4054 4368
f 3902 4022 4277
f 3941 4061 4394
f 3916 4036 4315
f 3905 4025 4286
f 3926 4046 4349
f 3936 4056 4380
f 3942 4062 4398
f 3915 4035 4316
f 3907 4027 4292
f 3928 4048 4352
f 3939 4059 4376
f 3924 4044 4331
f 3901 4021 4270
f 3931 4051 4360
f 3948 4068 4405
f 3954 4074 4421
f 3943 4063 4390
f 3919 4039 4323
f 3908 4028 4295
f 3927 4047 4353
f 3935 4055 4375
f 3918 4038 4319
f 3906 4026 4285
f 3925 4045 4345
f 3937 4057 4379
f 3944 4064 4395
f 3923 4043 4337
f 3952 4072 4424
f 3946 4066 4409
f 3932 4052 4367
f 3903 4023 4280
f 3968 4210 4443
f 3960 4108 4439
f 3958 4113 4440
f 3964 4239 4446
f 3967 4251 4449
f 3971 4203 4452
f 4008 4200 4486
f 3991 4152 4471
f 4012 4218 4491
f 3972 4119 4454
f 4001 4192 4476
f 3984 4139 4460
f 3980 4143 4462
f 3997 4221 4479
f 4000 4247 4482
f 4007 4206 4487
f 3985 4197 4467
f 3986 4149 4469
f 4009 4215 4489
f 3976 4122 4456
f 3899 4099 4268
f 3896 4081 4260
f 3895 4075 4258
f 3897 4087 4264
f 3898 4093 4267
f 3901 4105 4276
f 3924 4207 4344
f 3954 4250 4434
f 3948 4238 4417
f 3931 4112 4366
f 3914 4177 4313
f 3911 4159 4305
f 3910 4130 4303
f 3912 4165 4309
f 3913 4171 4312
f 3918 4189 4327
f 3906 4135 4291
f 3925 4142 4348
f 3937 4220 4385
f 3944 4244 4403
f 3953 4208 4431
f 3921 4106 4335
f 3902 4111 4278
f 3934 4237 4373
f 3949 4249 4418
f 3923 4201 4341
f 3952 4196 4430
f 3946 4148 4412
f 3932 4214 4370
f 3903 4117 4281
f 3942 4190 4399
f 3915 4136 4317
f 3907 4141 4293
f 3928 4219 4356
f 3939 4243 4389
f 3943 4202 4402
f 3919 4195 4328
f 3908 4147 4296
f 3927 4213 4354
f 3935 4118 4378
f 3920 4082 4333
f 3900 4076 4272
f 3930 4088 4362
f 3945 4094 4407
f 3950 4100 4423
f 3940 4124 4392
f 3917 4183 4325
f 3909 4153 4299
f 3929 4225 4359
f 3938 4232 4386
f 3916 4160 4321
f 3905 4129 4287
f 3926 4166 4350
f 3936 4172 4381
f 3941 4178 4397
f 3922 4184 4339
f 3951 4154 4426
f 3947 4226 4414
f 3933 4231 4372
f 3904 4123 4284
f 3961 4086 4441
f 3957 4079 4435
f 3963 4091 4438
f 3966 4097 4445
f 3969 4104 4448
f 3977 4127 4451
f 4004 4186 4485
f 3989 4156 4472
f 4010 4229 4492
f 3975 4234 4455
f 3995 4164 4474
f 3979 4131 4459
f 3987 4168 4464
f 3999 4175 4478
f 4002 4182 4481
f 4005 4187 4483
f 3992 4157 4466
f 3990 4228 4470
f 4011 4235 4493
f 3974 4126 4457
f 3959 4084 4261
f 3955 4077 4257
f 3956 4089 4263
f 3962 4095 4266
f 3965 4102 4269
f 3970 4125 4283
f 4006 4188 4340
f 3993 4158 4427
f 4014 4230 4415
f 3973 4233 4371
f 3994 4163 4306
f 3981 4133 4302
f 3982 4167 4308
f 3996 4173 4311
f 3998 4180 4314
f 4003 4185 4324
f 3983 4155 4298
f 3988 4227 4358
f 4013 4236 4387
f 3978 4128 4393
f 3968 4103 4422
f 3960 4085 4332
f 3958 4080 4273
f 3964 4092 4363
f 3967 4098 4408
f 3971 4110 4336
f 4008 4212 4432
f 3991 4253 4419
f 4012 4241 4374
f 3972 4115 4279
f 4001 4181 4396
f 3984 4162 4320
f 3980 4132 4288
f 3997 4170 4351
f 4000 4176 4382
f 4007 4194 4400
f 3985 4140 4318
f 3986 4144 4294
f 4009 4223 4357
f 3976 4245 4388
f 3961 4209 4343
f 3957 4107 4275
f 3963 4114 4365
f 3966 4240 4416
f 3969 4252 4433
f 3977 4204 4401
f 4004 4199 4329
f 3989 4150 4297
f 4010 4216 4355
f 3975 4121 4377
f 3995 4191 4326
f 3979 4137 4290
f 3987 4145 4347
f 3999 4222 4384
f 4002 4248 4404
f 4005 4205 4342
f 3992 4198 4429
f 3990 4151 4411
f 4011 4217 4369
f 3974 4120 4282
f 3959 4101 4442
f 3955 4083 4436
f 3956 4078 4437
f 3962 4090 4444
f 3965 4096 4447
f 3970 4109 4450
f 4006 4211 4488
f 3993 4254 4473
f 4014 4242 4494
f 3973 4116 4453
f 3994 4179 4475
f 3981 4161 4463
f 3982 4134 4461
f 3996 4169 4477
f 3998 4174 4480
f 4003 4193 4484
f 3983 4138 4465
f 3988 4146 4468
f 4013 4224 4490
f 3978 4246 4458
f 3899 4268 4259
f 3896 4260 4255
f 3895 4258 4256
f 3897 4264 4262
f 3898 4267 4265
f 3901 4276 4274
f 3924 4344 4338
f 3954 4434 4425
f 3948 4417 4413
f 3931 4366 4364
f 3914 4313 4304
f 3911 4305 4300
f 3910 4303 4301
f 3912 4309 4307
f 3913 4312 4310
f 3918 4327 4322
f 3906 4291 4289
f 3925 4348 4346
f 3937 4385 4383
f 3944 4403 4391
f 3953 4431 4420
f 3921 4335 4330
f 3902 4278 4271
f 3934 4373 4361
f 3949 4418 4406
f 3923 4341 4334
f 3952 4430 4428
f 3946 4412 4410
f 3932 4370 4368
f 3903 4281 4277
f 3942 4399 4394
f 3915 4317 4315
f 3907 4293 4286
f 3928 4356 4349
f 3939 4389 4380
f 3943 4402 4398
f 3919 4328 4316
f 3908 4296 4292
f 3927 4354 4352
f 3935 4378 4376
f 3920 4333 4331
f 3900 4272 4270
f 3930 4362 4360
f 3945 4407 4405
f 3950 4423 4421
f 3940 4392 4390
f 3917 4325 4323
f 3909 4299 4295
f 3929 4359 4353
f 3938 4386 4375
f 3916 4321 4319
f 3905 4287 4285
f 3926 4350 4345
f 3936 4381 4379
f 3941 4397 4395
f 3922 4339 4337
f 3951 4426 4424
f 3947 4414 4409
f 3933 4372 4367
f 3904 4284 4280
f 3961 4441 4443
f 3957 4435 4439
f 3963 4438 4440
f 3966 4445 4446
f 3969 4448 4449
f 3977 4451 4452
f 4004 4485 4486
f 3989 4472 4471
f 4010 4492 4491
f 3975 4455 4454
f 3995 4474 4476
f 3979 4459 4460
f 3987 4464 4462
f 3999 4478 4479
f 4002 4481 4482
f 4005 4483 4487
f 3992 4466 4467
f 3990 4470 4469
f 4011 4493 4489
f 3974 4457 4456
f 4259 4016 4019
f 4255 4015 4016
f 4256 4017 4015
f 4262 4018 4017
f 4265 4019 4018
f 4274 4024 4021
f 4338 4042 4044
f 4425 4071 4074
f 4413 4067 4068
f 4364 4053 4051
f 4304 4031 4034
f 4300 4030 4031
f 4301 4032 4030
f 4307 4033 4032
f 4310 4034 4033
f 4322 4037 4038
f 4289 4029 4026
f 4346 4049 4045
f 4383 4058 4057
f 4391 4060 4064
f 4420 4070 4073
f 4330 4040 4041
f 4271 4020 4022
f 4361 4050 4054
f 4406 4065 4069
f 4334 4041 4043
f 4428 4073 4072
f 4410 4069 4066
f 4368 4054 4052
f 4277 4022 4023
f 4394 4061 4062
f 4315 4036 4035
f 4286 4025 4027
f 4349 4046 4048
f 4380 4056 4059
f 4398 4062 4063
f 4316 4035 4039
f 4292 4027 4028
f 4352 4048 4047
f 4376 4059 4055
f 4331 4044 4040
f 4270 4021 4020
f 4360 4051 4050
f 4405 4068 4065
f 4421 4074 4070
f 4390 4063 4060
f 4323 4039 4037
f 4295 4028 4029
f 4353 4047 4049
f 4375 4055 4058
f 4319 4038 4036
f 4285 4026 4025
f 4345 4045 4046
f 4379 4057 4056
f 4395 4064 4061
f 4337 4043 4042
f 4424 4072 4071
f 4409 4066 4067
f 4367 4052 4053
f 4280 4023 4024
f 4443 4210 4209
f 4439 4108 4107
f 4440 4113 4114
f 4446 4239 4240
f 4449 4251 4252
f 4452 4203 4204
f 4486 4200 4199
f 4471 4152 4150
f 4491 4218 4216
f 4454 4119 4121
f 4476 4192 4191
f 4460 4139 4137
f 4462 4143 4145
f 4479 4221 4222
f 4482 4247 4248
f 4487 4206 4205
f 4467 4197 4198
f 4469 4149 4151
f 4489 4215 4217
f 4456 4122 4120
f 4268 4099 4101
f 4260 4081 4083
f 4258 4075 4078
f 4264 4087 4090
f 4267 4093 4096
f 4276 4105 4109
f 4344 4207 4211
f 4434 4250 4254
f 4417 4238 4242
f 4366 4112 4116
f 4313 4177 4179
f 4305 4159 4161
f 4303 4130 4134
f 4309 4165 4169
f 4312 4171 4174
f 4327 4189 4193
f 4291 4135 4138
f 4348 4142 4146
f 4385 4220 4224
f 4403 4244 4246
f 4431 4208 4210
f 4335 4106 4108
f 4278 4111 4113
f 4373 4237 4239
f 4418 4249 4251
f 4341 4201 4203
f 4430 4196 4200
f 4412 4148 4152
f 4370 4214 4218
f 4281 4117 4119
f 4399 4190 4192
f 4317 4136 4139
f 4293 4141 4143
f 4356 4219 4221
f 4389 4243 4247
f 4402 4202 4206
f 4328 4195 4197
f 4296 4147 4149
f 4354 4213 4215
f 4378 4118 4122
f 4333 4082 4086
f 4272 4076 4079
f 4362 4088 4091
f 4407 4094 4097
f 4423 4100 4104
f 4392 4124 4127
f 4325 4183 4186
f 4299 4153 4156
f 4359 4225 4229
f 4386 4232 4234
f 4321 4160 4164
f 4287 4129 4131
f 4350 4166 4168
f 4381 4172 4175
f 4397 4178 4182
f 4339 4184 4187
f 4426 4154 4157
f 4414 4226 4228
f 4372 4231 4235
f 4284 4123 4126
f 4441 4086 4084
f 4435 4079 4077
f 4438 4091 4089
f 4445 4097 4095
f 4448 4104 4102
f 4451 4127 4125
f 4485 4186 4188
f 4472 4156 4158
f 4492 4229 4230
f 4455 4234 4233
f 4474 4164 4163
f 4459 4131 4133
f 4464 4168 4167
f 4478 4175 4173
f 4481 4182 4180
f 4483 4187 4185
f 4466 4157 4155
f 4470 4228 4227
f 4493 4235 4236
f 4457 4126 4128
f 4261 4084 4081
f 4257 4077 4075
f 4263 4089 4087
f 4266 4095 4093
f 4269 4102 4099
f 4283 4125 4123
f 4340 4188 4184
f 4427 4158 4154
f 4415 4230 4226
f 4371 4233 4231
f 4306 4163 4159
f 4302 4133 4130
f 4308 4167 4165
f 4311 4173 4171
f 4314 4180 4177
f 4324 4185 4183
f 4298 4155 4153
f 4358 4227 4225
f 4387 4236 4232
f 4393 4128 4124
f 4422 4103 4100
f 4332 4085 4082
f 4273 4080 4076
f 4363 4092 4088
f 4408 4098 4094
f 4336 4110 4106
f 4432 4212 4208
f 4419 4253 4249
f 4374 4241 4237
f 4279 4115 4111
f 4396 4181 4178
f 4320 4162 4160
f 4288 4132 4129
f 4351 4170 4166
f 4382 4176 4172
f 4400 4194 4190
f 4318 4140 4136
f 4294 4144 4141
f 4357 4223 4219
f 4388 4245 4243
f 4343 4209 4207
f 4275 4107 4105
f 4365 4114 4112
f 4416 4240 4238
f 4433 4252 4250
f 4401 4204 4202
f 4329 4199 4195
f 4297 4150 4147
f 4355 4216 4213
f 4377 4121 4118
f 4326 4191 4189
f 4290 4137 4135
f 4347 4145 4142
f 4384 4222 4220
f 4404 4248 4244
f 4342 4205 4201
f 4429 4198 4196
f 4411 4151 4148
f 4369 4217 4214
f 4282 4120 4117
f 4442 4101 4103
f 4436 4083 4085
f 4437 4078 4080
f 4444 4090 4092
f 4447 4096 4098
f 4450 4109 4110
f 4488 4211 4212
f 4473 4254 4253
f 4494 4242 4241
f 4453 4116 4115
f 4475 4179 4181
f 4463 4161 4162
f 4461 4134 4132
f 4477 4169 4170
f 4480 4174 4176
f 4484 4193 4194
f 4465 4138 4140
f 4468 4146 4144
f 4490 4224 4223
f 4458 4246 4245
f 4259 4268 4261
f 4255 4260 4257
f 4256 4258 4263
f 4262 4264 4266
f 4265 4267 4269
f 4274 4276 4283
f 4338 4344 4340
f 4425 4434 4427
f 4413 4417 4415
f 4364 4366 4371
f 4304 4313 4306
f 4300 4305 4302
f 4301 4303 4308
f 4307 4309 4311
f 4310 4312 4314
f 4322 4327 4324
f 4289 4291 4298
f 4346 4348 4358
f 4383 4385 4387
f 4391 4403 4393
f 4420 4431 4422
f 4330 4335 4332
f 4271 4278 4273
f 4361 4373 4363
f 4406 4418 4408
f 4334 4341 4336
f 4428 4430 4432
f 4410 4412 4419
f 4368 4370 4374
f 4277 4281 4279
f 4394 4399 4396
f 4315 4317 4320
f 4286 4293 4288
f 4349 4356 4351
f 4380 4389 4382
f 4398 4402 4400
f 4316 4328 4318
f 4292 4296 4294
f 4352 4354 4357
f 4376 4378 4388
f 4331 4333 4343
f 4270 4272 4275
f 4360 4362 4365
f 4405 4407 4416
f 4421 4423 4433
f 4390 4392 4401
f 4323 4325 4329
f 4295 4299 4297
f 4353 4359 4355
f 4375 4386 4377
f 4319 4321 4326
f 4285 4287 4290
f 4345 4350 4347
f 4379 4381 4384
f 4395 4397 4404
f 4337 4339 4342
f 4424 4426 4429
f 4409 4414 4411
f 4367 4372 4369
f 4280 4284 4282
f 4443 4441 4442
f 4439 4435 4436
f 4440 4438 4437
f 4446 4445 4444
f 4449 4448 4447
f 4452 4451 4450
f 4486 4485 4488
f 4471 4472 4473
f 4491 4492 4494
f 4454 4455 4453
f 4476 4474 4475
f 4460 4459 4463
f 4462 4464 4461
f 4479 4478 4477
f 4482 4481 4480
f 4487 4483 4484
f 4467 4466 4465
f 4469 4470 4468
f 4489 4493 4490
f 4456 4457 4458
f 4495 4661 4658
f 4495 4658 4657
f 4495 4657 4659
f 4495 4659 4660
f 4495 4660 4661
f 4496 4663 4666
f 4500 4686 4684
f 4506 4716 4713
f 4505 4710 4709
f 4502 4693 4695
f 4498 4676 4673
f 4498 4673 4672
f 4498 4672 4674
f 4498 4674 4675
f 4498 4675 4676
f 4499 4680 4679
f 4497 4668 4671
f 4501 4687 4691
f 4503 4699 4700
f 4504 4706 4702
f 4506 4715 4712
f 4500 4683 4682
f 4496 4664 4662
f 4502 4696 4692
f 4505 4711 4707
f 4500 4685 4683
f 4506 4714 4715
f 4505 4708 4711
f 4502 4694 4696
f 4496 4665 4664
f 4504 4704 4703
f 4499 4677 4678
f 4497 4669 4667
f 4501 4690 4688
f 4503 4701 4698
f 4504 4705 4704
f 4499 4681 4677
f 4497 4670 4669
f 4501 4689 4690
f 4503 4697 4701
f 4500 4682 4686
f 4496 4662 4663
f 4502 4692 4693
f 4505 4707 4710
f 4506 4712 4716
f 4504 4702 4705
f 4499 4679 4681
f 4497 4671 4670
f 4501 4691 4689
f 4503 4700 4697
f 4499 4678 4680
f 4497 4667 4668
f 4501 4688 4687
f 4503 4698 4699
f 4504 4703 4706
f 4500 4684 4685
f 4506 4713 4714
f 4505 4709 4708
f 4502 4695 4694
f 4496 4666 4665
f 4529 4851 4852
f 4512 4749 4750
f 4513 4756 4755
f 4534 4882 4881
f 4536 4894 4893
f 4528 4846 4845
f 4527 4841 4842
f 4519 4792 4794
f 4530 4858 4860
f 4514 4763 4761
f 4526 4833 4834
f 4517 4779 4781
f 4518 4787 4785
f 4531 4864 4863
f 4535 4890 4889
f 4528 4847 4848
f 4527 4840 4839
f 4519 4793 4791
f 4530 4859 4857
f 4514 4762 4764
f 4511 4743 4741
f 4508 4725 4723
f 4507 4720 4717
f 4509 4732 4729
f 4510 4738 4735
f 4512 4751 4747
f 4529 4853 4849
f 4536 4896 4892
f 4534 4884 4880
f 4513 4758 4754
f 4524 4821 4819
f 4521 4803 4801
f 4516 4776 4772
f 4522 4811 4807
f 4523 4816 4813
f 4526 4835 4831
f 4517 4780 4777
f 4518 4788 4784
f 4531 4866 4862
f 4535 4888 4886
f 4529 4852 4850
f 4512 4750 4748
f 4513 4755 4753
f 4534 4881 4879
f 4536 4893 4891
f 4528 4845 4843
f 4527 4842 4838
f 4519 4794 4790
f 4530 4860 4856
f 4514 4761 4759
f 4526 4834 4832
f 4517 4781 4778
f 4518 4785 4783
f 4531 4863 4861
f 4535 4889 4885
f 4528 4848 4844
f 4527 4839 4837
f 4519 4791 4789
f 4530 4857 4855
f 4514 4764 4760
f 4508 4728 4724
f 4507 4721 4718
f 4509 4733 4730
f 4510 4739 4736
f 4511 4746 4742
f 4515 4769 4766
f 4525 4828 4825
f 4520 4798 4795
f 4532 4871 4867
f 4533 4876 4874
f 4521 4806 4802
f 4516 4773 4771
f 4522 4810 4808
f 4523 4817 4814
f 4524 4824 4820
f 4525 4829 4826
f 4520 4799 4796
f 4532 4870 4868
f 4533 4877 4873
f 4515 4768 4765
f 4508 4726 4728
f 4507 4719 4721
f 4509 4731 4733
f 4510 4737 4739
f 4511 4744 4746
f 4515 4767 4769
f 4525 4830 4828
f 4520 4800 4798
f 4532 4872 4871
f 4533 4875 4876
f 4521 4805 4806
f 4516 4775 4773
f 4522 4809 4810
f 4523 4815 4817
f 4524 4822 4824
f 4525 4827 4829
f 4520 4797 4799
f 4532 4869 4870
f 4533 4878 4877
f 4515 4770 4768
f 4508 4723 4726
f 4507 4717 4719
f 4509 4729 4731
f 4510 4735 4737
f 4511 4741 4744
f 4515 4765 4767
f 4525 4826 4830
f 4520 4796 4800
f 4532 4868 4872
f 4533 4873 4875
f 4521 4801 4805
f 4516 4772 4775
f 4522 4807 4809
f 4523 4813 4815
f 4524 4819 4822
f 4525 4825 4827
f 4520 4795 4797
f 4532 4867 4869
f 4533 4874 4878
f 4515 4766 4770
f 4511 4742 4745
f 4508 4724 4727
f 4507 4718 4722
f 4509 4730 4734
f 4510 4736 4740
f 4512 4748 4752
f 4529 4850 4854
f 4536 4891 4895
f 4534 4879 4883
f 4513 4753 4757
f 4524 4820 4823
f 4521 4802 4804
f 4516 4771 4774
f 4522 4808 4812
f 4523 4814 4818
f 4526 4832 4836
f 4517 4778 4782
f 4518 4783 4786
f 4531 4861 4865
f 4535 4885 4887
f 4529 4849 4851
f 4512 4747 4749
f 4513 4754 4756
f 4534 4880 4882
f 4536 4892 4894
f 4528 4844 4846
f 4527 4837 4841
f 4519 4789 4792
f 4530 4855 4858
f 4514 4760 4763
f 4526 4831 4833
f 4517 4777 4779
f 4518 4784 4787
f 4531 4862 4864
f 4535 4886 4890
f 4528 4843 4847
f 4527 4838 4840
f 4519 4790 4793
f 4530 4856 4859
f 4514 4759 4762
f 4511 4745 4743
f 4508 4727 4725
f 4507 4722 4720
f 4509 4734 4732
f 4510 4740 4738
f 4512 4752 4751
f 4529 4854 4853
f 4536 4895 4896
f 4534 4883 4884
f 4513 4757 4758
f 4524 4823 4821
f 4521 4804 4803
f 4516 4774 4776
f 4522 4812 4811
f 4523 4818 4816
f 4526 4836 4835
f 4517 4782 4780
f 4518 4786 4788
f 4531 4865 4866
f 4535 4887 4888
f 4601 4903 4910
f 4597 4899 4902
f 4598 4905 4900
f 4604 4908 4906
f 4607 4911 4909
f 4612 4925 4918
f 4648 4982 4986
f 4635 5069 5076
f 4656 5057 5059
f 4615 5013 5008
f 4636 4948 4955
f 4623 4944 4947
f 4624 4950 4945
f 4638 4953 4951
f 4640 4956 4954
f 4645 4966 4969
f 4625 4940 4933
f 4630 5000 4990
f 4655 5029 5027
f 4620 5035 5045
f 4610 5064 5073
f 4602 4974 4977
f 4600 4915 4920
f 4606 5005 5015
f 4609 5050 5060
f 4613 4978 4983
f 4650 5074 5072
f 4633 5061 5054
f 4654 5016 5012
f 4614 4921 4923
f 4643 5038 5041
f 4626 4962 4959
f 4622 4930 4935
f 4639 4993 4998
f 4642 5024 5031
f 4649 5042 5044
f 4627 4960 4970
f 4628 4936 4938
f 4651 4999 4996
f 4618 5030 5020
f 4603 4985 4975
f 4599 4917 4914
f 4605 5007 5004
f 4608 5058 5049
f 4611 5075 5065
f 4619 5043 5034
f 4646 4971 4967
f 4631 4939 4941
f 4652 4997 5001
f 4617 5019 5028
f 4637 4968 4963
f 4621 4932 4929
f 4629 4989 4992
f 4641 5026 5023
f 4644 5046 5039
f 4647 4984 4981
f 4634 5071 5068
f 4632 5053 5056
f 4653 5011 5014
f 4616 4924 4926
f 4601 5084 5083
f 4597 5078 5077
f 4598 5079 5080
f 4604 5086 5087
f 4607 5089 5090
f 4612 5092 5093
f 4648 5130 5127
f 4635 5115 5114
f 4656 5136 5134
f 4615 5095 5097
f 4636 5117 5116
f 4623 5105 5101
f 4624 5103 5106
f 4638 5119 5120
f 4640 5122 5123
f 4645 5126 5125
f 4625 5107 5108
f 4630 5110 5112
f 4655 5132 5135
f 4620 5100 5099
f 4541 4901 4661
f 4538 4897 4658
f 4537 4898 4657
f 4539 4904 4659
f 4540 4907 4660
f 4543 4916 4663
f 4566 4980 4686
f 4596 5067 4716
f 4590 5055 4710
f 4573 5006 4693
f 4556 4946 4676
f 4553 4942 4673
f 4552 4943 4672
f 4554 4949 4674
f 4555 4952 4675
f 4560 4964 4680
f 4548 4931 4668
f 4567 4988 4687
f 4579 5025 4699
f 4586 5033 4706
f 4595 5062 4715
f 4563 4972 4683
f 4544 4913 4664
f 4576 5003 4696
f 4591 5048 4711
f 4565 4976 4685
f 4594 5070 4714
f 4588 5052 4708
f 4574 5010 4694
f 4545 4919 4665
f 4584 5036 4704
f 4557 4957 4677
f 4549 4928 4669
f 4570 4991 4690
f 4581 5022 4701
f 4585 5040 4705
f 4561 4958 4681
f 4550 4934 4670
f 4569 4994 4689
f 4577 5018 4697
f 4562 4973 4682
f 4542 4912 4662
f 4572 5002 4692
f 4587 5047 4707
f 4592 5063 4712
f 4582 5032 4702
f 4559 4965 4679
f 4551 4937 4671
f 4571 4995 4691
f 4580 5017 4700
f 4558 4961 4678
f 4547 4927 4667
f 4568 4987 4688
f 4578 5021 4698
f 4583 5037 4703
f 4564 4979 4684
f 4593 5066 4713
f 4589 5051 4709
f 4575 5009 4695
f 4546 4922 4666
f 4603 5085 4851
f 4599 5081 4749
f 4605 5082 4756
f 4608 5088 4882
f 4611 5091 4894
f 4619 5094 4846
f 4646 5128 4841
f 4631 5113 4792
f 4652 5133 4858
f 4617 5096 4763
f 4637 5118 4833
f 4621 5102 4779
f 4629 5104 4787
f 4641 5121 4864
f 4644 5124 4890
f 4647 5129 4847
f 4634 5109 4840
f 4632 5111 4793
f 4653 5131 4859
f 4616 5098 4762
f 4601 4910 4743
f 4597 4902 4725
f 4598 4900 4720
f 4604 4906 4732
f 4607 4909 4738
f 4612 4918 4751
f 4648 4986 4853
f 4635 5076 4896
f 4656 5059 4884
f 4615 5008 4758
f 4636 4955 4821
f 4623 4947 4803
f 4624 4945 4776
f 4638 4951 4811
f 4640 4954 4816
f 4645 4969 4835
f 4625 4933 4780
f 4630 4990 4788
f 4655 5027 4866
f 4620 5045 4888
f 4610 5073 4852
f 4602 4977 4750
f 4600 4920 4755
f 4606 5015 4881
f 4609 5060 4893
f 4613 4983 4845
f 4650 5072 4842
f 4633 5054 4794
f 4654 5012 4860
f 4614 4923 4761
f 4643 5041 4834
f 4626 4959 4781
f 4622 4935 4785
f 4639 4998 4863
f 4642 5031 4889
f 4649 5044 4848
f 4627 4970 4839
f 4628 4938 4791
f 4651 4996 4857
f 4618 5020 4764
f 4603 4975 4728
f 4599 4914 4721
f 4605 5004 4733
f 4608 5049 4739
f 4611 5065 4746
f 4619 5034 4769
f 4646 4967 4828
f 4631 4941 4798
f 4652 5001 4871
f 4617 5028 4876
f 4637 4963 4806
f 4621 4929 4773
f 4629 4992 4810
f 4641 5023 4817
f 4644 5039 4824
f 4647 4981 4829
f 4634 5068 4799
f 4632 5056 4870
f 4653 5014 4877
f 4616 4926 4768
f 4601 5083 4726
f 4597 5077 4719
f 4598 5080 4731
f 4604 5087 4737
f 4607 5090 4744
f 4612 5093 4767
f 4648 5127 4830
f 4635 5114 4800
f 4656 5134 4872
f 4615 5097 4875
f 4636 5116 4805
f 4623 5101 4775
f 4624 5106 4809
f 4638 5120 4815
f 4640 5123 4822
f 4645 5125 4827
f 4625 5108 4797
f 4630 5112 4869
f 4655 5135 4878
f 4620 5099 4770
f 4538 4903 4723
f 4537 4899 4717
f 4539 4905 4729
f 4540 4908 4735
f 4541 4911 4741
f 4546 4925 4765
f 4564 4982 4826
f 4593 5069 4796
f 4589 5057 4868
f 4575 5013 4873
f 4553 4948 4801
f 4552 4944 4772
f 4554 4950 4807
f 4555 4953 4813
f 4556 4956 4819
f 4559 4966 4825
f 4551 4940 4795
f 4571 5000 4867
f 4580 5029 4874
f 4582 5035 4766
f 4592 5064 4742
f 4562 4974 4724
f 4542 4915 4718
f 4572 5005 4730
f 4587 5050 4736
f 4563 4978 4748
f 4595 5074 4850
f 4591 5061 4891
f 4576 5016 4879
f 4544 4921 4753
f 4583 5038 4820
f 4558 4962 4802
f 4547 4930 4771
f 4568 4993 4808
f 4578 5024 4814
f 4584 5042 4832
f 4557 4960 4778
f 4549 4936 4783
f 4570 4999 4861
f 4581 5030 4885
f 4566 4985 4849
f 4543 4917 4747
f 4573 5007 4754
f 4590 5058 4880
f 4596 5075 4892
f 4585 5043 4844
f 4561 4971 4837
f 4550 4939 4789
f 4569 4997 4855
f 4577 5019 4760
f 4560 4968 4831
f 4548 4932 4777
f 4567 4989 4784
f 4579 5026 4862
f 4586 5046 4886
f 4565 4984 4843
f 4594 5071 4838
f 4588 5053 4790
f 4574 5011 4856
f 4545 4924 4759
f 4610 5084 4745
f 4602 5078 4727
f 4600 5079 4722
f 4606 5086 4734
f 4609 5089 4740
f 4613 5092 4752
f 4650 5130 4854
f 4633 5115 4895
f 4654 5136 4883
f 4614 5095 4757
f 4643 5117 4823
f 4626 5105 4804
f 4622 5103 4774
f 4639 5119 4812
f 4642 5122 4818
f 4649 5126 4836
f 4627 5107 4782
f 4628 5110 4786
f 4651 5132 4865
f 4618 5100 4887
f 4538 4901 4903
f 4537 4897 4899
f 4539 4898 4905
f 4540 4904 4908
f 4541 4907 4911
f 4546 4916 4925
f 4564 4980 4982
f 4593 5067 5069
f 4589 5055 5057
f 4575 5006 5013
f 4553 4946 4948
f 4552 4942 4944
f 4554 4943 4950
f 4555 4949 4953
f 4556 4952 4956
f 4559 4964 4966
f 4551 4931 4940
f 4571 4988 5000
f 4580 5025 5029
f 4582 5033 5035
f 4592 5062 5064
f 4562 4972 4974
f 4542 4913 4915
f 4572 5003 5005
f 4587 5048 5050
f 4563 4976 4978
f 4595 5070 5074
f 4591 5052 5061
f 4576 5010 5016
f 4544 4919 4921
f 4583 5036 5038
f 4558 4957 4962
f 4547 4928 4930
f 4568 4991 4993
f 4578 5022 5024
f 4584 5040 5042
f 4557 4958 4960
f 4549 4934 4936
f 4570 4994 4999
f 4581 5018 5030
f 4566 4973 4985
f 4543 4912 4917
f 4573 5002 5007
f 4590 5047 5058
f 4596 5063 5075
f 4585 5032 5043
f 4561 4965 4971
f 4550 4937 4939
f 4569 4995 4997
f 4577 5017 5019
f 4560 4961 4968
f 4548 4927 4932
f 4567 4987 4989
f 4579 5021 5026
f 4586 5037 5046
f 4565 4979 4984
f 4594 5066 5071
f 4588 5051 5053
f 4574 5009 5011
f 4545 4922 4924
f 4610 5085 5084
f 4602 5081 5078
f 4600 5082 5079
f 4606 5088 5086
f 4609 5091 5089
f 4613 5094 5092
f 4650 5128 5130
f 4633 5113 5115
f 4654 5133 5136
f 4614 5096 5095
f 4643 5118 5117
f 4626 5102 5105
f 4622 5104 5103
f 4639 5121 5119
f 4642 5124 5122
f 4649 5129 5126
f 4627 5109 5107
f 4628 5111 5110
f 4651 5131 5132
f 4618 5098 5100
f 4538 4658 4901
f 4537 4657 4897
f 4539 4659 4898
f 4540 4660 4904
f 4541 4661 4907
f 4546 4666 4916
f 4564 4684 4980
f 4593 4713 5067
f 4589 4709 5055
f 4575 4695 5006
f 4553 4673 4946
f 4552 4672 4942
f 4554 4674 4943
f 4555 4675 4949
f 4556 4676 4952
f 4559 4679 4964
f 4551 4671 4931
f 4571 4691 4988
f 4580 4700 5025
f 4582 4702 5033
f 4592 4712 5062
f 4562 4682 4972
f 4542 4662 4913
f 4572 4692 5003
f 4587 4707 5048
f 4563 4683 4976
f 4595 4715 5070
f 4591 4711 5052
f 4576 4696 5010
f 4544 4664 4919
f 4583 4703 5036
f 4558 4678 4957
f 4547 4667 4928
f 4568 4688 4991
f 4578 4698 5022
f 4584 4704 5040
f 4557 4677 4958
f 4549 4669 4934
f 4570 4690 4994
f 4581 4701 5018
f 4566 4686 4973
f 4543 4663 4912
f 4573 4693 5002
f 4590 4710 5047
f 4596 4716 5063
f 4585 4705 5032
f 4561 4681 4965
f 4550 4670 4937
f 4569 4689 4995
f 4577 4697 5017
f 4560 4680 4961
f 4548 4668 4927
f 4567 4687 4987
f 4579 4699 5021
f 4586 4706 5037
f 4565 4685 4979
f 4594 4714 5066
f 4588 4708 5051
f 4574 4694 5009
f 4545 4665 4922
f 4610 4852 5085
f 4602 4750 5081
f 4600 4755 5082
f 4606 4881 5088
f 4609 4893 5091
f 4613 4845 5094
f 4650 4842 5128
f 4633 4794 5113
f 4654 4860 5133
f 4614 4761 5096
f 4643 4834 5118
f 4626 4781 5102
f 4622 4785 5104
f 4639 4863 5121
f 4642 4889 5124
f 4649 4848 5129
f 4627 4839 5109
f 4628 4791 5111
f 4651 4857 5131
f 4618 4764 5098
f 4541 4741 4910
f 4538 4723 4902
f 4537 4717 4900
f 4539 4729 4906
f 4540 4735 4909
f 4543 4747 4918
f 4566 4849 4986
f 4596 4892 5076
f 4590 4880 5059
f 4573 4754 5008
f 4556 4819 4955
f 4553 4801 4947
f 4552 4772 4945
f 4554 4807 4951
f 4555 4813 4954
f 4560 4831 4969
f 4548 4777 4933
f 4567 4784 4990
f 4579 4862 5027
f 4586 4886 5045
f 4595 4850 5073
f 4563 4748 4977
f 4544 4753 4920
f 4576 4879 5015
f 4591 4891 5060
f 4565 4843 4983
f 4594 4838 5072
f 4588 4790 5054
f 4574 4856 5012
f 4545 4759 4923
f 4584 4832 5041
f 4557 4778 4959
f 4549 4783 4935
f 4570 4861 4998
f 4581 4885 5031
f 4585 4844 5044
f 4561 4837 4970
f 4550 4789 4938
f 4569 4855 4996
f 4577 4760 5020
f 4562 4724 4975
f 4542 4718 4914
f 4572 4730 5004
f 4587 4736 5049
f 4592 4742 5065
f 4582 4766 5034
f 4559 4825 4967
f 4551 4795 4941
f 4571 4867 5001
f 4580 4874 5028
f 4558 4802 4963
f 4547 4771 4929
f 4568 4808 4992
f 4578 4814 5023
f 4583 4820 5039
f 4564 4826 4981
f 4593 4796 5068
f 4589 4868 5056
f 4575 4873 5014
f 4546 4765 4926
f 4603 4728 5083
f 4599 4721 5077
f 4605 4733 5080
f 4608 4739 5087
f 4611 4746 5090
f 4619 4769 5093
f 4646 4828 5127
f 4631 4798 5114
f 4652 4871 5134
f 4617 4876 5097
f 4637 4806 5116
f 4621 4773 5101
f 4629 4810 5106
f 4641 4817 5120
f 4644 4824 5123
f 4647 4829 5125
f 4634 4799 5108
f 4632 4870 5112
f 4653 4877 5135
f 4616 4768 5099
f 4601 4726 4903
f 4597 4719 4899
f 4598 4731 4905
f 4604 4737 4908
f 4607 4744 4911
f 4612 4767 4925
f 4648 4830 4982
f 4635 4800 5069
f 4656 4872 5057
f 4615 4875 5013
f 4636 4805 4948
f 4623 4775 4944
f 4624 4809 4950
f 4638 4815 4953
f 4640 4822 4956
f 4645 4827 4966
f 4625 4797 4940
f 4630 4869 5000
f 4655 4878 5029
f 4620 4770 5035
f 4610 4745 5064
f 4602 4727 4974
f 4600 4722 4915
f 4606 4734 5005
f 4609 4740 5050
f 4613 4752 4978
f 4650 4854 5074
f 4633 4895 5061
f 4654 4883 5016
f 4614 4757 4921
f 4643 4823 5038
f 4626 4804 4962
f 4622 4774 4930
f 4639 4812 4993
f 4642 4818 5024
f 4649 4836 5042
f 4627 4782 4960
f 4628 4786 4936
f 4651 4865 4999
f 4618 4887 5030
f 4603 4851 4985
f 4599 4749 4917
f 4605 4756 5007
f 4608 4882 5058
f 4611 4894 5075
f 4619 4846 5043
f 4646 4841 4971
f 4631 4792 4939
f 4652 4858 4997
f 4617 4763 5019
f 4637 4833 4968
f 4621 4779 4932
f 4629 4787 4989
f 4641 4864 5026
f 4644 4890 5046
f 4647 4847 4984
f 4634 4840 5071
f 4632 4793 5053
f 4653 4859 5011
f 4616 4762 4924
f 4601 4743 5084
f 4597 4725 5078
f 4598 4720 5079
f 4604 4732 5086
f 4607 4738 5089
f 4612 4751 5092
f 4648 4853 5130
f 4635 4896 5115
f 4656 4884 5136
f 4615 4758 5095
f 4636 4821 5117
f 4623 4803 5105
f 4624 4776 5103
f 4638 4811 5119
f 4640 4816 5122
f 4645 4835 5126
f 4625 4780 5107
f 4630 4788 5110
f 4655 4866 5132
f 4620 4888 5100
f 4541 4910 4901
f 4538 4902 4897
f 4537 4900 4898
f 4539 4906 4904
f 4540 4909 4907
f 4543 4918 4916
f 4566 4986 4980
f 4596 5076 5067
f 4590 5059 5055
f 4573 5008 5006
f 4556 4955 4946
f 4553 4947 4942
f 4552 4945 4943
f 4554 4951 4949
f 4555 4954 4952
f 4560 4969 4964
f 4548 4933 4931
f 4567 4990 4988
f 4579 5027 5025
f 4586 5045 5033
f 4595 5073 5062
f 4563 4977 4972
f 4544 4920 4913
f 4576 5015 5003
f 4591 5060 5048
f 4565 4983 4976
f 4594 5072 5070
f 4588 5054 5052
f 4574 5012 5010
f 4545 4923 4919
f 4584 5041 5036
f 4557 4959 4957
f 4549 4935 4928
f 4570 4998 4991
f 4581 5031 5022
f 4585 5044 5040
f 4561 4970 4958
f 4550 4938 4934
f 4569 4996 4994
f 4577 5020 5018
f 4562 4975 4973
f 4542 4914 4912
f 4572 5004 5002
f 4587 5049 5047
f 4592 5065 5063
f 4582 5034 5032
f 4559 4967 4965
f 4551 4941 4937
f 4571 5001 4995
f 4580 5028 5017
f 4558 4963 4961
f 4547 4929 4927
f 4568 4992 4987
f 4578 5023 5021
f 4583 5039 5037
f 4564 4981 4979
f 4593 5068 5066
f 4589 5056 5051
f 4575 5014 5009
f 4546 4926 4922
f 4603 5083 5085
f 4599 5077 5081
f 4605 5080 5082
f 4608 5087 5088
f 4611 5090 5091
f 4619 5093 5094
f 4646 5127 5128
f 4631 5114 5113
f 4652 5134 5133
f 4617 5097 5096
f 4637 5116 5118
f 4621 5101 5102
f 4629 5106 5104
f 4641 5120 5121
f 4644 5123 5124
f 4647 5125 5129
f 4634 5108 5109
f 4632 5112 5111
f 4653 5135 5131
f 4616 5099 5098
f 4901 4658 4661
f 4897 4657 4658
f 4898 4659 4657
f 4904 4660 4659
f 4907 4661 4660
f 4916 4666 4663
f 4980 4684 4686
f 5067 4713 4716
f 5055 4709 4710
f 5006 4695 4693
f 4946 4673 4676
f 4942 4672 4673
f 4943 4674 4672
f 4949 4675 4674
f 4952 4676 4675
f 4964 4679 4680
f 4931 4671 4668
f 4988 4691 4687
f 5025 4700 4699
f 5033 4702 4706
f 5062 4712 4715
f 4972 4682 4683
f 4913 4662 4664
f 5003 4692 4696
f 5048 4707 4711
f 4976 4683 4685
f 5070 4715 4714
f 5052 4711 4708
f 5010 4696 4694
f 4919 4664 4665
f 5036 4703 4704
f 4957 4678 4677
f 4928 4667 4669
f 4991 4688 4690
f 5022 4698 4701
f 5040 4704 4705
f 4958 4677 4681
f 4934 4669 4670
f 4994 4690 4689
f 5018 4701 4697
f 4973 4686 4682
f 4912 4663 4662
f 5002 4693 4692
f 5047 4710 4707
f 5063 4716 4712
f 5032 4705 4702
f 4965 4681 4679
f 4937 4670 4671
f 4995 4689 4691
f 5017 4697 4700
f 4961 4680 4678
f 4927 4668 4667
f 4987 4687 4688
f 5021 4699 4698
f 5037 4706 4703
f 4979 4685 4684
f 5066 4714 4713
f 5051 4708 4709
f 5009 4694 4695
f 4922 4665 4666
f 5085 4852 4851
f 5081 4750 4749
f 5082 4755 4756
f 5088 4881 4882
f 5091 4893 4894
f 5094 4845 4846
f 5128 4842 4841
f 5113 4794 4792
f 5133 4860 4858
f 5096 4761 4763
f 5118 4834 4833
f 5102 4781 4779
f 5104 4785 4787
f 5121 4863 4864
f 5124 4889 4890
f 5129 4848 4847
f 5109 4839 4840
f 5111 4791 4793
f 5131 4857 4859
f 5098 4764 4762
f 4910 4741 4743
f 4902 4723 4725
f 4900 4717 4720
f 4906 4729 4732
f 4909 4735 4738
f 4918 4747 4751
f 4986 4849 4853
f 5076 4892 4896
f 5059 4880 4884
f 5008 4754 4758
f 4955 4819 4821
f 4947 4801 4803
f 4945 4772 4776
f 4951 4807 4811
f 4954 4813 4816
f 4969 4831 4835
f 4933 4777 4780
f 4990 4784 4788
f 5027 4862 4866
f 5045 4886 4888
f 5073 4850 4852
f 4977 4748 4750
f 4920 4753 4755
f 5015 4879 4881
f 5060 4891 4893
f 4983 4843 4845
f 5072 4838 4842
f 5054 4790 4794
f 5012 4856 4860
f 4923 4759 4761
f 5041 4832 4834
f 4959 4778 4781
f 4935 4783 4785
f 4998 4861 4863
f 5031 4885 4889
f 5044 4844 4848
f 4970 4837 4839
f 4938 4789 4791
f 4996 4855 4857
f 5020 4760 4764
f 4975 4724 4728
f 4914 4718 4721
f 5004 4730 4733
f 5049 4736 4739
f 5065 4742 4746
f 5034 4766 4769
f 4967 4825 4828
f 4941 4795 4798
f 5001 4867 4871
f 5028 4874 4876
f 4963 4802 4806
f 4929 4771 4773
f 4992 4808 4810
f 5023 4814 4817
f 5039 4820 4824
f 4981 4826 4829
f 5068 4796 4799
f 5056 4868 4870
f 5014 4873 4877
f 4926 4765 4768
f 5083 4728 4726
f 5077 4721 4719
f 5080 4733 4731
f 5087 4739 4737
f 5090 4746 4744
f 5093 4769 4767
f 5127 4828 4830
f 5114 4798 4800
f 5134 4871 4872
f 5097 4876 4875
f 5116 4806 4805
f 5101 4773 4775
f 5106 4810 4809
f 5120 4817 4815
f 5123 4824 4822
f 5125 4829 4827
f 5108 4799 4797
f 5112 4870 4869
f 5135 4877 4878
f 5099 4768 4770
f 4903 4726 4723
f 4899 4719 4717
f 4905 4731 4729
f 4908 4737 4735
f 4911 4744 4741
f 4925 4767 4765
f 4982 4830 4826
f 5069 4800 4796
f 5057 4872 4868
f 5013 4875 4873
f 4948 4805 4801
f 4944 4775 4772
f 4950 4809 4807
f 4953 4815 4813
f 4956 4822 4819
f 4966 4827 4825
f 4940 4797 4795
f 5000 4869 4867
f 5029 4878 4874
f 5035 4770 4766
f 5064 4745 4742
f 4974 4727 4724
f 4915 4722 4718
f 5005 4734 4730
f 5050 4740 4736
f 4978 4752 4748
f 5074 4854 4850
f 5061 4895 4891
f 5016 4883 4879
f 4921 4757 4753
f 5038 4823 4820
f 4962 4804 4802
f 4930 4774 4771
f 4993 4812 4808
f 5024 4818 4814
f 5042 4836 4832
f 4960 4782 4778
f 4936 4786 4783
f 4999 4865 4861
f 5030 4887 4885
f 4985 4851 4849
f 4917 4749 4747
f 5007 4756 4754
f 5058 4882 4880
f 5075 4894 4892
f 5043 4846 4844
f 4971 4841 4837
f 4939 4792 4789
f 4997 4858 4855
f 5019 4763 4760
f 4968 4833 4831
f 4932 4779 4777
f 4989 4787 4784
f 5026 4864 4862
f 5046 4890 4886
f 4984 4847 4843
f 5071 4840 4838
f 5053 4793 4790
f 5011 4859 4856
f 4924 4762 4759
f 5084 4743 4745
f 5078 4725 4727
f 5079 4720 4722
f 5086 4732 4734
f 5089 4738 4740
f 5092 4751 4752
f 5130 4853 4854
f 5115 4896 4895
f 5136 4884 4883
f 5095 4758 4757
f 5117 4821 4823
f 5105 4803 4804
f 5103 4776 4774
f 5119 4811 4812
f 5122 4816 4818
f 5126 4835 4836
f 5107 4780 4782
f 5110 4788 4786
f 5132 4866 4865
f 5100 4888 4887
f 4901 4910 4903
f 4897 4902 4899
f 4898 4900 4905
f 4904 4906 4908
f 4907 4909 4911
f 4916 4918 4925
f 4980 4986 4982
f 5067 5076 5069
f 5055 5059 5057
f 5006 5008 5013
f 4946 4955 4948
f 4942 4947 4944
f 4943 4945 4950
f 4949 4951 4953
f 4952 4954 4956
f 4964 4969 4966
f 4931 4933 4940
f 4988 4990 5000
f 5025 5027 5029
f 5033 5045 5035
f 5062 5073 5064
f 4972 4977 4974
f 4913 4920 4915
f 5003 5015 5005
f 5048 5060 5050
f 4976 4983 4978
f 5070 5072 5074
f 5052 5054 5061
f 5010 5012 5016
f 4919 4923 4921
f 5036 5041 5038
f 4957 4959 4962
f 4928 4935 4930
f 4991 4998 4993
f 5022 5031 5024
f 5040 5044 5042
f 4958 4970 4960
f 4934 4938 4936
f 4994 4996 4999
f 5018 5020 5030
f 4973 4975 4985
f 4912 4914 4917
f 5002 5004 5007
f 5047 5049 5058
f 5063 5065 5075
f 5032 5034 5043
f 4965 4967 4971
f 4937 4941 4939
f 4995 5001 4997
f 5017 5028 5019
f 4961 4963 4968
f 4927 4929 4932
f 4987 4992 4989
f 5021 5023 5026
f 5037 5039 5046
f 4979 4981 4984
f 5066 5068 5071
f 5051 5056 5053
f 5009 5014 5011
f 4922 4926 4924
f 5085 5083 5084
f 5081 5077 5078
f 5082 5080 5079
f 5088 5087 5086
f 5091 5090 5089
f 5094 5093 5092
f 5128 5127 5130
f 5113 5114 5115
f 5133 5134 5136
f 5096 5097 5095
f 5118 5116 5117
f 5102 5101 5105
f 5104 5106 5103
f 5121 5120 5119
f 5124 5123 5122
f 5129 5125 5126
f 5109 5108 5107
f 5111 5112 5110
f 5131 5135 5132
f 5098 5099 5100
f 5137 5303 5300
f 5137 5300 5299
f 5137 5299 5301
f 5137 5301 5302
f 5137 5302 5303
f 5138 5305 5308
f 5142 5328 5326
f 5148 5358 5355
f 5147 5352 5351
f 5144 5335 5337
f 5140 5318 5315
f 5140 5315 5314
f 5140 5314 5316
f 5140 5316 5317
f 5140 5317 5318
f 5141 5322 5321
f 5139 5310 5313
f 5143 5329 5333
f 5145 5341 5342
f 5146 5348 5344
f 5148 5357 5354
f 5142 5325 5324
f 5138 5306 5304
f 5144 5338 5334
f 5147 5353 5349
f 5142 5327 5325
f 5148 5356 5357
f 5147 5350 5353
f 5144 5336 5338
f 5138 5307 5306
f 5146 5346 5345
f 5141 5319 5320
f 5139 5311 5309
f 5143 5332 5330
f 5145 5343 5340
f 5146 5347 5346
f 5141 5323 5319
f 5139 5312 5311
f 5143 5331 5332
f 5145 5339 5343
f 5142 5324 5328
f 5138 5304 5305
f 5144 5334 5335
f 5147 5349 5352
f 5148 5354 5358
f 5146 5344 5347
f 5141 5321 5323
f 5139 5313 5312
f 5143 5333 5331
f 5145 5342 5339
f 5141 5320 5322
f 5139 5309 5310
f 5143 5330 5329
f 5145 5340 5341
f 5146 5345 5348
f 5142 5326 5327
f 5148 5355 5356
f 5147 5351 5350
f 5144 5337 5336
f 5138 5308 5307
f 5171 5493 5494
f 5154 5391 5392
f 5155 5398 5397
f 5176 5524 5523
f 5178 5536 5535
f 5170 5488 5487
f 5169 5483 5484
f 5161 5434 5436
f 5172 5500 5502
f 5156 5405 5403
f 5168 5475 5476
f 5159 5421 5423
f 5160 5429 5427
f 5173 5506 5505
f 5177 5532 5531
f 5170 5489 5490
f 5169 5482 5481
f 5161 5435 5433
f 5172 5501 5499
f 5156 5404 5406
f 5153 5385 5383
f 5150 5367 5365
f 5149 5362 5359
f 5151 5374 5371
f 5152 5380 5377
f 5154 5393 5389
f 5171 5495 5491
f 5178 5538 5534
f 5176 5526 5522
f 5155 5400 5396
f 5166 5463 5461
f 5163 5445 5443
f 5158 5418 5414
f 5164 5453 5449
f 5165 5458 5455
f 5168 5477 5473
f 5159 5422 5419
f 5160 5430 5426
f 5173 5508 5504
f 5177 5530 5528
f 5171 5494 5492
f 5154 5392 5390
f 5155 5397 5395
f 5176 5523 5521
f 5178 5535 5533
f 5170 5487 5485
f 5169 5484 5480
f 5161 5436 5432
f 5172 5502 5498
f 5156 5403 5401
f 5168 5476 5474
f 5159 5423 5420
f 5160 5427 5425
f 5173 5505 5503
f 5177 5531 5527
f 5170 5490 5486
f 5169 5481 5479
f 5161 5433 5431
f 5172 5499 5497
f 5156 5406 5402
f 5150 5370 5366
f 5149 5363 5360
f 5151 5375 5372
f 5152 5381 5378
f 5153 5388 5384
f 5157 5411 5408
f 5167 5470 5467
f 5162 5440 5437
f 5174 5513 5509
f 5175 5518 5516
f 5163 5448 5444
f 5158 5415 5413
f 5164 5452 5450
f 5165 5459 5456
f 5166 5466 5462
f 5167 5471 5468
f 5162 5441 5438
f 5174 5512 5510
f 5175 5519 5515
f 5157 5410 5407
f 5150 5368 5370
f 5149 5361 5363
f 5151 5373 5375
f 5152 5379 5381
f 5153 5386 5388
f 5157 5409 5411
f 5167 5472 5470
f 5162 5442 5440
f 5174 5514 5513
f 5175 5517 5518
f 5163 5447 5448
f 5158 5417 5415
f 5164 5451 5452
f 5165 5457 5459
f 5166 5464 5466
f 5167 5469 5471
f 5162 5439 5441
f 5174 5511 5512
f 5175 5520 5519
f 5157 5412 5410
f 5150 5365 5368
f 5149 5359 5361
f 5151 5371 5373
f 5152 5377 5379
f 5153 5383 5386
f 5157 5407 5409
f 5167 5468 5472
f 5162 5438 5442
f 5174 5510 5514
f 5175 5515 5517
f 5163 5443 5447
f 5158 5414 5417
f 5164 5449 5451
f 5165 5455 5457
f 5166 5461 5464
f 5167 5467 5469
f 5162 5437 5439
f 5174 5509 5511
f 5175 5516 5520
f 5157 5408 5412
f 5153 5384 5387
f 5150 5366 5369
f 5149 5360 5364
f 5151 5372 5376
f 5152 5378 5382
f 5154 5390 5394
f 5171 5492 5496
f 5178 5533 5537
f 5176 5521 5525
f 5155 5395 5399
f 5166 5462 5465
f 5163 5444 5446
f 5158 5413 5416
f 5164 5450 5454
f 5165 5456 5460
f 5168 5474 5478
f 5159 5420 5424
f 5160 5425 5428
f 5173 5503 5507
f 5177 5527 5529
f 5171 5491 5493
f 5154 5389 5391
f 5155 5396 5398
f 5176 5522 5524
f 5178 5534 5536
f 5170 5486 5488
f 5169 5479 5483
f 5161 5431 5434
f 5172 5497 5500
f 5156 5402 5405
f 5168 5473 5475
f 5159 5419 5421
f 5160 5426 5429
f 5173 5504 5506
f 5177 5528 5532
f 5170 5485 5489
f 5169 5480 5482
f 5161 5432 5435
f 5172 5498 5501
f 5156 5401 5404
f 5153 5387 5385
f 5150 5369 5367
f 5149 5364 5362
f 5151 5376 5374
f 5152 5382 5380
f 5154 5394 5393
f 5171 5496 5495
f 5178 5537 5538
f 5176 5525 5526
f 5155 5399 5400
f 5166 5465 5463
f 5163 5446 5445
f 5158 5416 5418
f 5164 5454 5453
f 5165 5460 5458
f 5168 5478 5477
f 5159 5424 5422
f 5160 5428 5430
f 5173 5507 5508
f 5177 5529 5530
f 5243 5545 5552
f 5239 5541 5544
f 5240 5547 5542
f 5246 5550 5548
f 5249 5553 5551
f 5254 5567 5560
f 5290 5624 5628
f 5277 5711 5718
f 5298 5699 5701
f 5257 5655 5650
f 5278 5590 5597
f 5265 5586 5589
f 5266 5592 5587
f 5280 5595 5593
f 5282 5598 5596
f 5287 5608 5611
f 5267 5582 5575
f 5272 5642 5632
f 5297 5671 5669
f 5262 5677 5687
f 5252 5706 5715
f 5244 5616 5619
f 5242 5557 5562
f 5248 5647 5657
f 5251 5692 5702
f 5255 5620 5625
f 5292 5716 5714
f 5275 5703 5696
f 5296 5658 5654
f 5256 5563 5565
f 5285 5680 5683
f 5268 5604 5601
f 5264 5572 5577
f 5281 5635 5640
f 5284 5666 5673
f 5291 5684 5686
f 5269 5602 5612
f 5270 5578 5580
f 5293 5641 5638
f 5260 5672 5662
f 5245 5627 5617
f 5241 5559 5556
f 5247 5649 5646
f 5250 5700 5691
f 5253 5717 5707
f 5261 5685 5676
f 5288 5613 5609
f 5273 5581 5583
f 5294 5639 5643
f 5259 5661 5670
f 5279 5610 5605
f 5263 5574 5571
f 5271 5631 5634
f 5283 5668 5665
f 5286 5688 5681
f 5289 5626 5623
f 5276 5713 5710
f 5274 5695 5698
f 5295 5653 5656
f 5258 5566 5568
f 5243 5726 5725
f 5239 5720 5719
f 5240 5721 5722
f 5246 5728 5729
f 5249 5731 5732
f 5254 5734 5735
f 5290 5772 5769
f 5277 5757 5756
f 5298 5778 5776
f 5257 5737 5739
f 5278 5759 5758
f 5265 5747 5743
f 5266 5745 5748
f 5280 5761 5762
f 5282 5764 5765
f 5287 5768 5767
f 5267 5749 5750
f 5272 5752 5754
f 5297 5774 5777
f 5262 5742 5741
f 5183 5543 5303
f 5180 5539 5300
f 5179 5540 5299
f 5181 5546 5301
f 5182 5549 5302
f 5185 5558 5305
f 5208 5622 5328
f 5238 5709 5358
f 5232 5697 5352
f 5215 5648 5335
f 5198 5588 5318
f 5195 5584 5315
f 5194 5585 5314
f 5196 5591 5316
f 5197 5594 5317
f 5202 5606 5322
f 5190 5573 5310
f 5209 5630 5329
f 5221 5667 5341
f 5228 5675 5348
f 5237 5704 5357
f 5205 5614 5325
f 5186 5555 5306
f 5218 5645 5338
f 5233 5690 5353
f 5207 5618 5327
f 5236 5712 5356
f 5230 5694 5350
f 5216 5652 5336
f 5187 5561 5307
f 5226 5678 5346
f 5199 5599 5319
f 5191 5570 5311
f 5212 5633 5332
f 5223 5664 5343
f 5227 5682 5347
f 5203 5600 5323
f 5192 5576 5312
f 5211 5636 5331
f 5219 5660 5339
f 5204 5615 5324
f 5184 5554 5304
f 5214 5644 5334
f 5229 5689 5349
f 5234 5705 5354
f 5224 5674 5344
f 5201 5607 5321
f 5193 5579 5313
f 5213 5637 5333
f 5222 5659 5342
f 5200 5603 5320
f 5189 5569 5309
f 5210 5629 5330
f 5220 5663 5340
f 5225 5679 5345
f 5206 5621 5326
f 5235 5708 5355
f 5231 5693 5351
f 5217 5651 5337
f 5188 5564 5308
f 5245 5727 5493
f 5241 5723 5391
f 5247 5724 5398
f 5250 5730 5524
f 5253 5733 5536
f 5261 5736 5488
f 5288 5770 5483
f 5273 5755 5434
f 5294 5775 5500
f 5259 5738 5405
f 5279 5760 5475
f 5263 5744 5421
f 5271 5746 5429
f 5283 5763 5506
f 5286 5766 5532
f 5289 5771 5489
f 5276 5751 5482
f 5274 5753 5435
f 5295 5773 5501
f 5258 5740 5404
f 5243 5552 5385
f 5239 5544 5367
f 5240 5542 5362
f 5246 5548 5374
f 5249 5551 5380
f 5254 5560 5393
f 5290 5628 5495
f 5277 5718 5538
f 5298 5701 5526
f 5257 5650 5400
f 5278 5597 5463
f 5265 5589 5445
f 5266 5587 5418
f 5280 5593 5453
f 5282 5596 5458
f 5287 5611 5477
f 5267 5575 5422
f 5272 5632 5430
f 5297 5669 5508
f 5262 5687 5530
f 5252 5715 5494
f 5244 5619 5392
f 5242 5562 5397
f 5248 5657 5523
f 5251 5702 5535
f 5255 5625 5487
f 5292 5714 5484
f 5275 5696 5436
f 5296 5654 5502
f 5256 5565 5403
f 5285 5683 5476
f 5268 5601 5423
f 5264 5577 5427
f 5281 5640 5505
f 5284 5673 5531
f 5291 5686 5490
f 5269 5612 5481
f 5270 5580 5433
f 5293 5638 5499
f 5260 5662 5406
f 5245 5617 5370
f 5241 5556 5363
f 5247 5646 5375
f 5250 5691 5381
f 5253 5707 5388
f 5261 5676 5411
f 5288 5609 5470
f 5273 5583 5440
f 5294 5643 5513
f 5259 5670 5518
f 5279 5605 5448
f 5263 5571 5415
f 5271 5634 5452
f 5283 5665 5459
f 5286 5681 5466
f 5289 5623 5471
f 5276 5710 5441
f 5274 5698 5512
f 5295 5656 5519
f 5258 5568 5410
f 5243 5725 5368
f 5239 5719 5361
f 5240 5722 5373
f 5246 5729 5379
f 5249 5732 5386
f 5254 5735 5409
f 5290 5769 5472
f 5277 5756 5442
f 5298 5776 5514
f 5257 5739 5517
f 5278 5758 5447
f 5265 5743 5417
f 5266 5748 5451
f 5280 5762 5457
f 5282 5765 5464
f 5287 5767 5469
f 5267 5750 5439
f 5272 5754 5511
f 5297 5777 5520
f 5262 5741 5412
f 5180 5545 5365
f 5179 5541 5359
f 5181 5547 5371
f 5182 5550 5377
f 5183 5553 5383
f 5188 5567 5407
f 5206 5624 5468
f 5235 5711 5438
f 5231 5699 5510
f 5217 5655 5515
f 5195 5590 5443
f 5194 5586 5414
f 5196 5592 5449
f 5197 5595 5455
f 5198 5598 5461
f 5201 5608 5467
f 5193 5582 5437
f 5213 5642 5509
f 5222 5671 5516
f 5224 5677 5408
f 5234 5706 5384
f 5204 5616 5366
f 5184 5557 5360
f 5214 5647 5372
f 5229 5692 5378
f 5205 5620 5390
f 5237 5716 5492
f 5233 5703 5533
f 5218 5658 5521
f 5186 5563 5395
f 5225 5680 5462
f 5200 5604 5444
f 5189 5572 5413
f 5210 5635 5450
f 5220 5666 5456
f 5226 5684 5474
f 5199 5602 5420
f 5191 5578 5425
f 5212 5641 5503
f 5223 5672 5527
f 5208 5627 5491
f 5185 5559 5389
f 5215 5649 5396
f 5232 5700 5522
f 5238 5717 5534
f 5227 5685 5486
f 5203 5613 5479
f 5192 5581 5431
f 5211 5639 5497
f 5219 5661 5402
f 5202 5610 5473
f 5190 5574 5419
f 5209 5631 5426
f 5221 5668 5504
f 5228 5688 5528
f 5207 5626 5485
f 5236 5713 5480
f 5230 5695 5432
f 5216 5653 5498
f 5187 5566 5401
f 5252 5726 5387
f 5244 5720 5369
f 5242 5721 5364
f 5248 5728 5376
f 5251 5731 5382
f 5255 5734 5394
f 5292 5772 5496
f 5275 5757 5537
f 5296 5778 5525
f 5256 5737 5399
f 5285 5759 5465
f 5268 5747 5446
f 5264 5745 5416
f 5281 5761 5454
f 5284 5764 5460
f 5291 5768 5478
f 5269 5749 5424
f 5270 5752 5428
f 5293 5774 5507
f 5260 5742 5529
f 5180 5543 5545
f 5179 5539 5541
f 5181 5540 5547
f 5182 5546 5550
f 5183 5549 5553
f 5188 5558 5567
f 5206 5622 5624
f 5235 5709 5711
f 5231 5697 5699
f 5217 5648 5655
f 5195 5588 5590
f 5194 5584 5586
f 5196 5585 5592
f 5197 5591 5595
f 5198 5594 5598
f 5201 5606 5608
f 5193 5573 5582
f 5213 5630 5642
f 5222 5667 5671
f 5224 5675 5677
f 5234 5704 5706
f 5204 5614 5616
f 5184 5555 5557
f 5214 5645 5647
f 5229 5690 5692
f 5205 5618 5620
f 5237 5712 5716
f 5233 5694 5703
f 5218 5652 5658
f 5186 5561 5563
f 5225 5678 5680
f 5200 5599 5604
f 5189 5570 5572
f 5210 5633 5635
f 5220 5664 5666
f 5226 5682 5684
f 5199 5600 5602
f 5191 5576 5578
f 5212 5636 5641
f 5223 5660 5672
f 5208 5615 5627
f 5185 5554 5559
f 5215 5644 5649
f 5232 5689 5700
f 5238 5705 5717
f 5227 5674 5685
f 5203 5607 5613
f 5192 5579 5581
f 5211 5637 5639
f 5219 5659 5661
f 5202 5603 5610
f 5190 5569 5574
f 5209 5629 5631
f 5221 5663 5668
f 5228 5679 5688
f 5207 5621 5626
f 5236 5708 5713
f 5230 5693 5695
f 5216 5651 5653
f 5187 5564 5566
f 5252 5727 5726
f 5244 5723 5720
f 5242 5724 5721
f 5248 5730 5728
f 5251 5733 5731
f 5255 5736 5734
f 5292 5770 5772
f 5275 5755 5757
f 5296 5775 5778
f 5256 5738 5737
f 5285 5760 5759
f 5268 5744 5747
f 5264 5746 5745
f 5281 5763 5761
f 5284 5766 5764
f 5291 5771 5768
f 5269 5751 5749
f 5270 5753 5752
f 5293 5773 5774
f 5260 5740 5742
f 5180 5300 5543
f 5179 5299 5539
f 5181 5301 5540
f 5182 5302 5546
f 5183 5303 5549
f 5188 5308 5558
f 5206 5326 5622
f 5235 5355 5709
f 5231 5351 5697
f 5217 5337 5648
f 5195 5315 5588
f 5194 5314 5584
f 5196 5316 5585
f 5197 5317 5591
f 5198 5318 5594
f 5201 5321 5606
f 5193 5313 5573
f 5213 5333 5630
f 5222 5342 5667
f 5224 5344 5675
f 5234 5354 5704
f 5204 5324 5614
f 5184 5304 5555
f 5214 5334 5645
f 5229 5349 5690
f 5205 5325 5618
f 5237 5357 5712
f 5233 5353 5694
f 5218 5338 5652
f 5186 5306 5561
f 5225 5345 5678
f 5200 5320 5599
f 5189 5309 5570
f 5210 5330 5633
f 5220 5340 5664
f 5226 5346 5682
f 5199 5319 5600
f 5191 5311 5576
f 5212 5332 5636
f 5223 5343 5660
f 5208 5328 5615
f 5185 5305 5554
f 5215 5335 5644
f 5232 5352 5689
f 5238 5358 5705
f 5227 5347 5674
f 5203 5323 5607
f 5192 5312 5579
f 5211 5331 5637
f 5219 5339 5659
f 5202 5322 5603
f 5190 5310 5569
f 5209 5329 5629
f 5221 5341 5663
f 5228 5348 5679
f 5207 5327 5621
f 5236 5356 5708
f 5230 5350 5693
f 5216 5336 5651
f 5187 5307 5564
f 5252 5494 5727
f 5244 5392 5723
f 5242 5397 5724
f 5248 5523 5730
f 5251 5535 5733
f 5255 5487 5736
f 5292 5484 5770
f 5275 5436 5755
f 5296 5502 5775
f 5256 5403 5738
f 5285 5476 5760
f 5268 5423 5744
f 5264 5427 5746
f 5281 5505 5763
f 5284 5531 5766
f 5291 5490 5771
f 5269 5481 5751
f 5270 5433 5753
f 5293 5499 5773
f 5260 5406 5740
f 5183 5383 5552
f 5180 5365 5544
f 5179 5359 5542
f 5181 5371 5548
f 5182 5377 5551
f 5185 5389 5560
f 5208 5491 5628
f 5238 5534 5718
f 5232 5522 5701
f 5215 5396 5650
f 5198 5461 5597
f 5195 5443 5589
f 5194 5414 5587
f 5196 5449 5593
f 5197 5455 5596
f 5202 5473 5611
f 5190 5419 5575
f 5209 5426 5632
f 5221 5504 5669
f 5228 5528 5687
f 5237 5492 5715
f 5205 5390 5619
f 5186 5395 5562
f 5218 5521 5657
f 5233 5533 5702
f 5207 5485 5625
f 5236 5480 5714
f 5230 5432 5696
f 5216 5498 5654
f 5187 5401 5565
f 5226 5474 5683
f 5199 5420 5601
f 5191 5425 5577
f 5212 5503 5640
f 5223 5527 5673
f 5227 5486 5686
f 5203 5479 5612
f 5192 5431 5580
f 5211 5497 5638
f 5219 5402 5662
f 5204 5366 5617
f 5184 5360 5556
f 5214 5372 5646
f 5229 5378 5691
f 5234 5384 5707
f 5224 5408 5676
f 5201 5467 5609
f 5193 5437 5583
f 5213 5509 5643
f 5222 5516 5670
f 5200 5444 5605
f 5189 5413 5571
f 5210 5450 5634
f 5220 5456 5665
f 5225 5462 5681
f 5206 5468 5623
f 5235 5438 5710
f 5231 5510 5698
f 5217 5515 5656
f 5188 5407 5568
f 5245 5370 5725
f 5241 5363 5719
f 5247 5375 5722
f 5250 5381 5729
f 5253 5388 5732
f 5261 5411 5735
f 5288 5470 5769
f 5273 5440 5756
f 5294 5513 5776
f 5259 5518 5739
f 5279 5448 5758
f 5263 5415 5743
f 5271 5452 5748
f 5283 5459 5762
f 5286 5466 5765
f 5289 5471 5767
f 5276 5441 5750
f 5274 5512 5754
f 5295 5519 5777
f 5258 5410 5741
f 5243 5368 5545
f 5239 5361 5541
f 5240 5373 5547
f 5246 5379 5550
f 5249 5386 5553
f 5254 5409 5567
f 5290 5472 5624
f 5277 5442 5711
f 5298 5514 5699
f 5257 5517 5655
f 5278 5447 5590
f 5265 5417 5586
f 5266 5451 5592
f 5280 5457 5595
f 5282 5464 5598
f 5287 5469 5608
f 5267 5439 5582
f 5272 5511 5642
f 5297 5520 5671
f 5262 5412 5677
f 5252 5387 5706
f 5244 5369 5616
f 5242 5364 5557
f 5248 5376 5647
f 5251 5382 5692
f 5255 5394 5620
f 5292 5496 5716
f 5275 5537 5703
f 5296 5525 5658
f 5256 5399 5563
f 5285 5465 5680
f 5268 5446 5604
f 5264 5416 5572
f 5281 5454 5635
f 5284 5460 5666
f 5291 5478 5684
f 5269 5424 5602
f 5270 5428 5578
f 5293 5507 5641
f 5260 5529 5672
f 5245 5493 5627
f 5241 5391 5559
f 5247 5398 5649
f 5250 5524 5700
f 5253 5536 5717
f 5261 5488 5685
f 5288 5483 5613
f 5273 5434 5581
f 5294 5500 5639
f 5259 5405 5661
f 5279 5475 5610
f 5263 5421 5574
f 5271 5429 5631
f 5283 5506 5668
f 5286 5532 5688
f 5289 5489 5626
f 5276 5482 5713
f 5274 5435 5695
f 5295 5501 5653
f 5258 5404 5566
f 5243 5385 5726
f 5239 5367 5720
f 5240 5362 5721
f 5246 5374 5728
f 5249 5380 5731
f 5254 5393 5734
f 5290 5495 5772
f 5277 5538 5757
f 5298 5526 5778
f 5257 5400 5737
f 5278 5463 5759
f 5265 5445 5747
f 5266 5418 5745
f 5280 5453 5761
f 5282 5458 5764
f 5287 5477 5768
f 5267 5422 5749
f 5272 5430 5752
f 5297 5508 5774
f 5262 5530 5742
f 5183 5552 5543
f 5180 5544 5539
f 5179 5542 5540
f 5181 5548 5546
f 5182 5551 5549
f 5185 5560 5558
f 5208 5628 5622
f 5238 5718 5709
f 5232 5701 5697
f 5215 5650 5648
f 5198 5597 5588
f 5195 5589 5584
f 5194 5587 5585
f 5196 5593 5591
f 5197 5596 5594
f 5202 5611 5606
f 5190 5575 5573
f 5209 5632 5630
f 5221 5669 5667
f 5228 5687 5675
f 5237 5715 5704
f 5205 5619 5614
f 5186 5562 5555
f 5218 5657 5645
f 5233 5702 5690
f 5207 5625 5618
f 5236 5714 5712
f 5230 5696 5694
f 5216 5654 5652
f 5187 5565 5561
f 5226 5683 5678
f 5199 5601 5599
f 5191 5577 5570
f 5212 5640 5633
f 5223 5673 5664
f 5227 5686 5682
f 5203 5612 5600
f 5192 5580 5576
f 5211 5638 5636
f 5219 5662 5660
f 5204 5617 5615
f 5184 5556 5554
f 5214 5646 5644
f 5229 5691 5689
f 5234 5707 5705
f 5224 5676 5674
f 5201 5609 5607
f 5193 5583 5579
f 5213 5643 5637
f 5222 5670 5659
f 5200 5605 5603
f 5189 5571 5569
f 5210 5634 5629
f 5220 5665 5663
f 5225 5681 5679
f 5206 5623 5621
f 5235 5710 5708
f 5231 5698 5693
f 5217 5656 5651
f 5188 5568 5564
f 5245 5725 5727
f 5241 5719 5723
f 5247 5722 5724
f 5250 5729 5730
f 5253 5732 5733
f 5261 5735 5736
f 5288 5769 5770
f 5273 5756 5755
f 5294 5776 5775
f 5259 5739 5738
f 5279 5758 5760
f 5263 5743 5744
f 5271 5748 5746
f 5283 5762 5763
f 5286 5765 5766
f 5289 5767 5771
f 5276 5750 5751
f 5274 5754 5753
f 5295 5777 5773
f 5258 5741 5740
f 5543 5300 5303
f 5539 5299 5300
f 5540 5301 5299
f 5546 5302 5301
f 5549 5303 5302
f 5558 5308 5305
f 5622 5326 5328
f 5709 5355 5358
f 5697 5351 5352
f 5648 5337 5335
f 5588 5315 5318
f 5584 5314 5315
f 5585 5316 5314
f 5591 5317 5316
f 5594 5318 5317
f 5606 5321 5322
f 5573 5313 5310
f 5630 5333 5329
f 5667 5342 5341
f 5675 5344 5348
f 5704 5354 5357
f 5614 5324 5325
f 5555 5304 5306
f 5645 5334 5338
f 5690 5349 5353
f 5618 5325 5327
f 5712 5357 5356
f 5694 5353 5350
f 5652 5338 5336
f 5561 5306 5307
f 5678 5345 5346
f 5599 5320 5319
f 5570 5309 5311
f 5633 5330 5332
f 5664 5340 5343
f 5682 5346 5347
f 5600 5319 5323
f 5576 5311 5312
f 5636 5332 5331
f 5660 5343 5339
f 5615 5328 5324
f 5554 5305 5304
f 5644 5335 5334
f 5689 5352 5349
f 5705 5358 5354
f 5674 5347 5344
f 5607 5323 5321
f 5579 5312 5313
f 5637 5331 5333
f 5659 5339 5342
f 5603 5322 5320
f 5569 5310 5309
f 5629 5329 5330
f 5663 5341 5340
f 5679 5348 5345
f 5621 5327 5326
f 5708 5356 5355
f 5693 5350 5351
f 5651 5336 5337
f 5564 5307 5308
f 5727 5494 5493
f 5723 5392 5391
f 5724 5397 5398
f 5730 5523 5524
f 5733 5535 5536
f 5736 5487 5488
f 5770 5484 5483
f 5755 5436 5434
f 5775 5502 5500
f 5738 5403 5405
f 5760 5476 5475
f 5744 5423 5421
f 5746 5427 5429
f 5763 5505 5506
f 5766 5531 5532
f 5771 5490 5489
f 5751 5481 5482
f 5753 5433 5435
f 5773 5499 5501
f 5740 5406 5404
f 5552 5383 5385
f 5544 5365 5367
f 5542 5359 5362
f 5548 5371 5374
f 5551 5377 5380
f 5560 5389 5393
f 5628 5491 5495
f 5718 5534 5538
f 5701 5522 5526
f 5650 5396 5400
f 5597 5461 5463
f 5589 5443 5445
f 5587 5414 5418
f 5593 5449 5453
f 5596 5455 5458
f 5611 5473 5477
f 5575 5419 5422
f 5632 5426 5430
f 5669 5504 5508
f 5687 5528 5530
f 5715 5492 5494
f 5619 5390 5392
f 5562 5395 5397
f 5657 5521 5523
f 5702 5533 5535
f 5625 5485 5487
f 5714 5480 5484
f 5696 5432 5436
f 5654 5498 5502
f 5565 5401 5403
f 5683 5474 5476
f 5601 5420 5423
f 5577 5425 5427
f 5640 5503 5505
f 5673 5527 5531
f 5686 5486 5490
f 5612 5479 5481
f 5580 5431 5433
f 5638 5497 5499
f 5662 5402 5406
f 5617 5366 5370
f 5556 5360 5363
f 5646 5372 5375
f 5691 5378 5381
f 5707 5384 5388
f 5676 5408 5411
f 5609 5467 5470
f 5583 5437 5440
f 5643 5509 5513
f 5670 5516 5518
f 5605 5444 5448
f 5571 5413 5415
f 5634 5450 5452
f 5665 5456 5459
f 5681 5462 5466
f 5623 5468 5471
f 5710 5438 5441
f 5698 5510 5512
f 5656 5515 5519
f 5568 5407 5410
f 5725 5370 5368
f 5719 5363 5361
f 5722 5375 5373
f 5729 5381 5379
f 5732 5388 5386
f 5735 5411 5409
f 5769 5470 5472
f 5756 5440 5442
f 5776 5513 5514
f 5739 5518 5517
f 5758 5448 5447
f 5743 5415 5417
f 5748 5452 5451
f 5762 5459 5457
f 5765 5466 5464
f 5767 5471 5469
f 5750 5441 5439
f 5754 5512 5511
f 5777 5519 5520
f 5741 5410 5412
f 5545 5368 5365
f 5541 5361 5359
f 5547 5373 5371
f 5550 5379 5377
f 5553 5386 5383
f 5567 5409 5407
f 5624 5472 5468
f 5711 5442 5438
f 5699 5514 5510
f 5655 5517 5515
f 5590 5447 5443
f 5586 5417 5414
f 5592 5451 5449
f 5595 5457 5455
f 5598 5464 5461
f 5608 5469 5467
f 5582 5439 5437
f 5642 5511 5509
f 5671 5520 5516
f 5677 5412 5408
f 5706 5387 5384
f 5616 5369 5366
f 5557 5364 5360
f 5647 5376 5372
f 5692 5382 5378
f 5620 5394 5390
f 5716 5496 5492
f 5703 5537 5533
f 5658 5525 5521
f 5563 5399 5395
f 5680 5465 5462
f 5604 5446 5444
f 5572 5416 5413
f 5635 5454 5450
f 5666 5460 5456
f 5684 5478 5474
f 5602 5424 5420
f 5578 5428 5425
f 5641 5507 5503
f 5672 5529 5527
f 5627 5493 5491
f 5559 5391 5389
f 5649 5398 5396
f 5700 5524 5522
f 5717 5536 5534
f 5685 5488 5486
f 5613 5483 5479
f 5581 5434 5431
f 5639 5500 5497
f 5661 5405 5402
f 5610 5475 5473
f 5574 5421 5419
f 5631 5429 5426
f 5668 5506 5504
f 5688 5532 5528
f 5626 5489 5485
f 5713 5482 5480
f 5695 5435 5432
f 5653 5501 5498
f 5566 5404 5401
f 5726 5385 5387
f 5720 5367 5369
f 5721 5362 5364
f 5728 5374 5376
f 5731 5380 5382
f 5734 5393 5394
f 5772 5495 5496
f 5757 5538 5537
f 5778 5526 5525
f 5737 5400 5399
f 5759 5463 5465
f 5747 5445 5446
f 5745 5418 5416
f 5761 5453 5454
f 5764 5458 5460
f 5768 5477 5478
f 5749 5422 5424
f 5752 5430 5428
f 5774 5508 5507
f 5742 5530 5529
f 5543 5552 5545
f 5539 5544 5541
f 5540 5542 5547
f 5546 5548 5550
f 5549 5551 5553
f 5558 5560 5567
f 5622 5628 5624
f 5709 5718 5711
f 5697 5701 5699
f 5648 5650 5655
f 5588 5597 5590
f 5584 5589 5586
f 5585 5587 5592
f 5591 5593 5595
f 5594 5596 5598
f 5606 5611 5608
f 5573 5575 5582
f 5630 5632 5642
f 5667 5669 5671
f 5675 5687 5677
f 5704 5715 5706
f 5614 5619 5616
f 5555 5562 5557
f 5645 5657 5647
f 5690 5702 5692
f 5618 5625 5620
f 5712 5714 5716
f 5694 5696 5703
f 5652 5654 5658
f 5561 5565 5563
f 5678 5683 5680
f 5599 5601 5604
f 5570 5577 5572
f 5633 5640 5635
f 5664 5673 5666
f 5682 5686 5684
f 5600 5612 5602
f 5576 5580 5578
f 5636 5638 5641
f 5660 5662 5672
f 5615 5617 5627
f 5554 5556 5559
f 5644 5646 5649
f 5689 5691 5700
f 5705 5707 5717
f 5674 5676 5685
f 5607 5609 5613
f 5579 5583 5581
f 5637 5643 5639
f 5659 5670 5661
f 5603 5605 5610
f 5569 5571 5574
f 5629 5634 5631
f 5663 5665 5668
f 5679 5681 5688
f 5621 5623 5626
f 5708 5710 5713
f 5693 5698 5695
f 5651 5656 5653
f 5564 5568 5566
f 5727 5725 5726
f 5723 5719 5720
f 5724 5722 5721
f 5730 5729 5728
f 5733 5732 5731
f 5736 5735 5734
f 5770 5769 5772
f 5755 5756 5757
f 5775 5776 5778
f 5738 5739 5737
f 5760 5758 5759
f 5744 5743 5747
f 5746 5748 5745
f 5763 5762 5761
f 5766 5765 5764
f 5771 5767 5768
f 5751 5750 5749
f 5753 5754 5752
f 5773 5777 5774
f 5740 5741 5742
f 5779 5945 5942
f 5779 5942 5941
f 5779 5941 5943
f 5779 5943 5944
f 5779 5944 5945
f 5780 5947 5950
f 5784 5970 5968
f 5790 6000 5997
f 5789 5994 5993
f 5786 5977 5979
f 5782 5960 5957
f 5782 5957 5956
f 5782 5956 5958
f 5782 5958 5959
f 5782 5959 5960
f 5783 5964 5963
f 5781 5952 5955
f 5785 5971 5975
f 5787 5983 5984
f 5788 5990 5986
f 5790 5999 5996
f 5784 5967 5966
f 5780 5948 5946
f 5786 5980 5976
f 5789 5995 5991
f 5784 5969 5967
f 5790 5998 5999
f 5789 5992 5995
f 5786 5978 5980
f 5780 5949 5948
f 5788 5988 5987
f 5783 5961 5962
f 5781 5953 5951
f 5785 5974 5972
f 5787 5985 5982
f 5788 5989 5988
f 5783 5965 5961
f 5781 5954 5953
f 5785 5973 5974
f 5787 5981 5985
f 5784 5966 5970
f 5780 5946 5947
f 5786 5976 5977
f 5789 5991 5994
f 5790 5996 6000
f 5788 5986 5989
f 5783 5963 5965
f 5781 5955 5954
f 5785 5975 5973
f 5787 5984 5981
f 5783 5962 5964
f 5781 5951 5952
f 5785 5972 5971
f 5787 5982 5983
f 5788 5987 5990
f 5784 5968 5969
f 5790 5997 5998
f 5789 5993 5992
f 5786 5979 5978
f 5780 5950 5949
f 5813 6135 6136
f 5796 6033 6034
f 5797 6040 6039
f 5818 6166 6165
f 5820 6178 6177
f 5812 6130 6129
f 5811 6125 6126
f 5803 6076 6078
f 5814 6142 6144
f 5798 6047 6045
f 5810 6117 6118
f 5801 6063 6065
f 5802 6071 6069
f 5815 6148 6147
f 5819 6174 6173
f 5812 6131 6132
f 5811 6124 6123
f 5803 6077 6075
f 5814 6143 6141
f 5798 6046 6048
f 5795 6027 6025
f 5792 6009 6007
f 5791 6004 6001
f 5793 6016 6013
f 5794 6022 6019
f 5796 6035 6031
f 5813 6137 6133
f 5820 6180 6176
f 5818 6168 6164
f 5797 6042 6038
f 5808 6105 6103
f 5805 6087 6085
f 5800 6060 6056
f 5806 6095 6091
f 5807 6100 6097
f 5810 6119 6115
f 5801 6064 6061
f 5802 6072 6068
f 5815 6150 6146
f 5819 6172 6170
f 5813 6136 6134
f 5796 6034 6032
f 5797 6039 6037
f 5818 6165 6163
f 5820 6177 6175
f 5812 6129 6127
f 5811 6126 6122
f 5803 6078 6074
f 5814 6144 6140
f 5798 6045 6043
f 5810 6118 6116
f 5801 6065 6062
f 5802 6069 6067
f 5815 6147 6145
f 5819 6173 6169
f 5812 6132 6128
f 5811 6123 6121
f 5803 6075 6073
f 5814 6141 6139
f 5798 6048 6044
f 5792 6012 6008
f 5791 6005 6002
f 5793 6017 6014
f 5794 6023 6020
f 5795 6030 6026
f 5799 6053 6050
f 5809 6112 6109
f 5804 6082 6079
f 5816 6155 6151
f 5817 6160 6158
f 5805 6090 6086
f 5800 6057 6055
f 5806 6094 6092
f 5807 6101 6098
f 5808 6108 6104
f 5809 6113 6110
f 5804 6083 6080
f 5816 6154 6152
f 5817 6161 6157
f 5799 6052 6049
f 5792 6010 6012
f 5791 6003 6005
f 5793 6015 6017
f 5794 6021 6023
f 5795 6028 6030
f 5799 6051 6053
f 5809 6114 6112
f 5804 6084 6082
f 5816 6156 6155
f 5817 6159 6160
f 5805 6089 6090
f 5800 6059 6057
f 5806 6093 6094
f 5807 6099 6101
f 5808 6106 6108
f 5809 6111 6113
f 5804 6081 6083
f 5816 6153 6154
f 5817 6162 6161
f 5799 6054 6052
f 5792 6007 6010
f 5791 6001 6003
f 5793 6013 6015
f 5794 6019 6021
f 5795 6025 6028
f 5799 6049 6051
f 5809 6110 6114
f 5804 6080 6084
f 5816 6152 6156
f 5817 6157 6159
f 5805 6085 6089
f 5800 6056 6059
f 5806 6091 6093
f 5807 6097 6099
f 5808 6103 6106
f 5809 6109 6111
f 5804 6079 6081
f 5816 6151 6153
f 5817 6158 6162
f 5799 6050 6054
f 5795 6026 6029
f 5792 6008 6011
f 5791 6002 6006
f 5793 6014 6018
f 5794 6020 6024
f 5796 6032 6036
f 5813 6134 6138
f 5820 6175 6179
f 5818 6163 6167
f 5797 6037 6041
f 5808 6104 6107
f 5805 6086 6088
f 5800 6055 6058
f 5806 6092 6096
f 5807 6098 6102
f 5810 6116 6120
f 5801 6062 6066
f 5802 6067 6070
f 5815 6145 6149
f 5819 6169 6171
f 5813 6133 6135
f 5796 6031 6033
f 5797 6038 6040
f 5818 6164 6166
f 5820 6176 6178
f 5812 6128 6130
f 5811 6121 6125
f 5803 6073 6076
f 5814 6139 6142
f 5798 6044 6047
f 5810 6115 6117
f 5801 6061 6063
f 5802 6068 6071
f 5815 6146 6148
f 5819 6170 6174
f 5812 6127 6131
f 5811 6122 6124
f 5803 6074 6077
f 5814 6140 6143
f 5798 6043 6046
f 5795 6029 6027
f 5792 6011 6009
f 5791 6006 6004
f 5793 6018 6016
f 5794 6024 6022
f 5796 6036 6035
f 5813 6138 6137
f 5820 6179 6180
f 5818 6167 6168
f 5797 6041 6042
f 5808 6107 6105
f 5805 6088 6087
f 5800 6058 6060
f 5806 6096 6095
f 5807 6102 6100
f 5810 6120 6119
f 5801 6066 6064
f 5802 6070 6072
f 5815 6149 6150
f 5819 6171 6172
f 5885 6187 6194
f 5881 6183 6186
f 5882 6189 6184
f 5888 6192 6190
f 5891 6195 6193
f 5896 6209 6202
f 5932 6266 6270
f 5919 6353 6360
f 5940 6341 6343
f 5899 6297 6292
f 5920 6232 6239
f 5907 6228 6231
f 5908 6234 6229
f 5922 6237 6235
f 5924 6240 6238
f 5929 6250 6253
f 5909 6224 6217
f 5914 6284 6274
f 5939 6313 6311
f 5904 6319 6329
f 5894 6348 6357
f 5886 6258 6261
f 5884 6199 6204
f 5890 6289 6299
f 5893 6334 6344
f 5897 6262 6267
f 5934 6358 6356
f 5917 6345 6338
f 5938 6300 6296
f 5898 6205 6207
f 5927 6322 6325
f 5910 6246 6243
f 5906 6214 6219
f 5923 6277 6282
f 5926 6308 6315
f 5933 6326 6328
f 5911 6244 6254
f 5912 6220 6222
f 5935 6283 6280
f 5902 6314 6304
f 5887 6269 6259
f 5883 6201 6198
f 5889 6291 6288
f 5892 6342 6333
f 5895 6359 6349
f 5903 6327 6318
f 5930 6255 6251
f 5915 6223 6225
f 5936 6281 6285
f 5901 6303 6312
f 5921 6252 6247
f 5905 6216 6213
f 5913 6273 6276
f 5925 6310 6307
f 5928 6330 6323
f 5931 6268 6265
f 5918 6355 6352
f 5916 6337 6340
f 5937 6295 6298
f 5900 6208 6210
f 5885 6368 6367
f 5881 6362 6361
f 5882 6363 6364
f 5888 6370 6371
f 5891 6373 6374
f 5896 6376 6377
f 5932 6414 6411
f 5919 6399 6398
f 5940 6420 6418
f 5899 6379 6381
f 5920 6401 6400
f 5907 6389 6385
f 5908 6387 6390
f 5922 6403 6404
f 5924 6406 6407
f 5929 6410 6409
f 5909 6391 6392
f 5914 6394 6396
f 5939 6416 6419
f 5904 6384 6383
f 5825 6185 5945
f 5822 6181 5942
f 5821 6182 5941
f 5823 6188 5943
f 5824 6191 5944
f 5827 6200 5947
f 5850 6264 5970
f 5880 6351 6000
f 5874 6339 5994
f 5857 6290 5977
f 5840 6230 5960
f 5837 6226 5957
f 5836 6227 5956
f 5838 6233 5958
f 5839 6236 5959
f 5844 6248 5964
f 5832 6215 5952
f 5851 6272 5971
f 5863 6309 5983
f 5870 6317 5990
f 5879 6346 5999
f 5847 6256 5967
f 5828 6197 5948
f 5860 6287 5980
f 5875 6332 5995
f 5849 6260 5969
f 5878 6354 5998
f 5872 6336 5992
f 5858 6294 5978
f 5829 6203 5949
f 5868 6320 5988
f 5841 6241 5961
f 5833 6212 5953
f 5854 6275 5974
f 5865 6306 5985
f 5869 6324 5989
f 5845 6242 5965
f 5834 6218 5954
f 5853 6278 5973
f 5861 6302 5981
f 5846 6257 5966
f 5826 6196 5946
f 5856 6286 5976
f 5871 6331 5991
f 5876 6347 5996
f 5866 6316 5986
f 5843 6249 5963
f 5835 6221 5955
f 5855 6279 5975
f 5864 6301 5984
f 5842 6245 5962
f 5831 6211 5951
f 5852 6271 5972
f 5862 6305 5982
f 5867 6321 5987
f 5848 6263 5968
f 5877 6350 5997
f 5873 6335 5993
f 5859 6293 5979
f 5830 6206 5950
f 5887 6369 6135
f 5883 6365 6033
f 5889 6366 6040
f 5892 6372 6166
f 5895 6375 6178
f 5903 6378 6130
f 5930 6412 6125
f 5915 6397 6076
f 5936 6417 6142
f 5901 6380 6047
f 5921 6402 6117
f 5905 6386 6063
f 5913 6388 6071
f 5925 6405 6148
f 5928 6408 6174
f 5931 6413 6131
f 5918 6393 6124
f 5916 6395 6077
f 5937 6415 6143
f 5900 6382 6046
f 5885 6194 6027
f 5881 6186 6009
f 5882 6184 6004
f 5888 6190 6016
f 5891 6193 6022
f 5896 6202 6035
f 5932 6270 6137
f 5919 6360 6180
f 5940 6343 6168
f 5899 6292 6042
f 5920 6239 6105
f 5907 6231 6087
f 5908 6229 6060
f 5922 6235 6095
f 5924 6238 6100
f 5929 6253 6119
f 5909 6217 6064
f 5914 6274 6072
f 5939 6311 6150
f 5904 6329 6172
f 5894 6357 6136
f 5886 6261 6034
f 5884 6204 6039
f 5890 6299 6165
f 5893 6344 6177
f 5897 6267 6129
f 5934 6356 6126
f 5917 6338 6078
f 5938 6296 6144
f 5898 6207 6045
f 5927 6325 6118
f 5910 6243 6065
f 5906 6219 6069
f 5923 6282 6147
f 5926 6315 6173
f 5933 6328 6132
f 5911 6254 6123
f 5912 6222 6075
f 5935 6280 6141
f 5902 6304 6048
f 5887 6259 6012
f 5883 6198 6005
f 5889 6288 6017
f 5892 6333 6023
f 5895 6349 6030
f 5903 6318 6053
f 5930 6251 6112
f 5915 6225 6082
f 5936 6285 6155
f 5901 6312 6160
f 5921 6247 6090
f 5905 6213 6057
f 5913 6276 6094
f 5925 6307 6101
f 5928 6323 6108
f 5931 6265 6113
f 5918 6352 6083
f 5916 6340 6154
f 5937 6298 6161
f 5900 6210 6052
f 5885 6367 6010
f 5881 6361 6003
f 5882 6364 6015
f 5888 6371 6021
f 5891 6374 6028
f 5896 6377 6051
f 5932 6411 6114
f 5919 6398 6084
f 5940 6418 6156
f 5899 6381 6159
f 5920 6400 6089
f 5907 6385 6059
f 5908 6390 6093
f 5922 6404 6099
f 5924 6407 6106
f 5929 6409 6111
f 5909 6392 6081
f 5914 6396 6153
f 5939 6419 6162
f 5904 6383 6054
f 5822 6187 6007
f 5821 6183 6001
f 5823 6189 6013
f 5824 6192 6019
f 5825 6195 6025
f 5830 6209 6049
f 5848 6266 6110
f 5877 6353 6080
f 5873 6341 6152
f 5859 6297 6157
f 5837 6232 6085
f 5836 6228 6056
f 5838 6234 6091
f 5839 6237 6097
f 5840 6240 6103
f 5843 6250 6109
f 5835 6224 6079
f 5855 6284 6151
f 5864 6313 6158
f 5866 6319 6050
f 5876 6348 6026
f 5846 6258 6008
f 5826 6199 6002
f 5856 6289 6014
f 5871 6334 6020
f 5847 6262 6032
f 5879 6358 6134
f 5875 6345 6175
f 5860 6300 6163
f 5828 6205 6037
f 5867 6322 6104
f 5842 6246 6086
f 5831 6214 6055
f 5852 6277 6092
f 5862 6308 6098
f 5868 6326 6116
f 5841 6244 6062
f 5833 6220 6067
f 5854 6283 6145
f 5865 6314 6169
f 5850 6269 6133
f 5827 6201 6031
f 5857 6291 6038
f 5874 6342 6164
f 5880 6359 6176
f 5869 6327 6128
f 5845 6255 6121
f 5834 6223 6073
f 5853 6281 6139
f 5861 6303 6044
f 5844 6252 6115
f 5832 6216 6061
f 5851 6273 6068
f 5863 6310 6146
f 5870 6330 6170
f 5849 6268 6127
f 5878 6355 6122
f 5872 6337 6074
f 5858 6295 6140
f 5829 6208 6043
f 5894 6368 6029
f 5886 6362 6011
f 5884 6363 6006
f 5890 6370 6018
f 5893 6373 6024
f 5897 6376 6036
f 5934 6414 6138
f 5917 6399 6179
f 5938 6420 6167
f 5898 6379 6041
f 5927 6401 6107
f 5910 6389 6088
f 5906 6387 6058
f 5923 6403 6096
f 5926 6406 6102
f 5933 6410 6120
f 5911 6391 6066
f 5912 6394 6070
f 5935 6416 6149
f 5902 6384 6171
f 5822 6185 6187
f 5821 6181 6183
f 5823 6182 6189
f 5824 6188 6192
f 5825 6191 6195
f 5830 6200 6209
f 5848 6264 6266
f 5877 6351 6353
f 5873 6339 6341
f 5859 6290 6297
f 5837 6230 6232
f 5836 6226 6228
f 5838 6227 6234
f 5839 6233 6237
f 5840 6236 6240
f 5843 6248 6250
f 5835 6215 6224
f 5855 6272 6284
f 5864 6309 6313
f 5866 6317 6319
f 5876 6346 6348
f 5846 6256 6258
f 5826 6197 6199
f 5856 6287 6289
f 5871 6332 6334
f 5847 6260 6262
f 5879 6354 6358
f 5875 6336 6345
f 5860 6294 6300
f 5828 6203 6205
f 5867 6320 6322
f 5842 6241 6246
f 5831 6212 6214
f 5852 6275 6277
f 5862 6306 6308
f 5868 6324 6326
f 5841 6242 6244
f 5833 6218 6220
f 5854 6278 6283
f 5865 6302 6314
f 5850 6257 6269
f 5827 6196 6201
f 5857 6286 6291
f 5874 6331 6342
f 5880 6347 6359
f 5869 6316 6327
f 5845 6249 6255
f 5834 6221 6223
f 5853 6279 6281
f 5861 6301 6303
f 5844 6245 6252
f 5832 6211 6216
f 5851 6271 6273
f 5863 6305 6310
f 5870 6321 6330
f 5849 6263 6268
f 5878 6350 6355
f 5872 6335 6337
f 5858 6293 6295
f 5829 6206 6208
f 5894 6369 6368
f 5886 6365 6362
f 5884 6366 6363
f 5890 6372 6370
f 5893 6375 6373
f 5897 6378 6376
f 5934 6412 6414
f 5917 6397 6399
f 5938 6417 6420
f 5898 6380 6379
f 5927 6402 6401
f 5910 6386 6389
f 5906 6388 6387
f 5923 6405 6403
f 5926 6408 6406
f 5933 6413 6410
f 5911 6393 6391
f 5912 6395 6394
f 5935 6415 6416
f 5902 6382 6384
f 5822 5942 6185
f 5821 5941 6181
f 5823 5943 6182
f 5824 5944 6188
f 5825 5945 6191
f 5830 5950 6200
f 5848 5968 6264
f 5877 5997 6351
f 5873 5993 6339
f 5859 5979 6290
f 5837 5957 6230
f 5836 5956 6226
f 5838 5958 6227
f 5839 5959 6233
f 5840 5960 6236
f 5843 5963 6248
f 5835 5955 6215
f 5855 5975 6272
f 5864 5984 6309
f 5866 5986 6317
f 5876 5996 6346
f 5846 5966 6256
f 5826 5946 6197
f 5856 5976 6287
f 5871 5991 6332
f 5847 5967 6260
f 5879 5999 6354
f 5875 5995 6336
f 5860 5980 6294
f 5828 5948 6203
f 5867 5987 6320
f 5842 5962 6241
f 5831 5951 6212
f 5852 5972 6275
f 5862 5982 6306
f 5868 5988 6324
f 5841 5961 6242
f 5833 5953 6218
f 5854 5974 6278
f 5865 5985 6302
f 5850 5970 6257
f 5827 5947 6196
f 5857 5977 6286
f 5874 5994 6331
f 5880 6000 6347
f 5869 5989 6316
f 5845 5965 6249
f 5834 5954 6221
f 5853 5973 6279
f 5861 5981 6301
f 5844 5964 6245
f 5832 5952 6211
f 5851 5971 6271
f 5863 5983 6305
f 5870 5990 6321
f 5849 5969 6263
f 5878 5998 6350
f 5872 5992 6335
f 5858 5978 6293
f 5829 5949 6206
f 5894 6136 6369
f 5886 6034 6365
f 5884 6039 6366
f 5890 6165 6372
f 5893 6177 6375
f 5897 6129 6378
f 5934 6126 6412
f 5917 6078 6397
f 5938 6144 6417
f 5898 6045 6380
f 5927 6118 6402
f 5910 6065 6386
f 5906 6069 6388
f 5923 6147 6405
f 5926 6173 6408
f 5933 6132 6413
f 5911 6123 6393
f 5912 6075 6395
f 5935 6141 6415
f 5902 6048 6382
f 5825 6025 6194
f 5822 6007 6186
f 5821 6001 6184
f 5823 6013 6190
f 5824 6019 6193
f 5827 6031 6202
f 5850 6133 6270
f 5880 6176 6360
f 5874 6164 6343
f 5857 6038 6292
f 5840 6103 6239
f 5837 6085 6231
f 5836 6056 6229
f 5838 6091 6235
f 5839 6097 6238
f 5844 6115 6253
f 5832 6061 6217
f 5851 6068 6274
f 5863 6146 6311
f 5870 6170 6329
f 5879 6134 6357
f 5847 6032 6261
f 5828 6037 6204
f 5860 6163 6299
f 5875 6175 6344
f 5849 6127 6267
f 5878 6122 6356
f 5872 6074 6338
f 5858 6140 6296
f 5829 6043 6207
f 5868 6116 6325
f 5841 6062 6243
f 5833 6067 6219
f 5854 6145 6282
f 5865 6169 6315
f 5869 6128 6328
f 5845 6121 6254
f 5834 6073 6222
f 5853 6139 6280
f 5861 6044 6304
f 5846 6008 6259
f 5826 6002 6198
f 5856 6014 6288
f 5871 6020 6333
f 5876 6026 6349
f 5866 6050 6318
f 5843 6109 6251
f 5835 6079 6225
f 5855 6151 6285
f 5864 6158 6312
f 5842 6086 6247
f 5831 6055 6213
f 5852 6092 6276
f 5862 6098 6307
f 5867 6104 6323
f 5848 6110 6265
f 5877 6080 6352
f 5873 6152 6340
f 5859 6157 6298
f 5830 6049 6210
f 5887 6012 6367
f 5883 6005 6361
f 5889 6017 6364
f 5892 6023 6371
f 5895 6030 6374
f 5903 6053 6377
f 5930 6112 6411
f 5915 6082 6398
f 5936 6155 6418
f 5901 6160 6381
f 5921 6090 6400
f 5905 6057 6385
f 5913 6094 6390
f 5925 6101 6404
f 5928 6108 6407
f 5931 6113 6409
f 5918 6083 6392
f 5916 6154 6396
f 5937 6161 6419
f 5900 6052 6383
f 5885 6010 6187
f 5881 6003 6183
f 5882 6015 6189
f 5888 6021 6192
f 5891 6028 6195
f 5896 6051 6209
f 5932 6114 6266
f 5919 6084 6353
f 5940 6156 6341
f 5899 6159 6297
f 5920 6089 6232
f 5907 6059 6228
f 5908 6093 6234
f 5922 6099 6237
f 5924 6106 6240
f 5929 6111 6250
f 5909 6081 6224
f 5914 6153 6284
f 5939 6162 6313
f 5904 6054 6319
f 5894 6029 6348
f 5886 6011 6258
f 5884 6006 6199
f 5890 6018 6289
f 5893 6024 6334
f 5897 6036 6262
f 5934 6138 6358
f 5917 6179 6345
f 5938 6167 6300
f 5898 6041 6205
f 5927 6107 6322
f 5910 6088 6246
f 5906 6058 6214
f 5923 6096 6277
f 5926 6102 6308
f 5933 6120 6326
f 5911 6066 6244
f 5912 6070 6220
f 5935 6149 6283
f 5902 6171 6314
f 5887 6135 6269
f 5883 6033 6201
f 5889 6040 6291
f 5892 6166 6342
f 5895 6178 6359
f 5903 6130 6327
f 5930 6125 6255
f 5915 6076 6223
f 5936 6142 6281
f 5901 6047 6303
f 5921 6117 6252
f 5905 6063 6216
f 5913 6071 6273
f 5925 6148 6310
f 5928 6174 6330
f 5931 6131 6268
f 5918 6124 6355
f 5916 6077 6337
f 5937 6143 6295
f 5900 6046 6208
f 5885 6027 6368
f 5881 6009 6362
f 5882 6004 6363
f 5888 6016 6370
f 5891 6022 6373
f 5896 6035 6376
f 5932 6137 6414
f 5919 6180 6399
f 5940 6168 6420
f 5899 6042 6379
f 5920 6105 6401
f 5907 6087 6389
f 5908 6060 6387
f 5922 6095 6403
f 5924 6100 6406
f 5929 6119 6410
f 5909 6064 6391
f 5914 6072 6394
f 5939 6150 6416
f 5904 6172 6384
f 5825 6194 6185
f 5822 6186 6181
f 5821 6184 6182
f 5823 6190 6188
f 5824 6193 6191
f 5827 6202 6200
f 5850 6270 6264
f 5880 6360 6351
f 5874 6343 6339
f 5857 6292 6290
f 5840 6239 6230
f 5837 6231 6226
f 5836 6229 6227
f 5838 6235 6233
f 5839 6238 6236
f 5844 6253 6248
f 5832 6217 6215
f 5851 6274 6272
f 5863 6311 6309
f 5870 6329 6317
f 5879 6357 6346
f 5847 6261 6256
f 5828 6204 6197
f 5860 6299 6287
f 5875 6344 6332
f 5849 6267 6260
f 5878 6356 6354
f 5872 6338 6336
f 5858 6296 6294
f 5829 6207 6203
f 5868 6325 6320
f 5841 6243 6241
f 5833 6219 6212
f 5854 6282 6275
f 5865 6315 6306
f 5869 6328 6324
f 5845 6254 6242
f 5834 6222 6218
f 5853 6280 6278
f 5861 6304 6302
f 5846 6259 6257
f 5826 6198 6196
f 5856 6288 6286
f 5871 6333 6331
f 5876 6349 6347
f 5866 6318 6316
f 5843 6251 6249
f 5835 6225 6221
f 5855 6285 6279
f 5864 6312 6301
f 5842 6247 6245
f 5831 6213 6211
f 5852 6276 6271
f 5862 6307 6305
f 5867 6323 6321
f 5848 6265 6263
f 5877 6352 6350
f 5873 6340 6335
f 5859 6298 6293
f 5830 6210 6206
f 5887 6367 6369
f 5883 6361 6365
f 5889 6364 6366
f 5892 6371 6372
f 5895 6374 6375
f 5903 6377 6378
f 5930 6411 6412
f 5915 6398 6397
f 5936 6418 6417
f 5901 6381 6380
f 5921 6400 6402
f 5905 6385 6386
f 5913 6390 6388
f 5925 6404 6405
f 5928 6407 6408
f 5931 6409 6413
f 5918 6392 6393
f 5916 6396 6395
f 5937 6419 6415
f 5900 6383 6382
f 6185 5942 5945
f 6181 5941 5942
f 6182 5943 5941
f 6188 5944 5943
f 6191 5945 5944
f 6200 5950 5947
f 6264 5968 5970
f 6351 5997 6000
f 6339 5993 5994
f 6290 5979 5977
f 6230 5957 5960
f 6226 5956 5957
f 6227 5958 5956
f 6233 5959 5958
f 6236 5960 5959
f 6248 5963 5964
f 6215 5955 5952
f 6272 5975 5971
f 6309 5984 5983
f 6317 5986 5990
f 6346 5996 5999
f 6256 5966 5967
f 6197 5946 5948
f 6287 5976 5980
f 6332 5991 5995
f 6260 5967 5969
f 6354 5999 5998
f 6336 5995 5992
f 6294 5980 5978
f 6203 5948 5949
f 6320 5987 5988
f 6241 5962 5961
f 6212 5951 5953
f 6275 5972 5974
f 6306 5982 5985
f 6324 5988 5989
f 6242 5961 5965
f 6218 5953 5954
f 6278 5974 5973
f 6302 5985 5981
f 6257 5970 5966
f 6196 5947 5946
f 6286 5977 5976
f 6331 5994 5991
f 6347 6000 5996
f 6316 5989 5986
f 6249 5965 5963
f 6221 5954 5955
f 6279 5973 5975
f 6301 5981 5984
f 6245 5964 5962
f 6211 5952 5951
f 6271 5971 5972
f 6305 5983 5982
f 6321 5990 5987
f 6263 5969 5968
f 6350 5998 5997
f 6335 5992 5993
f 6293 5978 5979
f 6206 5949 5950
f 6369 6136 6135
f 6365 6034 6033
f 6366 6039 6040
f 6372 6165 6166
f 6375 6177 6178
f 6378 6129 6130
f 6412 6126 6125
f 6397 6078 6076
f 6417 6144 6142
f 6380 6045 6047
f 6402 6118 6117
f 6386 6065 6063
f 6388 6069 6071
f 6405 6147 6148
f 6408 6173 6174
f 6413 6132 6131
f 6393 6123 6124
f 6395 6075 6077
f 6415 6141 6143
f 6382 6048 6046
f 6194 6025 6027
f 6186 6007 6009
f 6184 6001 6004
f 6190 6013 6016
f 6193 6019 6022
f 6202 6031 6035
f 6270 6133 6137
f 6360 6176 6180
f 6343 6164 6168
f 6292 6038 6042
f 6239 6103 6105
f 6231 6085 6087
f 6229 6056 6060
f 6235 6091 6095
f 6238 6097 6100
f 6253 6115 6119
f 6217 6061 6064
f 6274 6068 6072
f 6311 6146 6150
f 6329 6170 6172
f 6357 6134 6136
f 6261 6032 6034
f 6204 6037 6039
f 6299 6163 6165
f 6344 6175 6177
f 6267 6127 6129
f 6356 6122 6126
f 6338 6074 6078
f 6296 6140 6144
f 6207 6043 6045
f 6325 6116 6118
f 6243 6062 6065
f 6219 6067 6069
f 6282 6145 6147
f 6315 6169 6173
f 6328 6128 6132
f 6254 6121 6123
f 6222 6073 6075
f 6280 6139 6141
f 6304 6044 6048
f 6259 6008 6012
f 6198 6002 6005
f 6288 6014 6017
f 6333 6020 6023
f 6349 6026 6030
f 6318 6050 6053
f 6251 6109 6112
f 6225 6079 6082
f 6285 6151 6155
f 6312 6158 6160
f 6247 6086 6090
f 6213 6055 6057
f 6276 6092 6094
f 6307 6098 6101
f 6323 6104 6108
f 6265 6110 6113
f 6352 6080 6083
f 6340 6152 6154
f 6298 6157 6161
f 6210 6049 6052
f 6367 6012 6010
f 6361 6005 6003
f 6364 6017 6015
f 6371 6023 6021
f 6374 6030 6028
f 6377 6053 6051
f 6411 6112 6114
f 6398 6082 6084
f 6418 6155 6156
f 6381 6160 6159
f 6400 6090 6089
f 6385 6057 6059
f 6390 6094 6093
f 6404 6101 6099
f 6407 6108 6106
f 6409 6113 6111
f 6392 6083 6081
f 6396 6154 6153
f 6419 6161 6162
f 6383 6052 6054
f 6187 6010 6007
f 6183 6003 6001
f 6189 6015 6013
f 6192 6021 6019
f 6195 6028 6025
f 6209 6051 6049
f 6266 6114 6110
f 6353 6084 6080
f 6341 6156 6152
f 6297 6159 6157
f 6232 6089 6085
f 6228 6059 6056
f 6234 6093 6091
f 6237 6099 6097
f 6240 6106 6103
f 6250 6111 6109
f 6224 6081 6079
f 6284 6153 6151
f 6313 6162 6158
f 6319 6054 6050
f 6348 6029 6026
f 6258 6011 6008
f 6199 6006 6002
f 6289 6018 6014
f 6334 6024 6020
f 6262 6036 6032
f 6358 6138 6134
f 6345 6179 6175
f 6300 6167 6163
f 6205 6041 6037
f 6322 6107 6104
f 6246 6088 6086
f 6214 6058 6055
f 6277 6096 6092
f 6308 6102 6098
f 6326 6120 6116
f 6244 6066 6062
f 6220 6070 6067
f 6283 6149 6145
f 6314 6171 6169
f 6269 6135 6133
f 6201 6033 6031
f 6291 6040 6038
f 6342 6166 6164
f 6359 6178 6176
f 6327 6130 6128
f 6255 6125 6121
f 6223 6076 6073
f 6281 6142 6139
f 6303 6047 6044
f 6252 6117 6115
f 6216 6063 6061
f 6273 6071 6068
f 6310 6148 6146
f 6330 6174 6170
f 6268 6131 6127
f 6355 6124 6122
f 6337 6077 6074
f 6295 6143 6140
f 6208 6046 6043
f 6368 6027 6029
f 6362 6009 6011
f 6363 6004 6006
f 6370 6016 6018
f 6373 6022 6024
f 6376 6035 6036
f 6414 6137 6138
f 6399 6180 6179
f 6420 6168 6167
f 6379 6042 6041
f 6401 6105 6107
f 6389 6087 6088
f 6387 6060 6058
f 6403 6095 6096
f 6406 6100 6102
f 6410 6119 6120
f 6391 6064 6066
f 6394 6072 6070
f 6416 6150 6149
f 6384 6172 6171
f 6185 6194 6187
f 6181 6186 6183
f 6182 6184 6189
f 6188 6190 6192
f 6191 6193 6195
f 6200 6202 6209
f 6264 6270 6266
f 6351 6360 6353
f 6339 6343 6341
f 6290 6292 6297
f 6230 6239 6232
f 6226 6231 6228
f 6227 6229 6234
f 6233 6235 6237
f 6236 6238 6240
f 6248 6253 6250
f 6215 6217 6224
f 6272 6274 6284
f 6309 6311 6313
f 6317 6329 6319
f 6346 6357 6348
f 6256 6261 6258
f 6197 6204 6199
f 6287 6299 6289
f 6332 6344 6334
f 6260 6267 6262
f 6354 6356 6358
f 6336 6338 6345
f 6294 6296 6300
f 6203 6207 6205
f 6320 6325 6322
f 6241 6243 6246
f 6212 6219 6214
f 6275 6282 6277
f 6306 6315 6308
f 6324 6328 6326
f 6242 6254 6244
f 6218 6222 6220
f 6278 6280 6283
f 6302 6304 6314
f 6257 6259 6269
f 6196 6198 6201
f 6286 6288 6291
f 6331 6333 6342
f 6347 6349 6359
f 6316 6318 6327
f 6249 6251 6255
f 6221 6225 6223
f 6279 6285 6281
f 6301 6312 6303
f 6245 6247 6252
f 6211 6213 6216
f 6271 6276 6273
f 6305 6307 6310
f 6321 6323 6330
f 6263 6265 6268
f 6350 6352 6355
f 6335 6340 6337
f 6293 6298 6295
f 6206 6210 6208
f 6369 6367 6368
f 6365 6361 6362
f 6366 6364 6363
f 6372 6371 6370
f 6375 6374 6373
f 6378 6377 6376
f 6412 6411 6414
f 6397 6398 6399
f 6417 6418 6420
f 6380 6381 6379
f 6402 6400 6401
f 6386 6385 6389
f 6388 6390 6387
f 6405 6404 6403
f 6408 6407 6406
f 6413 6409 6410
f 6393 6392 6391
f 6395 6396 6394
f 6415 6419 6416
f 6382 6383 6384
f 6421 6587 6584
f 6421 6584 6583
f 6421 6583 6585
f 6421 6585 6586
f 6421 6586 6587
f 6422 6589 6592
f 6426 6612 6610
f 6432 6642 6639
f 6431 6636 6635
f 6428 6619 6621
f 6424 6602 6599
f 6424 6599 6598
f 6424 6598 6600
f 6424 6600 6601
f 6424 6601 6602
f 6425 6606 6605
f 6423 6594 6597
f 6427 6613 6617
f 6429 6625 6626
f 6430 6632 6628
f 6432 6641 6638
f 6426 6609 6608
f 6422 6590 6588
f 6428 6622 6618
f 6431 6637 6633
f 6426 6611 6609
f 6432 6640 6641
f 6431 6634 6637
f 6428 6620 6622
f 6422 6591 6590
f 6430 6630 6629
f 6425 6603 6604
f 6423 6595 6593
f 6427 6616 6614
f 6429 6627 6624
f 6430 6631 6630
f 6425 6607 6603
f 6423 6596 6595
f 6427 6615 6616
f 6429 6623 6627
f 6426 6608 6612
f 6422 6588 6589
f 6428 6618 6619
f 6431 6633 6636
f 6432 6638 6642
f 6430 6628 6631
f 6425 6605 6607
f 6423 6597 6596
f 6427 6617 6615
f 6429 6626 6623
f 6425 6604 6606
f 6423 6593 6594
f 6427 6614 6613
f 6429 6624 6625
f 6430 6629 6632
f 6426 6610 6611
f 6432 6639 6640
f 6431 6635 6634
f 6428 6621 6620
f 6422 6592 6591
f 6455 6777 6778
f 6438 6675 6676
f 6439 6682 6681
f 6460 6808 6807
f 6462 6820 6819
f 6454 6772 6771
f 6453 6767 6768
f 6445 6718 6720
f 6456 6784 6786
f 6440 6689 6687
f 6452 6759 6760
f 6443 6705 6707
f 6444 6713 6711
f 6457 6790 6789
f 6461 6816 6815
f 6454 6773 6774
f 6453 6766 6765
f 6445 6719 6717
f 6456 6785 6783
f 6440 6688 6690
f 6437 6669 6667
f 6434 6651 6649
f 6433 6646 6643
f 6435 6658 6655
f 6436 6664 6661
f 6438 6677 6673
f 6455 6779 6775
f 6462 6822 6818
f 6460 6810 6806
f 6439 6684 6680
f 6450 6747 6745
f 6447 6729 6727
f 6442 6702 6698
f 6448 6737 6733
f 6449 6742 6739
f 6452 6761 6757
f 6443 6706 6703
f 6444 6714 6710
f 6457 6792 6788
f 6461 6814 6812
f 6455 6778 6776
f 6438 6676 6674
f 6439 6681 6679
f 6460 6807 6805
f 6462 6819 6817
f 6454 6771 6769
f 6453 6768 6764
f 6445 6720 6716
f 6456 6786 6782
f 6440 6687 6685
f 6452 6760 6758
f 6443 6707 6704
f 6444 6711 6709
f 6457 6789 6787
f 6461 6815 6811
f 6454 6774 6770
f 6453 6765 6763
f 6445 6717 6715
f 6456 6783 6781
f 6440 6690 6686
f 6434 6654 6650
f 6433 6647 6644
f 6435 6659 6656
f 6436 6665 6662
f 6437 6672 6668
f 6441 6695 6692
f 6451 6754 6751
f 6446 6724 6721
f 6458 6797 6793
f 6459 6802 6800
f 6447 6732 6728
f 6442 6699 6697
f 6448 6736 6734
f 6449 6743 6740
f 6450 6750 6746
f 6451 6755 6752
f 6446 6725 6722
f 6458 6796 6794
f 6459 6803 6799
f 6441 6694 6691
f 6434 6652 6654
f 6433 6645 6647
f 6435 6657 6659
f 6436 6663 6665
f 6437 6670 6672
f 6441 6693 6695
f 6451 6756 6754
f 6446 6726 6724
f 6458 6798 6797
f 6459 6801 6802
f 6447 6731 6732
f 6442 6701 6699
f 6448 6735 6736
f 6449 6741 6743
f 6450 6748 6750
f 6451 6753 6755
f 6446 6723 6725
f 6458 6795 6796
f 6459 6804 6803
f 6441 6696 6694
f 6434 6649 6652
f 6433 6643 6645
f 6435 6655 6657
f 6436 6661 6663
f 6437 6667 6670
f 6441 6691 6693
f 6451 6752 6756
f 6446 6722 6726
f 6458 6794 6798
f 6459 6799 6801
f 6447 6727 6731
f 6442 6698 6701
f 6448 6733 6735
f 6449 6739 6741
f 6450 6745 6748
f 6451 6751 6753
f 6446 6721 6723
f 6458 6793 6795
f 6459 6800 6804
f 6441 6692 6696
f 6437 6668 6671
f 6434 6650 6653
f 6433 6644 6648
f 6435 6656 6660
f 6436 6662 6666
f 6438 6674 6678
f 6455 6776 6780
f 6462 6817 6821
f 6460 6805 6809
f 6439 6679 6683
f 6450 6746 6749
f 6447 6728 6730
f 6442 6697 6700
f 6448 6734 6738
f 6449 6740 6744
f 6452 6758 6762
f 6443 6704 6708
f 6444 6709 6712
f 6457 6787 6791
f 6461 6811 6813
f 6455 6775 6777
f 6438 6673 6675
f 6439 6680 6682
f 6460 6806 6808
f 6462 6818 6820
f 6454 6770 6772
f 6453 6763 6767
f 6445 6715 6718
f 6456 6781 6784
f 6440 6686 6689
f 6452 6757 6759
f 6443 6703 6705
f 6444 6710 6713
f 6457 6788 6790
f 6461 6812 6816
f 6454 6769 6773
f 6453 6764 6766
f 6445 6716 6719
f 6456 6782 6785
f 6440 6685 6688
f 6437 6671 6669
f 6434 6653 6651
f 6433 6648 6646
f 6435 6660 6658
f 6436 6666 6664
f 6438 6678 6677
f 6455 6780 6779
f 6462 6821 6822
f 6460 6809 6810
f 6439 6683 6684
f 6450 6749 6747
f 6447 6730 6729
f 6442 6700 6702
f 6448 6738 6737
f 6449 6744 6742
f 6452 6762 6761
f 6443 6708 6706
f 6444 6712 6714
f 6457 6791 6792
f 6461 6813 6814
f 6527 6829 6836
f 6523 6825 6828
f 6524 6831 6826
f 6530 6834 6832
f 6533 6837 6835
f 6538 6851 6844
f 6574 6908 6912
f 6561 6995 7002
f 6582 6983 6985
f 6541 6939 6934
f 6562 6874 6881
f 6549 6870 6873
f 6550 6876 6871
f 6564 6879 6877
f 6566 6882 6880
f 6571 6892 6895
f 6551 6866 6859
f 6556 6926 6916
f 6581 6955 6953
f 6546 6961 6971
f 6536 6990 6999
f 6528 6900 6903
f 6526 6841 6846
f 6532 6931 6941
f 6535 6976 6986
f 6539 6904 6909
f 6576 7000 6998
f 6559 6987 6980
f 6580 6942 6938
f 6540 6847 6849
f 6569 6964 6967
f 6552 6888 6885
f 6548 6856 6861
f 6565 6919 6924
f 6568 6950 6957
f 6575 6968 6970
f 6553 6886 6896
f 6554 6862 6864
f 6577 6925 6922
f 6544 6956 6946
f 6529 6911 6901
f 6525 6843 6840
f 6531 6933 6930
f 6534 6984 6975
f 6537 7001 6991
f 6545 6969 6960
f 6572 6897 6893
f 6557 6865 6867
f 6578 6923 6927
f 6543 6945 6954
f 6563 6894 6889
f 6547 6858 6855
f 6555 6915 6918
f 6567 6952 6949
f 6570 6972 6965
f 6573 6910 6907
f 6560 6997 6994
f 6558 6979 6982
f 6579 6937 6940
f 6542 6850 6852
f 6527 7010 7009
f 6523 7004 7003
f 6524 7005 7006
f 6530 7012 7013
f 6533 7015 7016
f 6538 7018 7019
f 6574 7056 7053
f 6561 7041 7040
f 6582 7062 7060
f 6541 7021 7023
f 6562 7043 7042
f 6549 7031 7027
f 6550 7029 7032
f 6564 7045 7046
f 6566 7048 7049
f 6571 7052 7051
f 6551 7033 7034
f 6556 7036 7038
f 6581 7058 7061
f 6546 7026 7025
f 6467 6827 6587
f 6464 6823 6584
f 6463 6824 6583
f 6465 6830 6585
f 6466 6833 6586
f 6469 6842 6589
f 6492 6906 6612
f 6522 6993 6642
f 6516 6981 6636
f 6499 6932 6619
f 6482 6872 6602
f 6479 6868 6599
f 6478 6869 6598
f 6480 6875 6600
f 6481 6878 6601
f 6486 6890 6606
f 6474 6857 6594
f 6493 6914 6613
f 6505 6951 6625
f 6512 6959 6632
f 6521 6988 6641
f 6489 6898 6609
f 6470 6839 6590
f 6502 6929 6622
f 6517 6974 6637
f 6491 6902 6611
f 6520 6996 6640
f 6514 6978 6634
f 6500 6936 6620
f 6471 6845 6591
f 6510 6962 6630
f 6483 6883 6603
f 6475 6854 6595
f 6496 6917 6616
f 6507 6948 6627
f 6511 6966 6631
f 6487 6884 6607
f 6476 6860 6596
f 6495 6920 6615
f 6503 6944 6623
f 6488 6899 6608
f 6468 6838 6588
f 6498 6928 6618
f 6513 6973 6633
f 6518 6989 6638
f 6508 6958 6628
f 6485 6891 6605
f 6477 6863 6597
f 6497 6921 6617
f 6506 6943 6626
f 6484 6887 6604
f 6473 6853 6593
f 6494 6913 6614
f 6504 6947 6624
f 6509 6963 6629
f 6490 6905 6610
f 6519 6992 6639
f 6515 6977 6635
f 6501 6935 6621
f 6472 6848 6592
f 6529 7011 6777
f 6525 7007 6675
f 6531 7008 6682
f 6534 7014 6808
f 6537 7017 6820
f 6545 7020 6772
f 6572 7054 6767
f 6557 7039 6718
f 6578 7059 6784
f 6543 7022 6689
f 6563 7044 6759
f 6547 7028 6705
f 6555 7030 6713
f 6567 7047 6790
f 6570 7050 6816
f 6573 7055 6773
f 6560 7035 6766
f 6558 7037 6719
f 6579 7057 6785
f 6542 7024 6688
f 6527 6836 6669
f 6523 6828 6651
f 6524 6826 6646
f 6530 6832 6658
f 6533 6835 6664
f 6538 6844 6677
f 6574 6912 6779
f 6561 7002 6822
f 6582 6985 6810
f 6541 6934 6684
f 6562 6881 6747
f 6549 6873 6729
f 6550 6871 6702
f 6564 6877 6737
f 6566 6880 6742
f 6571 6895 6761
f 6551 6859 6706
f 6556 6916 6714
f 6581 6953 6792
f 6546 6971 6814
f 6536 6999 6778
f 6528 6903 6676
f 6526 6846 6681
f 6532 6941 6807
f 6535 6986 6819
f 6539 6909 6771
f 6576 6998 6768
f 6559 6980 6720
f 6580 6938 6786
f 6540 6849 6687
f 6569 6967 6760
f 6552 6885 6707
f 6548 6861 6711
f 6565 6924 6789
f 6568 6957 6815
f 6575 6970 6774
f 6553 6896 6765
f 6554 6864 6717
f 6577 6922 6783
f 6544 6946 6690
f 6529 6901 6654
f 6525 6840 6647
f 6531 6930 6659
f 6534 6975 6665
f 6537 6991 6672
f 6545 6960 6695
f 6572 6893 6754
f 6557 6867 6724
f 6578 6927 6797
f 6543 6954 6802
f 6563 6889 6732
f 6547 6855 6699
f 6555 6918 6736
f 6567 6949 6743
f 6570 6965 6750
f 6573 6907 6755
f 6560 6994 6725
f 6558 6982 6796
f 6579 6940 6803
f 6542 6852 6694
f 6527 7009 6652
f 6523 7003 6645
f 6524 7006 6657
f 6530 7013 6663
f 6533 7016 6670
f 6538 7019 6693
f 6574 7053 6756
f 6561 7040 6726
f 6582 7060 6798
f 6541 7023 6801
f 6562 7042 6731
f 6549 7027 6701
f 6550 7032 6735
f 6564 7046 6741
f 6566 7049 6748
f 6571 7051 6753
f 6551 7034 6723
f 6556 7038 6795
f 6581 7061 6804
f 6546 7025 6696
f 6464 6829 6649
f 6463 6825 6643
f 6465 6831 6655
f 6466 6834 6661
f 6467 6837 6667
f 6472 6851 6691
f 6490 6908 6752
f 6519 6995 6722
f 6515 6983 6794
f 6501 6939 6799
f 6479 6874 6727
f 6478 6870 6698
f 6480 6876 6733
f 6481 6879 6739
f 6482 6882 6745
f 6485 6892 6751
f 6477 6866 6721
f 6497 6926 6793
f 6506 6955 6800
f 6508 6961 6692
f 6518 6990 6668
f 6488 6900 6650
f 6468 6841 6644
f 6498 6931 6656
f 6513 6976 6662
f 6489 6904 6674
f 6521 7000 6776
f 6517 6987 6817
f 6502 6942 6805
f 6470 6847 6679
f 6509 6964 6746
f 6484 6888 6728
f 6473 6856 6697
f 6494 6919 6734
f 6504 6950 6740
f 6510 6968 6758
f 6483 6886 6704
f 6475 6862 6709
f 6496 6925 6787
f 6507 6956 6811
f 6492 6911 6775
f 6469 6843 6673
f 6499 6933 6680
f 6516 6984 6806
f 6522 7001 6818
f 6511 6969 6770
f 6487 6897 6763
f 6476 6865 6715
f 6495 6923 6781
f 6503 6945 6686
f 6486 6894 6757
f 6474 6858 6703
f 6493 6915 6710
f 6505 6952 6788
f 6512 6972 6812
f 6491 6910 6769
f 6520 6997 6764
f 6514 6979 6716
f 6500 6937 6782
f 6471 6850 6685
f 6536 7010 6671
f 6528 7004 6653
f 6526 7005 6648
f 6532 7012 6660
f 6535 7015 6666
f 6539 7018 6678
f 6576 7056 6780
f 6559 7041 6821
f 6580 7062 6809
f 6540 7021 6683
f 6569 7043 6749
f 6552 7031 6730
f 6548 7029 6700
f 6565 7045 6738
f 6568 7048 6744
f 6575 7052 6762
f 6553 7033 6708
f 6554 7036 6712
f 6577 7058 6791
f 6544 7026 6813
f 6464 6827 6829
f 6463 6823 6825
f 6465 6824 6831
f 6466 6830 6834
f 6467 6833 6837
f 6472 6842 6851
f 6490 6906 6908
f 6519 6993 6995
f 6515 6981 6983
f 6501 6932 6939
f 6479 6872 6874
f 6478 6868 6870
f 6480 6869 6876
f 6481 6875 6879
f 6482 6878 6882
f 6485 6890 6892
f 6477 6857 6866
f 6497 6914 6926
f 6506 6951 6955
f 6508 6959 6961
f 6518 6988 6990
f 6488 6898 6900
f 6468 6839 6841
f 6498 6929 6931
f 6513 6974 6976
f 6489 6902 6904
f 6521 6996 7000
f 6517 6978 6987
f 6502 6936 6942
f 6470 6845 6847
f 6509 6962 6964
f 6484 6883 6888
f 6473 6854 6856
f 6494 6917 6919
f 6504 6948 6950
f 6510 6966 6968
f 6483 6884 6886
f 6475 6860 6862
f 6496 6920 6925
f 6507 6944 6956
f 6492 6899 6911
f 6469 6838 6843
f 6499 6928 6933
f 6516 6973 6984
f 6522 6989 7001
f 6511 6958 6969
f 6487 6891 6897
f 6476 6863 6865
f 6495 6921 6923
f 6503 6943 6945
f 6486 6887 6894
f 6474 6853 6858
f 6493 6913 6915
f 6505 6947 6952
f 6512 6963 6972
f 6491 6905 6910
f 6520 6992 6997
f 6514 6977 6979
f 6500 6935 6937
f 6471 6848 6850
f 6536 7011 7010
f 6528 7007 7004
f 6526 7008 7005
f 6532 7014 7012
f 6535 7017 7015
f 6539 7020 7018
f 6576 7054 7056
f 6559 7039 7041
f 6580 7059 7062
f 6540 7022 7021
f 6569 7044 7043
f 6552 7028 7031
f 6548 7030 7029
f 6565 7047 7045
f 6568 7050 7048
f 6575 7055 7052
f 6553 7035 7033
f 6554 7037 7036
f 6577 7057 7058
f 6544 7024 7026
f 6464 6584 6827
f 6463 6583 6823
f 6465 6585 6824
f 6466 6586 6830
f 6467 6587 6833
f 6472 6592 6842
f 6490 6610 6906
f 6519 6639 6993
f 6515 6635 6981
f 6501 6621 6932
f 6479 6599 6872
f 6478 6598 6868
f 6480 6600 6869
f 6481 6601 6875
f 6482 6602 6878
f 6485 6605 6890
f 6477 6597 6857
f 6497 6617 6914
f 6506 6626 6951
f 6508 6628 6959
f 6518 6638 6988
f 6488 6608 6898
f 6468 6588 6839
f 6498 6618 6929
f 6513 6633 6974
f 6489 6609 6902
f 6521 6641 6996
f 6517 6637 6978
f 6502 6622 6936
f 6470 6590 6845
f 6509 6629 6962
f 6484 6604 6883
f 6473 6593 6854
f 6494 6614 6917
f 6504 6624 6948
f 6510 6630 6966
f 6483 6603 6884
f 6475 6595 6860
f 6496 6616 6920
f 6507 6627 6944
f 6492 6612 6899
f 6469 6589 6838
f 6499 6619 6928
f 6516 6636 6973
f 6522 6642 6989
f 6511 6631 6958
f 6487 6607 6891
f 6476 6596 6863
f 6495 6615 6921
f 6503 6623 6943
f 6486 6606 6887
f 6474 6594 6853
f 6493 6613 6913
f 6505 6625 6947
f 6512 6632 6963
f 6491 6611 6905
f 6520 6640 6992
f 6514 6634 6977
f 6500 6620 6935
f 6471 6591 6848
f 6536 6778 7011
f 6528 6676 7007
f 6526 6681 7008
f 6532 6807 7014
f 6535 6819 7017
f 6539 6771 7020
f 6576 6768 7054
f 6559 6720 7039
f 6580 6786 7059
f 6540 6687 7022
f 6569 6760 7044
f 6552 6707 7028
f 6548 6711 7030
f 6565 6789 7047
f 6568 6815 7050
f 6575 6774 7055
f 6553 6765 7035
f 6554 6717 7037
f 6577 6783 7057
f 6544 6690 7024
f 6467 6667 6836
f 6464 6649 6828
f 6463 6643 6826
f 6465 6655 6832
f 6466 6661 6835
f 6469 6673 6844
f 6492 6775 6912
f 6522 6818 7002
f 6516 6806 6985
f 6499 6680 6934
f 6482 6745 6881
f 6479 6727 6873
f 6478 6698 6871
f 6480 6733 6877
f 6481 6739 6880
f 6486 6757 6895
f 6474 6703 6859
f 6493 6710 6916
f 6505 6788 6953
f 6512 6812 6971
f 6521 6776 6999
f 6489 6674 6903
f 6470 6679 6846
f 6502 6805 6941
f 6517 6817 6986
f 6491 6769 6909
f 6520 6764 6998
f 6514 6716 6980
f 6500 6782 6938
f 6471 6685 6849
f 6510 6758 6967
f 6483 6704 6885
f 6475 6709 6861
f 6496 6787 6924
f 6507 6811 6957
f 6511 6770 6970
f 6487 6763 6896
f 6476 6715 6864
f 6495 6781 6922
f 6503 6686 6946
f 6488 6650 6901
f 6468 6644 6840
f 6498 6656 6930
f 6513 6662 6975
f 6518 6668 6991
f 6508 6692 6960
f 6485 6751 6893
f 6477 6721 6867
f 6497 6793 6927
f 6506 6800 6954
f 6484 6728 6889
f 6473 6697 6855
f 6494 6734 6918
f 6504 6740 6949
f 6509 6746 6965
f 6490 6752 6907
f 6519 6722 6994
f 6515 6794 6982
f 6501 6799 6940
f 6472 6691 6852
f 6529 6654 7009
f 6525 6647 7003
f 6531 6659 7006
f 6534 6665 7013
f 6537 6672 7016
f 6545 6695 7019
f 6572 6754 7053
f 6557 6724 7040
f 6578 6797 7060
f 6543 6802 7023
f 6563 6732 7042
f 6547 6699 7027
f 6555 6736 7032
f 6567 6743 7046
f 6570 6750 7049
f 6573 6755 7051
f 6560 6725 7034
f 6558 6796 7038
f 6579 6803 7061
f 6542 6694 7025
f 6527 6652 6829
f 6523 6645 6825
f 6524 6657 6831
f 6530 6663 6834
f 6533 6670 6837
f 6538 6693 6851
f 6574 6756 6908
f 6561 6726 6995
f 6582 6798 6983
f 6541 6801 6939
f 6562 6731 6874
f 6549 6701 6870
f 6550 6735 6876
f 6564 6741 6879
f 6566 6748 6882
f 6571 6753 6892
f 6551 6723 6866
f 6556 6795 6926
f 6581 6804 6955
f 6546 6696 6961
f 6536 6671 6990
f 6528 6653 6900
f 6526 6648 6841
f 6532 6660 6931
f 6535 6666 6976
f 6539 6678 6904
f 6576 6780 7000
f 6559 6821 6987
f 6580 6809 6942
f 6540 6683 6847
f 6569 6749 6964
f 6552 6730 6888
f 6548 6700 6856
f 6565 6738 6919
f 6568 6744 6950
f 6575 6762 6968
f 6553 6708 6886
f 6554 6712 6862
f 6577 6791 6925
f 6544 6813 6956
f 6529 6777 6911
f 6525 6675 6843
f 6531 6682 6933
f 6534 6808 6984
f 6537 6820 7001
f 6545 6772 6969
f 6572 6767 6897
f 6557 6718 6865
f 6578 6784 6923
f 6543 6689 6945
f 6563 6759 6894
f 6547 6705 6858
f 6555 6713 6915
f 6567 6790 6952
f 6570 6816 6972
f 6573 6773 6910
f 6560 6766 6997
f 6558 6719 6979
f 6579 6785 6937
f 6542 6688 6850
f 6527 6669 7010
f 6523 6651 7004
f 6524 6646 7005
f 6530 6658 7012
f 6533 6664 7015
f 6538 6677 7018
f 6574 6779 7056
f 6561 6822 7041
f 6582 6810 7062
f 6541 6684 7021
f 6562 6747 7043
f 6549 6729 7031
f 6550 6702 7029
f 6564 6737 7045
f 6566 6742 7048
f 6571 6761 7052
f 6551 6706 7033
f 6556 6714 7036
f 6581 6792 7058
f 6546 6814 7026
f 6467 6836 6827
f 6464 6828 6823
f 6463 6826 6824
f 6465 6832 6830
f 6466 6835 6833
f 6469 6844 6842
f 6492 6912 6906
f 6522 7002 6993
f 6516 6985 6981
f 6499 6934 6932
f 6482 6881 6872
f 6479 6873 6868
f 6478 6871 6869
f 6480 6877 6875
f 6481 6880 6878
f 6486 6895 6890
f 6474 6859 6857
f 6493 6916 6914
f 6505 6953 6951
f 6512 6971 6959
f 6521 6999 6988
f 6489 6903 6898
f 6470 6846 6839
f 6502 6941 6929
f 6517 6986 6974
f 6491 6909 6902
f 6520 6998 6996
f 6514 6980 6978
f 6500 6938 6936
f 6471 6849 6845
f 6510 6967 6962
f 6483 6885 6883
f 6475 6861 6854
f 6496 6924 6917
f 6507 6957 6948
f 6511 6970 6966
f 6487 6896 6884
f 6476 6864 6860
f 6495 6922 6920
f 6503 6946 6944
f 6488 6901 6899
f 6468 6840 6838
f 6498 6930 6928
f 6513 6975 6973
f 6518 6991 6989
f 6508 6960 6958
f 6485 6893 6891
f 6477 6867 6863
f 6497 6927 6921
f 6506 6954 6943
f 6484 6889 6887
f 6473 6855 6853
f 6494 6918 6913
f 6504 6949 6947
f 6509 6965 6963
f 6490 6907 6905
f 6519 6994 6992
f 6515 6982 6977
f 6501 6940 6935
f 6472 6852 6848
f 6529 7009 7011
f 6525 7003 7007
f 6531 7006 7008
f 6534 7013 7014
f 6537 7016 7017
f 6545 7019 7020
f 6572 7053 7054
f 6557 7040 7039
f 6578 7060 7059
f 6543 7023 7022
f 6563 7042 7044
f 6547 7027 7028
f 6555 7032 7030
f 6567 7046 7047
f 6570 7049 7050
f 6573 7051 7055
f 6560 7034 7035
f 6558 7038 7037
f 6579 7061 7057
f 6542 7025 7024
f 6827 6584 6587
f 6823 6583 6584
f 6824 6585 6583
f 6830 6586 6585
f 6833 6587 6586
f 6842 6592 6589
f 6906 6610 6612
f 6993 6639 6642
f 6981 6635 6636
f 6932 6621 6619
f 6872 6599 6602
f 6868 6598 6599
f 6869 6600 6598
f 6875 6601 6600
f 6878 6602 6601
f 6890 6605 6606
f 6857 6597 6594
f 6914 6617 6613
f 6951 6626 6625
f 6959 6628 6632
f 6988 6638 6641
f 6898 6608 6609
f 6839 6588 6590
f 6929 6618 6622
f 6974 6633 6637
f 6902 6609 6611
f 6996 6641 6640
f 6978 6637 6634
f 6936 6622 6620
f 6845 6590 6591
f 6962 6629 6630
f 6883 6604 6603
f 6854 6593 6595
f 6917 6614 6616
f 6948 6624 6627
f 6966 6630 6631
f 6884 6603 6607
f 6860 6595 6596
f 6920 6616 6615
f 6944 6627 6623
f 6899 6612 6608
f 6838 6589 6588
f 6928 6619 6618
f 6973 6636 6633
f 6989 6642 6638
f 6958 6631 6628
f 6891 6607 6605
f 6863 6596 6597
f 6921 6615 6617
f 6943 6623 6626
f 6887 6606 6604
f 6853 6594 6593
f 6913 6613 6614
f 6947 6625 6624
f 6963 6632 6629
f 6905 6611 6610
f 6992 6640 6639
f 6977 6634 6635
f 6935 6620 6621
f 6848 6591 6592
f 7011 6778 6777
f 7007 6676 6675
f 7008 6681 6682
f 7014 6807 6808
f 7017 6819 6820
f 7020 6771 6772
f 7054 6768 6767
f 7039 6720 6718
f 7059 6786 6784
f 7022 6687 6689
f 7044 6760 6759
f 7028 6707 6705
f 7030 6711 6713
f 7047 6789 6790
f 7050 6815 6816
f 7055 6774 6773
f 7035 6765 6766
f 7037 6717 6719
f 7057 6783 6785
f 7024 6690 6688
f 6836 6667 6669
f 6828 6649 6651
f 6826 6643 6646
f 6832 6655 6658
f 6835 6661 6664
f 6844 6673 6677
f 6912 6775 6779
f 7002 6818 6822
f 6985 6806 6810
f 6934 6680 6684
f 6881 6745 6747
f 6873 6727 6729
f 6871 6698 6702
f 6877 6733 6737
f 6880 6739 6742
f 6895 6757 6761
f 6859 6703 6706
f 6916 6710 6714
f 6953 6788 6792
f 6971 6812 6814
f 6999 6776 6778
f 6903 6674 6676
f 6846 6679 6681
f 6941 6805 6807
f 6986 6817 6819
f 6909 6769 6771
f 6998 6764 6768
f 6980 6716 6720
f 6938 6782 6786
f 6849 6685 6687
f 6967 6758 6760
f 6885 6704 6707
f 6861 6709 6711
f 6924 6787 6789
f 6957 6811 6815
f 6970 6770 6774
f 6896 6763 6765
f 6864 6715 6717
f 6922 6781 6783
f 6946 6686 6690
f 6901 6650 6654
f 6840 6644 6647
f 6930 6656 6659
f 6975 6662 6665
f 6991 6668 6672
f 6960 6692 6695
f 6893 6751 6754
f 6867 6721 6724
f 6927 6793 6797
f 6954 6800 6802
f 6889 6728 6732
f 6855 6697 6699
f 6918 6734 6736
f 6949 6740 6743
f 6965 6746 6750
f 6907 6752 6755
f 6994 6722 6725
f 6982 6794 6796
f 6940 6799 6803
f 6852 6691 6694
f 7009 6654 6652
f 7003 6647 6645
f 7006 6659 6657
f 7013 6665 6663
f 7016 6672 6670
f 7019 6695 6693
f 7053 6754 6756
f 7040 6724 6726
f 7060 6797 6798
f 7023 6802 6801
f 7042 6732 6731
f 7027 6699 6701
f 7032 6736 6735
f 7046 6743 6741
f 7049 6750 6748
f 7051 6755 6753
f 7034 6725 6723
f 7038 6796 6795
f 7061 6803 6804
f 7025 6694 6696
f 6829 6652 6649
f 6825 6645 6643
f 6831 6657 6655
f 6834 6663 6661
f 6837 6670 6667
f 6851 6693 6691
f 6908 6756 6752
f 6995 6726 6722
f 6983 6798 6794
f 6939 6801 6799
f 6874 6731 6727
f 6870 6701 6698
f 6876 6735 6733
f 6879 6741 6739
f 6882 6748 6745
f 6892 6753 6751
f 6866 6723 6721
f 6926 6795 6793
f 6955 6804 6800
f 6961 6696 6692
f 6990 6671 6668
f 6900 6653 6650
f 6841 6648 6644
f 6931 6660 6656
f 6976 6666 6662
f 6904 6678 6674
f 7000 6780 6776
f 6987 6821 6817
f 6942 6809 6805
f 6847 6683 6679
f 6964 6749 6746
f 6888 6730 6728
f 6856 6700 6697
f 6919 6738 6734
f 6950 6744 6740
f 6968 6762 6758
f 6886 6708 6704
f 6862 6712 6709
f 6925 6791 6787
f 6956 6813 6811
f 6911 6777 6775
f 6843 6675 6673
f 6933 6682 6680
f 6984 6808 6806
f 7001 6820 6818
f 6969 6772 6770
f 6897 6767 6763
f 6865 6718 6715
f 6923 6784 6781
f 6945 6689 6686
f 6894 6759 6757
f 6858 6705 6703
f 6915 6713 6710
f 6952 6790 6788
f 6972 6816 6812
f 6910 6773 6769
f 6997 6766 6764
f 6979 6719 6716
f 6937 6785 6782
f 6850 6688 6685
f 7010 6669 6671
f 7004 6651 6653
f 7005 6646 6648
f 7012 6658 6660
f 7015 6664 6666
f 7018 6677 6678
f 7056 6779 6780
f 7041 6822 6821
f 7062 6810 6809
f 7021 6684 6683
f 7043 6747 6749
f 7031 6729 6730
f 7029 6702 6700
f 7045 6737 6738
f 7048 6742 6744
f 7052 6761 6762
f 7033 6706 6708
f 7036 6714 6712
f 7058 6792 6791
f 7026 6814 6813
f 6827 6836 6829
f 6823 6828 6825
f 6824 6826 6831
f 6830 6832 6834
f 6833 6835 6837
f 6842 6844 6851
f 6906 6912 6908
f 6993 7002 6995
f 6981 6985 6983
f 6932 6934 6939
f 6872 6881 6874
f 6868 6873 6870
f 6869 6871 6876
f 6875 6877 6879
f 6878 6880 6882
f 6890 6895 6892
f 6857 6859 6866
f 6914 6916 6926
f 6951 6953 6955
f 6959 6971 6961
f 6988 6999 6990
f 6898 6903 6900
f 6839 6846 6841
f 6929 6941 6931
f 6974 6986 6976
f 6902 6909 6904
f 6996 6998 7000
f 6978 6980 6987
f 6936 6938 6942
f 6845 6849 6847
f 6962 6967 6964
f 6883 6885 6888
f 6854 6861 6856
f 6917 6924 6919
f 6948 6957 6950
f 6966 6970 6968
f 6884 6896 6886
f 6860 6864 6862
f 6920 6922 6925
f 6944 6946 6956
f 6899 6901 6911
f 6838 6840 6843
f 6928 6930 6933
f 6973 6975 6984
f 6989 6991 7001
f 6958 6960 6969
f 6891 6893 6897
f 6863 6867 6865
f 6921 6927 6923
f 6943 6954 6945
f 6887 6889 6894
f 6853 6855 6858
f 6913 6918 6915
f 6947 6949 6952
f 6963 6965 6972
f 6905 6907 6910
f 6992 6994 6997
f 6977 6982 6979
f 6935 6940 6937
f 6848 6852 6850
f 7011 7009 7010
f 7007 7003 7004
f 7008 7006 7005
f 7014 7013 7012
f 7017 7016 7015
f 7020 7019 7018
f 7054 7053 7056
f 7039 7040 7041
f 7059 7060 7062
f 7022 7023 7021
f 7044 7042 7043
f 7028 7027 7031
f 7030 7032 7029
f 7047 7046 7045
f 7050 7049 7048
f 7055 7051 7052
f 7035 7034 7033
f 7037 7038 7036
f 7057 7061 7058
f 7024 7025 7026
f 7063 7229 7226
f 7063 7226 7225
f 7063 7225 7227
f 7063 7227 7228
f 7063 7228 7229
f 7064 7231 7234
f 7068 7254 7252
f 7074 7284 7281
f 7073 7278 7277
f 7070 7261 7263
f 7066 7244 7241
f 7066 7241 7240
f 7066 7240 7242
f 7066 7242 7243
f 7066 7243 7244
f 7067 7248 7247
f 7065 7236 7239
f 7069 7255 7259
f 7071 7267 7268
f 7072 7274 7270
f 7074 7283 7280
f 7068 7251 7250
f 7064 7232 7230
f 7070 7264 7260
f 7073 7279 7275
f 7068 7253 7251
f 7074 7282 7283
f 7073 7276 7279
f 7070 7262 7264
f 7064 7233 7232
f 7072 7272 7271
f 7067 7245 7246
f 7065 7237 7235
f 7069 7258 7256
f 7071 7269 7266
f 7072 7273 7272
f 7067 7249 7245
f 7065 7238 7237
f 7069 7257 7258
f 7071 7265 7269
f 7068 7250 7254
f 7064 7230 7231
f 7070 7260 7261
f 7073 7275 7278
f 7074 7280 7284
f 7072 7270 7273
f 7067 7247 7249
f 7065 7239 7238
f 7069 7259 7257
f 7071 7268 7265
f 7067 7246 7248
f 7065 7235 7236
f 7069 7256 7255
f 7071 7266 7267
f 7072 7271 7274
f 7068 7252 7253
f 7074 7281 7282
f 7073 7277 7276
f 7070 7263 7262
f 7064 7234 7233
f 7097 7419 7420
f 7080 7317 7318
f 7081 7324 7323
f 7102 7450 7449
f 7104 7462 7461
f 7096 7414 7413
f 7095 7409 7410
f 7087 7360 7362
f 7098 7426 7428
f 7082 7331 7329
f 7094 7401 7402
f 7085 7347 7349
f 7086 7355 7353
f 7099 7432 7431
f 7103 7458 7457
f 7096 7415 7416
f 7095 7408 7407
f 7087 7361 7359
f 7098 7427 7425
f 7082 7330 7332
f 7079 7311 7309
f 7076 7293 7291
f 7075 7288 7285
f 7077 7300 7297
f 7078 7306 7303
f 7080 7319 7315
f 7097 7421 7417
f 7104 7464 7460
f 7102 7452 7448
f 7081 7326 7322
f 7092 7389 7387
f 7089 7371 7369
f 7084 7344 7340
f 7090 7379 7375
f 7091 7384 7381
f 7094 7403 7399
f 7085 7348 7345
f 7086 7356 7352
f 7099 7434 7430
f 7103 7456 7454
f 7097 7420 7418
f 7080 7318 7316
f 7081 7323 7321
f 7102 7449 7447
f 7104 7461 7459
f 7096 7413 7411
f 7095 7410 7406
f 7087 7362 7358
f 7098 7428 7424
f 7082 7329 7327
f 7094 7402 7400
f 7085 7349 7346
f 7086 7353 7351
f 7099 7431 7429
f 7103 7457 7453
f 7096 7416 7412
f 7095 7407 7405
f 7087 7359 7357
f 7098 7425 7423
f 7082 7332 7328
f 7076 7296 7292
f 7075 7289 7286
f 7077 7301 7298
f 7078 7307 7304
f 7079 7314 7310
f 7083 7337 7334
f 7093 7396 7393
f 7088 7366 7363
f 7100 7439 7435
f 7101 7444 7442
f 7089 7374 7370
f 7084 7341 7339
f 7090 7378 7376
f 7091 7385 7382
f 7092 7392 7388
f 7093 7397 7394
f 7088 7367 7364
f 7100 7438 7436
f 7101 7445 7441
f 7083 7336 7333
f 7076 7294 7296
f 7075 7287 7289
f 7077 7299 7301
f 7078 7305 7307
f 7079 7312 7314
f 7083 7335 7337
f 7093 7398 7396
f 7088 7368 7366
f 7100 7440 7439
f 7101 7443 7444
f 7089 7373 7374
f 7084 7343 7341
f 7090 7377 7378
f 7091 7383 7385
f 7092 7390 7392
f 7093 7395 7397
f 7088 7365 7367
f 7100 7437 7438
f 7101 7446 7445
f 7083 7338 7336
f 7076 7291 7294
f 7075 7285 7287
f 7077 7297 7299
f 7078 7303 7305
f 7079 7309 7312
f 7083 7333 7335
f 7093 7394 7398
f 7088 7364 7368
f 7100 7436 7440
f 7101 7441 7443
f 7089 7369 7373
f 7084 7340 7343
f 7090 7375 7377
f 7091 7381 7383
f 7092 7387 7390
f 7093 7393 7395
f 7088 7363 7365
f 7100 7435 7437
f 7101 7442 7446
f 7083 7334 7338
f 7079 7310 7313
f 7076 7292 7295
f 7075 7286 7290
f 7077 7298 7302
f 7078 7304 7308
f 7080 7316 7320
f 7097 7418 7422
f 7104 7459 7463
f 7102 7447 7451
f 7081 7321 7325
f 7092 7388 7391
f 7089 7370 7372
f 7084 7339 7342
f 7090 7376 7380
f 7091 7382 7386
f 7094 7400 7404
f 7085 7346 7350
f 7086 7351 7354
f 7099 7429 7433
f 7103 7453 7455
f 7097 7417 7419
f 7080 7315 7317
f 7081 7322 7324
f 7102 7448 7450
f 7104 7460 7462
f 7096 7412 7414
f 7095 7405 7409
f 7087 7357 7360
f 7098 7423 7426
f 7082 7328 7331
f 7094 7399 7401
f 7085 7345 7347
f 7086 7352 7355
f 7099 7430 7432
f 7103 7454 7458
f 7096 7411 7415
f 7095 7406 7408
f 7087 7358 7361
f 7098 7424 7427
f 7082 7327 7330
f 7079 7313 7311
f 7076 7295 7293
f 7075 7290 7288
f 7077 7302 7300
f 7078 7308 7306
f 7080 7320 7319
f 7097 7422 7421
f 7104 7463 7464
f 7102 7451 7452
f 7081 7325 7326
f 7092 7391 7389
f 7089 7372 7371
f 7084 7342 7344
f 7090 7380 7379
f 7091 7386 7384
f 7094 7404 7403
f 7085 7350 7348
f 7086 7354 7356
f 7099 7433 7434
f 7103 7455 7456
f 7169 7471 7478
f 7165 7467 7470
f 7166 7473 7468
f 7172 7476 7474
f 7175 7479 7477
f 7180 7493 7486
f 7216 7550 7554
f 7203 7637 7644
f 7224 7625 7627
f 7183 7581 7576
f 7204 7516 7523
f 7191 7512 7515
f 7192 7518 7513
f 7206 7521 7519
f 7208 7524 7522
f 7213 7534 7537
f 7193 7508 7501
f 7198 7568 7558
f 7223 7597 7595
f 7188 7603 7613
f 7178 7632 7641
f 7170 7542 7545
f 7168 7483 7488
f 7174 7573 7583
f 7177 7618 7628
f 7181 7546 7551
f 7218 7642 7640
f 7201 7629 7622
f 7222 7584 7580
f 7182 7489 7491
f 7211 7606 7609
f 7194 7530 7527
f 7190 7498 7503
f 7207 7561 7566
f 7210 7592 7599
f 7217 7610 7612
f 7195 7528 7538
f 7196 7504 7506
f 7219 7567 7564
f 7186 7598 7588
f 7171 7553 7543
f 7167 7485 7482
f 7173 7575 7572
f 7176 7626 7617
f 7179 7643 7633
f 7187 7611 7602
f 7214 7539 7535
f 7199 7507 7509
f 7220 7565 7569
f 7185 7587 7596
f 7205 7536 7531
f 7189 7500 7497
f 7197 7557 7560
f 7209 7594 7591
f 7212 7614 7607
f 7215 7552 7549
f 7202 7639 7636
f 7200 7621 7624
f 7221 7579 7582
f 7184 7492 7494
f 7169 7652 7651
f 7165 7646 7645
f 7166 7647 7648
f 7172 7654 7655
f 7175 7657 7658
f 7180 7660 7661
f 7216 7698 7695
f 7203 7683 7682
f 7224 7704 7702
f 7183 7663 7665
f 7204 7685 7684
f 7191 7673 7669
f 7192 7671 7674
f 7206 7687 7688
f 7208 7690 7691
f 7213 7694 7693
f 7193 7675 7676
f 7198 7678 7680
f 7223 7700 7703
f 7188 7668 7667
f 7109 7469 7229
f 7106 7465 7226
f 7105 7466 7225
f 7107 7472 7227
f 7108 7475 7228
f 7111 7484 7231
f 7134 7548 7254
f 7164 7635 7284
f 7158 7623 7278
f 7141 7574 7261
f 7124 7514 7244
f 7121 7510 7241
f 7120 7511 7240
f 7122 7517 7242
f 7123 7520 7243
f 7128 7532 7248
f 7116 7499 7236
f 7135 7556 7255
f 7147 7593 7267
f 7154 7601 7274
f 7163 7630 7283
f 7131 7540 7251
f 7112 7481 7232
f 7144 7571 7264
f 7159 7616 7279
f 7133 7544 7253
f 7162 7638 7282
f 7156 7620 7276
f 7142 7578 7262
f 7113 7487 7233
f 7152 7604 7272
f 7125 7525 7245
f 7117 7496 7237
f 7138 7559 7258
f 7149 7590 7269
f 7153 7608 7273
f 7129 7526 7249
f 7118 7502 7238
f 7137 7562 7257
f 7145 7586 7265
f 7130 7541 7250
f 7110 7480 7230
f 7140 7570 7260
f 7155 7615 7275
f 7160 7631 7280
f 7150 7600 7270
f 7127 7533 7247
f 7119 7505 7239
f 7139 7563 7259
f 7148 7585 7268
f 7126 7529 7246
f 7115 7495 7235
f 7136 7555 7256
f 7146 7589 7266
f 7151 7605 7271
f 7132 7547 7252
f 7161 7634 7281
f 7157 7619 7277
f 7143 7577 7263
f 7114 7490 7234
f 7171 7653 7419
f 7167 7649 7317
f 7173 7650 7324
f 7176 7656 7450
f 7179 7659 7462
f 7187 7662 7414
f 7214 7696 7409
f 7199 7681 7360
f 7220 7701 7426
f 7185 7664 7331
f 7205 7686 7401
f 7189 7670 7347
f 7197 7672 7355
f 7209 7689 7432
f 7212 7692 7458
f 7215 7697 7415
f 7202 7677 7408
f 7200 7679 7361
f 7221 7699 7427
f 7184 7666 7330
f 7169 7478 7311
f 7165 7470 7293
f 7166 7468 7288
f 7172 7474 7300
f 7175 7477 7306
f 7180 7486 7319
f 7216 7554 7421
f 7203 7644 7464
f 7224 7627 7452
f 7183 7576 7326
f 7204 7523 7389
f 7191 7515 7371
f 7192 7513 7344
f 7206 7519 7379
f 7208 7522 7384
f 7213 7537 7403
f 7193 7501 7348
f 7198 7558 7356
f 7223 7595 7434
f 7188 7613 7456
f 7178 7641 7420
f 7170 7545 7318
f 7168 7488 7323
f 7174 7583 7449
f 7177 7628 7461
f 7181 7551 7413
f 7218 7640 7410
f 7201 7622 7362
f 7222 7580 7428
f 7182 7491 7329
f 7211 7609 7402
f 7194 7527 7349
f 7190 7503 7353
f 7207 7566 7431
f 7210 7599 7457
f 7217 7612 7416
f 7195 7538 7407
f 7196 7506 7359
f 7219 7564 7425
f 7186 7588 7332
f 7171 7543 7296
f 7167 7482 7289
f 7173 7572 7301
f 7176 7617 7307
f 7179 7633 7314
f 7187 7602 7337
f 7214 7535 7396
f 7199 7509 7366
f 7220 7569 7439
f 7185 7596 7444
f 7205 7531 7374
f 7189 7497 7341
f 7197 7560 7378
f 7209 7591 7385
f 7212 7607 7392
f 7215 7549 7397
f 7202 7636 7367
f 7200 7624 7438
f 7221 7582 7445
f 7184 7494 7336
f 7169 7651 7294
f 7165 7645 7287
f 7166 7648 7299
f 7172 7655 7305
f 7175 7658 7312
f 7180 7661 7335
f 7216 7695 7398
f 7203 7682 7368
f 7224 7702 7440
f 7183 7665 7443
f 7204 7684 7373
f 7191 7669 7343
f 7192 7674 7377
f 7206 7688 7383
f 7208 7691 7390
f 7213 7693 7395
f 7193 7676 7365
f 7198 7680 7437
f 7223 7703 7446
f 7188 7667 7338
f 7106 7471 7291
f 7105 7467 7285
f 7107 7473 7297
f 7108 7476 7303
f 7109 7479 7309
f 7114 7493 7333
f 7132 7550 7394
f 7161 7637 7364
f 7157 7625 7436
f 7143 7581 7441
f 7121 7516 7369
f 7120 7512 7340
f 7122 7518 7375
f 7123 7521 7381
f 7124 7524 7387
f 7127 7534 7393
f 7119 7508 7363
f 7139 7568 7435
f 7148 7597 7442
f 7150 7603 7334
f 7160 7632 7310
f 7130 7542 7292
f 7110 7483 7286
f 7140 7573 7298
f 7155 7618 7304
f 7131 7546 7316
f 7163 7642 7418
f 7159 7629 7459
f 7144 7584 7447
f 7112 7489 7321
f 7151 7606 7388
f 7126 7530 7370
f 7115 7498 7339
f 7136 7561 7376
f 7146 7592 7382
f 7152 7610 7400
f 7125 7528 7346
f 7117 7504 7351
f 7138 7567 7429
f 7149 7598 7453
f 7134 7553 7417
f 7111 7485 7315
f 7141 7575 7322
f 7158 7626 7448
f 7164 7643 7460
f 7153 7611 7412
f 7129 7539 7405
f 7118 7507 7357
f 7137 7565 7423
f 7145 7587 7328
f 7128 7536 7399
f 7116 7500 7345
f 7135 7557 7352
f 7147 7594 7430
f 7154 7614 7454
f 7133 7552 7411
f 7162 7639 7406
f 7156 7621 7358
f 7142 7579 7424
f 7113 7492 7327
f 7178 7652 7313
f 7170 7646 7295
f 7168 7647 7290
f 7174 7654 7302
f 7177 7657 7308
f 7181 7660 7320
f 7218 7698 7422
f 7201 7683 7463
f 7222 7704 7451
f 7182 7663 7325
f 7211 7685 7391
f 7194 7673 7372
f 7190 7671 7342
f 7207 7687 7380
f 7210 7690 7386
f 7217 7694 7404
f 7195 7675 7350
f 7196 7678 7354
f 7219 7700 7433
f 7186 7668 7455
f 7106 7469 7471
f 7105 7465 7467
f 7107 7466 7473
f 7108 7472 7476
f 7109 7475 7479
f 7114 7484 7493
f 7132 7548 7550
f 7161 7635 7637
f 7157 7623 7625
f 7143 7574 7581
f 7121 7514 7516
f 7120 7510 7512
f 7122 7511 7518
f 7123 7517 7521
f 7124 7520 7524
f 7127 7532 7534
f 7119 7499 7508
f 7139 7556 7568
f 7148 7593 7597
f 7150 7601 7603
f 7160 7630 7632
f 7130 7540 7542
f 7110 7481 7483
f 7140 7571 7573
f 7155 7616 7618
f 7131 7544 7546
f 7163 7638 7642
f 7159 7620 7629
f 7144 7578 7584
f 7112 7487 7489
f 7151 7604 7606
f 7126 7525 7530
f 7115 7496 7498
f 7136 7559 7561
f 7146 7590 7592
f 7152 7608 7610
f 7125 7526 7528
f 7117 7502 7504
f 7138 7562 7567
f 7149 7586 7598
f 7134 7541 7553
f 7111 7480 7485
f 7141 7570 7575
f 7158 7615 7626
f 7164 7631 7643
f 7153 7600 7611
f 7129 7533 7539
f 7118 7505 7507
f 7137 7563 7565
f 7145 7585 7587
f 7128 7529 7536
f 7116 7495 7500
f 7135 7555 7557
f 7147 7589 7594
f 7154 7605 7614
f 7133 7547 7552
f 7162 7634 7639
f 7156 7619 7621
f 7142 7577 7579
f 7113 7490 7492
f 7178 7653 7652
f 7170 7649 7646
f 7168 7650 7647
f 7174 7656 7654
f 7177 7659 7657
f 7181 7662 7660
f 7218 7696 7698
f 7201 7681 7683
f 7222 7701 7704
f 7182 7664 7663
f 7211 7686 7685
f 7194 7670 7673
f 7190 7672 7671
f 7207 7689 7687
f 7210 7692 7690
f 7217 7697 7694
f 7195 7677 7675
f 7196 7679 7678
f 7219 7699 7700
f 7186 7666 7668
f 7106 7226 7469
f 7105 7225 7465
f 7107 7227 7466
f 7108 7228 7472
f 7109 7229 7475
f 7114 7234 7484
f 7132 7252 7548
f 7161 7281 7635
f 7157 7277 7623
f 7143 7263 7574
f 7121 7241 7514
f 7120 7240 7510
f 7122 7242 7511
f 7123 7243 7517
f 7124 7244 7520
f 7127 7247 7532
f 7119 7239 7499
f 7139 7259 7556
f 7148 7268 7593
f 7150 7270 7601
f 7160 7280 7630
f 7130 7250 7540
f 7110 7230 7481
f 7140 7260 7571
f 7155 7275 7616
f 7131 7251 7544
f 7163 7283 7638
f 7159 7279 7620
f 7144 7264 7578
f 7112 7232 7487
f 7151 7271 7604
f 7126 7246 7525
f 7115 7235 7496
f 7136 7256 7559
f 7146 7266 7590
f 7152 7272 7608
f 7125 7245 7526
f 7117 7237 7502
f 7138 7258 7562
f 7149 7269 7586
f 7134 7254 7541
f 7111 7231 7480
f 7141 7261 7570
f 7158 7278 7615
f 7164 7284 7631
f 7153 7273 7600
f 7129 7249 7533
f 7118 7238 7505
f 7137 7257 7563
f 7145 7265 7585
f 7128 7248 7529
f 7116 7236 7495
f 7135 7255 7555
f 7147 7267 7589
f 7154 7274 7605
f 7133 7253 7547
f 7162 7282 7634
f 7156 7276 7619
f 7142 7262 7577
f 7113 7233 7490
f 7178 7420 7653
f 7170 7318 7649
f 7168 7323 7650
f 7174 7449 7656
f 7177 7461 7659
f 7181 7413 7662
f 7218 7410 7696
f 7201 7362 7681
f 7222 7428 7701
f 7182 7329 7664
f 7211 7402 7686
f 7194 7349 7670
f 7190 7353 7672
f 7207 7431 7689
f 7210 7457 7692
f 7217 7416 7697
f 7195 7407 7677
f 7196 7359 7679
f 7219 7425 7699
f 7186 7332 7666
f 7109 7309 7478
f 7106 7291 7470
f 7105 7285 7468
f 7107 7297 7474
f 7108 7303 7477
f 7111 7315 7486
f 7134 7417 7554
f 7164 7460 7644
f 7158 7448 7627
f 7141 7322 7576
f 7124 7387 7523
f 7121 7369 7515
f 7120 7340 7513
f 7122 7375 7519
f 7123 7381 7522
f 7128 7399 7537
f 7116 7345 7501
f 7135 7352 7558
f 7147 7430 7595
f 7154 7454 7613
f 7163 7418 7641
f 7131 7316 7545
f 7112 7321 7488
f 7144 7447 7583
f 7159 7459 7628
f 7133 7411 7551
f 7162 7406 7640
f 7156 7358 7622
f 7142 7424 7580
f 7113 7327 7491
f 7152 7400 7609
f 7125 7346 7527
f 7117 7351 7503
f 7138 7429 7566
f 7149 7453 7599
f 7153 7412 7612
f 7129 7405 7538
f 7118 7357 7506
f 7137 7423 7564
f 7145 7328 7588
f 7130 7292 7543
f 7110 7286 7482
f 7140 7298 7572
f 7155 7304 7617
f 7160 7310 7633
f 7150 7334 7602
f 7127 7393 7535
f 7119 7363 7509
f 7139 7435 7569
f 7148 7442 7596
f 7126 7370 7531
f 7115 7339 7497
f 7136 7376 7560
f 7146 7382 7591
f 7151 7388 7607
f 7132 7394 7549
f 7161 7364 7636
f 7157 7436 7624
f 7143 7441 7582
f 7114 7333 7494
f 7171 7296 7651
f 7167 7289 7645
f 7173 7301 7648
f 7176 7307 7655
f 7179 7314 7658
f 7187 7337 7661
f 7214 7396 7695
f 7199 7366 7682
f 7220 7439 7702
f 7185 7444 7665
f 7205 7374 7684
f 7189 7341 7669
f 7197 7378 7674
f 7209 7385 7688
f 7212 7392 7691
f 7215 7397 7693
f 7202 7367 7676
f 7200 7438 7680
f 7221 7445 7703
f 7184 7336 7667
f 7169 7294 7471
f 7165 7287 7467
f 7166 7299 7473
f 7172 7305 7476
f 7175 7312 7479
f 7180 7335 7493
f 7216 7398 7550
f 7203 7368 7637
f 7224 7440 7625
f 7183 7443 7581
f 7204 7373 7516
f 7191 7343 7512
f 7192 7377 7518
f 7206 7383 7521
f 7208 7390 7524
f 7213 7395 7534
f 7193 7365 7508
f 7198 7437 7568
f 7223 7446 7597
f 7188 7338 7603
f 7178 7313 7632
f 7170 7295 7542
f 7168 7290 7483
f 7174 7302 7573
f 7177 7308 7618
f 7181 7320 7546
f 7218 7422 7642
f 7201 7463 7629
f 7222 7451 7584
f 7182 7325 7489
f 7211 7391 7606
f 7194 7372 7530
f 7190 7342 7498
f 7207 7380 7561
f 7210 7386 7592
f 7217 7404 7610
f 7195 7350 7528
f 7196 7354 7504
f 7219 7433 7567
f 7186 7455 7598
f 7171 7419 7553
f 7167 7317 7485
f 7173 7324 7575
f 7176 7450 7626
f 7179 7462 7643
f 7187 7414 7611
f 7214 7409 7539
f 7199 7360 7507
f 7220 7426 7565
f 7185 7331 7587
f 7205 7401 7536
f 7189 7347 7500
f 7197 7355 7557
f 7209 7432 7594
f 7212 7458 7614
f 7215 7415 7552
f 7202 7408 7639
f 7200 7361 7621
f 7221 7427 7579
f 7184 7330 7492
f 7169 7311 7652
f 7165 7293 7646
f 7166 7288 7647
f 7172 7300 7654
f 7175 7306 7657
f 7180 7319 7660
f 7216 7421 7698
f 7203 7464 7683
f 7224 7452 7704
f 7183 7326 7663
f 7204 7389 7685
f 7191 7371 7673
f 7192 7344 7671
f 7206 7379 7687
f 7208 7384 7690
f 7213 7403 7694
f 7193 7348 7675
f 7198 7356 7678
f 7223 7434 7700
f 7188 7456 7668
f 7109 7478 7469
f 7106 7470 7465
f 7105 7468 7466
f 7107 7474 7472
f 7108 7477 7475
f 7111 7486 7484
f 7134 7554 7548
f 7164 7644 7635
f 7158 7627 7623
f 7141 7576 7574
f 7124 7523 7514
f 7121 7515 7510
f 7120 7513 7511
f 7122 7519 7517
f 7123 7522 7520
f 7128 7537 7532
f 7116 7501 7499
f 7135 7558 7556
f 7147 7595 7593
f 7154 7613 7601
f 7163 7641 7630
f 7131 7545 7540
f 7112 7488 7481
f 7144 7583 7571
f 7159 7628 7616
f 7133 7551 7544
f 7162 7640 7638
f 7156 7622 7620
f 7142 7580 7578
f 7113 7491 7487
f 7152 7609 7604
f 7125 7527 7525
f 7117 7503 7496
f 7138 7566 7559
f 7149 7599 7590
f 7153 7612 7608
f 7129 7538 7526
f 7118 7506 7502
f 7137 7564 7562
f 7145 7588 7586
f 7130 7543 7541
f 7110 7482 7480
f 7140 7572 7570
f 7155 7617 7615
f 7160 7633 7631
f 7150 7602 7600
f 7127 7535 7533
f 7119 7509 7505
f 7139 7569 7563
f 7148 7596 7585
f 7126 7531 7529
f 7115 7497 7495
f 7136 7560 7555
f 7146 7591 7589
f 7151 7607 7605
f 7132 7549 7547
f 7161 7636 7634
f 7157 7624 7619
f 7143 7582 7577
f 7114 7494 7490
f 7171 7651 7653
f 7167 7645 7649
f 7173 7648 7650
f 7176 7655 7656
f 7179 7658 7659
f 7187 7661 7662
f 7214 7695 7696
f 7199 7682 7681
f 7220 7702 7701
f 7185 7665 7664
f 7205 7684 7686
f 7189 7669 7670
f 7197 7674 7672
f 7209 7688 7689
f 7212 7691 7692
f 7215 7693 7697
f 7202 7676 7677
f 7200 7680 7679
f 7221 7703 7699
f 7184 7667 7666
f 7469 7226 7229
f 7465 7225 7226
f 7466 7227 7225
f 7472 7228 7227
f 7475 7229 7228
f 7484 7234 7231
f 7548 7252 7254
f 7635 7281 7284
f 7623 7277 7278
f 7574 7263 7261
f 7514 7241 7244
f 7510 7240 7241
f 7511 7242 7240
f 7517 7243 7242
f 7520 7244 7243
f 7532 7247 7248
f 7499 7239 7236
f 7556 7259 7255
f 7593 7268 7267
f 7601 7270 7274
f 7630 7280 7283
f 7540 7250 7251
f 7481 7230 7232
f 7571 7260 7264
f 7616 7275 7279
f 7544 7251 7253
f 7638 7283 7282
f 7620 7279 7276
f 7578 7264 7262
f 7487 7232 7233
f 7604 7271 7272
f 7525 7246 7245
f 7496 7235 7237
f 7559 7256 7258
f 7590 7266 7269
f 7608 7272 7273
f 7526 7245 7249
f 7502 7237 7238
f 7562 7258 7257
f 7586 7269 7265
f 7541 7254 7250
f 7480 7231 7230
f 7570 7261 7260
f 7615 7278 7275
f 7631 7284 7280
f 7600 7273 7270
f 7533 7249 7247
f 7505 7238 7239
f 7563 7257 7259
f 7585 7265 7268
f 7529 7248 7246
f 7495 7236 7235
f 7555 7255 7256
f 7589 7267 7266
f 7605 7274 7271
f 7547 7253 7252
f 7634 7282 7281
f 7619 7276 7277
f 7577 7262 7263
f 7490 7233 7234
f 7653 7420 7419
f 7649 7318 7317
f 7650 7323 7324
f 7656 7449 7450
f 7659 7461 7462
f 7662 7413 7414
f 7696 7410 7409
f 7681 7362 7360
f 7701 7428 7426
f 7664 7329 7331
f 7686 7402 7401
f 7670 7349 7347
f 7672 7353 7355
f 7689 7431 7432
f 7692 7457 7458
f 7697 7416 7415
f 7677 7407 7408
f 7679 7359 7361
f 7699 7425 7427
f 7666 7332 7330
f 7478 7309 7311
f 7470 7291 7293
f 7468 7285 7288
f 7474 7297 7300
f 7477 7303 7306
f 7486 7315 7319
f 7554 7417 7421
f 7644 7460 7464
f 7627 7448 7452
f 7576 7322 7326
f 7523 7387 7389
f 7515 7369 7371
f 7513 7340 7344
f 7519 7375 7379
f 7522 7381 7384
f 7537 7399 7403
f 7501 7345 7348
f 7558 7352 7356
f 7595 7430 7434
f 7613 7454 7456
f 7641 7418 7420
f 7545 7316 7318
f 7488 7321 7323
f 7583 7447 7449
f 7628 7459 7461
f 7551 7411 7413
f 7640 7406 7410
f 7622 7358 7362
f 7580 7424 7428
f 7491 7327 7329
f 7609 7400 7402
f 7527 7346 7349
f 7503 7351 7353
f 7566 7429 7431
f 7599 7453 7457
f 7612 7412 7416
f 7538 7405 7407
f 7506 7357 7359
f 7564 7423 7425
f 7588 7328 7332
f 7543 7292 7296
f 7482 7286 7289
f 7572 7298 7301
f 7617 7304 7307
f 7633 7310 7314
f 7602 7334 7337
f 7535 7393 7396
f 7509 7363 7366
f 7569 7435 7439
f 7596 7442 7444
f 7531 7370 7374
f 7497 7339 7341
f 7560 7376 7378
f 7591 7382 7385
f 7607 7388 7392
f 7549 7394 7397
f 7636 7364 7367
f 7624 7436 7438
f 7582 7441 7445
f 7494 7333 7336
f 7651 7296 7294
f 7645 7289 7287
f 7648 7301 7299
f 7655 7307 7305
f 7658 7314 7312
f 7661 7337 7335
f 7695 7396 7398
f 7682 7366 7368
f 7702 7439 7440
f 7665 7444 7443
f 7684 7374 7373
f 7669 7341 7343
f 7674 7378 7377
f 7688 7385 7383
f 7691 7392 7390
f 7693 7397 7395
f 7676 7367 7365
f 7680 7438 7437
f 7703 7445 7446
f 7667 7336 7338
f 7471 7294 7291
f 7467 7287 7285
f 7473 7299 7297
f 7476 7305 7303
f 7479 7312 7309
f 7493 7335 7333
f 7550 7398 7394
f 7637 7368 7364
f 7625 7440 7436
f 7581 7443 7441
f 7516 7373 7369
f 7512 7343 7340
f 7518 7377 7375
f 7521 7383 7381
f 7524 7390 7387
f 7534 7395 7393
f 7508 7365 7363
f 7568 7437 7435
f 7597 7446 7442
f 7603 7338 7334
f 7632 7313 7310
f 7542 7295 7292
f 7483 7290 7286
f 7573 7302 7298
f 7618 7308 7304
f 7546 7320 7316
f 7642 7422 7418
f 7629 7463 7459
f 7584 7451 7447
f 7489 7325 7321
f 7606 7391 7388
f 7530 7372 7370
f 7498 7342 7339
f 7561 7380 7376
f 7592 7386 7382
f 7610 7404 7400
f 7528 7350 7346
f 7504 7354 7351
f 7567 7433 7429
f 7598 7455 7453
f 7553 7419 7417
f 7485 7317 7315
f 7575 7324 7322
f 7626 7450 7448
f 7643 7462 7460
f 7611 7414 7412
f 7539 7409 7405
f 7507 7360 7357
f 7565 7426 7423
f 7587 7331 7328
f 7536 7401 7399
f 7500 7347 7345
f 7557 7355 7352
f 7594 7432 7430
f 7614 7458 7454
f 7552 7415 7411
f 7639 7408 7406
f 7621 7361 7358
f 7579 7427 7424
f 7492 7330 7327
f 7652 7311 7313
f 7646 7293 7295
f 7647 7288 7290
f 7654 7300 7302
f 7657 7306 7308
f 7660 7319 7320
f 7698 7421 7422
f 7683 7464 7463
f 7704 7452 7451
f 7663 7326 7325
f 7685 7389 7391
f 7673 7371 7372
f 7671 7344 7342
f 7687 7379 7380
f 7690 7384 7386
f 7694 7403 7404
f 7675 7348 7350
f 7678 7356 7354
f 7700 7434 7433
f 7668 7456 7455
f 7469 7478 7471
f 7465 7470 7467
f 7466 7468 7473
f 7472 7474 7476
f 7475 7477 7479
f 7484 7486 7493
f 7548 7554 7550
f 7635 7644 7637
f 7623 7627 7625
f 7574 7576 7581
f 7514 7523 7516
f 7510 7515 7512
f 7511 7513 7518
f 7517 7519 7521
f 7520 7522 7524
f 7532 7537 7534
f 7499 7501 7508
f 7556 7558 7568
f 7593 7595 7597
f 7601 7613 7603
f 7630 7641 7632
f 7540 7545 7542
f 7481 7488 7483
f 7571 7583 7573
f 7616 7628 7618
f 7544 7551 7546
f 7638 7640 7642
f 7620 7622 7629
f 7578 7580 7584
f 7487 7491 7489
f 7604 7609 7606
f 7525 7527 7530
f 7496 7503 7498
f 7559 7566 7561
f 7590 7599 7592
f 7608 7612 7610
f 7526 7538 7528
f 7502 7506 7504
f 7562 7564 7567
f 7586 7588 7598
f 7541 7543 7553
f 7480 7482 7485
f 7570 7572 7575
f 7615 7617 7626
f 7631 7633 7643
f 7600 7602 7611
f 7533 7535 7539
f 7505 7509 7507
f 7563 7569 7565
f 7585 7596 7587
f 7529 7531 7536
f 7495 7497 7500
f 7555 7560 7557
f 7589 7591 7594
f 7605 7607 7614
f 7547 7549 7552
f 7634 7636 7639
f 7619 7624 7621
f 7577 7582 7579
f 7490 7494 7492
f 7653 7651 7652
f 7649 7645 7646
f 7650 7648 7647
f 7656 7655 7654
f 7659 7658 7657
f 7662 7661 7660
f 7696 7695 7698
f 7681 7682 7683
f 7701 7702 7704
f 7664 7665 7663
f 7686 7684 7685
f 7670 7669 7673
f 7672 7674 7671
f 7689 7688 7687
f 7692 7691 7690
f 7697 7693 7694
f 7677 7676 7675
f 7679 7680 7678
f 7699 7703 7700
f 7666 7667 7668
f 7705 7871 7868
f 7705 7868 7867
f 7705 7867 7869
f 7705 7869 7870
f 7705 7870 7871
f 7706 7873 7876
f 7710 7896 7894
f 7716 7926 7923
f 7715 7920 7919
f 7712 7903 7905
f 7708 7886 7883
f 7708 7883 7882
f 7708 7882 7884
f 7708 7884 7885
f 7708 7885 7886
f 7709 7890 7889
f 7707 7878 7881
f 7711 7897 7901
f 7713 7909 7910
f 7714 7916 7912
f 7716 7925 7922
f 7710 7893 7892
f 7706 7874 7872
f 7712 7906 7902
f 7715 7921 7917
f 7710 7895 7893
f 7716 7924 7925
f 7715 7918 7921
f 7712 7904 7906
f 7706 7875 7874
f 7714 7914 7913
f 7709 7887 7888
f 7707 7879 7877
f 7711 7900 7898
f 7713 7911 7908
f 7714 7915 7914
f 7709 7891 7887
f 7707 7880 7879
f 7711 7899 7900
f 7713 7907 7911
f 7710 7892 7896
f 7706 7872 7873
f 7712 7902 7903
f 7715 7917 7920
f 7716 7922 7926
f 7714 7912 7915
f 7709 7889 7891
f 7707 7881 7880
f 7711 7901 7899
f 7713 7910 7907
f 7709 7888 7890
f 7707 7877 7878
f 7711 7898 7897
f 7713 7908 7909
f 7714 7913 7916
f 7710 7894 7895
f 7716 7923 7924
f 7715 7919 7918
f 7712 7905 7904
f 7706 7876 7875
f 7739 8061 8062
f 7722 7959 7960
f 7723 7966 7965
f 7744 8092 8091
f 7746 8104 8103
f 7738 8056 8055
f 7737 8051 8052
f 7729 8002 8004
f 7740 8068 8070
f 7724 7973 7971
f 7736 8043 8044
f 7727 7989 7991
f 7728 7997 7995
f 7741 8074 8073
f 7745 8100 8099
f 7738 8057 8058
f 7737 8050 8049
f 7729 8003 8001
f 7740 8069 8067
f 7724 7972 7974
f 7721 7953 7951
f 7718 7935 7933
f 7717 7930 7927
f 7719 7942 7939
f 7720 7948 7945
f 7722 7961 7957
f 7739 8063 8059
f 7746 8106 8102
f 7744 8094 8090
f 7723 7968 7964
f 7734 8031 8029
f 7731 8013 8011
f 7726 7986 7982
f 7732 8021 8017
f 7733 8026 8023
f 7736 8045 8041
f 7727 7990 7987
f 7728 7998 7994
f 7741 8076 8072
f 7745 8098 8096
f 7739 8062 8060
f 7722 7960 7958
f 7723 7965 7963
f 7744 8091 8089
f 7746 8103 8101
f 7738 8055 8053
f 7737 8052 8048
f 7729 8004 8000
f 7740 8070 8066
f 7724 7971 7969
f 7736 8044 8042
f 7727 7991 7988
f 7728 7995 7993
f 7741 8073 8071
f 7745 8099 8095
f 7738 8058 8054
f 7737 8049 8047
f 7729 8001 7999
f 7740 8067 8065
f 7724 7974 7970
f 7718 7938 7934
f 7717 7931 7928
f 7719 7943 7940
f 7720 7949 7946
f 7721 7956 7952
f 7725 7979 7976
f 7735 8038 8035
f 7730 8008 8005
f 7742 8081 8077
f 7743 8086 8084
f 7731 8016 8012
f 7726 7983 7981
f 7732 8020 8018
f 7733 8027 8024
f 7734 8034 8030
f 7735 8039 8036
f 7730 8009 8006
f 7742 8080 8078
f 7743 8087 8083
f 7725 7978 7975
f 7718 7936 7938
f 7717 7929 7931
f 7719 7941 7943
f 7720 7947 7949
f 7721 7954 7956
f 7725 7977 7979
f 7735 8040 8038
f 7730 8010 8008
f 7742 8082 8081
f 7743 8085 8086
f 7731 8015 8016
f 7726 7985 7983
f 7732 8019 8020
f 7733 8025 8027
f 7734 8032 8034
f 7735 8037 8039
f 7730 8007 8009
f 7742 8079 8080
f 7743 8088 8087
f 7725 7980 7978
f 7718 7933 7936
f 7717 7927 7929
f 7719 7939 7941
f 7720 7945 7947
f 7721 7951 7954
f 7725 7975 7977
f 7735 8036 8040
f 7730 8006 8010
f 7742 8078 8082
f 7743 8083 8085
f 7731 8011 8015
f 7726 7982 7985
f 7732 8017 8019
f 7733 8023 8025
f 7734 8029 8032
f 7735 8035 8037
f 7730 8005 8007
f 7742 8077 8079
f 7743 8084 8088
f 7725 7976 7980
f 7721 7952 7955
f 7718 7934 7937
f 7717 7928 7932
f 7719 7940 7944
f 7720 7946 7950
f 7722 7958 7962
f 7739 8060 8064
f 7746 8101 8105
f 7744 8089 8093
f 7723 7963 7967
f 7734 8030 8033
f 7731 8012 8014
f 7726 7981 7984
f 7732 8018 8022
f 7733 8024 8028
f 7736 8042 8046
f 7727 7988 7992
f 7728 7993 7996
f 7741 8071 8075
f 7745 8095 8097
f 7739 8059 8061
f 7722 7957 7959
f 7723 7964 7966
f 7744 8090 8092
f 7746 8102 8104
f 7738 8054 8056
f 7737 8047 8051
f 7729 7999 8002
f 7740 8065 8068
f 7724 7970 7973
f 7736 8041 8043
f 7727 7987 7989
f 7728 7994 7997
f 7741 8072 8074
f 7745 8096 8100
f 7738 8053 8057
f 7737 8048 8050
f 7729 8000 8003
f 7740 8066 8069
f 7724 7969 7972
f 7721 7955 7953
f 7718 7937 7935
f 7717 7932 7930
f 7719 7944 7942
f 7720 7950 7948
f 7722 7962 7961
f 7739 8064 8063
f 7746 8105 8106
f 7744 8093 8094
f 7723 7967 7968
f 7734 8033 8031
f 7731 8014 8013
f 7726 7984 7986
f 7732 8022 8021
f 7733 8028 8026
f 7736 8046 8045
f 7727 7992 7990
f 7728 7996 7998
f 7741 8075 8076
f 7745 8097 8098
f 7811 8113 8120
f 7807 8109 8112
f 7808 8115 8110
f 7814 8118 8116
f 7817 8121 8119
f 7822 8135 8128
f 7858 8192 8196
f 7845 8279 8286
f 7866 8267 8269
f 7825 8223 8218
f 7846 8158 8165
f 7833 8154 8157
f 7834 8160 8155
f 7848 8163 8161
f 7850 8166 8164
f 7855 8176 8179
f 7835 8150 8143
f 7840 8210 8200
f 7865 8239 8237
f 7830 8245 8255
f 7820 8274 8283
f 7812 8184 8187
f 7810 8125 8130
f 7816 8215 8225
f 7819 8260 8270
f 7823 8188 8193
f 7860 8284 8282
f 7843 8271 8264
f 7864 8226 8222
f 7824 8131 8133
f 7853 8248 8251
f 7836 8172 8169
f 7832 8140 8145
f 7849 8203 8208
f 7852 8234 8241
f 7859 8252 8254
f 7837 8170 8180
f 7838 8146 8148
f 7861 8209 8206
f 7828 8240 8230
f 7813 8195 8185
f 7809 8127 8124
f 7815 8217 8214
f 7818 8268 8259
f 7821 8285 8275
f 7829 8253 8244
f 7856 8181 8177
f 7841 8149 8151
f 7862 8207 8211
f 7827 8229 8238
f 7847 8178 8173
f 7831 8142 8139
f 7839 8199 8202
f 7851 8236 8233
f 7854 8256 8249
f 7857 8194 8191
f 7844 8281 8278
f 7842 8263 8266
f 7863 8221 8224
f 7826 8134 8136
f 7811 8294 8293
f 7807 8288 8287
f 7808 8289 8290
f 7814 8296 8297
f 7817 8299 8300
f 7822 8302 8303
f 7858 8340 8337
f 7845 8325 8324
f 7866 8346 8344
f 7825 8305 8307
f 7846 8327 8326
f 7833 8315 8311
f 7834 8313 8316
f 7848 8329 8330
f 7850 8332 8333
f 7855 8336 8335
f 7835 8317 8318
f 7840 8320 8322
f 7865 8342 8345
f 7830 8310 8309
f 7751 8111 7871
f 7748 8107 7868
f 7747 8108 7867
f 7749 8114 7869
f 7750 8117 7870
f 7753 8126 7873
f 7776 8190 7896
f 7806 8277 7926
f 7800 8265 7920
f 7783 8216 7903
f 7766 8156 7886
f 7763 8152 7883
f 7762 8153 7882
f 7764 8159 7884
f 7765 8162 7885
f 7770 8174 7890
f 7758 8141 7878
f 7777 8198 7897
f 7789 8235 7909
f 7796 8243 7916
f 7805 8272 7925
f 7773 8182 7893
f 7754 8123 7874
f 7786 8213 7906
f 7801 8258 7921
f 7775 8186 7895
f 7804 8280 7924
f 7798 8262 7918
f 7784 8220 7904
f 7755 8129 7875
f 7794 8246 7914
f 7767 8167 7887
f 7759 8138 7879
f 7780 8201 7900
f 7791 8232 7911
f 7795 8250 7915
f 7771 8168 7891
f 7760 8144 7880
f 7779 8204 7899
f 7787 8228 7907
f 7772 8183 7892
f 7752 8122 7872
f 7782 8212 7902
f 7797 8257 7917
f 7802 8273 7922
f 7792 8242 7912
f 7769 8175 7889
f 7761 8147 7881
f 7781 8205 7901
f 7790 8227 7910
f 7768 8171 7888
f 7757 8137 7877
f 7778 8197 7898
f 7788 8231 7908
f 7793 8247 7913
f 7774 8189 7894
f 7803 8276 7923
f 7799 8261 7919
f 7785 8219 7905
f 7756 8132 7876
f 7813 8295 8061
f 7809 8291 7959
f 7815 8292 7966
f 7818 8298 8092
f 7821 8301 8104
f 7829 8304 8056
f 7856 8338 8051
f 7841 8323 8002
f 7862 8343 8068
f 7827 8306 7973
f 7847 8328 8043
f 7831 8312 7989
f 7839 8314 7997
f 7851 8331 8074
f 7854 8334 8100
f 7857 8339 8057
f 7844 8319 8050
f 7842 8321 8003
f 7863 8341 8069
f 7826 8308 7972
f 7811 8120 7953
f 7807 8112 7935
f 7808 8110 7930
f 7814 8116 7942
f 7817 8119 7948
f 7822 8128 7961
f 7858 8196 8063
f 7845 8286 8106
f 7866 8269 8094
f 7825 8218 7968
f 7846 8165 8031
f 7833 8157 8013
f 7834 8155 7986
f 7848 8161 8021
f 7850 8164 8026
f 7855 8179 8045
f 7835 8143 7990
f 7840 8200 7998
f 7865 8237 8076
f 7830 8255 8098
f 7820 8283 8062
f 7812 8187 7960
f 7810 8130 7965
f 7816 8225 8091
f 7819 8270 8103
f 7823 8193 8055
f 7860 8282 8052
f 7843 8264 8004
f 7864 8222 8070
f 7824 8133 7971
f 7853 8251 8044
f 7836 8169 7991
f 7832 8145 7995
f 7849 8208 8073
f 7852 8241 8099
f 7859 8254 8058
f 7837 8180 8049
f 7838 8148 8001
f 7861 8206 8067
f 7828 8230 7974
f 7813 8185 7938
f 7809 8124 7931
f 7815 8214 7943
f 7818 8259 7949
f 7821 8275 7956
f 7829 8244 7979
f 7856 8177 8038
f 7841 8151 8008
f 7862 8211 8081
f 7827 8238 8086
f 7847 8173 8016
f 7831 8139 7983
f 7839 8202 8020
f 7851 8233 8027
f 7854 8249 8034
f 7857 8191 8039
f 7844 8278 8009
f 7842 8266 8080
f 7863 8224 8087
f 7826 8136 7978
f 7811 8293 7936
f 7807 8287 7929
f 7808 8290 7941
f 7814 8297 7947
f 7817 8300 7954
f 7822 8303 7977
f 7858 8337 8040
f 7845 8324 8010
f 7866 8344 8082
f 7825 8307 8085
f 7846 8326 8015
f 7833 8311 7985
f 7834 8316 8019
f 7848 8330 8025
f 7850 8333 8032
f 7855 8335 8037
f 7835 8318 8007
f 7840 8322 8079
f 7865 8345 8088
f 7830 8309 7980
f 7748 8113 7933
f 7747 8109 7927
f 7749 8115 7939
f 7750 8118 7945
f 7751 8121 7951
f 7756 8135 7975
f 7774 8192 8036
f 7803 8279 8006
f 7799 8267 8078
f 7785 8223 8083
f 7763 8158 8011
f 7762 8154 7982
f 7764 8160 8017
f 7765 8163 8023
f 7766 8166 8029
f 7769 8176 8035
f 7761 8150 8005
f 7781 8210 8077
f 7790 8239 8084
f 7792 8245 7976
f 7802 8274 7952
f 7772 8184 7934
f 7752 8125 7928
f 7782 8215 7940
f 7797 8260 7946
f 7773 8188 7958
f 7805 8284 8060
f 7801 8271 8101
f 7786 8226 8089
f 7754 8131 7963
f 7793 8248 8030
f 7768 8172 8012
f 7757 8140 7981
f 7778 8203 8018
f 7788 8234 8024
f 7794 8252 8042
f 7767 8170 7988
f 7759 8146 7993
f 7780 8209 8071
f 7791 8240 8095
f 7776 8195 8059
f 7753 8127 7957
f 7783 8217 7964
f 7800 8268 8090
f 7806 8285 8102
f 7795 8253 8054
f 7771 8181 8047
f 7760 8149 7999
f 7779 8207 8065
f 7787 8229 7970
f 7770 8178 8041
f 7758 8142 7987
f 7777 8199 7994
f 7789 8236 8072
f 7796 8256 8096
f 7775 8194 8053
f 7804 8281 8048
f 7798 8263 8000
f 7784 8221 8066
f 7755 8134 7969
f 7820 8294 7955
f 7812 8288 7937
f 7810 8289 7932
f 7816 8296 7944
f 7819 8299 7950
f 7823 8302 7962
f 7860 8340 8064
f 7843 8325 8105
f 7864 8346 8093
f 7824 8305 7967
f 7853 8327 8033
f 7836 8315 8014
f 7832 8313 7984
f 7849 8329 8022
f 7852 8332 8028
f 7859 8336 8046
f 7837 8317 7992
f 7838 8320 7996
f 7861 8342 8075
f 7828 8310 8097
f 7748 8111 8113
f 7747 8107 8109
f 7749 8108 8115
f 7750 8114 8118
f 7751 8117 8121
f 7756 8126 8135
f 7774 8190 8192
f 7803 8277 8279
f 7799 8265 8267
f 7785 8216 8223
f 7763 8156 8158
f 7762 8152 8154
f 7764 8153 8160
f 7765 8159 8163
f 7766 8162 8166
f 7769 8174 8176
f 7761 8141 8150
f 7781 8198 8210
f 7790 8235 8239
f 7792 8243 8245
f 7802 8272 8274
f 7772 8182 8184
f 7752 8123 8125
f 7782 8213 8215
f 7797 8258 8260
f 7773 8186 8188
f 7805 8280 8284
f 7801 8262 8271
f 7786 8220 8226
f 7754 8129 8131
f 7793 8246 8248
f 7768 8167 8172
f 7757 8138 8140
f 7778 8201 8203
f 7788 8232 8234
f 7794 8250 8252
f 7767 8168 8170
f 7759 8144 8146
f 7780 8204 8209
f 7791 8228 8240
f 7776 8183 8195
f 7753 8122 8127
f 7783 8212 8217
f 7800 8257 8268
f 7806 8273 8285
f 7795 8242 8253
f 7771 8175 8181
f 7760 8147 8149
f 7779 8205 8207
f 7787 8227 8229
f 7770 8171 8178
f 7758 8137 8142
f 7777 8197 8199
f 7789 8231 8236
f 7796 8247 8256
f 7775 8189 8194
f 7804 8276 8281
f 7798 8261 8263
f 7784 8219 8221
f 7755 8132 8134
f 7820 8295 8294
f 7812 8291 8288
f 7810 8292 8289
f 7816 8298 8296
f 7819 8301 8299
f 7823 8304 8302
f 7860 8338 8340
f 7843 8323 8325
f 7864 8343 8346
f 7824 8306 8305
f 7853 8328 8327
f 7836 8312 8315
f 7832 8314 8313
f 7849 8331 8329
f 7852 8334 8332
f 7859 8339 8336
f 7837 8319 8317
f 7838 8321 8320
f 7861 8341 8342
f 7828 8308 8310
f 7748 7868 8111
f 7747 7867 8107
f 7749 7869 8108
f 7750 7870 8114
f 7751 7871 8117
f 7756 7876 8126
f 7774 7894 8190
f 7803 7923 8277
f 7799 7919 8265
f 7785 7905 8216
f 7763 7883 8156
f 7762 7882 8152
f 7764 7884 8153
f 7765 7885 8159
f 7766 7886 8162
f 7769 7889 8174
f 7761 7881 8141
f 7781 7901 8198
f 7790 7910 8235
f 7792 7912 8243
f 7802 7922 8272
f 7772 7892 8182
f 7752 7872 8123
f 7782 7902 8213
f 7797 7917 8258
f 7773 7893 8186
f 7805 7925 8280
f 7801 7921 8262
f 7786 7906 8220
f 7754 7874 8129
f 7793 7913 8246
f 7768 7888 8167
f 7757 7877 8138
f 7778 7898 8201
f 7788 7908 8232
f 7794 7914 8250
f 7767 7887 8168
f 7759 7879 8144
f 7780 7900 8204
f 7791 7911 8228
f 7776 7896 8183
f 7753 7873 8122
f 7783 7903 8212
f 7800 7920 8257
f 7806 7926 8273
f 7795 7915 8242
f 7771 7891 8175
f 7760 7880 8147
f 7779 7899 8205
f 7787 7907 8227
f 7770 7890 8171
f 7758 7878 8137
f 7777 7897 8197
f 7789 7909 8231
f 7796 7916 8247
f 7775 7895 8189
f 7804 7924 8276
f 7798 7918 8261
f 7784 7904 8219
f 7755 7875 8132
f 7820 8062 8295
f 7812 7960 8291
f 7810 7965 8292
f 7816 8091 8298
f 7819 8103 8301
f 7823 8055 8304
f 7860 8052 8338
f 7843 8004 8323
f 7864 8070 8343
f 7824 7971 8306
f 7853 8044 8328
f 7836 7991 8312
f 7832 7995 8314
f 7849 8073 8331
f 7852 8099 8334
f 7859 8058 8339
f 7837 8049 8319
f 7838 8001 8321
f 7861 8067 8341
f 7828 7974 8308
f 7751 7951 8120
f 7748 7933 8112
f 7747 7927 8110
f 7749 7939 8116
f 7750 7945 8119
f 7753 7957 8128
f 7776 8059 8196
f 7806 8102 8286
f 7800 8090 8269
f 7783 7964 8218
f 7766 8029 8165
f 7763 8011 8157
f 7762 7982 8155
f 7764 8017 8161
f 7765 8023 8164
f 7770 8041 8179
f 7758 7987 8143
f 7777 7994 8200
f 7789 8072 8237
f 7796 8096 8255
f 7805 8060 8283
f 7773 7958 8187
f 7754 7963 8130
f 7786 8089 8225
f 7801 8101 8270
f 7775 8053 8193
f 7804 8048 8282
f 7798 8000 8264
f 7784 8066 8222
f 7755 7969 8133
f 7794 8042 8251
f 7767 7988 8169
f 7759 7993 8145
f 7780 8071 8208
f 7791 8095 8241
f 7795 8054 8254
f 7771 8047 8180
f 7760 7999 8148
f 7779 8065 8206
f 7787 7970 8230
f 7772 7934 8185
f 7752 7928 8124
f 7782 7940 8214
f 7797 7946 8259
f 7802 7952 8275
f 7792 7976 8244
f 7769 8035 8177
f 7761 8005 8151
f 7781 8077 8211
f 7790 8084 8238
f 7768 8012 8173
f 7757 7981 8139
f 7778 8018 8202
f 7788 8024 8233
f 7793 8030 8249
f 7774 8036 8191
f 7803 8006 8278
f 7799 8078 8266
f 7785 8083 8224
f 7756 7975 8136
f 7813 7938 8293
f 7809 7931 8287
f 7815 7943 8290
f 7818 7949 8297
f 7821 7956 8300
f 7829 7979 8303
f 7856 8038 8337
f 7841 8008 8324
f 7862 8081 8344
f 7827 8086 8307
f 7847 8016 8326
f 7831 7983 8311
f 7839 8020 8316
f 7851 8027 8330
f 7854 8034 8333
f 7857 8039 8335
f 7844 8009 8318
f 7842 8080 8322
f 7863 8087 8345
f 7826 7978 8309
f 7811 7936 8113
f 7807 7929 8109
f 7808 7941 8115
f 7814 7947 8118
f 7817 7954 8121
f 7822 7977 8135
f 7858 8040 8192
f 7845 8010 8279
f 7866 8082 8267
f 7825 8085 8223
f 7846 8015 8158
f 7833 7985 8154
f 7834 8019 8160
f 7848 8025 8163
f 7850 8032 8166
f 7855 8037 8176
f 7835 8007 8150
f 7840 8079 8210
f 7865 8088 8239
f 7830 7980 8245
f 7820 7955 8274
f 7812 7937 8184
f 7810 7932 8125
f 7816 7944 8215
f 7819 7950 8260
f 7823 7962 8188
f 7860 8064 8284
f 7843 8105 8271
f 7864 8093 8226
f 7824 7967 8131
f 7853 8033 8248
f 7836 8014 8172
f 7832 7984 8140
f 7849 8022 8203
f 7852 8028 8234
f 7859 8046 8252
f 7837 7992 8170
f 7838 7996 8146
f 7861 8075 8209
f 7828 8097 8240
f 7813 8061 8195
f 7809 7959 8127
f 7815 7966 8217
f 7818 8092 8268
f 7821 8104 8285
f 7829 8056 8253
f 7856 8051 8181
f 7841 8002 8149
f 7862 8068 8207
f 7827 7973 8229
f 7847 8043 8178
f 7831 7989 8142
f 7839 7997 8199
f 7851 8074 8236
f 7854 8100 8256
f 7857 8057 8194
f 7844 8050 8281
f 7842 8003 8263
f 7863 8069 8221
f 7826 7972 8134
f 7811 7953 8294
f 7807 7935 8288
f 7808 7930 8289
f 7814 7942 8296
f 7817 7948 8299
f 7822 7961 8302
f 7858 8063 8340
f 7845 8106 8325
f 7866 8094 8346
f 7825 7968 8305
f 7846 8031 8327
f 7833 8013 8315
f 7834 7986 8313
f 7848 8021 8329
f 7850 8026 8332
f 7855 8045 8336
f 7835 7990 8317
f 7840 7998 8320
f 7865 8076 8342
f 7830 8098 8310
f 7751 8120 8111
f 7748 8112 8107
f 7747 8110 8108
f 7749 8116 8114
f 7750 8119 8117
f 7753 8128 8126
f 7776 8196 8190
f 7806 8286 8277
f 7800 8269 8265
f 7783 8218 8216
f 7766 8165 8156
f 7763 8157 8152
f 7762 8155 8153
f 7764 8161 8159
f 7765 8164 8162
f 7770 8179 8174
f 7758 8143 8141
f 7777 8200 8198
f 7789 8237 8235
f 7796 8255 8243
f 7805 8283 8272
f 7773 8187 8182
f 7754 8130 8123
f 7786 8225 8213
f 7801 8270 8258
f 7775 8193 8186
f 7804 8282 8280
f 7798 8264 8262
f 7784 8222 8220
f 7755 8133 8129
f 7794 8251 8246
f 7767 8169 8167
f 7759 8145 8138
f 7780 8208 8201
f 7791 8241 8232
f 7795 8254 8250
f 7771 8180 8168
f 7760 8148 8144
f 7779 8206 8204
f 7787 8230 8228
f 7772 8185 8183
f 7752 8124 8122
f 7782 8214 8212
f 7797 8259 8257
f 7802 8275 8273
f 7792 8244 8242
f 7769 8177 8175
f 7761 8151 8147
f 7781 8211 8205
f 7790 8238 8227
f 7768 8173 8171
f 7757 8139 8137
f 7778 8202 8197
f 7788 8233 8231
f 7793 8249 8247
f 7774 8191 8189
f 7803 8278 8276
f 7799 8266 8261
f 7785 8224 8219
f 7756 8136 8132
f 7813 8293 8295
f 7809 8287 8291
f 7815 8290 8292
f 7818 8297 8298
f 7821 8300 8301
f 7829 8303 8304
f 7856 8337 8338
f 7841 8324 8323
f 7862 8344 8343
f 7827 8307 8306
f 7847 8326 8328
f 7831 8311 8312
f 7839 8316 8314
f 7851 8330 8331
f 7854 8333 8334
f 7857 8335 8339
f 7844 8318 8319
f 7842 8322 8321
f 7863 8345 8341
f 7826 8309 8308
f 8111 7868 7871
f 8107 7867 7868
f 8108 7869 7867
f 8114 7870 7869
f 8117 7871 7870
f 8126 7876 7873
f 8190 7894 7896
f 8277 7923 7926
f 8265 7919 7920
f 8216 7905 7903
f 8156 7883 7886
f 8152 7882 7883
f 8153 7884 7882
f 8159 7885 7884
f 8162 7886 7885
f 8174 7889 7890
f 8141 7881 7878
f 8198 7901 7897
f 8235 7910 7909
f 8243 7912 7916
f 8272 7922 7925
f 8182 7892 7893
f 8123 7872 7874
f 8213 7902 7906
f 8258 7917 7921
f 8186 7893 7895
f 8280 7925 7924
f 8262 7921 7918
f 8220 7906 7904
f 8129 7874 7875
f 8246 7913 7914
f 8167 7888 7887
f 8138 7877 7879
f 8201 7898 7900
f 8232 7908 7911
f 8250 7914 7915
f 8168 7887 7891
f 8144 7879 7880
f 8204 7900 7899
f 8228 7911 7907
f 8183 7896 7892
f 8122 7873 7872
f 8212 7903 7902
f 8257 7920 7917
f 8273 7926 7922
f 8242 7915 7912
f 8175 7891 7889
f 8147 7880 7881
f 8205 7899 7901
f 8227 7907 7910
f 8171 7890 7888
f 8137 7878 7877
f 8197 7897 7898
f 8231 7909 7908
f 8247 7916 7913
f 8189 7895 7894
f 8276 7924 7923
f 8261 7918 7919
f 8219 7904 7905
f 8132 7875 7876
f 8295 8062 8061
f 8291 7960 7959
f 8292 7965 7966
f 8298 8091 8092
f 8301 8103 8104
f 8304 8055 8056
f 8338 8052 8051
f 8323 8004 8002
f 8343 8070 8068
f 8306 7971 7973
f 8328 8044 8043
f 8312 7991 7989
f 8314 7995 7997
f 8331 8073 8074
f 8334 8099 8100
f 8339 8058 8057
f 8319 8049 8050
f 8321 8001 8003
f 8341 8067 8069
f 8308 7974 7972
f 8120 7951 7953
f 8112 7933 7935
f 8110 7927 7930
f 8116 7939 7942
f 8119 7945 7948
f 8128 7957 7961
f 8196 8059 8063
f 8286 8102 8106
f 8269 8090 8094
f 8218 7964 7968
f 8165 8029 8031
f 8157 8011 8013
f 8155 7982 7986
f 8161 8017 8021
f 8164 8023 8026
f 8179 8041 8045
f 8143 7987 7990
f 8200 7994 7998
f 8237 8072 8076
f 8255 8096 8098
f 8283 8060 8062
f 8187 7958 7960
f 8130 7963 7965
f 8225 8089 8091
f 8270 8101 8103
f 8193 8053 8055
f 8282 8048 8052
f 8264 8000 8004
f 8222 8066 8070
f 8133 7969 7971
f 8251 8042 8044
f 8169 7988 7991
f 8145 7993 7995
f 8208 8071 8073
f 8241 8095 8099
f 8254 8054 8058
f 8180 8047 8049
f 8148 7999 8001
f 8206 8065 8067
f 8230 7970 7974
f 8185 7934 7938
f 8124 7928 7931
f 8214 7940 7943
f 8259 7946 7949
f 8275 7952 7956
f 8244 7976 7979
f 8177 8035 8038
f 8151 8005 8008
f 8211 8077 8081
f 8238 8084 8086
f 8173 8012 8016
f 8139 7981 7983
f 8202 8018 8020
f 8233 8024 8027
f 8249 8030 8034
f 8191 8036 8039
f 8278 8006 8009
f 8266 8078 8080
f 8224 8083 8087
f 8136 7975 7978
f 8293 7938 7936
f 8287 7931 7929
f 8290 7943 7941
f 8297 7949 7947
f 8300 7956 7954
f 8303 7979 7977
f 8337 8038 8040
f 8324 8008 8010
f 8344 8081 8082
f 8307 8086 8085
f 8326 8016 8015
f 8311 7983 7985
f 8316 8020 8019
f 8330 8027 8025
f 8333 8034 8032
f 8335 8039 8037
f 8318 8009 8007
f 8322 8080 8079
f 8345 8087 8088
f 8309 7978 7980
f 8113 7936 7933
f 8109 7929 7927
f 8115 7941 7939
f 8118 7947 7945
f 8121 7954 7951
f 8135 7977 7975
f 8192 8040 8036
f 8279 8010 8006
f 8267 8082 8078
f 8223 8085 8083
f 8158 8015 8011
f 8154 7985 7982
f 8160 8019 8017
f 8163 8025 8023
f 8166 8032 8029
f 8176 8037 8035
f 8150 8007 8005
f 8210 8079 8077
f 8239 8088 8084
f 8245 7980 7976
f 8274 7955 7952
f 8184 7937 7934
f 8125 7932 7928
f 8215 7944 7940
f 8260 7950 7946
f 8188 7962 7958
f 8284 8064 8060
f 8271 8105 8101
f 8226 8093 8089
f 8131 7967 7963
f 8248 8033 8030
f 8172 8014 8012
f 8140 7984 7981
f 8203 8022 8018
f 8234 8028 8024
f 8252 8046 8042
f 8170 7992 7988
f 8146 7996 7993
f 8209 8075 8071
f 8240 8097 8095
f 8195 8061 8059
f 8127 7959 7957
f 8217 7966 7964
f 8268 8092 8090
f 8285 8104 8102
f 8253 8056 8054
f 8181 8051 8047
f 8149 8002 7999
f 8207 8068 8065
f 8229 7973 7970
f 8178 8043 8041
f 8142 7989 7987
f 8199 7997 7994
f 8236 8074 8072
f 8256 8100 8096
f 8194 8057 8053
f 8281 8050 8048
f 8263 8003 8000
f 8221 8069 8066
f 8134 7972 7969
f 8294 7953 7955
f 8288 7935 7937
f 8289 7930 7932
f 8296 7942 7944
f 8299 7948 7950
f 8302 7961 7962
f 8340 8063 8064
f 8325 8106 8105
f 8346 8094 8093
f 8305 7968 7967
f 8327 8031 8033
f 8315 8013 8014
f 8313 7986 7984
f 8329 8021 8022
f 8332 8026 8028
f 8336 8045 8046
f 8317 7990 7992
f 8320 7998 7996
f 8342 8076 8075
f 8310 8098 8097
f 8111 8120 8113
f 8107 8112 8109
f 8108 8110 8115
f 8114 8116 8118
f 8117 8119 8121
f 8126 8128 8135
f 8190 8196 8192
f 8277 8286 8279
f 8265 8269 8267
f 8216 8218 8223
f 8156 8165 8158
f 8152 8157 8154
f 8153 8155 8160
f 8159 8161 8163
f 8162 8164 8166
f 8174 8179 8176
f 8141 8143 8150
f 8198 8200 8210
f 8235 8237 8239
f 8243 8255 8245
f 8272 8283 8274
f 8182 8187 8184
f 8123 8130 8125
f 8213 8225 8215
f 8258 8270 8260
f 8186 8193 8188
f 8280 8282 8284
f 8262 8264 8271
f 8220 8222 8226
f 8129 8133 8131
f 8246 8251 8248
f 8167 8169 8172
f 8138 8145 8140
f 8201 8208 8203
f 8232 8241 8234
f 8250 8254 8252
f 8168 8180 8170
f 8144 8148 8146
f 8204 8206 8209
f 8228 8230 8240
f 8183 8185 8195
f 8122 8124 8127
f 8212 8214 8217
f 8257 8259 8268
f 8273 8275 8285
f 8242 8244 8253
f 8175 8177 8181
f 8147 8151 8149
f 8205 8211 8207
f 8227 8238 8229
f 8171 8173 8178
f 8137 8139 8142
f 8197 8202 8199
f 8231 8233 8236
f 8247 8249 8256
f 8189 8191 8194
f 8276 8278 8281
f 8261 8266 8263
f 8219 8224 8221
f 8132 8136 8134
f 8295 8293 8294
f 8291 8287 8288
f 8292 8290 8289
f 8298 8297 8296
f 8301 8300 8299
f 8304 8303 8302
f 8338 8337 8340
f 8323 8324 8325
f 8343 8344 8346
f 8306 8307 8305
f 8328 8326 8327
f 8312 8311 8315
f 8314 8316 8313
f 8331 8330 8329
f 8334 8333 8332
f 8339 8335 8336
f 8319 8318 8317
f 8321 8322 8320
f 8341 8345 8342
f 8308 8309 8310
f 8347 8513 8510
f 8347 8510 8509
f 8347 8509 8511
f 8347 8511 8512
f 8347 8512 8513
f 8348 8515 8518
f 8352 8538 8536
f 8358 8568 8565
f 8357 8562 8561
f 8354 8545 8547
f 8350 8528 8525
f 8350 8525 8524
f 8350 8524 8526
f 8350 8526 8527
f 8350 8527 8528
f 8351 8532 8531
f 8349 8520 8523
f 8353 8539 8543
f 8355 8551 8552
f 8356 8558 8554
f 8358 8567 8564
f 8352 8535 8534
f 8348 8516 8514
f 8354 8548 8544
f 8357 8563 8559
f 8352 8537 8535
f 8358 8566 8567
f 8357 8560 8563
f 8354 8546 8548
f 8348 8517 8516
f 8356 8556 8555
f 8351 8529 8530
f 8349 8521 8519
f 8353 8542 8540
f 8355 8553 8550
f 8356 8557 8556
f 8351 8533 8529
f 8349 8522 8521
f 8353 8541 8542
f 8355 8549 8553
f 8352 8534 8538
f 8348 8514 8515
f 8354 8544 8545
f 8357 8559 8562
f 8358 8564 8568
f 8356 8554 8557
f 8351 8531 8533
f 8349 8523 8522
f 8353 8543 8541
f 8355 8552 8549
f 8351 8530 8532
f 8349 8519 8520
f 8353 8540 8539
f 8355 8550 8551
f 8356 8555 8558
f 8352 8536 8537
f 8358 8565 8566
f 8357 8561 8560
f 8354 8547 8546
f 8348 8518 8517
f 8381 8703 8704
f 8364 8601 8602
f 8365 8608 8607
f 8386 8734 8733
f 8388 8746 8745
f 8380 8698 8697
f 8379 8693 8694
f 8371 8644 8646
f 8382 8710 8712
f 8366 8615 8613
f 8378 8685 8686
f 8369 8631 8633
f 8370 8639 8637
f 8383 8716 8715
f 8387 8742 8741
f 8380 8699 8700
f 8379 8692 8691
f 8371 8645 8643
f 8382 8711 8709
f 8366 8614 8616
f 8363 8595 8593
f 8360 8577 8575
f 8359 8572 8569
f 8361 8584 8581
f 8362 8590 8587
f 8364 8603 8599
f 8381 8705 8701
f 8388 8748 8744
f 8386 8736 8732
f 8365 8610 8606
f 8376 8673 8671
f 8373 8655 8653
f 8368 8628 8624
f 8374 8663 8659
f 8375 8668 8665
f 8378 8687 8683
f 8369 8632 8629
f 8370 8640 8636
f 8383 8718 8714
f 8387 8740 8738
f 8381 8704 8702
f 8364 8602 8600
f 8365 8607 8605
f 8386 8733 8731
f 8388 8745 8743
f 8380 8697 8695
f 8379 8694 8690
f 8371 8646 8642
f 8382 8712 8708
f 8366 8613 8611
f 8378 8686 8684
f 8369 8633 8630
f 8370 8637 8635
f 8383 8715 8713
f 8387 8741 8737
f 8380 8700 8696
f 8379 8691 8689
f 8371 8643 8641
f 8382 8709 8707
f 8366 8616 8612
f 8360 8580 8576
f 8359 8573 8570
f 8361 8585 8582
f 8362 8591 8588
f 8363 8598 8594
f 8367 8621 8618
f 8377 8680 8677
f 8372 8650 8647
f 8384 8723 8719
f 8385 8728 8726
f 8373 8658 8654
f 8368 8625 8623
f 8374 8662 8660
f 8375 8669 8666
f 8376 8676 8672
f 8377 8681 8678
f 8372 8651 8648
f 8384 8722 8720
f 8385 8729 8725
f 8367 8620 8617
f 8360 8578 8580
f 8359 8571 8573
f 8361 8583 8585
f 8362 8589 8591
f 8363 8596 8598
f 8367 8619 8621
f 8377 8682 8680
f 8372 8652 8650
f 8384 8724 8723
f 8385 8727 8728
f 8373 8657 8658
f 8368 8627 8625
f 8374 8661 8662
f 8375 8667 8669
f 8376 8674 8676
f 8377 8679 8681
f 8372 8649 8651
f 8384 8721 8722
f 8385 8730 8729
f 8367 8622 8620
f 8360 8575 8578
f 8359 8569 8571
f 8361 8581 8583
f 8362 8587 8589
f 8363 8593 8596
f 8367 8617 8619
f 8377 8678 8682
f 8372 8648 8652
f 8384 8720 8724
f 8385 8725 8727
f 8373 8653 8657
f 8368 8624 8627
f 8374 8659 8661
f 8375 8665 8667
f 8376 8671 8674
f 8377 8677 8679
f 8372 8647 8649
f 8384 8719 8721
f 8385 8726 8730
f 8367 8618 8622
f 8363 8594 8597
f 8360 8576 8579
f 8359 8570 8574
f 8361 8582 8586
f 8362 8588 8592
f 8364 8600 8604
f 8381 8702 8706
f 8388 8743 8747
f 8386 8731 8735
f 8365 8605 8609
f 8376 8672 8675
f 8373 8654 8656
f 8368 8623 8626
f 8374 8660 8664
f 8375 8666 8670
f 8378 8684 8688
f 8369 8630 8634
f 8370 8635 8638
f 8383 8713 8717
f 8387 8737 8739
f 8381 8701 8703
f 8364 8599 8601
f 8365 8606 8608
f 8386 8732 8734
f 8388 8744 8746
f 8380 8696 8698
f 8379 8689 8693
f 8371 8641 8644
f 8382 8707 8710
f 8366 8612 8615
f 8378 8683 8685
f 8369 8629 8631
f 8370 8636 8639
f 8383 8714 8716
f 8387 8738 8742
f 8380 8695 8699
f 8379 8690 8692
f 8371 8642 8645
f 8382 8708 8711
f 8366 8611 8614
f 8363 8597 8595
f 8360 8579 8577
f 8359 8574 8572
f 8361 8586 8584
f 8362 8592 8590
f 8364 8604 8603
f 8381 8706 8705
f 8388 8747 8748
f 8386 8735 8736
f 8365 8609 8610
f 8376 8675 8673
f 8373 8656 8655
f 8368 8626 8628
f 8374 8664 8663
f 8375 8670 8668
f 8378 8688 8687
f 8369 8634 8632
f 8370 8638 8640
f 8383 8717 8718
f 8387 8739 8740
f 8453 8755 8762
f 8449 8751 8754
f 8450 8757 8752
f 8456 8760 8758
f 8459 8763 8761
f 8464 8777 8770
f 8500 8834 8838
f 8487 8921 8928
f 8508 8909 8911
f 8467 8865 8860
f 8488 8800 8807
f 8475 8796 8799
f 8476 8802 8797
f 8490 8805 8803
f 8492 8808 8806
f 8497 8818 8821
f 8477 8792 8785
f 8482 8852 8842
f 8507 8881 8879
f 8472 8887 8897
f 8462 8916 8925
f 8454 8826 8829
f 8452 8767 8772
f 8458 8857 8867
f 8461 8902 8912
f 8465 8830 8835
f 8502 8926 8924
f 8485 8913 8906
f 8506 8868 8864
f 8466 8773 8775
f 8495 8890 8893
f 8478 8814 8811
f 8474 8782 8787
f 8491 8845 8850
f 8494 8876 8883
f 8501 8894 8896
f 8479 8812 8822
f 8480 8788 8790
f 8503 8851 8848
f 8470 8882 8872
f 8455 8837 8827
f 8451 8769 8766
f 8457 8859 8856
f 8460 8910 8901
f 8463 8927 8917
f 8471 8895 8886
f 8498 8823 8819
f 8483 8791 8793
f 8504 8849 8853
f 8469 8871 8880
f 8489 8820 8815
f 8473 8784 8781
f 8481 8841 8844
f 8493 8878 8875
f 8496 8898 8891
f 8499 8836 8833
f 8486 8923 8920
f 8484 8905 8908
f 8505 8863 8866
f 8468 8776 8778
f 8453 8936 8935
f 8449 8930 8929
f 8450 8931 8932
f 8456 8938 8939
f 8459 8941 8942
f 8464 8944 8945
f 8500 8982 8979
f 8487 8967 8966
f 8508 8988 8986
f 8467 8947 8949
f 8488 8969 8968
f 8475 8957 8953
f 8476 8955 8958
f 8490 8971 8972
f 8492 8974 8975
f 8497 8978 8977
f 8477 8959 8960
f 8482 8962 8964
f 8507 8984 8987
f 8472 8952 8951
f 8393 8753 8513
f 8390 8749 8510
f 8389 8750 8509
f 8391 8756 8511
f 8392 8759 8512
f 8395 8768 8515
f 8418 8832 8538
f 8448 8919 8568
f 8442 8907 8562
f 8425 8858 8545
f 8408 8798 8528
f 8405 8794 8525
f 8404 8795 8524
f 8406 8801 8526
f 8407 8804 8527
f 8412 8816 8532
f 8400 8783 8520
f 8419 8840 8539
f 8431 8877 8551
f 8438 8885 8558
f 8447 8914 8567
f 8415 8824 8535
f 8396 8765 8516
f 8428 8855 8548
f 8443 8900 8563
f 8417 8828 8537
f 8446 8922 8566
f 8440 8904 8560
f 8426 8862 8546
f 8397 8771 8517
f 8436 8888 8556
f 8409 8809 8529
f 8401 8780 8521
f 8422 8843 8542
f 8433 8874 8553
f 8437 8892 8557
f 8413 8810 8533
f 8402 8786 8522
f 8421 8846 8541
f 8429 8870 8549
f 8414 8825 8534
f 8394 8764 8514
f 8424 8854 8544
f 8439 8899 8559
f 8444 8915 8564
f 8434 8884 8554
f 8411 8817 8531
f 8403 8789 8523
f 8423 8847 8543
f 8432 8869 8552
f 8410 8813 8530
f 8399 8779 8519
f 8420 8839 8540
f 8430 8873 8550
f 8435 8889 8555
f 8416 8831 8536
f 8445 8918 8565
f 8441 8903 8561
f 8427 8861 8547
f 8398 8774 8518
f 8455 8937 8703
f 8451 8933 8601
f 8457 8934 8608
f 8460 8940 8734
f 8463 8943 8746
f 8471 8946 8698
f 8498 8980 8693
f 8483 8965 8644
f 8504 8985 8710
f 8469 8948 8615
f 8489 8970 8685
f 8473 8954 8631
f 8481 8956 8639
f 8493 8973 8716
f 8496 8976 8742
f 8499 8981 8699
f 8486 8961 8692
f 8484 8963 8645
f 8505 8983 8711
f 8468 8950 8614
f 8453 8762 8595
f 8449 8754 8577
f 8450 8752 8572
f 8456 8758 8584
f 8459 8761 8590
f 8464 8770 8603
f 8500 8838 8705
f 8487 8928 8748
f 8508 8911 8736
f 8467 8860 8610
f 8488 8807 8673
f 8475 8799 8655
f 8476 8797 8628
f 8490 8803 8663
f 8492 8806 8668
f 8497 8821 8687
f 8477 8785 8632
f 8482 8842 8640
f 8507 8879 8718
f 8472 8897 8740
f 8462 8925 8704
f 8454 8829 8602
f 8452 8772 8607
f 8458 8867 8733
f 8461 8912 8745
f 8465 8835 8697
f 8502 8924 8694
f 8485 8906 8646
f 8506 8864 8712
f 8466 8775 8613
f 8495 8893 8686
f 8478 8811 8633
f 8474 8787 8637
f 8491 8850 8715
f 8494 8883 8741
f 8501 8896 8700
f 8479 8822 8691
f 8480 8790 8643
f 8503 8848 8709
f 8470 8872 8616
f 8455 8827 8580
f 8451 8766 8573
f 8457 8856 8585
f 8460 8901 8591
f 8463 8917 8598
f 8471 8886 8621
f 8498 8819 8680
f 8483 8793 8650
f 8504 8853 8723
f 8469 8880 8728
f 8489 8815 8658
f 8473 8781 8625
f 8481 8844 8662
f 8493 8875 8669
f 8496 8891 8676
f 8499 8833 8681
f 8486 8920 8651
f 8484 8908 8722
f 8505 8866 8729
f 8468 8778 8620
f 8453 8935 8578
f 8449 8929 8571
f 8450 8932 8583
f 8456 8939 8589
f 8459 8942 8596
f 8464 8945 8619
f 8500 8979 8682
f 8487 8966 8652
f 8508 8986 8724
f 8467 8949 8727
f 8488 8968 8657
f 8475 8953 8627
f 8476 8958 8661
f 8490 8972 8667
f 8492 8975 8674
f 8497 8977 8679
f 8477 8960 8649
f 8482 8964 8721
f 8507 8987 8730
f 8472 8951 8622
f 8390 8755 8575
f 8389 8751 8569
f 8391 8757 8581
f 8392 8760 8587
f 8393 8763 8593
f 8398 8777 8617
f 8416 8834 8678
f 8445 8921 8648
f 8441 8909 8720
f 8427 8865 8725
f 8405 8800 8653
f 8404 8796 8624
f 8406 8802 8659
f 8407 8805 8665
f 8408 8808 8671
f 8411 8818 8677
f 8403 8792 8647
f 8423 8852 8719
f 8432 8881 8726
f 8434 8887 8618
f 8444 8916 8594
f 8414 8826 8576
f 8394 8767 8570
f 8424 8857 8582
f 8439 8902 8588
f 8415 8830 8600
f 8447 8926 8702
f 8443 8913 8743
f 8428 8868 8731
f 8396 8773 8605
f 8435 8890 8672
f 8410 8814 8654
f 8399 8782 8623
f 8420 8845 8660
f 8430 8876 8666
f 8436 8894 8684
f 8409 8812 8630
f 8401 8788 8635
f 8422 8851 8713
f 8433 8882 8737
f 8418 8837 8701
f 8395 8769 8599
f 8425 8859 8606
f 8442 8910 8732
f 8448 8927 8744
f 8437 8895 8696
f 8413 8823 8689
f 8402 8791 8641
f 8421 8849 8707
f 8429 8871 8612
f 8412 8820 8683
f 8400 8784 8629
f 8419 8841 8636
f 8431 8878 8714
f 8438 8898 8738
f 8417 8836 8695
f 8446 8923 8690
f 8440 8905 8642
f 8426 8863 8708
f 8397 8776 8611
f 8462 8936 8597
f 8454 8930 8579
f 8452 8931 8574
f 8458 8938 8586
f 8461 8941 8592
f 8465 8944 8604
f 8502 8982 8706
f 8485 8967 8747
f 8506 8988 8735
f 8466 8947 8609
f 8495 8969 8675
f 8478 8957 8656
f 8474 8955 8626
f 8491 8971 8664
f 8494 8974 8670
f 8501 8978 8688
f 8479 8959 8634
f 8480 8962 8638
f 8503 8984 8717
f 8470 8952 8739
f 8390 8753 8755
f 8389 8749 8751
f 8391 8750 8757
f 8392 8756 8760
f 8393 8759 8763
f 8398 8768 8777
f 8416 8832 8834
f 8445 8919 8921
f 8441 8907 8909
f 8427 8858 8865
f 8405 8798 8800
f 8404 8794 8796
f 8406 8795 8802
f 8407 8801 8805
f 8408 8804 8808
f 8411 8816 8818
f 8403 8783 8792
f 8423 8840 8852
f 8432 8877 8881
f 8434 8885 8887
f 8444 8914 8916
f 8414 8824 8826
f 8394 8765 8767
f 8424 8855 8857
f 8439 8900 8902
f 8415 8828 8830
f 8447 8922 8926
f 8443 8904 8913
f 8428 8862 8868
f 8396 8771 8773
f 8435 8888 8890
f 8410 8809 8814
f 8399 8780 8782
f 8420 8843 8845
f 8430 8874 8876
f 8436 8892 8894
f 8409 8810 8812
f 8401 8786 8788
f 8422 8846 8851
f 8433 8870 8882
f 8418 8825 8837
f 8395 8764 8769
f 8425 8854 8859
f 8442 8899 8910
f 8448 8915 8927
f 8437 8884 8895
f 8413 8817 8823
f 8402 8789 8791
f 8421 8847 8849
f 8429 8869 8871
f 8412 8813 8820
f 8400 8779 8784
f 8419 8839 8841
f 8431 8873 8878
f 8438 8889 8898
f 8417 8831 8836
f 8446 8918 8923
f 8440 8903 8905
f 8426 8861 8863
f 8397 8774 8776
f 8462 8937 8936
f 8454 8933 8930
f 8452 8934 8931
f 8458 8940 8938
f 8461 8943 8941
f 8465 8946 8944
f 8502 8980 8982
f 8485 8965 8967
f 8506 8985 8988
f 8466 8948 8947
f 8495 8970 8969
f 8478 8954 8957
f 8474 8956 8955
f 8491 8973 8971
f 8494 8976 8974
f 8501 8981 8978
f 8479 8961 8959
f 8480 8963 8962
f 8503 8983 8984
f 8470 8950 8952
f 8390 8510 8753
f 8389 8509 8749
f 8391 8511 8750
f 8392 8512 8756
f 8393 8513 8759
f 8398 8518 8768
f 8416 8536 8832
f 8445 8565 8919
f 8441 8561 8907
f 8427 8547 8858
f 8405 8525 8798
f 8404 8524 8794
f 8406 8526 8795
f 8407 8527 8801
f 8408 8528 8804
f 8411 8531 8816
f 8403 8523 8783
f 8423 8543 8840
f 8432 8552 8877
f 8434 8554 8885
f 8444 8564 8914
f 8414 8534 8824
f 8394 8514 8765
f 8424 8544 8855
f 8439 8559 8900
f 8415 8535 8828
f 8447 8567 8922
f 8443 8563 8904
f 8428 8548 8862
f 8396 8516 8771
f 8435 8555 8888
f 8410 8530 8809
f 8399 8519 8780
f 8420 8540 8843
f 8430 8550 8874
f 8436 8556 8892
f 8409 8529 8810
f 8401 8521 8786
f 8422 8542 8846
f 8433 8553 8870
f 8418 8538 8825
f 8395 8515 8764
f 8425 8545 8854
f 8442 8562 8899
f 8448 8568 8915
f 8437 8557 8884
f 8413 8533 8817
f 8402 8522 8789
f 8421 8541 8847
f 8429 8549 8869
f 8412 8532 8813
f 8400 8520 8779
f 8419 8539 8839
f 8431 8551 8873
f 8438 8558 8889
f 8417 8537 8831
f 8446 8566 8918
f 8440 8560 8903
f 8426 8546 8861
f 8397 8517 8774
f 8462 8704 8937
f 8454 8602 8933
f 8452 8607 8934
f 8458 8733 8940
f 8461 8745 8943
f 8465 8697 8946
f 8502 8694 8980
f 8485 8646 8965
f 8506 8712 8985
f 8466 8613 8948
f 8495 8686 8970
f 8478 8633 8954
f 8474 8637 8956
f 8491 8715 8973
f 8494 8741 8976
f 8501 8700 8981
f 8479 8691 8961
f 8480 8643 8963
f 8503 8709 8983
f 8470 8616 8950
f 8393 8593 8762
f 8390 8575 8754
f 8389 8569 8752
f 8391 8581 8758
f 8392 8587 8761
f 8395 8599 8770
f 8418 8701 8838
f 8448 8744 8928
f 8442 8732 8911
f 8425 8606 8860
f 8408 8671 8807
f 8405 8653 8799
f 8404 8624 8797
f 8406 8659 8803
f 8407 8665 8806
f 8412 8683 8821
f 8400 8629 8785
f 8419 8636 8842
f 8431 8714 8879
f 8438 8738 8897
f 8447 8702 8925
f 8415 8600 8829
f 8396 8605 8772
f 8428 8731 8867
f 8443 8743 8912
f 8417 8695 8835
f 8446 8690 8924
f 8440 8642 8906
f 8426 8708 8864
f 8397 8611 8775
f 8436 8684 8893
f 8409 8630 8811
f 8401 8635 8787
f 8422 8713 8850
f 8433 8737 8883
f 8437 8696 8896
f 8413 8689 8822
f 8402 8641 8790
f 8421 8707 8848
f 8429 8612 8872
f 8414 8576 8827
f 8394 8570 8766
f 8424 8582 8856
f 8439 8588 8901
f 8444 8594 8917
f 8434 8618 8886
f 8411 8677 8819
f 8403 8647 8793
f 8423 8719 8853
f 8432 8726 8880
f 8410 8654 8815
f 8399 8623 8781
f 8420 8660 8844
f 8430 8666 8875
f 8435 8672 8891
f 8416 8678 8833
f 8445 8648 8920
f 8441 8720 8908
f 8427 8725 8866
f 8398 8617 8778
f 8455 8580 8935
f 8451 8573 8929
f 8457 8585 8932
f 8460 8591 8939
f 8463 8598 8942
f 8471 8621 8945
f 8498 8680 8979
f 8483 8650 8966
f 8504 8723 8986
f 8469 8728 8949
f 8489 8658 8968
f 8473 8625 8953
f 8481 8662 8958
f 8493 8669 8972
f 8496 8676 8975
f 8499 8681 8977
f 8486 8651 8960
f 8484 8722 8964
f 8505 8729 8987
f 8468 8620 8951
f 8453 8578 8755
f 8449 8571 8751
f 8450 8583 8757
f 8456 8589 8760
f 8459 8596 8763
f 8464 8619 8777
f 8500 8682 8834
f 8487 8652 8921
f 8508 8724 8909
f 8467 8727 8865
f 8488 8657 8800
f 8475 8627 8796
f 8476 8661 8802
f 8490 8667 8805
f 8492 8674 8808
f 8497 8679 8818
f 8477 8649 8792
f 8482 8721 8852
f 8507 8730 8881
f 8472 8622 8887
f 8462 8597 8916
f 8454 8579 8826
f 8452 8574 8767
f 8458 8586 8857
f 8461 8592 8902
f 8465 8604 8830
f 8502 8706 8926
f 8485 8747 8913
f 8506 8735 8868
f 8466 8609 8773
f 8495 8675 8890
f 8478 8656 8814
f 8474 8626 8782
f 8491 8664 8845
f 8494 8670 8876
f 8501 8688 8894
f 8479 8634 8812
f 8480 8638 8788
f 8503 8717 8851
f 8470 8739 8882
f 8455 8703 8837
f 8451 8601 8769
f 8457 8608 8859
f 8460 8734 8910
f 8463 8746 8927
f 8471 8698 8895
f 8498 8693 8823
f 8483 8644 8791
f 8504 8710 8849
f 8469 8615 8871
f 8489 8685 8820
f 8473 8631 8784
f 8481 8639 8841
f 8493 8716 8878
f 8496 8742 8898
f 8499 8699 8836
f 8486 8692 8923
f 8484 8645 8905
f 8505 8711 8863
f 8468 8614 8776
f 8453 8595 8936
f 8449 8577 8930
f 8450 8572 8931
f 8456 8584 8938
f 8459 8590 8941
f 8464 8603 8944
f 8500 8705 8982
f 8487 8748 8967
f 8508 8736 8988
f 8467 8610 8947
f 8488 8673 8969
f 8475 8655 8957
f 8476 8628 8955
f 8490 8663 8971
f 8492 8668 8974
f 8497 8687 8978
f 8477 8632 8959
f 8482 8640 8962
f 8507 8718 8984
f 8472 8740 8952
f 8393 8762 8753
f 8390 8754 8749
f 8389 8752 8750
f 8391 8758 8756
f 8392 8761 8759
f 8395 8770 8768
f 8418 8838 8832
f 8448 8928 8919
f 8442 8911 8907
f 8425 8860 8858
f 8408 8807 8798
f 8405 8799 8794
f 8404 8797 8795
f 8406 8803 8801
f 8407 8806 8804
f 8412 8821 8816
f 8400 8785 8783
f 8419 8842 8840
f 8431 8879 8877
f 8438 8897 8885
f 8447 8925 8914
f 8415 8829 8824
f 8396 8772 8765
f 8428 8867 8855
f 8443 8912 8900
f 8417 8835 8828
f 8446 8924 8922
f 8440 8906 8904
f 8426 8864 8862
f 8397 8775 8771
f 8436 8893 8888
f 8409 8811 8809
f 8401 8787 8780
f 8422 8850 8843
f 8433 8883 8874
f 8437 8896 8892
f 8413 8822 8810
f 8402 8790 8786
f 8421 8848 8846
f 8429 8872 8870
f 8414 8827 8825
f 8394 8766 8764
f 8424 8856 8854
f 8439 8901 8899
f 8444 8917 8915
f 8434 8886 8884
f 8411 8819 8817
f 8403 8793 8789
f 8423 8853 8847
f 8432 8880 8869
f 8410 8815 8813
f 8399 8781 8779
f 8420 8844 8839
f 8430 8875 8873
f 8435 8891 8889
f 8416 8833 8831
f 8445 8920 8918
f 8441 8908 8903
f 8427 8866 8861
f 8398 8778 8774
f 8455 8935 8937
f 8451 8929 8933
f 8457 8932 8934
f 8460 8939 8940
f 8463 8942 8943
f 8471 8945 8946
f 8498 8979 8980
f 8483 8966 8965
f 8504 8986 8985
f 8469 8949 8948
f 8489 8968 8970
f 8473 8953 8954
f 8481 8958 8956
f 8493 8972 8973
f 8496 8975 8976
f 8499 8977 8981
f 8486 8960 8961
f 8484 8964 8963
f 8505 8987 8983
f 8468 8951 8950
f 8753 8510 8513
f 8749 8509 8510
f 8750 8511 8509
f 8756 8512 8511
f 8759 8513 8512
f 8768 8518 8515
f 8832 8536 8538
f 8919 8565 8568
f 8907 8561 8562
f 8858 8547 8545
f 8798 8525 8528
f 8794 8524 8525
f 8795 8526 8524
f 8801 8527 8526
f 8804 8528 8527
f 8816 8531 8532
f 8783 8523 8520
f 8840 8543 8539
f 8877 8552 8551
f 8885 8554 8558
f 8914 8564 8567
f 8824 8534 8535
f 8765 8514 8516
f 8855 8544 8548
f 8900 8559 8563
f 8828 8535 8537
f 8922 8567 8566
f 8904 8563 8560
f 8862 8548 8546
f 8771 8516 8517
f 8888 8555 8556
f 8809 8530 8529
f 8780 8519 8521
f 8843 8540 8542
f 8874 8550 8553
f 8892 8556 8557
f 8810 8529 8533
f 8786 8521 8522
f 8846 8542 8541
f 8870 8553 8549
f 8825 8538 8534
f 8764 8515 8514
f 8854 8545 8544
f 8899 8562 8559
f 8915 8568 8564
f 8884 8557 8554
f 8817 8533 8531
f 8789 8522 8523
f 8847 8541 8543
f 8869 8549 8552
f 8813 8532 8530
f 8779 8520 8519
f 8839 8539 8540
f 8873 8551 8550
f 8889 8558 8555
f 8831 8537 8536
f 8918 8566 8565
f 8903 8560 8561
f 8861 8546 8547
f 8774 8517 8518
f 8937 8704 8703
f 8933 8602 8601
f 8934 8607 8608
f 8940 8733 8734
f 8943 8745 8746
f 8946 8697 8698
f 8980 8694 8693
f 8965 8646 8644
f 8985 8712 8710
f 8948 8613 8615
f 8970 8686 8685
f 8954 8633 8631
f 8956 8637 8639
f 8973 8715 8716
f 8976 8741 8742
f 8981 8700 8699
f 8961 8691 8692
f 8963 8643 8645
f 8983 8709 8711
f 8950 8616 8614
f 8762 8593 8595
f 8754 8575 8577
f 8752 8569 8572
f 8758 8581 8584
f 8761 8587 8590
f 8770 8599 8603
f 8838 8701 8705
f 8928 8744 8748
f 8911 8732 8736
f 8860 8606 8610
f 8807 8671 8673
f 8799 8653 8655
f 8797 8624 8628
f 8803 8659 8663
f 8806 8665 8668
f 8821 8683 8687
f 8785 8629 8632
f 8842 8636 8640
f 8879 8714 8718
f 8897 8738 8740
f 8925 8702 8704
f 8829 8600 8602
f 8772 8605 8607
f 8867 8731 8733
f 8912 8743 8745
f 8835 8695 8697
f 8924 8690 8694
f 8906 8642 8646
f 8864 8708 8712
f 8775 8611 8613
f 8893 8684 8686
f 8811 8630 8633
f 8787 8635 8637
f 8850 8713 8715
f 8883 8737 8741
f 8896 8696 8700
f 8822 8689 8691
f 8790 8641 8643
f 8848 8707 8709
f 8872 8612 8616
f 8827 8576 8580
f 8766 8570 8573
f 8856 8582 8585
f 8901 8588 8591
f 8917 8594 8598
f 8886 8618 8621
f 8819 8677 8680
f 8793 8647 8650
f 8853 8719 8723
f 8880 8726 8728
f 8815 8654 8658
f 8781 8623 8625
f 8844 8660 8662
f 8875 8666 8669
f 8891 8672 8676
f 8833 8678 8681
f 8920 8648 8651
f 8908 8720 8722
f 8866 8725 8729
f 8778 8617 8620
f 8935 8580 8578
f 8929 8573 8571
f 8932 8585 8583
f 8939 8591 8589
f 8942 8598 8596
f 8945 8621 8619
f 8979 8680 8682
f 8966 8650 8652
f 8986 8723 8724
f 8949 8728 8727
f 8968 8658 8657
f 8953 8625 8627
f 8958 8662 8661
f 8972 8669 8667
f 8975 8676 8674
f 8977 8681 8679
f 8960 8651 8649
f 8964 8722 8721
f 8987 8729 8730
f 8951 8620 8622
f 8755 8578 8575
f 8751 8571 8569
f 8757 8583 8581
f 8760 8589 8587
f 8763 8596 8593
f 8777 8619 8617
f 8834 8682 8678
f 8921 8652 8648
f 8909 8724 8720
f 8865 8727 8725
f 8800 8657 8653
f 8796 8627 8624
f 8802 8661 8659
f 8805 8667 8665
f 8808 8674 8671
f 8818 8679 8677
f 8792 8649 8647
f 8852 8721 8719
f 8881 8730 8726
f 8887 8622 8618
f 8916 8597 8594
f 8826 8579 8576
f 8767 8574 8570
f 8857 8586 8582
f 8902 8592 8588
f 8830 8604 8600
f 8926 8706 8702
f 8913 8747 8743
f 8868 8735 8731
f 8773 8609 8605
f 8890 8675 8672
f 8814 8656 8654
f 8782 8626 8623
f 8845 8664 8660
f 8876 8670 8666
f 8894 8688 8684
f 8812 8634 8630
f 8788 8638 8635
f 8851 8717 8713
f 8882 8739 8737
f 8837 8703 8701
f 8769 8601 8599
f 8859 8608 8606
f 8910 8734 8732
f 8927 8746 8744
f 8895 8698 8696
f 8823 8693 8689
f 8791 8644 8641
f 8849 8710 8707
f 8871 8615 8612
f 8820 8685 8683
f 8784 8631 8629
f 8841 8639 8636
f 8878 8716 8714
f 8898 8742 8738
f 8836 8699 8695
f 8923 8692 8690
f 8905 8645 8642
f 8863 8711 8708
f 8776 8614 8611
f 8936 8595 8597
f 8930 8577 8579
f 8931 8572 8574
f 8938 8584 8586
f 8941 8590 8592
f 8944 8603 8604
f 8982 8705 8706
f 8967 8748 8747
f 8988 8736 8735
f 8947 8610 8609
f 8969 8673 8675
f 8957 8655 8656
f 8955 8628 8626
f 8971 8663 8664
f 8974 8668 8670
f 8978 8687 8688
f 8959 8632 8634
f 8962 8640 8638
f 8984 8718 8717
f 8952 8740 8739
f 8753 8762 8755
f 8749 8754 8751
f 8750 8752 8757
f 8756 8758 8760
f 8759 8761 8763
f 8768 8770 8777
f 8832 8838 8834
f 8919 8928 8921
f 8907 8911 8909
f 8858 8860 8865
f 8798 8807 8800
f 8794 8799 8796
f 8795 8797 8802
f 8801 8803 8805
f 8804 8806 8808
f 8816 8821 8818
f 8783 8785 8792
f 8840 8842 8852
f 8877 8879 8881
f 8885 8897 8887
f 8914 8925 8916
f 8824 8829 8826
f 8765 8772 8767
f 8855 8867 8857
f 8900 8912 8902
f 8828 8835 8830
f 8922 8924 8926
f 8904 8906 8913
f 8862 8864 8868
f 8771 8775 8773
f 8888 8893 8890
f 8809 8811 8814
f 8780 8787 8782
f 8843 8850 8845
f 8874 8883 8876
f 8892 8896 8894
f 8810 8822 8812
f 8786 8790 8788
f 8846 8848 8851
f 8870 8872 8882
f 8825 8827 8837
f 8764 8766 8769
f 8854 8856 8859
f 8899 8901 8910
f 8915 8917 8927
f 8884 8886 8895
f 8817 8819 8823
f 8789 8793 8791
f 8847 8853 8849
f 8869 8880 8871
f 8813 8815 8820
f 8779 8781 8784
f 8839 8844 8841
f 8873 8875 8878
f 8889 8891 8898
f 8831 8833 8836
f 8918 8920 8923
f 8903 8908 8905
f 8861 8866 8863
f 8774 8778 8776
f 8937 8935 8936
f 8933 8929 8930
f 8934 8932 8931
f 8940 8939 8938
f 8943 8942 8941
f 8946 8945 8944
f 8980 8979 8982
f 8965 8966 8967
f 8985 8986 8988
f 8948 8949 8947
f 8970 8968 8969
f 8954 8953 8957
f 8956 8958 8955
f 8973 8972 8971
f 8976 8975 8974
f 8981 8977 8978
f 8961 8960 8959
f 8963 8964 8962
f 8983 8987 8984
f 8950 8951 8952
f 8989 9155 9152
f 8989 9152 9151
f 8989 9151 9153
f 8989 9153 9154
f 8989 9154 9155
f 8990 9157 9160
f 8994 9180 9178
f 9000 9210 9207
f 8999 9204 9203
f 8996 9187 9189
f 8992 9170 9167
f 8992 9167 9166
f 8992 9166 9168
f 8992 9168 9169
f 8992 9169 9170
f 8993 9174 9173
f 8991 9162 9165
f 8995 9181 9185
f 8997 9193 9194
f 8998 9200 9196
f 9000 9209 9206
f 8994 9177 9176
f 8990 9158 9156
f 8996 9190 9186
f 8999 9205 9201
f 8994 9179 9177
f 9000 9208 9209
f 8999 9202 9205
f 8996 9188 9190
f 8990 9159 9158
f 8998 9198 9197
f 8993 9171 9172
f 8991 9163 9161
f 8995 9184 9182
f 8997 9195 9192
f 8998 9199 9198
f 8993 9175 9171
f 8991 9164 9163
f 8995 9183 9184
f 8997 9191 9195
f 8994 9176 9180
f 8990 9156 9157
f 8996 9186 9187
f 8999 9201 9204
f 9000 9206 9210
f 8998 9196 9199
f 8993 9173 9175
f 8991 9165 9164
f 8995 9185 9183
f 8997 9194 9191
f 8993 9172 9174
f 8991 9161 9162
f 8995 9182 9181
f 8997 9192 9193
f 8998 9197 9200
f 8994 9178 9179
f 9000 9207 9208
f 8999 9203 9202
f 8996 9189 9188
f 8990 9160 9159
f 9023 9345 9346
f 9006 9243 9244
f 9007 9250 9249
f 9028 9376 9375
f 9030 9388 9387
f 9022 9340 9339
f 9021 9335 9336
f 9013 9286 9288
f 9024 9352 9354
f 9008 9257 9255
f 9020 9327 9328
f 9011 9273 9275
f 9012 9281 9279
f 9025 9358 9357
f 9029 9384 9383
f 9022 9341 9342
f 9021 9334 9333
f 9013 9287 9285
f 9024 9353 9351
f 9008 9256 9258
f 9005 9237 9235
f 9002 9219 9217
f 9001 9214 9211
f 9003 9226 9223
f 9004 9232 9229
f 9006 9245 9241
f 9023 9347 9343
f 9030 9390 9386
f 9028 9378 9374
f 9007 9252 9248
f 9018 9315 9313
f 9015 9297 9295
f 9010 9270 9266
f 9016 9305 9301
f 9017 9310 9307
f 9020 9329 9325
f 9011 9274 9271
f 9012 9282 9278
f 9025 9360 9356
f 9029 9382 9380
f 9023 9346 9344
f 9006 9244 9242
f 9007 9249 9247
f 9028 9375 9373
f 9030 9387 9385
f 9022 9339 9337
f 9021 9336 9332
f 9013 9288 9284
f 9024 9354 9350
f 9008 9255 9253
f 9020 9328 9326
f 9011 9275 9272
f 9012 9279 9277
f 9025 9357 9355
f 9029 9383 9379
f 9022 9342 9338
f 9021 9333 9331
f 9013 9285 9283
f 9024 9351 9349
f 9008 9258 9254
f 9002 9222 9218
f 9001 9215 9212
f 9003 9227 9224
f 9004 9233 9230
f 9005 9240 9236
f 9009 9263 9260
f 9019 9322 9319
f 9014 9292 9289
f 9026 9365 9361
f 9027 9370 9368
f 9015 9300 9296
f 9010 9267 9265
f 9016 9304 9302
f 9017 9311 9308
f 9018 9318 9314
f 9019 9323 9320
f 9014 9293 9290
f 9026 9364 9362
f 9027 9371 9367
f 9009 9262 9259
f 9002 9220 9222
f 9001 9213 9215
f 9003 9225 9227
f 9004 9231 9233
f 9005 9238 9240
f 9009 9261 9263
f 9019 9324 9322
f 9014 9294 9292
f 9026 9366 9365
f 9027 9369 9370
f 9015 9299 9300
f 9010 9269 9267
f 9016 9303 9304
f 9017 9309 9311
f 9018 9316 9318
f 9019 9321 9323
f 9014 9291 9293
f 9026 9363 9364
f 9027 9372 9371
f 9009 9264 9262
f 9002 9217 9220
f 9001 9211 9213
f 9003 9223 9225
f 9004 9229 9231
f 9005 9235 9238
f 9009 9259 9261
f 9019 9320 9324
f 9014 9290 9294
f 9026 9362 9366
f 9027 9367 9369
f 9015 9295 9299
f 9010 9266 9269
f 9016 9301 9303
f 9017 9307 9309
f 9018 9313 9316
f 9019 9319 9321
f 9014 9289 9291
f 9026 9361 9363
f 9027 9368 9372
f 9009 9260 9264
f 9005 9236 9239
f 9002 9218 9221
f 9001 9212 9216
f 9003 9224 9228
f 9004 9230 9234
f 9006 9242 9246
f 9023 9344 9348
f 9030 9385 9389
f 9028 9373 9377
f 9007 9247 9251
f 9018 9314 9317
f 9015 9296 9298
f 9010 9265 9268
f 9016 9302 9306
f 9017 9308 9312
f 9020 9326 9330
f 9011 9272 9276
f 9012 9277 9280
f 9025 9355 9359
f 9029 9379 9381
f 9023 9343 9345
f 9006 9241 9243
f 9007 9248 9250
f 9028 9374 9376
f 9030 9386 9388
f 9022 9338 9340
f 9021 9331 9335
f 9013 9283 9286
f 9024 9349 9352
f 9008 9254 9257
f 9020 9325 9327
f 9011 9271 9273
f 9012 9278 9281
f 9025 9356 9358
f 9029 9380 9384
f 9022 9337 9341
f 9021 9332 9334
f 9013 9284 9287
f 9024 9350 9353
f 9008 9253 9256
f 9005 9239 9237
f 9002 9221 9219
f 9001 9216 9214
f 9003 9228 9226
f 9004 9234 9232
f 9006 9246 9245
f 9023 9348 9347
f 9030 9389 9390
f 9028 9377 9378
f 9007 9251 9252
f 9018 9317 9315
f 9015 9298 9297
f 9010 9268 9270
f 9016 9306 9305
f 9017 9312 9310
f 9020 9330 9329
f 9011 9276 9274
f 9012 9280 9282
f 9025 9359 9360
f 9029 9381 9382
f 9095 9397 9404
f 9091 9393 9396
f 9092 9399 9394
f 9098 9402 9400
f 9101 9405 9403
f 9106 9419 9412
f 9142 9476 9480
f 9129 9563 9570
f 9150 9551 9553
f 9109 9507 9502
f 9130 9442 9449
f 9117 9438 9441
f 9118 9444 9439
f 9132 9447 9445
f 9134 9450 9448
f 9139 9460 9463
f 9119 9434 9427
f 9124 9494 9484
f 9149 9523 9521
f 9114 9529 9539
f 9104 9558 9567
f 9096 9468 9471
f 9094 9409 9414
f 9100 9499 9509
f 9103 9544 9554
f 9107 9472 9477
f 9144 9568 9566
f 9127 9555 9548
f 9148 9510 9506
f 9108 9415 9417
f 9137 9532 9535
f 9120 9456 9453
f 9116 9424 9429
f 9133 9487 9492
f 9136 9518 9525
f 9143 9536 9538
f 9121 9454 9464
f 9122 9430 9432
f 9145 9493 9490
f 9112 9524 9514
f 9097 9479 9469
f 9093 9411 9408
f 9099 9501 9498
f 9102 9552 9543
f 9105 9569 9559
f 9113 9537 9528
f 9140 9465 9461
f 9125 9433 9435
f 9146 9491 9495
f 9111 9513 9522
f 9131 9462 9457
f 9115 9426 9423
f 9123 9483 9486
f 9135 9520 9517
f 9138 9540 9533
f 9141 9478 9475
f 9128 9565 9562
f 9126 9547 9550
f 9147 9505 9508
f 9110 9418 9420
f 9095 9578 9577
f 9091 9572 9571
f 9092 9573 9574
f 9098 9580 9581
f 9101 9583 9584
f 9106 9586 9587
f 9142 9624 9621
f 9129 9609 9608
f 9150 9630 9628
f 9109 9589 9591
f 9130 9611 9610
f 9117 9599 9595
f 9118 9597 9600
f 9132 9613 9614
f 9134 9616 9617
f 9139 9620 9619
f 9119 9601 9602
f 9124 9604 9606
f 9149 9626 9629
f 9114 9594 9593
f 9035 9395 9155
f 9032 9391 9152
f 9031 9392 9151
f 9033 9398 9153
f 9034 9401 9154
f 9037 9410 9157
f 9060 9474 9180
f 9090 9561 9210
f 9084 9549 9204
f 9067 9500 9187
f 9050 9440 9170
f 9047 9436 9167
f 9046 9437 9166
f 9048 9443 9168
f 9049 9446 9169
f 9054 9458 9174
f 9042 9425 9162
f 9061 9482 9181
f 9073 9519 9193
f 9080 9527 9200
f 9089 9556 9209
f 9057 9466 9177
f 9038 9407 9158
f 9070 9497 9190
f 9085 9542 9205
f 9059 9470 9179
f 9088 9564 9208
f 9082 9546 9202
f 9068 9504 9188
f 9039 9413 9159
f 9078 9530 9198
f 9051 9451 9171
f 9043 9422 9163
f 9064 9485 9184
f 9075 9516 9195
f 9079 9534 9199
f 9055 9452 9175
f 9044 9428 9164
f 9063 9488 9183
f 9071 9512 9191
f 9056 9467 9176
f 9036 9406 9156
f 9066 9496 9186
f 9081 9541 9201
f 9086 9557 9206
f 9076 9526 9196
f 9053 9459 9173
f 9045 9431 9165
f 9065 9489 9185
f 9074 9511 9194
f 9052 9455 9172
f 9041 9421 9161
f 9062 9481 9182
f 9072 9515 9192
f 9077 9531 9197
f 9058 9473 9178
f 9087 9560 9207
f 9083 9545 9203
f 9069 9503 9189
f 9040 9416 9160
f 9097 9579 9345
f 9093 9575 9243
f 9099 9576 9250
f 9102 9582 9376
f 9105 9585 9388
f 9113 9588 9340
f 9140 9622 9335
f 9125 9607 9286
f 9146 9627 9352
f 9111 9590 9257
f 9131 9612 9327
f 9115 9596 9273
f 9123 9598 9281
f 9135 9615 9358
f 9138 9618 9384
f 9141 9623 9341
f 9128 9603 9334
f 9126 9605 9287
f 9147 9625 9353
f 9110 9592 9256
f 9095 9404 9237
f 9091 9396 9219
f 9092 9394 9214
f 9098 9400 9226
f 9101 9403 9232
f 9106 9412 9245
f 9142 9480 9347
f 9129 9570 9390
f 9150 9553 9378
f 9109 9502 9252
f 9130 9449 9315
f 9117 9441 9297
f 9118 9439 9270
f 9132 9445 9305
f 9134 9448 9310
f 9139 9463 9329
f 9119 9427 9274
f 9124 9484 9282
f 9149 9521 9360
f 9114 9539 9382
f 9104 9567 9346
f 9096 9471 9244
f 9094 9414 9249
f 9100 9509 9375
f 9103 9554 9387
f 9107 9477 9339
f 9144 9566 9336
f 9127 9548 9288
f 9148 9506 9354
f 9108 9417 9255
f 9137 9535 9328
f 9120 9453 9275
f 9116 9429 9279
f 9133 9492 9357
f 9136 9525 9383
f 9143 9538 9342
f 9121 9464 9333
f 9122 9432 9285
f 9145 9490 9351
f 9112 9514 9258
f 9097 9469 9222
f 9093 9408 9215
f 9099 9498 9227
f 9102 9543 9233
f 9105 9559 9240
f 9113 9528 9263
f 9140 9461 9322
f 9125 9435 9292
f 9146 9495 9365
f 9111 9522 9370
f 9131 9457 9300
f 9115 9423 9267
f 9123 9486 9304
f 9135 9517 9311
f 9138 9533 9318
f 9141 9475 9323
f 9128 9562 9293
f 9126 9550 9364
f 9147 9508 9371
f 9110 9420 9262
f 9095 9577 9220
f 9091 9571 9213
f 9092 9574 9225
f 9098 9581 9231
f 9101 9584 9238
f 9106 9587 9261
f 9142 9621 9324
f 9129 9608 9294
f 9150 9628 9366
f 9109 9591 9369
f 9130 9610 9299
f 9117 9595 9269
f 9118 9600 9303
f 9132 9614 9309
f 9134 9617 9316
f 9139 9619 9321
f 9119 9602 9291
f 9124 9606 9363
f 9149 9629 9372
f 9114 9593 9264
f 9032 9397 9217
f 9031 9393 9211
f 9033 9399 9223
f 9034 9402 9229
f 9035 9405 9235
f 9040 9419 9259
f 9058 9476 9320
f 9087 9563 9290
f 9083 9551 9362
f 9069 9507 9367
f 9047 9442 9295
f 9046 9438 9266
f 9048 9444 9301
f 9049 9447 9307
f 9050 9450 9313
f 9053 9460 9319
f 9045 9434 9289
f 9065 9494 9361
f 9074 9523 9368
f 9076 9529 9260
f 9086 9558 9236
f 9056 9468 9218
f 9036 9409 9212
f 9066 9499 9224
f 9081 9544 9230
f 9057 9472 9242
f 9089 9568 9344
f 9085 9555 9385
f 9070 9510 9373
f 9038 9415 9247
f 9077 9532 9314
f 9052 9456 9296
f 9041 9424 9265
f 9062 9487 9302
f 9072 9518 9308
f 9078 9536 9326
f 9051 9454 9272
f 9043 9430 9277
f 9064 9493 9355
f 9075 9524 9379
f 9060 9479 9343
f 9037 9411 9241
f 9067 9501 9248
f 9084 9552 9374
f 9090 9569 9386
f 9079 9537 9338
f 9055 9465 9331
f 9044 9433 9283
f 9063 9491 9349
f 9071 9513 9254
f 9054 9462 9325
f 9042 9426 9271
f 9061 9483 9278
f 9073 9520 9356
f 9080 9540 9380
f 9059 9478 9337
f 9088 9565 9332
f 9082 9547 9284
f 9068 9505 9350
f 9039 9418 9253
f 9104 9578 9239
f 9096 9572 9221
f 9094 9573 9216
f 9100 9580 9228
f 9103 9583 9234
f 9107 9586 9246
f 9144 9624 9348
f 9127 9609 9389
f 9148 9630 9377
f 9108 9589 9251
f 9137 9611 9317
f 9120 9599 9298
f 9116 9597 9268
f 9133 9613 9306
f 9136 9616 9312
f 9143 9620 9330
f 9121 9601 9276
f 9122 9604 9280
f 9145 9626 9359
f 9112 9594 9381
f 9032 9395 9397
f 9031 9391 9393
f 9033 9392 9399
f 9034 9398 9402
f 9035 9401 9405
f 9040 9410 9419
f 9058 9474 9476
f 9087 9561 9563
f 9083 9549 9551
f 9069 9500 9507
f 9047 9440 9442
f 9046 9436 9438
f 9048 9437 9444
f 9049 9443 9447
f 9050 9446 9450
f 9053 9458 9460
f 9045 9425 9434
f 9065 9482 9494
f 9074 9519 9523
f 9076 9527 9529
f 9086 9556 9558
f 9056 9466 9468
f 9036 9407 9409
f 9066 9497 9499
f 9081 9542 9544
f 9057 9470 9472
f 9089 9564 9568
f 9085 9546 9555
f 9070 9504 9510
f 9038 9413 9415
f 9077 9530 9532
f 9052 9451 9456
f 9041 9422 9424
f 9062 9485 9487
f 9072 9516 9518
f 9078 9534 9536
f 9051 9452 9454
f 9043 9428 9430
f 9064 9488 9493
f 9075 9512 9524
f 9060 9467 9479
f 9037 9406 9411
f 9067 9496 9501
f 9084 9541 9552
f 9090 9557 9569
f 9079 9526 9537
f 9055 9459 9465
f 9044 9431 9433
f 9063 9489 9491
f 9071 9511 9513
f 9054 9455 9462
f 9042 9421 9426
f 9061 9481 9483
f 9073 9515 9520
f 9080 9531 9540
f 9059 9473 9478
f 9088 9560 9565
f 9082 9545 9547
f 9068 9503 9505
f 9039 9416 9418
f 9104 9579 9578
f 9096 9575 9572
f 9094 9576 9573
f 9100 9582 9580
f 9103 9585 9583
f 9107 9588 9586
f 9144 9622 9624
f 9127 9607 9609
f 9148 9627 9630
f 9108 9590 9589
f 9137 9612 9611
f 9120 9596 9599
f 9116 9598 9597
f 9133 9615 9613
f 9136 9618 9616
f 9143 9623 9620
f 9121 9603 9601
f 9122 9605 9604
f 9145 9625 9626
f 9112 9592 9594
f 9032 9152 9395
f 9031 9151 9391
f 9033 9153 9392
f 9034 9154 9398
f 9035 9155 9401
f 9040 9160 9410
f 9058 9178 9474
f 9087 9207 9561
f 9083 9203 9549
f 9069 9189 9500
f 9047 9167 9440
f 9046 9166 9436
f 9048 9168 9437
f 9049 9169 9443
f 9050 9170 9446
f 9053 9173 9458
f 9045 9165 9425
f 9065 9185 9482
f 9074 9194 9519
f 9076 9196 9527
f 9086 9206 9556
f 9056 9176 9466
f 9036 9156 9407
f 9066 9186 9497
f 9081 9201 9542
f 9057 9177 9470
f 9089 9209 9564
f 9085 9205 9546
f 9070 9190 9504
f 9038 9158 9413
f 9077 9197 9530
f 9052 9172 9451
f 9041 9161 9422
f 9062 9182 9485
f 9072 9192 9516
f 9078 9198 9534
f 9051 9171 9452
f 9043 9163 9428
f 9064 9184 9488
f 9075 9195 9512
f 9060 9180 9467
f 9037 9157 9406
f 9067 9187 9496
f 9084 9204 9541
f 9090 9210 9557
f 9079 9199 9526
f 9055 9175 9459
f 9044 9164 9431
f 9063 9183 9489
f 9071 9191 9511
f 9054 9174 9455
f 9042 9162 9421
f 9061 9181 9481
f 9073 9193 9515
f 9080 9200 9531
f 9059 9179 9473
f 9088 9208 9560
f 9082 9202 9545
f 9068 9188 9503
f 9039 9159 9416
f 9104 9346 9579
f 9096 9244 9575
f 9094 9249 9576
f 9100 9375 9582
f 9103 9387 9585
f 9107 9339 9588
f 9144 9336 9622
f 9127 9288 9607
f 9148 9354 9627
f 9108 9255 9590
f 9137 9328 9612
f 9120 9275 9596
f 9116 9279 9598
f 9133 9357 9615
f 9136 9383 9618
f 9143 9342 9623
f 9121 9333 9603
f 9122 9285 9605
f 9145 9351 9625
f 9112 9258 9592
f 9035 9235 9404
f 9032 9217 9396
f 9031 9211 9394
f 9033 9223 9400
f 9034 9229 9403
f 9037 9241 9412
f 9060 9343 9480
f 9090 9386 9570
f 9084 9374 9553
f 9067 9248 9502
f 9050 9313 9449
f 9047 9295 9441
f 9046 9266 9439
f 9048 9301 9445
f 9049 9307 9448
f 9054 9325 9463
f 9042 9271 9427
f 9061 9278 9484
f 9073 9356 9521
f 9080 9380 9539
f 9089 9344 9567
f 9057 9242 9471
f 9038 9247 9414
f 9070 9373 9509
f 9085 9385 9554
f 9059 9337 9477
f 9088 9332 9566
f 9082 9284 9548
f 9068 9350 9506
f 9039 9253 9417
f 9078 9326 9535
f 9051 9272 9453
f 9043 9277 9429
f 9064 9355 9492
f 9075 9379 9525
f 9079 9338 9538
f 9055 9331 9464
f 9044 9283 9432
f 9063 9349 9490
f 9071 9254 9514
f 9056 9218 9469
f 9036 9212 9408
f 9066 9224 9498
f 9081 9230 9543
f 9086 9236 9559
f 9076 9260 9528
f 9053 9319 9461
f 9045 9289 9435
f 9065 9361 9495
f 9074 9368 9522
f 9052 9296 9457
f 9041 9265 9423
f 9062 9302 9486
f 9072 9308 9517
f 9077 9314 9533
f 9058 9320 9475
f 9087 9290 9562
f 9083 9362 9550
f 9069 9367 9508
f 9040 9259 9420
f 9097 9222 9577
f 9093 9215 9571
f 9099 9227 9574
f 9102 9233 9581
f 9105 9240 9584
f 9113 9263 9587
f 9140 9322 9621
f 9125 9292 9608
f 9146 9365 9628
f 9111 9370 9591
f 9131 9300 9610
f 9115 9267 9595
f 9123 9304 9600
f 9135 9311 9614
f 9138 9318 9617
f 9141 9323 9619
f 9128 9293 9602
f 9126 9364 9606
f 9147 9371 9629
f 9110 9262 9593
f 9095 9220 9397
f 9091 9213 9393
f 9092 9225 9399
f 9098 9231 9402
f 9101 9238 9405
f 9106 9261 9419
f 9142 9324 9476
f 9129 9294 9563
f 9150 9366 9551
f 9109 9369 9507
f 9130 9299 9442
f 9117 9269 9438
f 9118 9303 9444
f 9132 9309 9447
f 9134 9316 9450
f 9139 9321 9460
f 9119 9291 9434
f 9124 9363 9494
f 9149 9372 9523
f 9114 9264 9529
f 9104 9239 9558
f 9096 9221 9468
f 9094 9216 9409
f 9100 9228 9499
f 9103 9234 9544
f 9107 9246 9472
f 9144 9348 9568
f 9127 9389 9555
f 9148 9377 9510
f 9108 9251 9415
f 9137 9317 9532
f 9120 9298 9456
f 9116 9268 9424
f 9133 9306 9487
f 9136 9312 9518
f 9143 9330 9536
f 9121 9276 9454
f 9122 9280 9430
f 9145 9359 9493
f 9112 9381 9524
f 9097 9345 9479
f 9093 9243 9411
f 9099 9250 9501
f 9102 9376 9552
f 9105 9388 9569
f 9113 9340 9537
f 9140 9335 9465
f 9125 9286 9433
f 9146 9352 9491
f 9111 9257 9513
f 9131 9327 9462
f 9115 9273 9426
f 9123 9281 9483
f 9135 9358 9520
f 9138 9384 9540
f 9141 9341 9478
f 9128 9334 9565
f 9126 9287 9547
f 9147 9353 9505
f 9110 9256 9418
f 9095 9237 9578
f 9091 9219 9572
f 9092 9214 9573
f 9098 9226 9580
f 9101 9232 9583
f 9106 9245 9586
f 9142 9347 9624
f 9129 9390 9609
f 9150 9378 9630
f 9109 9252 9589
f 9130 9315 9611
f 9117 9297 9599
f 9118 9270 9597
f 9132 9305 9613
f 9134 9310 9616
f 9139 9329 9620
f 9119 9274 9601
f 9124 9282 9604
f 9149 9360 9626
f 9114 9382 9594
f 9035 9404 9395
f 9032 9396 9391
f 9031 9394 9392
f 9033 9400 9398
f 9034 9403 9401
f 9037 9412 9410
f 9060 9480 9474
f 9090 9570 9561
f 9084 9553 9549
f 9067 9502 9500
f 9050 9449 9440
f 9047 9441 9436
f 9046 9439 9437
f 9048 9445 9443
f 9049 9448 9446
f 9054 9463 9458
f 9042 9427 9425
f 9061 9484 9482
f 9073 9521 9519
f 9080 9539 9527
f 9089 9567 9556
f 9057 9471 9466
f 9038 9414 9407
f 9070 9509 9497
f 9085 9554 9542
f 9059 9477 9470
f 9088 9566 9564
f 9082 9548 9546
f 9068 9506 9504
f 9039 9417 9413
f 9078 9535 9530
f 9051 9453 9451
f 9043 9429 9422
f 9064 9492 9485
f 9075 9525 9516
f 9079 9538 9534
f 9055 9464 9452
f 9044 9432 9428
f 9063 9490 9488
f 9071 9514 9512
f 9056 9469 9467
f 9036 9408 9406
f 9066 9498 9496
f 9081 9543 9541
f 9086 9559 9557
f 9076 9528 9526
f 9053 9461 9459
f 9045 9435 9431
f 9065 9495 9489
f 9074 9522 9511
f 9052 9457 9455
f 9041 9423 9421
f 9062 9486 9481
f 9072 9517 9515
f 9077 9533 9531
f 9058 9475 9473
f 9087 9562 9560
f 9083 9550 9545
f 9069 9508 9503
f 9040 9420 9416
f 9097 9577 9579
f 9093 9571 9575
f 9099 9574 9576
f 9102 9581 9582
f 9105 9584 9585
f 9113 9587 9588
f 9140 9621 9622
f 9125 9608 9607
f 9146 9628 9627
f 9111 9591 9590
f 9131 9610 9612
f 9115 9595 9596
f 9123 9600 9598
f 9135 9614 9615
f 9138 9617 9618
f 9141 9619 9623
f 9128 9602 9603
f 9126 9606 9605
f 9147 9629 9625
f 9110 9593 9592
f 9395 9152 9155
f 9391 9151 9152
f 9392 9153 9151
f 9398 9154 9153
f 9401 9155 9154
f 9410 9160 9157
f 9474 9178 9180
f 9561 9207 9210
f 9549 9203 9204
f 9500 9189 9187
f 9440 9167 9170
f 9436 9166 9167
f 9437 9168 9166
f 9443 9169 9168
f 9446 9170 9169
f 9458 9173 9174
f 9425 9165 9162
f 9482 9185 9181
f 9519 9194 9193
f 9527 9196 9200
f 9556 9206 9209
f 9466 9176 9177
f 9407 9156 9158
f 9497 9186 9190
f 9542 9201 9205
f 9470 9177 9179
f 9564 9209 9208
f 9546 9205 9202
f 9504 9190 9188
f 9413 9158 9159
f 9530 9197 9198
f 9451 9172 9171
f 9422 9161 9163
f 9485 9182 9184
f 9516 9192 9195
f 9534 9198 9199
f 9452 9171 9175
f 9428 9163 9164
f 9488 9184 9183
f 9512 9195 9191
f 9467 9180 9176
f 9406 9157 9156
f 9496 9187 9186
f 9541 9204 9201
f 9557 9210 9206
f 9526 9199 9196
f 9459 9175 9173
f 9431 9164 9165
f 9489 9183 9185
f 9511 9191 9194
f 9455 9174 9172
f 9421 9162 9161
f 9481 9181 9182
f 9515 9193 9192
f 9531 9200 9197
f 9473 9179 9178
f 9560 9208 9207
f 9545 9202 9203
f 9503 9188 9189
f 9416 9159 9160
f 9579 9346 9345
f 9575 9244 9243
f 9576 9249 9250
f 9582 9375 9376
f 9585 9387 9388
f 9588 9339 9340
f 9622 9336 9335
f 9607 9288 9286
f 9627 9354 9352
f 9590 9255 9257
f 9612 9328 9327
f 9596 9275 9273
f 9598 9279 9281
f 9615 9357 9358
f 9618 9383 9384
f 9623 9342 9341
f 9603 9333 9334
f 9605 9285 9287
f 9625 9351 9353
f 9592 9258 9256
f 9404 9235 9237
f 9396 9217 9219
f 9394 9211 9214
f 9400 9223 9226
f 9403 9229 9232
f 9412 9241 9245
f 9480 9343 9347
f 9570 9386 9390
f 9553 9374 9378
f 9502 9248 9252
f 9449 9313 9315
f 9441 9295 9297
f 9439 9266 9270
f 9445 9301 9305
f 9448 9307 9310
f 9463 9325 9329
f 9427 9271 9274
f 9484 9278 9282
f 9521 9356 9360
f 9539 9380 9382
f 9567 9344 9346
f 9471 9242 9244
f 9414 9247 9249
f 9509 9373 9375
f 9554 9385 9387
f 9477 9337 9339
f 9566 9332 9336
f 9548 9284 9288
f 9506 9350 9354
f 9417 9253 9255
f 9535 9326 9328
f 9453 9272 9275
f 9429 9277 9279
f 9492 9355 9357
f 9525 9379 9383
f 9538 9338 9342
f 9464 9331 9333
f 9432 9283 9285
f 9490 9349 9351
f 9514 9254 9258
f 9469 9218 9222
f 9408 9212 9215
f 9498 9224 9227
f 9543 9230 9233
f 9559 9236 9240
f 9528 9260 9263
f 9461 9319 9322
f 9435 9289 9292
f 9495 9361 9365
f 9522 9368 9370
f 9457 9296 9300
f 9423 9265 9267
f 9486 9302 9304
f 9517 9308 9311
f 9533 9314 9318
f 9475 9320 9323
f 9562 9290 9293
f 9550 9362 9364
f 9508 9367 9371
f 9420 9259 9262
f 9577 9222 9220
f 9571 9215 9213
f 9574 9227 9225
f 9581 9233 9231
f 9584 9240 9238
f 9587 9263 9261
f 9621 9322 9324
f 9608 9292 9294
f 9628 9365 9366
f 9591 9370 9369
f 9610 9300 9299
f 9595 9267 9269
f 9600 9304 9303
f 9614 9311 9309
f 9617 9318 9316
f 9619 9323 9321
f 9602 9293 9291
f 9606 9364 9363
f 9629 9371 9372
f 9593 9262 9264
f 9397 9220 9217
f 9393 9213 9211
f 9399 9225 9223
f 9402 9231 9229
f 9405 9238 9235
f 9419 9261 9259
f 9476 9324 9320
f 9563 9294 9290
f 9551 9366 9362
f 9507 9369 9367
f 9442 9299 9295
f 9438 9269 9266
f 9444 9303 9301
f 9447 9309 9307
f 9450 9316 9313
f 9460 9321 9319
f 9434 9291 9289
f 9494 9363 9361
f 9523 9372 9368
f 9529 9264 9260
f 9558 9239 9236
f 9468 9221 9218
f 9409 9216 9212
f 9499 9228 9224
f 9544 9234 9230
f 9472 9246 9242
f 9568 9348 9344
f 9555 9389 9385
f 9510 9377 9373
f 9415 9251 9247
f 9532 9317 9314
f 9456 9298 9296
f 9424 9268 9265
f 9487 9306 9302
f 9518 9312 9308
f 9536 9330 9326
f 9454 9276 9272
f 9430 9280 9277
f 9493 9359 9355
f 9524 9381 9379
f 9479 9345 9343
f 9411 9243 9241
f 9501 9250 9248
f 9552 9376 9374
f 9569 9388 9386
f 9537 9340 9338
f 9465 9335 9331
f 9433 9286 9283
f 9491 9352 9349
f 9513 9257 9254
f 9462 9327 9325
f 9426 9273 9271
f 9483 9281 9278
f 9520 9358 9356
f 9540 9384 9380
f 9478 9341 9337
f 9565 9334 9332
f 9547 9287 9284
f 9505 9353 9350
f 9418 9256 9253
f 9578 9237 9239
f 9572 9219 9221
f 9573 9214 9216
f 9580 9226 9228
f 9583 9232 9234
f 9586 9245 9246
f 9624 9347 9348
f 9609 9390 9389
f 9630 9378 9377
f 9589 9252 9251
f 9611 9315 9317
f 9599 9297 9298
f 9597 9270 9268
f 9613 9305 9306
f 9616 9310 9312
f 9620 9329 9330
f 9601 9274 9276
f 9604 9282 9280
f 9626 9360 9359
f 9594 9382 9381
f 9395 9404 9397
f 9391 9396 9393
f 9392 9394 9399
f 9398 9400 9402
f 9401 9403 9405
f 9410 9412 9419
f 9474 9480 9476
f 9561 9570 9563
f 9549 9553 9551
f 9500 9502 9507
f 9440 9449 9442
f 9436 9441 9438
f 9437 9439 9444
f 9443 9445 9447
f 9446 9448 9450
f 9458 9463 9460
f 9425 9427 9434
f 9482 9484 9494
f 9519 9521 9523
f 9527 9539 9529
f 9556 9567 9558
f 9466 9471 9468
f 9407 9414 9409
f 9497 9509 9499
f 9542 9554 9544
f 9470 9477 9472
f 9564 9566 9568
f 9546 9548 9555
f 9504 9506 9510
f 9413 9417 9415
f 9530 9535 9532
f 9451 9453 9456
f 9422 9429 9424
f 9485 9492 9487
f 9516 9525 9518
f 9534 9538 9536
f 9452 9464 9454
f 9428 9432 9430
f 9488 9490 9493
f 9512 9514 9524
f 9467 9469 9479
f 9406 9408 9411
f 9496 9498 9501
f 9541 9543 9552
f 9557 9559 9569
f 9526 9528 9537
f 9459 9461 9465
f 9431 9435 9433
f 9489 9495 9491
f 9511 9522 9513
f 9455 9457 9462
f 9421 9423 9426
f 9481 9486 9483
f 9515 9517 9520
f 9531 9533 9540
f 9473 9475 9478
f 9560 9562 9565
f 9545 9550 9547
f 9503 9508 9505
f 9416 9420 9418
f 9579 9577 9578
f 9575 9571 9572
f 9576 9574 9573
f 9582 9581 9580
f 9585 9584 9583
f 9588 9587 9586
f 9622 9621 9624
f 9607 9608 9609
f 9627 9628 9630
f 9590 9591 9589
f 9612 9610 9611
f 9596 9595 9599
f 9598 9600 9597
f 9615 9614 9613
f 9618 9617 9616
f 9623 9619 9620
f 9603 9602 9601
f 9605 9606 9604
f 9625 9629 9626
f 9592 9593 9594
f 9631 9797 9794
f 9631 9794 9793
f 9631 9793 9795
f 9631 9795 9796
f 9631 9796 9797
f 9632 9799 9802
f 9636 9822 9820
f 9642 9852 9849
f 9641 9846 9845
f 9638 9829 9831
f 9634 9812 9809
f 9634 9809 9808
f 9634 9808 9810
f 9634 9810 9811
f 9634 9811 9812
f 9635 9816 9815
f 9633 9804 9807
f 9637 9823 9827
f 9639 9835 9836
f 9640 9842 9838
f 9642 9851 9848
f 9636 9819 9818
f 9632 9800 9798
f 9638 9832 9828
f 9641 9847 9843
f 9636 9821 9819
f 9642 9850 9851
f 9641 9844 9847
f 9638 9830 9832
f 9632 9801 9800
f 9640 9840 9839
f 9635 9813 9814
f 9633 9805 9803
f 9637 9826 9824
f 9639 9837 9834
f 9640 9841 9840
f 9635 9817 9813
f 9633 9806 9805
f 9637 9825 9826
f 9639 9833 9837
f 9636 9818 9822
f 9632 9798 9799
f 9638 9828 9829
f 9641 9843 9846
f 9642 9848 9852
f 9640 9838 9841
f 9635 9815 9817
f 9633 9807 9806
f 9637 9827 9825
f 9639 9836 9833
f 9635 9814 9816
f 9633 9803 9804
f 9637 9824 9823
f 9639 9834 9835
f 9640 9839 9842
f 9636 9820 9821
f 9642 9849 9850
f 9641 9845 9844
f 9638 9831 9830
f 9632 9802 9801
f 9665 9987 9988
f 9648 9885 9886
f 9649 9892 9891
f 9670 10018 10017
f 9672 10030 10029
f 9664 9982 9981
f 9663 9977 9978
f 9655 9928 9930
f 9666 9994 9996
f 9650 9899 9897
f 9662 9969 9970
f 9653 9915 9917
f 9654 9923 9921
f 9667 10000 9999
f 9671 10026 10025
f 9664 9983 9984
f 9663 9976 9975
f 9655 9929 9927
f 9666 9995 9993
f 9650 9898 9900
f 9647 9879 9877
f 9644 9861 9859
f 9643 9856 9853
f 9645 9868 9865
f 9646 9874 9871
f 9648 9887 9883
f 9665 9989 9985
f 9672 10032 10028
f 9670 10020 10016
f 9649 9894 9890
f 9660 9957 9955
f 9657 9939 9937
f 9652 9912 9908
f 9658 9947 9943
f 9659 9952 9949
f 9662 9971 9967
f 9653 9916 9913
f 9654 9924 9920
f 9667 10002 9998
f 9671 10024 10022
f 9665 9988 9986
f 9648 9886 9884
f 9649 9891 9889
f 9670 10017 10015
f 9672 10029 10027
f 9664 9981 9979
f 9663 9978 9974
f 9655 9930 9926
f 9666 9996 9992
f 9650 9897 9895
f 9662 9970 9968
f 9653 9917 9914
f 9654 9921 9919
f 9667 9999 9997
f 9671 10025 10021
f 9664 9984 9980
f 9663 9975 9973
f 9655 9927 9925
f 9666 9993 9991
f 9650 9900 9896
f 9644 9864 9860
f 9643 9857 9854
f 9645 9869 9866
f 9646 9875 9872
f 9647 9882 9878
f 9651 9905 9902
f 9661 9964 9961
f 9656 9934 9931
f 9668 10007 10003
f 9669 10012 10010
f 9657 9942 9938
f 9652 9909 9907
f 9658 9946 9944
f 9659 9953 9950
f 9660 9960 9956
f 9661 9965 9962
f 9656 9935 9932
f 9668 10006 10004
f 9669 10013 10009
f 9651 9904 9901
f 9644 9862 9864
f 9643 9855 9857
f 9645 9867 9869
f 9646 9873 9875
f 9647 9880 9882
f 9651 9903 9905
f 9661 9966 9964
f 9656 9936 9934
f 9668 10008 10007
f 9669 10011 10012
f 9657 9941 9942
f 9652 9911 9909
f 9658 9945 9946
f 9659 9951 9953
f 9660 9958 9960
f 9661 9963 9965
f 9656 9933 9935
f 9668 10005 10006
f 9669 10014 10013
f 9651 9906 9904
f 9644 9859 9862
f 9643 9853 9855
f 9645 9865 9867
f 9646 9871 9873
f 9647 9877 9880
f 9651 9901 9903
f 9661 9962 9966
f 9656 9932 9936
f 9668 10004 10008
f 9669 10009 10011
f 9657 9937 9941
f 9652 9908 9911
f 9658 9943 9945
f 9659 9949 9951
f 9660 9955 9958
f 9661 9961 9963
f 9656 9931 9933
f 9668 10003 10005
f 9669 10010 10014
f 9651 9902 9906
f 9647 9878 9881
f 9644 9860 9863
f 9643 9854 9858
f 9645 9866 9870
f 9646 9872 9876
f 9648 9884 9888
f 9665 9986 9990
f 9672 10027 10031
f 9670 10015 10019
f 9649 9889 9893
f 9660 9956 9959
f 9657 9938 9940
f 9652 9907 9910
f 9658 9944 9948
f 9659 9950 9954
f 9662 9968 9972
f 9653 9914 9918
f 9654 9919 9922
f 9667 9997 10001
f 9671 10021 10023
f 9665 9985 9987
f 9648 9883 9885
f 9649 9890 9892
f 9670 10016 10018
f 9672 10028 10030
f 9664 9980 9982
f 9663 9973 9977
f 9655 9925 9928
f 9666 9991 9994
f 9650 9896 9899
f 9662 9967 9969
f 9653 9913 9915
f 9654 9920 9923
f 9667 9998 10000
f 9671 10022 10026
f 9664 9979 9983
f 9663 9974 9976
f 9655 9926 9929
f 9666 9992 9995
f 9650 9895 9898
f 9647 9881 9879
f 9644 9863 9861
f 9643 9858 9856
f 9645 9870 9868
f 9646 9876 9874
f 9648 9888 9887
f 9665 9990 9989
f 9672 10031 10032
f 9670 10019 10020
f 9649 9893 9894
f 9660 9959 9957
f 9657 9940 9939
f 9652 9910 9912
f 9658 9948 9947
f 9659 9954 9952
f 9662 9972 9971
f 9653 9918 9916
f 9654 9922 9924
f 9667 10001 10002
f 9671 10023 10024
f 9737 10039 10046
f 9733 10035 10038
f 9734 10041 10036
f 9740 10044 10042
f 9743 10047 10045
f 9748 10061 10054
f 9784 10118 10122
f 9771 10205 10212
f 9792 10193 10195
f 9751 10149 10144
f 9772 10084 10091
f 9759 10080 10083
f 9760 10086 10081
f 9774 10089 10087
f 9776 10092 10090
f 9781 10102 10105
f 9761 10076 10069
f 9766 10136 10126
f 9791 10165 10163
f 9756 10171 10181
f 9746 10200 10209
f 9738 10110 10113
f 9736 10051 10056
f 9742 10141 10151
f 9745 10186 10196
f 9749 10114 10119
f 9786 10210 10208
f 9769 10197 10190
f 9790 10152 10148
f 9750 10057 10059
f 9779 10174 10177
f 9762 10098 10095
f 9758 10066 10071
f 9775 10129 10134
f 9778 10160 10167
f 9785 10178 10180
f 9763 10096 10106
f 9764 10072 10074
f 9787 10135 10132
f 9754 10166 10156
f 9739 10121 10111
f 9735 10053 10050
f 9741 10143 10140
f 9744 10194 10185
f 9747 10211 10201
f 9755 10179 10170
f 9782 10107 10103
f 9767 10075 10077
f 9788 10133 10137
f 9753 10155 10164
f 9773 10104 10099
f 9757 10068 10065
f 9765 10125 10128
f 9777 10162 10159
f 9780 10182 10175
f 9783 10120 10117
f 9770 10207 10204
f 9768 10189 10192
f 9789 10147 10150
f 9752 10060 10062
f 9737 10220 10219
f 9733 10214 10213
f 9734 10215 10216
f 9740 10222 10223
f 9743 10225 10226
f 9748 10228 10229
f 9784 10266 10263
f 9771 10251 10250
f 9792 10272 10270
f 9751 10231 10233
f 9772 10253 10252
f 9759 10241 10237
f 9760 10239 10242
f 9774 10255 10256
f 9776 10258 10259
f 9781 10262 10261
f 9761 10243 10244
f 9766 10246 10248
f 9791 10268 10271
f 9756 10236 10235
f 9677 10037 9797
f 9674 10033 9794
f 9673 10034 9793
f 9675 10040 9795
f 9676 10043 9796
f 9679 10052 9799
f 9702 10116 9822
f 9732 10203 9852
f 9726 10191 9846
f 9709 10142 9829
f 9692 10082 9812
f 9689 10078 9809
f 9688 10079 9808
f 9690 10085 9810
f 9691 10088 9811
f 9696 10100 9816
f 9684 10067 9804
f 9703 10124 9823
f 9715 10161 9835
f 9722 10169 9842
f 9731 10198 9851
f 9699 10108 9819
f 9680 10049 9800
f 9712 10139 9832
f 9727 10184 9847
f 9701 10112 9821
f 9730 10206 9850
f 9724 10188 9844
f 9710 10146 9830
f 9681 10055 9801
f 9720 10172 9840
f 9693 10093 9813
f 9685 10064 9805
f 9706 10127 9826
f 9717 10158 9837
f 9721 10176 9841
f 9697 10094 9817
f 9686 10070 9806
f 9705 10130 9825
f 9713 10154 9833
f 9698 10109 9818
f 9678 10048 9798
f 9708 10138 9828
f 9723 10183 9843
f 9728 10199 9848
f 9718 10168 9838
f 9695 10101 9815
f 9687 10073 9807
f 9707 10131 9827
f 9716 10153 9836
f 9694 10097 9814
f 9683 10063 9803
f 9704 10123 9824
f 9714 10157 9834
f 9719 10173 9839
f 9700 10115 9820
f 9729 10202 9849
f 9725 10187 9845
f 9711 10145 9831
f 9682 10058 9802
f 9739 10221 9987
f 9735 10217 9885
f 9741 10218 9892
f 9744 10224 10018
f 9747 10227 10030
f 9755 10230 9982
f 9782 10264 9977
f 9767 10249 9928
f 9788 10269 9994
f 9753 10232 9899
f 9773 10254 9969
f 9757 10238 9915
f 9765 10240 9923
f 9777 10257 10000
f 9780 10260 10026
f 9783 10265 9983
f 9770 10245 9976
f 9768 10247 9929
f 9789 10267 9995
f 9752 10234 9898
f 9737 10046 9879
f 9733 10038 9861
f 9734 10036 9856
f 9740 10042 9868
f 9743 10045 9874
f 9748 10054 9887
f 9784 10122 9989
f 9771 10212 10032
f 9792 10195 10020
f 9751 10144 9894
f 9772 10091 9957
f 9759 10083 9939
f 9760 10081 9912
f 9774 10087 9947
f 9776 10090 9952
f 9781 10105 9971
f 9761 10069 9916
f 9766 10126 9924
f 9791 10163 10002
f 9756 10181 10024
f 9746 10209 9988
f 9738 10113 9886
f 9736 10056 9891
f 9742 10151 10017
f 9745 10196 10029
f 9749 10119 9981
f 9786 10208 9978
f 9769 10190 9930
f 9790 10148 9996
f 9750 10059 9897
f 9779 10177 9970
f 9762 10095 9917
f 9758 10071 9921
f 9775 10134 9999
f 9778 10167 10025
f 9785 10180 9984
f 9763 10106 9975
f 9764 10074 9927
f 9787 10132 9993
f 9754 10156 9900
f 9739 10111 9864
f 9735 10050 9857
f 9741 10140 9869
f 9744 10185 9875
f 9747 10201 9882
f 9755 10170 9905
f 9782 10103 9964
f 9767 10077 9934
f 9788 10137 10007
f 9753 10164 10012
f 9773 10099 9942
f 9757 10065 9909
f 9765 10128 9946
f 9777 10159 9953
f 9780 10175 9960
f 9783 10117 9965
f 9770 10204 9935
f 9768 10192 10006
f 9789 10150 10013
f 9752 10062 9904
f 9737 10219 9862
f 9733 10213 9855
f 9734 10216 9867
f 9740 10223 9873
f 9743 10226 9880
f 9748 10229 9903
f 9784 10263 9966
f 9771 10250 9936
f 9792 10270 10008
f 9751 10233 10011
f 9772 10252 9941
f 9759 10237 9911
f 9760 10242 9945
f 9774 10256 9951
f 9776 10259 9958
f 9781 10261 9963
f 9761 10244 9933
f 9766 10248 10005
f 9791 10271 10014
f 9756 10235 9906
f 9674 10039 9859
f 9673 10035 9853
f 9675 10041 9865
f 9676 10044 9871
f 9677 10047 9877
f 9682 10061 9901
f 9700 10118 9962
f 9729 10205 9932
f 9725 10193 10004
f 9711 10149 10009
f 9689 10084 9937
f 9688 10080 9908
f 9690 10086 9943
f 9691 10089 9949
f 9692 10092 9955
f 9695 10102 9961
f 9687 10076 9931
f 9707 10136 10003
f 9716 10165 10010
f 9718 10171 9902
f 9728 10200 9878
f 9698 10110 9860
f 9678 10051 9854
f 9708 10141 9866
f 9723 10186 9872
f 9699 10114 9884
f 9731 10210 9986
f 9727 10197 10027
f 9712 10152 10015
f 9680 10057 9889
f 9719 10174 9956
f 9694 10098 9938
f 9683 10066 9907
f 9704 10129 9944
f 9714 10160 9950
f 9720 10178 9968
f 9693 10096 9914
f 9685 10072 9919
f 9706 10135 9997
f 9717 10166 10021
f 9702 10121 9985
f 9679 10053 9883
f 9709 10143 9890
f 9726 10194 10016
f 9732 10211 10028
f 9721 10179 9980
f 9697 10107 9973
f 9686 10075 9925
f 9705 10133 9991
f 9713 10155 9896
f 9696 10104 9967
f 9684 10068 9913
f 9703 10125 9920
f 9715 10162 9998
f 9722 10182 10022
f 9701 10120 9979
f 9730 10207 9974
f 9724 10189 9926
f 9710 10147 9992
f 9681 10060 9895
f 9746 10220 9881
f 9738 10214 9863
f 9736 10215 9858
f 9742 10222 9870
f 9745 10225 9876
f 9749 10228 9888
f 9786 10266 9990
f 9769 10251 10031
f 9790 10272 10019
f 9750 10231 9893
f 9779 10253 9959
f 9762 10241 9940
f 9758 10239 9910
f 9775 10255 9948
f 9778 10258 9954
f 9785 10262 9972
f 9763 10243 9918
f 9764 10246 9922
f 9787 10268 10001
f 9754 10236 10023
f 9674 10037 10039
f 9673 10033 10035
f 9675 10034 10041
f 9676 10040 10044
f 9677 10043 10047
f 9682 10052 10061
f 9700 10116 10118
f 9729 10203 10205
f 9725 10191 10193
f 9711 10142 10149
f 9689 10082 10084
f 9688 10078 10080
f 9690 10079 10086
f 9691 10085 10089
f 9692 10088 10092
f 9695 10100 10102
f 9687 10067 10076
f 9707 10124 10136
f 9716 10161 10165
f 9718 10169 10171
f 9728 10198 10200
f 9698 10108 10110
f 9678 10049 10051
f 9708 10139 10141
f 9723 10184 10186
f 9699 10112 10114
f 9731 10206 10210
f 9727 10188 10197
f 9712 10146 10152
f 9680 10055 10057
f 9719 10172 10174
f 9694 10093 10098
f 9683 10064 10066
f 9704 10127 10129
f 9714 10158 10160
f 9720 10176 10178
f 9693 10094 10096
f 9685 10070 10072
f 9706 10130 10135
f 9717 10154 10166
f 9702 10109 10121
f 9679 10048 10053
f 9709 10138 10143
f 9726 10183 10194
f 9732 10199 10211
f 9721 10168 10179
f 9697 10101 10107
f 9686 10073 10075
f 9705 10131 10133
f 9713 10153 10155
f 9696 10097 10104
f 9684 10063 10068
f 9703 10123 10125
f 9715 10157 10162
f 9722 10173 10182
f 9701 10115 10120
f 9730 10202 10207
f 9724 10187 10189
f 9710 10145 10147
f 9681 10058 10060
f 9746 10221 10220
f 9738 10217 10214
f 9736 10218 10215
f 9742 10224 10222
f 9745 10227 10225
f 9749 10230 10228
f 9786 10264 10266
f 9769 10249 10251
f 9790 10269 10272
f 9750 10232 10231
f 9779 10254 10253
f 9762 10238 10241
f 9758 10240 10239
f 9775 10257 10255
f 9778 10260 10258
f 9785 10265 10262
f 9763 10245 10243
f 9764 10247 10246
f 9787 10267 10268
f 9754 10234 10236
f 9674 9794 10037
f 9673 9793 10033
f 9675 9795 10034
f 9676 9796 10040
f 9677 9797 10043
f 9682 9802 10052
f 9700 9820 10116
f 9729 9849 10203
f 9725 9845 10191
f 9711 9831 10142
f 9689 9809 10082
f 9688 9808 10078
f 9690 9810 10079
f 9691 9811 10085
f 9692 9812 10088
f 9695 9815 10100
f 9687 9807 10067
f 9707 9827 10124
f 9716 9836 10161
f 9718 9838 10169
f 9728 9848 10198
f 9698 9818 10108
f 9678 9798 10049
f 9708 9828 10139
f 9723 9843 10184
f 9699 9819 10112
f 9731 9851 10206
f 9727 9847 10188
f 9712 9832 10146
f 9680 9800 10055
f 9719 9839 10172
f 9694 9814 10093
f 9683 9803 10064
f 9704 9824 10127
f 9714 9834 10158
f 9720 9840 10176
f 9693 9813 10094
f 9685 9805 10070
f 9706 9826 10130
f 9717 9837 10154
f 9702 9822 10109
f 9679 9799 10048
f 9709 9829 10138
f 9726 9846 10183
f 9732 9852 10199
f 9721 9841 10168
f 9697 9817 10101
f 9686 9806 10073
f 9705 9825 10131
f 9713 9833 10153
f 9696 9816 10097
f 9684 9804 10063
f 9703 9823 10123
f 9715 9835 10157
f 9722 9842 10173
f 9701 9821 10115
f 9730 9850 10202
f 9724 9844 10187
f 9710 9830 10145
f 9681 9801 10058
f 9746 9988 10221
f 9738 9886 10217
f 9736 9891 10218
f 9742 10017 10224
f 9745 10029 10227
f 9749 9981 10230
f 9786 9978 10264
f 9769 9930 10249
f 9790 9996 10269
f 9750 9897 10232
f 9779 9970 10254
f 9762 9917 10238
f 9758 9921 10240
f 9775 9999 10257
f 9778 10025 10260
f 9785 9984 10265
f 9763 9975 10245
f 9764 9927 10247
f 9787 9993 10267
f 9754 9900 10234
f 9677 9877 10046
f 9674 9859 10038
f 9673 9853 10036
f 9675 9865 10042
f 9676 9871 10045
f 9679 9883 10054
f 9702 9985 10122
f 9732 10028 10212
f 9726 10016 10195
f 9709 9890 10144
f 9692 9955 10091
f 9689 9937 10083
f 9688 9908 10081
f 9690 9943 10087
f 9691 9949 10090
f 9696 9967 10105
f 9684 9913 10069
f 9703 9920 10126
f 9715 9998 10163
f 9722 10022 10181
f 9731 9986 10209
f 9699 9884 10113
f 9680 9889 10056
f 9712 10015 10151
f 9727 10027 10196
f 9701 9979 10119
f 9730 9974 10208
f 9724 9926 10190
f 9710 9992 10148
f 9681 9895 10059
f 9720 9968 10177
f 9693 9914 10095
f 9685 9919 10071
f 9706 9997 10134
f 9717 10021 10167
f 9721 9980 10180
f 9697 9973 10106
f 9686 9925 10074
f 9705 9991 10132
f 9713 9896 10156
f 9698 9860 10111
f 9678 9854 10050
f 9708 9866 10140
f 9723 9872 10185
f 9728 9878 10201
f 9718 9902 10170
f 9695 9961 10103
f 9687 9931 10077
f 9707 10003 10137
f 9716 10010 10164
f 9694 9938 10099
f 9683 9907 10065
f 9704 9944 10128
f 9714 9950 10159
f 9719 9956 10175
f 9700 9962 10117
f 9729 9932 10204
f 9725 10004 10192
f 9711 10009 10150
f 9682 9901 10062
f 9739 9864 10219
f 9735 9857 10213
f 9741 9869 10216
f 9744 9875 10223
f 9747 9882 10226
f 9755 9905 10229
f 9782 9964 10263
f 9767 9934 10250
f 9788 10007 10270
f 9753 10012 10233
f 9773 9942 10252
f 9757 9909 10237
f 9765 9946 10242
f 9777 9953 10256
f 9780 9960 10259
f 9783 9965 10261
f 9770 9935 10244
f 9768 10006 10248
f 9789 10013 10271
f 9752 9904 10235
f 9737 9862 10039
f 9733 9855 10035
f 9734 9867 10041
f 9740 9873 10044
f 9743 9880 10047
f 9748 9903 10061
f 9784 9966 10118
f 9771 9936 10205
f 9792 10008 10193
f 9751 10011 10149
f 9772 9941 10084
f 9759 9911 10080
f 9760 9945 10086
f 9774 9951 10089
f 9776 9958 10092
f 9781 9963 10102
f 9761 9933 10076
f 9766 10005 10136
f 9791 10014 10165
f 9756 9906 10171
f 9746 9881 10200
f 9738 9863 10110
f 9736 9858 10051
f 9742 9870 10141
f 9745 9876 10186
f 9749 9888 10114
f 9786 9990 10210
f 9769 10031 10197
f 9790 10019 10152
f 9750 9893 10057
f 9779 9959 10174
f 9762 9940 10098
f 9758 9910 10066
f 9775 9948 10129
f 9778 9954 10160
f 9785 9972 10178
f 9763 9918 10096
f 9764 9922 10072
f 9787 10001 10135
f 9754 10023 10166
f 9739 9987 10121
f 9735 9885 10053
f 9741 9892 10143
f 9744 10018 10194
f 9747 10030 10211
f 9755 9982 10179
f 9782 9977 10107
f 9767 9928 10075
f 9788 9994 10133
f 9753 9899 10155
f 9773 9969 10104
f 9757 9915 10068
f 9765 9923 10125
f 9777 10000 10162
f 9780 10026 10182
f 9783 9983 10120
f 9770 9976 10207
f 9768 9929 10189
f 9789 9995 10147
f 9752 9898 10060
f 9737 9879 10220
f 9733 9861 10214
f 9734 9856 10215
f 9740 9868 10222
f 9743 9874 10225
f 9748 9887 10228
f 9784 9989 10266
f 9771 10032 10251
f 9792 10020 10272
f 9751 9894 10231
f 9772 9957 10253
f 9759 9939 10241
f 9760 9912 10239
f 9774 9947 10255
f 9776 9952 10258
f 9781 9971 10262
f 9761 9916 10243
f 9766 9924 10246
f 9791 10002 10268
f 9756 10024 10236
f 9677 10046 10037
f 9674 10038 10033
f 9673 10036 10034
f 9675 10042 10040
f 9676 10045 10043
f 9679 10054 10052
f 9702 10122 10116
f 9732 10212 10203
f 9726 10195 10191
f 9709 10144 10142
f 9692 10091 10082
f 9689 10083 10078
f 9688 10081 10079
f 9690 10087 10085
f 9691 10090 10088
f 9696 10105 10100
f 9684 10069 10067
f 9703 10126 10124
f 9715 10163 10161
f 9722 10181 10169
f 9731 10209 10198
f 9699 10113 10108
f 9680 10056 10049
f 9712 10151 10139
f 9727 10196 10184
f 9701 10119 10112
f 9730 10208 10206
f 9724 10190 10188
f 9710 10148 10146
f 9681 10059 10055
f 9720 10177 10172
f 9693 10095 10093
f 9685 10071 10064
f 9706 10134 10127
f 9717 10167 10158
f 9721 10180 10176
f 9697 10106 10094
f 9686 10074 10070
f 9705 10132 10130
f 9713 10156 10154
f 9698 10111 10109
f 9678 10050 10048
f 9708 10140 10138
f 9723 10185 10183
f 9728 10201 10199
f 9718 10170 10168
f 9695 10103 10101
f 9687 10077 10073
f 9707 10137 10131
f 9716 10164 10153
f 9694 10099 10097
f 9683 10065 10063
f 9704 10128 10123
f 9714 10159 10157
f 9719 10175 10173
f 9700 10117 10115
f 9729 10204 10202
f 9725 10192 10187
f 9711 10150 10145
f 9682 10062 10058
f 9739 10219 10221
f 9735 10213 10217
f 9741 10216 10218
f 9744 10223 10224
f 9747 10226 10227
f 9755 10229 10230
f 9782 10263 10264
f 9767 10250 10249
f 9788 10270 10269
f 9753 10233 10232
f 9773 10252 10254
f 9757 10237 10238
f 9765 10242 10240
f 9777 10256 10257
f 9780 10259 10260
f 9783 10261 10265
f 9770 10244 10245
f 9768 10248 10247
f 9789 10271 10267
f 9752 10235 10234
f 10037 9794 9797
f 10033 9793 9794
f 10034 9795 9793
f 10040 9796 9795
f 10043 9797 9796
f 10052 9802 9799
f 10116 9820 9822
f 10203 9849 9852
f 10191 9845 9846
f 10142 9831 9829
f 10082 9809 9812
f 10078 9808 9809
f 10079 9810 9808
f 10085 9811 9810
f 10088 9812 9811
f 10100 9815 9816
f 10067 9807 9804
f 10124 9827 9823
f 10161 9836 9835
f 10169 9838 9842
f 10198 9848 9851
f 10108 9818 9819
f 10049 9798 9800
f 10139 9828 9832
f 10184 9843 9847
f 10112 9819 9821
f 10206 9851 9850
f 10188 9847 9844
f 10146 9832 9830
f 10055 9800 9801
f 10172 9839 9840
f 10093 9814 9813
f 10064 9803 9805
f 10127 9824 9826
f 10158 9834 9837
f 10176 9840 9841
f 10094 9813 9817
f 10070 9805 9806
f 10130 9826 9825
f 10154 9837 9833
f 10109 9822 9818
f 10048 9799 9798
f 10138 9829 9828
f 10183 9846 9843
f 10199 9852 9848
f 10168 9841 9838
f 10101 9817 9815
f 10073 9806 9807
f 10131 9825 9827
f 10153 9833 9836
f 10097 9816 9814
f 10063 9804 9803
f 10123 9823 9824
f 10157 9835 9834
f 10173 9842 9839
f 10115 9821 9820
f 10202 9850 9849
f 10187 9844 9845
f 10145 9830 9831
f 10058 9801 9802
f 10221 9988 9987
f 10217 9886 9885
f 10218 9891 9892
f 10224 10017 10018
f 10227 10029 10030
f 10230 9981 9982
f 10264 9978 9977
f 10249 9930 9928
f 10269 9996 9994
f 10232 9897 9899
f 10254 9970 9969
f 10238 9917 9915
f 10240 9921 9923
f 10257 9999 10000
f 10260 10025 10026
f 10265 9984 9983
f 10245 9975 9976
f 10247 9927 9929
f 10267 9993 9995
f 10234 9900 9898
f 10046 9877 9879
f 10038 9859 9861
f 10036 9853 9856
f 10042 9865 9868
f 10045 9871 9874
f 10054 9883 9887
f 10122 9985 9989
f 10212 10028 10032
f 10195 10016 10020
f 10144 9890 9894
f 10091 9955 9957
f 10083 9937 9939
f 10081 9908 9912
f 10087 9943 9947
f 10090 9949 9952
f 10105 9967 9971
f 10069 9913 9916
f 10126 9920 9924
f 10163 9998 10002
f 10181 10022 10024
f 10209 9986 9988
f 10113 9884 9886
f 10056 9889 9891
f 10151 10015 10017
f 10196 10027 10029
f 10119 9979 9981
f 10208 9974 9978
f 10190 9926 9930
f 10148 9992 9996
f 10059 9895 9897
f 10177 9968 9970
f 10095 9914 9917
f 10071 9919 9921
f 10134 9997 9999
f 10167 10021 10025
f 10180 9980 9984
f 10106 9973 9975
f 10074 9925 9927
f 10132 9991 9993
f 10156 9896 9900
f 10111 9860 9864
f 10050 9854 9857
f 10140 9866 9869
f 10185 9872 9875
f 10201 9878 9882
f 10170 9902 9905
f 10103 9961 9964
f 10077 9931 9934
f 10137 10003 10007
f 10164 10010 10012
f 10099 9938 9942
f 10065 9907 9909
f 10128 9944 9946
f 10159 9950 9953
f 10175 9956 9960
f 10117 9962 9965
f 10204 9932 9935
f 10192 10004 10006
f 10150 10009 10013
f 10062 9901 9904
f 10219 9864 9862
f 10213 9857 9855
f 10216 9869 9867
f 10223 9875 9873
f 10226 9882 9880
f 10229 9905 9903
f 10263 9964 9966
f 10250 9934 9936
f 10270 10007 10008
f 10233 10012 10011
f 10252 9942 9941
f 10237 9909 9911
f 10242 9946 9945
f 10256 9953 9951
f 10259 9960 9958
f 10261 9965 9963
f 10244 9935 9933
f 10248 10006 10005
f 10271 10013 10014
f 10235 9904 9906
f 10039 9862 9859
f 10035 9855 9853
f 10041 9867 9865
f 10044 9873 9871
f 10047 9880 9877
f 10061 9903 9901
f 10118 9966 9962
f 10205 9936 9932
f 10193 10008 10004
f 10149 10011 10009
f 10084 9941 9937
f 10080 9911 9908
f 10086 9945 9943
f 10089 9951 9949
f 10092 9958 9955
f 10102 9963 9961
f 10076 9933 9931
f 10136 10005 10003
f 10165 10014 10010
f 10171 9906 9902
f 10200 9881 9878
f 10110 9863 9860
f 10051 9858 9854
f 10141 9870 9866
f 10186 9876 9872
f 10114 9888 9884
f 10210 9990 9986
f 10197 10031 10027
f 10152 10019 10015
f 10057 9893 9889
f 10174 9959 9956
f 10098 9940 9938
f 10066 9910 9907
f 10129 9948 9944
f 10160 9954 9950
f 10178 9972 9968
f 10096 9918 9914
f 10072 9922 9919
f 10135 10001 9997
f 10166 10023 10021
f 10121 9987 9985
f 10053 9885 9883
f 10143 9892 9890
f 10194 10018 10016
f 10211 10030 10028
f 10179 9982 9980
f 10107 9977 9973
f 10075 9928 9925
f 10133 9994 9991
f 10155 9899 9896
f 10104 9969 9967
f 10068 9915 9913
f 10125 9923 9920
f 10162 10000 9998
f 10182 10026 10022
f 10120 9983 9979
f 10207 9976 9974
f 10189 9929 9926
f 10147 9995 9992
f 10060 9898 9895
f 10220 9879 9881
f 10214 9861 9863
f 10215 9856 9858
f 10222 9868 9870
f 10225 9874 9876
f 10228 9887 9888
f 10266 9989 9990
f 10251 10032 10031
f 10272 10020 10019
f 10231 9894 9893
f 10253 9957 9959
f 10241 9939 9940
f 10239 9912 9910
f 10255 9947 9948
f 10258 9952 9954
f 10262 9971 9972
f 10243 9916 9918
f 10246 9924 9922
f 10268 10002 10001
f 10236 10024 10023
f 10037 10046 10039
f 10033 10038 10035
f 10034 10036 10041
f 10040 10042 10044
f 10043 10045 10047
f 10052 10054 10061
f 10116 10122 10118
f 10203 10212 10205
f 10191 10195 10193
f 10142 10144 10149
f 10082 10091 10084
f 10078 10083 10080
f 10079 10081 10086
f 10085 10087 10089
f 10088 10090 10092
f 10100 10105 10102
f 10067 10069 10076
f 10124 10126 10136
f 10161 10163 10165
f 10169 10181 10171
f 10198 10209 10200
f 10108 10113 10110
f 10049 10056 10051
f 10139 10151 10141
f 10184 10196 10186
f 10112 10119 10114
f 10206 10208 10210
f 10188 10190 10197
f 10146 10148 10152
f 10055 10059 10057
f 10172 10177 10174
f 10093 10095 10098
f 10064 10071 10066
f 10127 10134 10129
f 10158 10167 10160
f 10176 10180 10178
f 10094 10106 10096
f 10070 10074 10072
f 10130 10132 10135
f 10154 10156 10166
f 10109 10111 10121
f 10048 10050 10053
f 10138 10140 10143
f 10183 10185 10194
f 10199 10201 10211
f 10168 10170 10179
f 10101 10103 10107
f 10073 10077 10075
f 10131 10137 10133
f 10153 10164 10155
f 10097 10099 10104
f 10063 10065 10068
f 10123 10128 10125
f 10157 10159 10162
f 10173 10175 10182
f 10115 10117 10120
f 10202 10204 10207
f 10187 10192 10189
f 10145 10150 10147
f 10058 10062 10060
f 10221 10219 10220
f 10217 10213 10214
f 10218 10216 10215
f 10224 10223 10222
f 10227 10226 10225
f 10230 10229 10228
f 10264 10263 10266
f 10249 10250 10251
f 10269 10270 10272
f 10232 10233 10231
f 10254 10252 10253
f 10238 10237 10241
f 10240 10242 10239
f 10257 10256 10255
f 10260 10259 10258
f 10265 10261 10262
f 10245 10244 10243
f 10247 10248 10246
f 10267 10271 10268
f 10234 10235 10236
f 10273 10439 10436
f 10273 10436 10435
f 10273 10435 10437
f 10273 10437 10438
f 10273 10438 10439
f 10274 10441 10444
f 10278 10464 10462
f 10284 10494 10491
f 10283 10488 10487
f 10280 10471 10473
f 10276 10454 10451
f 10276 10451 10450
f 10276 10450 10452
f 10276 10452 10453
f 10276 10453 10454
f 10277 10458 10457
f 10275 10446 10449
f 10279 10465 10469
f 10281 10477 10478
f 10282 10484 10480
f 10284 10493 10490
f 10278 10461 10460
f 10274 10442 10440
f 10280 10474 10470
f 10283 10489 10485
f 10278 10463 10461
f 10284 10492 10493
f 10283 10486 10489
f 10280 10472 10474
f 10274 10443 10442
f 10282 10482 10481
f 10277 10455 10456
f 10275 10447 10445
f 10279 10468 10466
f 10281 10479 10476
f 10282 10483 10482
f 10277 10459 10455
f 10275 10448 10447
f 10279 10467 10468
f 10281 10475 10479
f 10278 10460 10464
f 10274 10440 10441
f 10280 10470 10471
f 10283 10485 10488
f 10284 10490 10494
f 10282 10480 10483
f 10277 10457 10459
f 10275 10449 10448
f 10279 10469 10467
f 10281 10478 10475
f 10277 10456 10458
f 10275 10445 10446
f 10279 10466 10465
f 10281 10476 10477
f 10282 10481 10484
f 10278 10462 10463
f 10284 10491 10492
f 10283 10487 10486
f 10280 10473 10472
f 10274 10444 10443
f 10307 10629 10630
f 10290 10527 10528
f 10291 10534 10533
f 10312 10660 10659
f 10314 10672 10671
f 10306 10624 10623
f 10305 10619 10620
f 10297 10570 10572
f 10308 10636 10638
f 10292 10541 10539
f 10304 10611 10612
f 10295 10557 10559
f 10296 10565 10563
f 10309 10642 10641
f 10313 10668 10667
f 10306 10625 10626
f 10305 10618 10617
f 10297 10571 10569
f 10308 10637 10635
f 10292 10540 10542
f 10289 10521 10519
f 10286 10503 10501
f 10285 10498 10495
f 10287 10510 10507
f 10288 10516 10513
f 10290 10529 10525
f 10307 10631 10627
f 10314 10674 10670
f 10312 10662 10658
f 10291 10536 10532
f 10302 10599 10597
f 10299 10581 10579
f 10294 10554 10550
f 10300 10589 10585
f 10301 10594 10591
f 10304 10613 10609
f 10295 10558 10555
f 10296 10566 10562
f 10309 10644 10640
f 10313 10666 10664
f 10307 10630 10628
f 10290 10528 10526
f 10291 10533 10531
f 10312 10659 10657
f 10314 10671 10669
f 10306 10623 10621
f 10305 10620 10616
f 10297 10572 10568
f 10308 10638 10634
f 10292 10539 10537
f 10304 10612 10610
f 10295 10559 10556
f 10296 10563 10561
f 10309 10641 10639
f 10313 10667 10663
f 10306 10626 10622
f 10305 10617 10615
f 10297 10569 10567
f 10308 10635 10633
f 10292 10542 10538
f 10286 10506 10502
f 10285 10499 10496
f 10287 10511 10508
f 10288 10517 10514
f 10289 10524 10520
f 10293 10547 10544
f 10303 10606 10603
f 10298 10576 10573
f 10310 10649 10645
f 10311 10654 10652
f 10299 10584 10580
f 10294 10551 10549
f 10300 10588 10586
f 10301 10595 10592
f 10302 10602 10598
f 10303 10607 10604
f 10298 10577 10574
f 10310 10648 10646
f 10311 10655 10651
f 10293 10546 10543
f 10286 10504 10506
f 10285 10497 10499
f 10287 10509 10511
f 10288 10515 10517
f 10289 10522 10524
f 10293 10545 10547
f 10303 10608 10606
f 10298 10578 10576
f 10310 10650 10649
f 10311 10653 10654
f 10299 10583 10584
f 10294 10553 10551
f 10300 10587 10588
f 10301 10593 10595
f 10302 10600 10602
f 10303 10605 10607
f 10298 10575 10577
f 10310 10647 10648
f 10311 10656 10655
f 10293 10548 10546
f 10286 10501 10504
f 10285 10495 10497
f 10287 10507 10509
f 10288 10513 10515
f 10289 10519 10522
f 10293 10543 10545
f 10303 10604 10608
f 10298 10574 10578
f 10310 10646 10650
f 10311 10651 10653
f 10299 10579 10583
f 10294 10550 10553
f 10300 10585 10587
f 10301 10591 10593
f 10302 10597 10600
f 10303 10603 10605
f 10298 10573 10575
f 10310 10645 10647
f 10311 10652 10656
f 10293 10544 10548
f 10289 10520 10523
f 10286 10502 10505
f 10285 10496 10500
f 10287 10508 10512
f 10288 10514 10518
f 10290 10526 10530
f 10307 10628 10632
f 10314 10669 10673
f 10312 10657 10661
f 10291 10531 10535
f 10302 10598 10601
f 10299 10580 10582
f 10294 10549 10552
f 10300 10586 10590
f 10301 10592 10596
f 10304 10610 10614
f 10295 10556 10560
f 10296 10561 10564
f 10309 10639 10643
f 10313 10663 10665
f 10307 10627 10629
f 10290 10525 10527
f 10291 10532 10534
f 10312 10658 10660
f 10314 10670 10672
f 10306 10622 10624
f 10305 10615 10619
f 10297 10567 10570
f 10308 10633 10636
f 10292 10538 10541
f 10304 10609 10611
f 10295 10555 10557
f 10296 10562 10565
f 10309 10640 10642
f 10313 10664 10668
f 10306 10621 10625
f 10305 10616 10618
f 10297 10568 10571
f 10308 10634 10637
f 10292 10537 10540
f 10289 10523 10521
f 10286 10505 10503
f 10285 10500 10498
f 10287 10512 10510
f 10288 10518 10516
f 10290 10530 10529
f 10307 10632 10631
f 10314 10673 10674
f 10312 10661 10662
f 10291 10535 10536
f 10302 10601 10599
f 10299 10582 10581
f 10294 10552 10554
f 10300 10590 10589
f 10301 10596 10594
f 10304 10614 10613
f 10295 10560 10558
f 10296 10564 10566
f 10309 10643 10644
f 10313 10665 10666
f 10379 10681 10688
f 10375 10677 10680
f 10376 10683 10678
f 10382 10686 10684
f 10385 10689 10687
f 10390 10703 10696
f 10426 10760 10764
f 10413 10847 10854
f 10434 10835 10837
f 10393 10791 10786
f 10414 10726 10733
f 10401 10722 10725
f 10402 10728 10723
f 10416 10731 10729
f 10418 10734 10732
f 10423 10744 10747
f 10403 10718 10711
f 10408 10778 10768
f 10433 10807 10805
f 10398 10813 10823
f 10388 10842 10851
f 10380 10752 10755
f 10378 10693 10698
f 10384 10783 10793
f 10387 10828 10838
f 10391 10756 10761
f 10428 10852 10850
f 10411 10839 10832
f 10432 10794 10790
f 10392 10699 10701
f 10421 10816 10819
f 10404 10740 10737
f 10400 10708 10713
f 10417 10771 10776
f 10420 10802 10809
f 10427 10820 10822
f 10405 10738 10748
f 10406 10714 10716
f 10429 10777 10774
f 10396 10808 10798
f 10381 10763 10753
f 10377 10695 10692
f 10383 10785 10782
f 10386 10836 10827
f 10389 10853 10843
f 10397 10821 10812
f 10424 10749 10745
f 10409 10717 10719
f 10430 10775 10779
f 10395 10797 10806
f 10415 10746 10741
f 10399 10710 10707
f 10407 10767 10770
f 10419 10804 10801
f 10422 10824 10817
f 10425 10762 10759
f 10412 10849 10846
f 10410 10831 10834
f 10431 10789 10792
f 10394 10702 10704
f 10379 10862 10861
f 10375 10856 10855
f 10376 10857 10858
f 10382 10864 10865
f 10385 10867 10868
f 10390 10870 10871
f 10426 10908 10905
f 10413 10893 10892
f 10434 10914 10912
f 10393 10873 10875
f 10414 10895 10894
f 10401 10883 10879
f 10402 10881 10884
f 10416 10897 10898
f 10418 10900 10901
f 10423 10904 10903
f 10403 10885 10886
f 10408 10888 10890
f 10433 10910 10913
f 10398 10878 10877
f 10319 10679 10439
f 10316 10675 10436
f 10315 10676 10435
f 10317 10682 10437
f 10318 10685 10438
f 10321 10694 10441
f 10344 10758 10464
f 10374 10845 10494
f 10368 10833 10488
f 10351 10784 10471
f 10334 10724 10454
f 10331 10720 10451
f 10330 10721 10450
f 10332 10727 10452
f 10333 10730 10453
f 10338 10742 10458
f 10326 10709 10446
f 10345 10766 10465
f 10357 10803 10477
f 10364 10811 10484
f 10373 10840 10493
f 10341 10750 10461
f 10322 10691 10442
f 10354 10781 10474
f 10369 10826 10489
f 10343 10754 10463
f 10372 10848 10492
f 10366 10830 10486
f 10352 10788 10472
f 10323 10697 10443
f 10362 10814 10482
f 10335 10735 10455
f 10327 10706 10447
f 10348 10769 10468
f 10359 10800 10479
f 10363 10818 10483
f 10339 10736 10459
f 10328 10712 10448
f 10347 10772 10467
f 10355 10796 10475
f 10340 10751 10460
f 10320 10690 10440
f 10350 10780 10470
f 10365 10825 10485
f 10370 10841 10490
f 10360 10810 10480
f 10337 10743 10457
f 10329 10715 10449
f 10349 10773 10469
f 10358 10795 10478
f 10336 10739 10456
f 10325 10705 10445
f 10346 10765 10466
f 10356 10799 10476
f 10361 10815 10481
f 10342 10757 10462
f 10371 10844 10491
f 10367 10829 10487
f 10353 10787 10473
f 10324 10700 10444
f 10381 10863 10629
f 10377 10859 10527
f 10383 10860 10534
f 10386 10866 10660
f 10389 10869 10672
f 10397 10872 10624
f 10424 10906 10619
f 10409 10891 10570
f 10430 10911 10636
f 10395 10874 10541
f 10415 10896 10611
f 10399 10880 10557
f 10407 10882 10565
f 10419 10899 10642
f 10422 10902 10668
f 10425 10907 10625
f 10412 10887 10618
f 10410 10889 10571
f 10431 10909 10637
f 10394 10876 10540
f 10379 10688 10521
f 10375 10680 10503
f 10376 10678 10498
f 10382 10684 10510
f 10385 10687 10516
f 10390 10696 10529
f 10426 10764 10631
f 10413 10854 10674
f 10434 10837 10662
f 10393 10786 10536
f 10414 10733 10599
f 10401 10725 10581
f 10402 10723 10554
f 10416 10729 10589
f 10418 10732 10594
f 10423 10747 10613
f 10403 10711 10558
f 10408 10768 10566
f 10433 10805 10644
f 10398 10823 10666
f 10388 10851 10630
f 10380 10755 10528
f 10378 10698 10533
f 10384 10793 10659
f 10387 10838 10671
f 10391 10761 10623
f 10428 10850 10620
f 10411 10832 10572
f 10432 10790 10638
f 10392 10701 10539
f 10421 10819 10612
f 10404 10737 10559
f 10400 10713 10563
f 10417 10776 10641
f 10420 10809 10667
f 10427 10822 10626
f 10405 10748 10617
f 10406 10716 10569
f 10429 10774 10635
f 10396 10798 10542
f 10381 10753 10506
f 10377 10692 10499
f 10383 10782 10511
f 10386 10827 10517
f 10389 10843 10524
f 10397 10812 10547
f 10424 10745 10606
f 10409 10719 10576
f 10430 10779 10649
f 10395 10806 10654
f 10415 10741 10584
f 10399 10707 10551
f 10407 10770 10588
f 10419 10801 10595
f 10422 10817 10602
f 10425 10759 10607
f 10412 10846 10577
f 10410 10834 10648
f 10431 10792 10655
f 10394 10704 10546
f 10379 10861 10504
f 10375 10855 10497
f 10376 10858 10509
f 10382 10865 10515
f 10385 10868 10522
f 10390 10871 10545
f 10426 10905 10608
f 10413 10892 10578
f 10434 10912 10650
f 10393 10875 10653
f 10414 10894 10583
f 10401 10879 10553
f 10402 10884 10587
f 10416 10898 10593
f 10418 10901 10600
f 10423 10903 10605
f 10403 10886 10575
f 10408 10890 10647
f 10433 10913 10656
f 10398 10877 10548
f 10316 10681 10501
f 10315 10677 10495
f 10317 10683 10507
f 10318 10686 10513
f 10319 10689 10519
f 10324 10703 10543
f 10342 10760 10604
f 10371 10847 10574
f 10367 10835 10646
f 10353 10791 10651
f 10331 10726 10579
f 10330 10722 10550
f 10332 10728 10585
f 10333 10731 10591
f 10334 10734 10597
f 10337 10744 10603
f 10329 10718 10573
f 10349 10778 10645
f 10358 10807 10652
f 10360 10813 10544
f 10370 10842 10520
f 10340 10752 10502
f 10320 10693 10496
f 10350 10783 10508
f 10365 10828 10514
f 10341 10756 10526
f 10373 10852 10628
f 10369 10839 10669
f 10354 10794 10657
f 10322 10699 10531
f 10361 10816 10598
f 10336 10740 10580
f 10325 10708 10549
f 10346 10771 10586
f 10356 10802 10592
f 10362 10820 10610
f 10335 10738 10556
f 10327 10714 10561
f 10348 10777 10639
f 10359 10808 10663
f 10344 10763 10627
f 10321 10695 10525
f 10351 10785 10532
f 10368 10836 10658
f 10374 10853 10670
f 10363 10821 10622
f 10339 10749 10615
f 10328 10717 10567
f 10347 10775 10633
f 10355 10797 10538
f 10338 10746 10609
f 10326 10710 10555
f 10345 10767 10562
f 10357 10804 10640
f 10364 10824 10664
f 10343 10762 10621
f 10372 10849 10616
f 10366 10831 10568
f 10352 10789 10634
f 10323 10702 10537
f 10388 10862 10523
f 10380 10856 10505
f 10378 10857 10500
f 10384 10864 10512
f 10387 10867 10518
f 10391 10870 10530
f 10428 10908 10632
f 10411 10893 10673
f 10432 10914 10661
f 10392 10873 10535
f 10421 10895 10601
f 10404 10883 10582
f 10400 10881 10552
f 10417 10897 10590
f 10420 10900 10596
f 10427 10904 10614
f 10405 10885 10560
f 10406 10888 10564
f 10429 10910 10643
f 10396 10878 10665
f 10316 10679 10681
f 10315 10675 10677
f 10317 10676 10683
f 10318 10682 10686
f 10319 10685 10689
f 10324 10694 10703
f 10342 10758 10760
f 10371 10845 10847
f 10367 10833 10835
f 10353 10784 10791
f 10331 10724 10726
f 10330 10720 10722
f 10332 10721 10728
f 10333 10727 10731
f 10334 10730 10734
f 10337 10742 10744
f 10329 10709 10718
f 10349 10766 10778
f 10358 10803 10807
f 10360 10811 10813
f 10370 10840 10842
f 10340 10750 10752
f 10320 10691 10693
f 10350 10781 10783
f 10365 10826 10828
f 10341 10754 10756
f 10373 10848 10852
f 10369 10830 10839
f 10354 10788 10794
f 10322 10697 10699
f 10361 10814 10816
f 10336 10735 10740
f 10325 10706 10708
f 10346 10769 10771
f 10356 10800 10802
f 10362 10818 10820
f 10335 10736 10738
f 10327 10712 10714
f 10348 10772 10777
f 10359 10796 10808
f 10344 10751 10763
f 10321 10690 10695
f 10351 10780 10785
f 10368 10825 10836
f 10374 10841 10853
f 10363 10810 10821
f 10339 10743 10749
f 10328 10715 10717
f 10347 10773 10775
f 10355 10795 10797
f 10338 10739 10746
f 10326 10705 10710
f 10345 10765 10767
f 10357 10799 10804
f 10364 10815 10824
f 10343 10757 10762
f 10372 10844 10849
f 10366 10829 10831
f 10352 10787 10789
f 10323 10700 10702
f 10388 10863 10862
f 10380 10859 10856
f 10378 10860 10857
f 10384 10866 10864
f 10387 10869 10867
f 10391 10872 10870
f 10428 10906 10908
f 10411 10891 10893
f 10432 10911 10914
f 10392 10874 10873
f 10421 10896 10895
f 10404 10880 10883
f 10400 10882 10881
f 10417 10899 10897
f 10420 10902 10900
f 10427 10907 10904
f 10405 10887 10885
f 10406 10889 10888
f 10429 10909 10910
f 10396 10876 10878
f 10316 10436 10679
f 10315 10435 10675
f 10317 10437 10676
f 10318 10438 10682
f 10319 10439 10685
f 10324 10444 10694
f 10342 10462 10758
f 10371 10491 10845
f 10367 10487 10833
f 10353 10473 10784
f 10331 10451 10724
f 10330 10450 10720
f 10332 10452 10721
f 10333 10453 10727
f 10334 10454 10730
f 10337 10457 10742
f 10329 10449 10709
f 10349 10469 10766
f 10358 10478 10803
f 10360 10480 10811
f 10370 10490 10840
f 10340 10460 10750
f 10320 10440 10691
f 10350 10470 10781
f 10365 10485 10826
f 10341 10461 10754
f 10373 10493 10848
f 10369 10489 10830
f 10354 10474 10788
f 10322 10442 10697
f 10361 10481 10814
f 10336 10456 10735
f 10325 10445 10706
f 10346 10466 10769
f 10356 10476 10800
f 10362 10482 10818
f 10335 10455 10736
f 10327 10447 10712
f 10348 10468 10772
f 10359 10479 10796
f 10344 10464 10751
f 10321 10441 10690
f 10351 10471 10780
f 10368 10488 10825
f 10374 10494 10841
f 10363 10483 10810
f 10339 10459 10743
f 10328 10448 10715
f 10347 10467 10773
f 10355 10475 10795
f 10338 10458 10739
f 10326 10446 10705
f 10345 10465 10765
f 10357 10477 10799
f 10364 10484 10815
f 10343 10463 10757
f 10372 10492 10844
f 10366 10486 10829
f 10352 10472 10787
f 10323 10443 10700
f 10388 10630 10863
f 10380 10528 10859
f 10378 10533 10860
f 10384 10659 10866
f 10387 10671 10869
f 10391 10623 10872
f 10428 10620 10906
f 10411 10572 10891
f 10432 10638 10911
f 10392 10539 10874
f 10421 10612 10896
f 10404 10559 10880
f 10400 10563 10882
f 10417 10641 10899
f 10420 10667 10902
f 10427 10626 10907
f 10405 10617 10887
f 10406 10569 10889
f 10429 10635 10909
f 10396 10542 10876
f 10319 10519 10688
f 10316 10501 10680
f 10315 10495 10678
f 10317 10507 10684
f 10318 10513 10687
f 10321 10525 10696
f 10344 10627 10764
f 10374 10670 10854
f 10368 10658 10837
f 10351 10532 10786
f 10334 10597 10733
f 10331 10579 10725
f 10330 10550 10723
f 10332 10585 10729
f 10333 10591 10732
f 10338 10609 10747
f 10326 10555 10711
f 10345 10562 10768
f 10357 10640 10805
f 10364 10664 10823
f 10373 10628 10851
f 10341 10526 10755
f 10322 10531 10698
f 10354 10657 10793
f 10369 10669 10838
f 10343 10621 10761
f 10372 10616 10850
f 10366 10568 10832
f 10352 10634 10790
f 10323 10537 10701
f 10362 10610 10819
f 10335 10556 10737
f 10327 10561 10713
f 10348 10639 10776
f 10359 10663 10809
f 10363 10622 10822
f 10339 10615 10748
f 10328 10567 10716
f 10347 10633 10774
f 10355 10538 10798
f 10340 10502 10753
f 10320 10496 10692
f 10350 10508 10782
f 10365 10514 10827
f 10370 10520 10843
f 10360 10544 10812
f 10337 10603 10745
f 10329 10573 10719
f 10349 10645 10779
f 10358 10652 10806
f 10336 10580 10741
f 10325 10549 10707
f 10346 10586 10770
f 10356 10592 10801
f 10361 10598 10817
f 10342 10604 10759
f 10371 10574 10846
f 10367 10646 10834
f 10353 10651 10792
f 10324 10543 10704
f 10381 10506 10861
f 10377 10499 10855
f 10383 10511 10858
f 10386 10517 10865
f 10389 10524 10868
f 10397 10547 10871
f 10424 10606 10905
f 10409 10576 10892
f 10430 10649 10912
f 10395 10654 10875
f 10415 10584 10894
f 10399 10551 10879
f 10407 10588 10884
f 10419 10595 10898
f 10422 10602 10901
f 10425 10607 10903
f 10412 10577 10886
f 10410 10648 10890
f 10431 10655 10913
f 10394 10546 10877
f 10379 10504 10681
f 10375 10497 10677
f 10376 10509 10683
f 10382 10515 10686
f 10385 10522 10689
f 10390 10545 10703
f 10426 10608 10760
f 10413 10578 10847
f 10434 10650 10835
f 10393 10653 10791
f 10414 10583 10726
f 10401 10553 10722
f 10402 10587 10728
f 10416 10593 10731
f 10418 10600 10734
f 10423 10605 10744
f 10403 10575 10718
f 10408 10647 10778
f 10433 10656 10807
f 10398 10548 10813
f 10388 10523 10842
f 10380 10505 10752
f 10378 10500 10693
f 10384 10512 10783
f 10387 10518 10828
f 10391 10530 10756
f 10428 10632 10852
f 10411 10673 10839
f 10432 10661 10794
f 10392 10535 10699
f 10421 10601 10816
f 10404 10582 10740
f 10400 10552 10708
f 10417 10590 10771
f 10420 10596 10802
f 10427 10614 10820
f 10405 10560 10738
f 10406 10564 10714
f 10429 10643 10777
f 10396 10665 10808
f 10381 10629 10763
f 10377 10527 10695
f 10383 10534 10785
f 10386 10660 10836
f 10389 10672 10853
f 10397 10624 10821
f 10424 10619 10749
f 10409 10570 10717
f 10430 10636 10775
f 10395 10541 10797
f 10415 10611 10746
f 10399 10557 10710
f 10407 10565 10767
f 10419 10642 10804
f 10422 10668 10824
f 10425 10625 10762
f 10412 10618 10849
f 10410 10571 10831
f 10431 10637 10789
f 10394 10540 10702
f 10379 10521 10862
f 10375 10503 10856
f 10376 10498 10857
f 10382 10510 10864
f 10385 10516 10867
f 10390 10529 10870
f 10426 10631 10908
f 10413 10674 10893
f 10434 10662 10914
f 10393 10536 10873
f 10414 10599 10895
f 10401 10581 10883
f 10402 10554 10881
f 10416 10589 10897
f 10418 10594 10900
f 10423 10613 10904
f 10403 10558 10885
f 10408 10566 10888
f 10433 10644 10910
f 10398 10666 10878
f 10319 10688 10679
f 10316 10680 10675
f 10315 10678 10676
f 10317 10684 10682
f 10318 10687 10685
f 10321 10696 10694
f 10344 10764 10758
f 10374 10854 10845
f 10368 10837 10833
f 10351 10786 10784
f 10334 10733 10724
f 10331 10725 10720
f 10330 10723 10721
f 10332 10729 10727
f 10333 10732 10730
f 10338 10747 10742
f 10326 10711 10709
f 10345 10768 10766
f 10357 10805 10803
f 10364 10823 10811
f 10373 10851 10840
f 10341 10755 10750
f 10322 10698 10691
f 10354 10793 10781
f 10369 10838 10826
f 10343 10761 10754
f 10372 10850 10848
f 10366 10832 10830
f 10352 10790 10788
f 10323 10701 10697
f 10362 10819 10814
f 10335 10737 10735
f 10327 10713 10706
f 10348 10776 10769
f 10359 10809 10800
f 10363 10822 10818
f 10339 10748 10736
f 10328 10716 10712
f 10347 10774 10772
f 10355 10798 10796
f 10340 10753 10751
f 10320 10692 10690
f 10350 10782 10780
f 10365 10827 10825
f 10370 10843 10841
f 10360 10812 10810
f 10337 10745 10743
f 10329 10719 10715
f 10349 10779 10773
f 10358 10806 10795
f 10336 10741 10739
f 10325 10707 10705
f 10346 10770 10765
f 10356 10801 10799
f 10361 10817 10815
f 10342 10759 10757
f 10371 10846 10844
f 10367 10834 10829
f 10353 10792 10787
f 10324 10704 10700
f 10381 10861 10863
f 10377 10855 10859
f 10383 10858 10860
f 10386 10865 10866
f 10389 10868 10869
f 10397 10871 10872
f 10424 10905 10906
f 10409 10892 10891
f 10430 10912 10911
f 10395 10875 10874
f 10415 10894 10896
f 10399 10879 10880
f 10407 10884 10882
f 10419 10898 10899
f 10422 10901 10902
f 10425 10903 10907
f 10412 10886 10887
f 10410 10890 10889
f 10431 10913 10909
f 10394 10877 10876
f 10679 10436 10439
f 10675 10435 10436
f 10676 10437 10435
f 10682 10438 10437
f 10685 10439 10438
f 10694 10444 10441
f 10758 10462 10464
f 10845 10491 10494
f 10833 10487 10488
f 10784 10473 10471
f 10724 10451 10454
f 10720 10450 10451
f 10721 10452 10450
f 10727 10453 10452
f 10730 10454 10453
f 10742 10457 10458
f 10709 10449 10446
f 10766 10469 10465
f 10803 10478 10477
f 10811 10480 10484
f 10840 10490 10493
f 10750 10460 10461
f 10691 10440 10442
f 10781 10470 10474
f 10826 10485 10489
f 10754 10461 10463
f 10848 10493 10492
f 10830 10489 10486
f 10788 10474 10472
f 10697 10442 10443
f 10814 10481 10482
f 10735 10456 10455
f 10706 10445 10447
f 10769 10466 10468
f 10800 10476 10479
f 10818 10482 10483
f 10736 10455 10459
f 10712 10447 10448
f 10772 10468 10467
f 10796 10479 10475
f 10751 10464 10460
f 10690 10441 10440
f 10780 10471 10470
f 10825 10488 10485
f 10841 10494 10490
f 10810 10483 10480
f 10743 10459 10457
f 10715 10448 10449
f 10773 10467 10469
f 10795 10475 10478
f 10739 10458 10456
f 10705 10446 10445
f 10765 10465 10466
f 10799 10477 10476
f 10815 10484 10481
f 10757 10463 10462
f 10844 10492 10491
f 10829 10486 10487
f 10787 10472 10473
f 10700 10443 10444
f 10863 10630 10629
f 10859 10528 10527
f 10860 10533 10534
f 10866 10659 10660
f 10869 10671 10672
f 10872 10623 10624
f 10906 10620 10619
f 10891 10572 10570
f 10911 10638 10636
f 10874 10539 10541
f 10896 10612 10611
f 10880 10559 10557
f 10882 10563 10565
f 10899 10641 10642
f 10902 10667 10668
f 10907 10626 10625
f 10887 10617 10618
f 10889 10569 10571
f 10909 10635 10637
f 10876 10542 10540
f 10688 10519 10521
f 10680 10501 10503
f 10678 10495 10498
f 10684 10507 10510
f 10687 10513 10516
f 10696 10525 10529
f 10764 10627 10631
f 10854 10670 10674
f 10837 10658 10662
f 10786 10532 10536
f 10733 10597 10599
f 10725 10579 10581
f 10723 10550 10554
f 10729 10585 10589
f 10732 10591 10594
f 10747 10609 10613
f 10711 10555 10558
f 10768 10562 10566
f 10805 10640 10644
f 10823 10664 10666
f 10851 10628 10630
f 10755 10526 10528
f 10698 10531 10533
f 10793 10657 10659
f 10838 10669 10671
f 10761 10621 10623
f 10850 10616 10620
f 10832 10568 10572
f 10790 10634 10638
f 10701 10537 10539
f 10819 10610 10612
f 10737 10556 10559
f 10713 10561 10563
f 10776 10639 10641
f 10809 10663 10667
f 10822 10622 10626
f 10748 10615 10617
f 10716 10567 10569
f 10774 10633 10635
f 10798 10538 10542
f 10753 10502 10506
f 10692 10496 10499
f 10782 10508 10511
f 10827 10514 10517
f 10843 10520 10524
f 10812 10544 10547
f 10745 10603 10606
f 10719 10573 10576
f 10779 10645 10649
f 10806 10652 10654
f 10741 10580 10584
f 10707 10549 10551
f 10770 10586 10588
f 10801 10592 10595
f 10817 10598 10602
f 10759 10604 10607
f 10846 10574 10577
f 10834 10646 10648
f 10792 10651 10655
f 10704 10543 10546
f 10861 10506 10504
f 10855 10499 10497
f 10858 10511 10509
f 10865 10517 10515
f 10868 10524 10522
f 10871 10547 10545
f 10905 10606 10608
f 10892 10576 10578
f 10912 10649 10650
f 10875 10654 10653
f 10894 10584 10583
f 10879 10551 10553
f 10884 10588 10587
f 10898 10595 10593
f 10901 10602 10600
f 10903 10607 10605
f 10886 10577 10575
f 10890 10648 10647
f 10913 10655 10656
f 10877 10546 10548
f 10681 10504 10501
f 10677 10497 10495
f 10683 10509 10507
f 10686 10515 10513
f 10689 10522 10519
f 10703 10545 10543
f 10760 10608 10604
f 10847 10578 10574
f 10835 10650 10646
f 10791 10653 10651
f 10726 10583 10579
f 10722 10553 10550
f 10728 10587 10585
f 10731 10593 10591
f 10734 10600 10597
f 10744 10605 10603
f 10718 10575 10573
f 10778 10647 10645
f 10807 10656 10652
f 10813 10548 10544
f 10842 10523 10520
f 10752 10505 10502
f 10693 10500 10496
f 10783 10512 10508
f 10828 10518 10514
f 10756 10530 10526
f 10852 10632 10628
f 10839 10673 10669
f 10794 10661 10657
f 10699 10535 10531
f 10816 10601 10598
f 10740 10582 10580
f 10708 10552 10549
f 10771 10590 10586
f 10802 10596 10592
f 10820 10614 10610
f 10738 10560 10556
f 10714 10564 10561
f 10777 10643 10639
f 10808 10665 10663
f 10763 10629 10627
f 10695 10527 10525
f 10785 10534 10532
f 10836 10660 10658
f 10853 10672 10670
f 10821 10624 10622
f 10749 10619 10615
f 10717 10570 10567
f 10775 10636 10633
f 10797 10541 10538
f 10746 10611 10609
f 10710 10557 10555
f 10767 10565 10562
f 10804 10642 10640
f 10824 10668 10664
f 10762 10625 10621
f 10849 10618 10616
f 10831 10571 10568
f 10789 10637 10634
f 10702 10540 10537
f 10862 10521 10523
f 10856 10503 10505
f 10857 10498 10500
f 10864 10510 10512
f 10867 10516 10518
f 10870 10529 10530
f 10908 10631 10632
f 10893 10674 10673
f 10914 10662 10661
f 10873 10536 10535
f 10895 10599 10601
f 10883 10581 10582
f 10881 10554 10552
f 10897 10589 10590
f 10900 10594 10596
f 10904 10613 10614
f 10885 10558 10560
f 10888 10566 10564
f 10910 10644 10643
f 10878 10666 10665
f 10679 10688 10681
f 10675 10680 10677
f 10676 10678 10683
f 10682 10684 10686
f 10685 10687 10689
f 10694 10696 10703
f 10758 10764 10760
f 10845 10854 10847
f 10833 10837 10835
f 10784 10786 10791
f 10724 10733 10726
f 10720 10725 10722
f 10721 10723 10728
f 10727 10729 10731
f 10730 10732 10734
f 10742 10747 10744
f 10709 10711 10718
f 10766 10768 10778
f 10803 10805 10807
f 10811 10823 10813
f 10840 10851 10842
f 10750 10755 10752
f 10691 10698 10693
f 10781 10793 10783
f 10826 10838 10828
f 10754 10761 10756
f 10848 10850 10852
f 10830 10832 10839
f 10788 10790 10794
f 10697 10701 10699
f 10814 10819 10816
f 10735 10737 10740
f 10706 10713 10708
f 10769 10776 10771
f 10800 10809 10802
f 10818 10822 10820
f 10736 10748 10738
f 10712 10716 10714
f 10772 10774 10777
f 10796 10798 10808
f 10751 10753 10763
f 10690 10692 10695
f 10780 10782 10785
f 10825 10827 10836
f 10841 10843 10853
f 10810 10812 10821
f 10743 10745 10749
f 10715 10719 10717
f 10773 10779 10775
f 10795 10806 10797
f 10739 10741 10746
f 10705 10707 10710
f 10765 10770 10767
f 10799 10801 10804
f 10815 10817 10824
f 10757 10759 10762
f 10844 10846 10849
f 10829 10834 10831
f 10787 10792 10789
f 10700 10704 10702
f 10863 10861 10862
f 10859 10855 10856
f 10860 10858 10857
f 10866 10865 10864
f 10869 10868 10867
f 10872 10871 10870
f 10906 10905 10908
f 10891 10892 10893
f 10911 10912 10914
f 10874 10875 10873
f 10896 10894 10895
f 10880 10879 10883
f 10882 10884 10881
f 10899 10898 10897
f 10902 10901 10900
f 10907 10903 10904
f 10887 10886 10885
f 10889 10890 10888
f 10909 10913 10910
f 10876 10877 10878
f 10915 11081 11078
f 10915 11078 11077
f 10915 11077 11079
f 10915 11079 11080
f 10915 11080 11081
f 10916 11083 11086
f 10920 11106 11104
f 10926 11136 11133
f 10925 11130 11129
f 10922 11113 11115
f 10918 11096 11093
f 10918 11093 11092
f 10918 11092 11094
f 10918 11094 11095
f 10918 11095 11096
f 10919 11100 11099
f 10917 11088 11091
f 10921 11107 11111
f 10923 11119 11120
f 10924 11126 11122
f 10926 11135 11132
f 10920 11103 11102
f 10916 11084 11082
f 10922 11116 11112
f 10925 11131 11127
f 10920 11105 11103
f 10926 11134 11135
f 10925 11128 11131
f 10922 11114 11116
f 10916 11085 11084
f 10924 11124 11123
f 10919 11097 11098
f 10917 11089 11087
f 10921 11110 11108
f 10923 11121 11118
f 10924 11125 11124
f 10919 11101 11097
f 10917 11090 11089
f 10921 11109 11110
f 10923 11117 11121
f 10920 11102 11106
f 10916 11082 11083
f 10922 11112 11113
f 10925 11127 11130
f 10926 11132 11136
f 10924 11122 11125
f 10919 11099 11101
f 10917 11091 11090
f 10921 11111 11109
f 10923 11120 11117
f 10919 11098 11100
f 10917 11087 11088
f 10921 11108 11107
f 10923 11118 11119
f 10924 11123 11126
f 10920 11104 11105
f 10926 11133 11134
f 10925 11129 11128
f 10922 11115 11114
f 10916 11086 11085
f 10949 11271 11272
f 10932 11169 11170
f 10933 11176 11175
f 10954 11302 11301
f 10956 11314 11313
f 10948 11266 11265
f 10947 11261 11262
f 10939 11212 11214
f 10950 11278 11280
f 10934 11183 11181
f 10946 11253 11254
f 10937 11199 11201
f 10938 11207 11205
f 10951 11284 11283
f 10955 11310 11309
f 10948 11267 11268
f 10947 11260 11259
f 10939 11213 11211
f 10950 11279 11277
f 10934 11182 11184
f 10931 11163 11161
f 10928 11145 11143
f 10927 11140 11137
f 10929 11152 11149
f 10930 11158 11155
f 10932 11171 11167
f 10949 11273 11269
f 10956 11316 11312
f 10954 11304 11300
f 10933 11178 11174
f 10944 11241 11239
f 10941 11223 11221
f 10936 11196 11192
f 10942 11231 11227
f 10943 11236 11233
f 10946 11255 11251
f 10937 11200 11197
f 10938 11208 11204
f 10951 11286 11282
f 10955 11308 11306
f 10949 11272 11270
f 10932 11170 11168
f 10933 11175 11173
f 10954 11301 11299
f 10956 11313 11311
f 10948 11265 11263
f 10947 11262 11258
f 10939 11214 11210
f 10950 11280 11276
f 10934 11181 11179
f 10946 11254 11252
f 10937 11201 11198
f 10938 11205 11203
f 10951 11283 11281
f 10955 11309 11305
f 10948 11268 11264
f 10947 11259 11257
f 10939 11211 11209
f 10950 11277 11275
f 10934 11184 11180
f 10928 11148 11144
f 10927 11141 11138
f 10929 11153 11150
f 10930 11159 11156
f 10931 11166 11162
f 10935 11189 11186
f 10945 11248 11245
f 10940 11218 11215
f 10952 11291 11287
f 10953 11296 11294
f 10941 11226 11222
f 10936 11193 11191
f 10942 11230 11228
f 10943 11237 11234
f 10944 11244 11240
f 10945 11249 11246
f 10940 11219 11216
f 10952 11290 11288
f 10953 11297 11293
f 10935 11188 11185
f 10928 11146 11148
f 10927 11139 11141
f 10929 11151 11153
f 10930 11157 11159
f 10931 11164 11166
f 10935 11187 11189
f 10945 11250 11248
f 10940 11220 11218
f 10952 11292 11291
f 10953 11295 11296
f 10941 11225 11226
f 10936 11195 11193
f 10942 11229 11230
f 10943 11235 11237
f 10944 11242 11244
f 10945 11247 11249
f 10940 11217 11219
f 10952 11289 11290
f 10953 11298 11297
f 10935 11190 11188
f 10928 11143 11146
f 10927 11137 11139
f 10929 11149 11151
f 10930 11155 11157
f 10931 11161 11164
f 10935 11185 11187
f 10945 11246 11250
f 10940 11216 11220
f 10952 11288 11292
f 10953 11293 11295
f 10941 11221 11225
f 10936 11192 11195
f 10942 11227 11229
f 10943 11233 11235
f 10944 11239 11242
f 10945 11245 11247
f 10940 11215 11217
f 10952 11287 11289
f 10953 11294 11298
f 10935 11186 11190
f 10931 11162 11165
f 10928 11144 11147
f 10927 11138 11142
f 10929 11150 11154
f 10930 11156 11160
f 10932 11168 11172
f 10949 11270 11274
f 10956 11311 11315
f 10954 11299 11303
f 10933 11173 11177
f 10944 11240 11243
f 10941 11222 11224
f 10936 11191 11194
f 10942 11228 11232
f 10943 11234 11238
f 10946 11252 11256
f 10937 11198 11202
f 10938 11203 11206
f 10951 11281 11285
f 10955 11305 11307
f 10949 11269 11271
f 10932 11167 11169
f 10933 11174 11176
f 10954 11300 11302
f 10956 11312 11314
f 10948 11264 11266
f 10947 11257 11261
f 10939 11209 11212
f 10950 11275 11278
f 10934 11180 11183
f 10946 11251 11253
f 10937 11197 11199
f 10938 11204 11207
f 10951 11282 11284
f 10955 11306 11310
f 10948 11263 11267
f 10947 11258 11260
f 10939 11210 11213
f 10950 11276 11279
f 10934 11179 11182
f 10931 11165 11163
f 10928 11147 11145
f 10927 11142 11140
f 10929 11154 11152
f 10930 11160 11158
f 10932 11172 11171
f 10949 11274 11273
f 10956 11315 11316
f 10954 11303 11304
f 10933 11177 11178
f 10944 11243 11241
f 10941 11224 11223
f 10936 11194 11196
f 10942 11232 11231
f 10943 11238 11236
f 10946 11256 11255
f 10937 11202 11200
f 10938 11206 11208
f 10951 11285 11286
f 10955 11307 11308
f 11021 11323 11330
f 11017 11319 11322
f 11018 11325 11320
f 11024 11328 11326
f 11027 11331 11329
f 11032 11345 11338
f 11068 11402 11406
f 11055 11489 11496
f 11076 11477 11479
f 11035 11433 11428
f 11056 11368 11375
f 11043 11364 11367
f 11044 11370 11365
f 11058 11373 11371
f 11060 11376 11374
f 11065 11386 11389
f 11045 11360 11353
f 11050 11420 11410
f 11075 11449 11447
f 11040 11455 11465
f 11030 11484 11493
f 11022 11394 11397
f 11020 11335 11340
f 11026 11425 11435
f 11029 11470 11480
f 11033 11398 11403
f 11070 11494 11492
f 11053 11481 11474
f 11074 11436 11432
f 11034 11341 11343
f 11063 11458 11461
f 11046 11382 11379
f 11042 11350 11355
f 11059 11413 11418
f 11062 11444 11451
f 11069 11462 11464
f 11047 11380 11390
f 11048 11356 11358
f 11071 11419 11416
f 11038 11450 11440
f 11023 11405 11395
f 11019 11337 11334
f 11025 11427 11424
f 11028 11478 11469
f 11031 11495 11485
f 11039 11463 11454
f 11066 11391 11387
f 11051 11359 11361
f 11072 11417 11421
f 11037 11439 11448
f 11057 11388 11383
f 11041 11352 11349
f 11049 11409 11412
f 11061 11446 11443
f 11064 11466 11459
f 11067 11404 11401
f 11054 11491 11488
f 11052 11473 11476
f 11073 11431 11434
f 11036 11344 11346
f 11021 11504 11503
f 11017 11498 11497
f 11018 11499 11500
f 11024 11506 11507
f 11027 11509 11510
f 11032 11512 11513
f 11068 11550 11547
f 11055 11535 11534
f 11076 11556 11554
f 11035 11515 11517
f 11056 11537 11536
f 11043 11525 11521
f 11044 11523 11526
f 11058 11539 11540
f 11060 11542 11543
f 11065 11546 11545
f 11045 11527 11528
f 11050 11530 11532
f 11075 11552 11555
f 11040 11520 11519
f 10961 11321 11081
f 10958 11317 11078
f 10957 11318 11077
f 10959 11324 11079
f 10960 11327 11080
f 10963 11336 11083
f 10986 11400 11106
f 11016 11487 11136
f 11010 11475 11130
f 10993 11426 11113
f 10976 11366 11096
f 10973 11362 11093
f 10972 11363 11092
f 10974 11369 11094
f 10975 11372 11095
f 10980 11384 11100
f 10968 11351 11088
f 10987 11408 11107
f 10999 11445 11119
f 11006 11453 11126
f 11015 11482 11135
f 10983 11392 11103
f 10964 11333 11084
f 10996 11423 11116
f 11011 11468 11131
f 10985 11396 11105
f 11014 11490 11134
f 11008 11472 11128
f 10994 11430 11114
f 10965 11339 11085
f 11004 11456 11124
f 10977 11377 11097
f 10969 11348 11089
f 10990 11411 11110
f 11001 11442 11121
f 11005 11460 11125
f 10981 11378 11101
f 10970 11354 11090
f 10989 11414 11109
f 10997 11438 11117
f 10982 11393 11102
f 10962 11332 11082
f 10992 11422 11112
f 11007 11467 11127
f 11012 11483 11132
f 11002 11452 11122
f 10979 11385 11099
f 10971 11357 11091
f 10991 11415 11111
f 11000 11437 11120
f 10978 11381 11098
f 10967 11347 11087
f 10988 11407 11108
f 10998 11441 11118
f 11003 11457 11123
f 10984 11399 11104
f 11013 11486 11133
f 11009 11471 11129
f 10995 11429 11115
f 10966 11342 11086
f 11023 11505 11271
f 11019 11501 11169
f 11025 11502 11176
f 11028 11508 11302
f 11031 11511 11314
f 11039 11514 11266
f 11066 11548 11261
f 11051 11533 11212
f 11072 11553 11278
f 11037 11516 11183
f 11057 11538 11253
f 11041 11522 11199
f 11049 11524 11207
f 11061 11541 11284
f 11064 11544 11310
f 11067 11549 11267
f 11054 11529 11260
f 11052 11531 11213
f 11073 11551 11279
f 11036 11518 11182
f 11021 11330 11163
f 11017 11322 11145
f 11018 11320 11140
f 11024 11326 11152
f 11027 11329 11158
f 11032 11338 11171
f 11068 11406 11273
f 11055 11496 11316
f 11076 11479 11304
f 11035 11428 11178
f 11056 11375 11241
f 11043 11367 11223
f 11044 11365 11196
f 11058 11371 11231
f 11060 11374 11236
f 11065 11389 11255
f 11045 11353 11200
f 11050 11410 11208
f 11075 11447 11286
f 11040 11465 11308
f 11030 11493 11272
f 11022 11397 11170
f 11020 11340 11175
f 11026 11435 11301
f 11029 11480 11313
f 11033 11403 11265
f 11070 11492 11262
f 11053 11474 11214
f 11074 11432 11280
f 11034 11343 11181
f 11063 11461 11254
f 11046 11379 11201
f 11042 11355 11205
f 11059 11418 11283
f 11062 11451 11309
f 11069 11464 11268
f 11047 11390 11259
f 11048 11358 11211
f 11071 11416 11277
f 11038 11440 11184
f 11023 11395 11148
f 11019 11334 11141
f 11025 11424 11153
f 11028 11469 11159
f 11031 11485 11166
f 11039 11454 11189
f 11066 11387 11248
f 11051 11361 11218
f 11072 11421 11291
f 11037 11448 11296
f 11057 11383 11226
f 11041 11349 11193
f 11049 11412 11230
f 11061 11443 11237
f 11064 11459 11244
f 11067 11401 11249
f 11054 11488 11219
f 11052 11476 11290
f 11073 11434 11297
f 11036 11346 11188
f 11021 11503 11146
f 11017 11497 11139
f 11018 11500 11151
f 11024 11507 11157
f 11027 11510 11164
f 11032 11513 11187
f 11068 11547 11250
f 11055 11534 11220
f 11076 11554 11292
f 11035 11517 11295
f 11056 11536 11225
f 11043 11521 11195
f 11044 11526 11229
f 11058 11540 11235
f 11060 11543 11242
f 11065 11545 11247
f 11045 11528 11217
f 11050 11532 11289
f 11075 11555 11298
f 11040 11519 11190
f 10958 11323 11143
f 10957 11319 11137
f 10959 11325 11149
f 10960 11328 11155
f 10961 11331 11161
f 10966 11345 11185
f 10984 11402 11246
f 11013 11489 11216
f 11009 11477 11288
f 10995 11433 11293
f 10973 11368 11221
f 10972 11364 11192
f 10974 11370 11227
f 10975 11373 11233
f 10976 11376 11239
f 10979 11386 11245
f 10971 11360 11215
f 10991 11420 11287
f 11000 11449 11294
f 11002 11455 11186
f 11012 11484 11162
f 10982 11394 11144
f 10962 11335 11138
f 10992 11425 11150
f 11007 11470 11156
f 10983 11398 11168
f 11015 11494 11270
f 11011 11481 11311
f 10996 11436 11299
f 10964 11341 11173
f 11003 11458 11240
f 10978 11382 11222
f 10967 11350 11191
f 10988 11413 11228
f 10998 11444 11234
f 11004 11462 11252
f 10977 11380 11198
f 10969 11356 11203
f 10990 11419 11281
f 11001 11450 11305
f 10986 11405 11269
f 10963 11337 11167
f 10993 11427 11174
f 11010 11478 11300
f 11016 11495 11312
f 11005 11463 11264
f 10981 11391 11257
f 10970 11359 11209
f 10989 11417 11275
f 10997 11439 11180
f 10980 11388 11251
f 10968 11352 11197
f 10987 11409 11204
f 10999 11446 11282
f 11006 11466 11306
f 10985 11404 11263
f 11014 11491 11258
f 11008 11473 11210
f 10994 11431 11276
f 10965 11344 11179
f 11030 11504 11165
f 11022 11498 11147
f 11020 11499 11142
f 11026 11506 11154
f 11029 11509 11160
f 11033 11512 11172
f 11070 11550 11274
f 11053 11535 11315
f 11074 11556 11303
f 11034 11515 11177
f 11063 11537 11243
f 11046 11525 11224
f 11042 11523 11194
f 11059 11539 11232
f 11062 11542 11238
f 11069 11546 11256
f 11047 11527 11202
f 11048 11530 11206
f 11071 11552 11285
f 11038 11520 11307
f 10958 11321 11323
f 10957 11317 11319
f 10959 11318 11325
f 10960 11324 11328
f 10961 11327 11331
f 10966 11336 11345
f 10984 11400 11402
f 11013 11487 11489
f 11009 11475 11477
f 10995 11426 11433
f 10973 11366 11368
f 10972 11362 11364
f 10974 11363 11370
f 10975 11369 11373
f 10976 11372 11376
f 10979 11384 11386
f 10971 11351 11360
f 10991 11408 11420
f 11000 11445 11449
f 11002 11453 11455
f 11012 11482 11484
f 10982 11392 11394
f 10962 11333 11335
f 10992 11423 11425
f 11007 11468 11470
f 10983 11396 11398
f 11015 11490 11494
f 11011 11472 11481
f 10996 11430 11436
f 10964 11339 11341
f 11003 11456 11458
f 10978 11377 11382
f 10967 11348 11350
f 10988 11411 11413
f 10998 11442 11444
f 11004 11460 11462
f 10977 11378 11380
f 10969 11354 11356
f 10990 11414 11419
f 11001 11438 11450
f 10986 11393 11405
f 10963 11332 11337
f 10993 11422 11427
f 11010 11467 11478
f 11016 11483 11495
f 11005 11452 11463
f 10981 11385 11391
f 10970 11357 11359
f 10989 11415 11417
f 10997 11437 11439
f 10980 11381 11388
f 10968 11347 11352
f 10987 11407 11409
f 10999 11441 11446
f 11006 11457 11466
f 10985 11399 11404
f 11014 11486 11491
f 11008 11471 11473
f 10994 11429 11431
f 10965 11342 11344
f 11030 11505 11504
f 11022 11501 11498
f 11020 11502 11499
f 11026 11508 11506
f 11029 11511 11509
f 11033 11514 11512
f 11070 11548 11550
f 11053 11533 11535
f 11074 11553 11556
f 11034 11516 11515
f 11063 11538 11537
f 11046 11522 11525
f 11042 11524 11523
f 11059 11541 11539
f 11062 11544 11542
f 11069 11549 11546
f 11047 11529 11527
f 11048 11531 11530
f 11071 11551 11552
f 11038 11518 11520
f 10958 11078 11321
f 10957 11077 11317
f 10959 11079 11318
f 10960 11080 11324
f 10961 11081 11327
f 10966 11086 11336
f 10984 11104 11400
f 11013 11133 11487
f 11009 11129 11475
f 10995 11115 11426
f 10973 11093 11366
f 10972 11092 11362
f 10974 11094 11363
f 10975 11095 11369
f 10976 11096 11372
f 10979 11099 11384
f 10971 11091 11351
f 10991 11111 11408
f 11000 11120 11445
f 11002 11122 11453
f 11012 11132 11482
f 10982 11102 11392
f 10962 11082 11333
f 10992 11112 11423
f 11007 11127 11468
f 10983 11103 11396
f 11015 11135 11490
f 11011 11131 11472
f 10996 11116 11430
f 10964 11084 11339
f 11003 11123 11456
f 10978 11098 11377
f 10967 11087 11348
f 10988 11108 11411
f 10998 11118 11442
f 11004 11124 11460
f 10977 11097 11378
f 10969 11089 11354
f 10990 11110 11414
f 11001 11121 11438
f 10986 11106 11393
f 10963 11083 11332
f 10993 11113 11422
f 11010 11130 11467
f 11016 11136 11483
f 11005 11125 11452
f 10981 11101 11385
f 10970 11090 11357
f 10989 11109 11415
f 10997 11117 11437
f 10980 11100 11381
f 10968 11088 11347
f 10987 11107 11407
f 10999 11119 11441
f 11006 11126 11457
f 10985 11105 11399
f 11014 11134 11486
f 11008 11128 11471
f 10994 11114 11429
f 10965 11085 11342
f 11030 11272 11505
f 11022 11170 11501
f 11020 11175 11502
f 11026 11301 11508
f 11029 11313 11511
f 11033 11265 11514
f 11070 11262 11548
f 11053 11214 11533
f 11074 11280 11553
f 11034 11181 11516
f 11063 11254 11538
f 11046 11201 11522
f 11042 11205 11524
f 11059 11283 11541
f 11062 11309 11544
f 11069 11268 11549
f 11047 11259 11529
f 11048 11211 11531
f 11071 11277 11551
f 11038 11184 11518
f 10961 11161 11330
f 10958 11143 11322
f 10957 11137 11320
f 10959 11149 11326
f 10960 11155 11329
f 10963 11167 11338
f 10986 11269 11406
f 11016 11312 11496
f 11010 11300 11479
f 10993 11174 11428
f 10976 11239 11375
f 10973 11221 11367
f 10972 11192 11365
f 10974 11227 11371
f 10975 11233 11374
f 10980 11251 11389
f 10968 11197 11353
f 10987 11204 11410
f 10999 11282 11447
f 11006 11306 11465
f 11015 11270 11493
f 10983 11168 11397
f 10964 11173 11340
f 10996 11299 11435
f 11011 11311 11480
f 10985 11263 11403
f 11014 11258 11492
f 11008 11210 11474
f 10994 11276 11432
f 10965 11179 11343
f 11004 11252 11461
f 10977 11198 11379
f 10969 11203 11355
f 10990 11281 11418
f 11001 11305 11451
f 11005 11264 11464
f 10981 11257 11390
f 10970 11209 11358
f 10989 11275 11416
f 10997 11180 11440
f 10982 11144 11395
f 10962 11138 11334
f 10992 11150 11424
f 11007 11156 11469
f 11012 11162 11485
f 11002 11186 11454
f 10979 11245 11387
f 10971 11215 11361
f 10991 11287 11421
f 11000 11294 11448
f 10978 11222 11383
f 10967 11191 11349
f 10988 11228 11412
f 10998 11234 11443
f 11003 11240 11459
f 10984 11246 11401
f 11013 11216 11488
f 11009 11288 11476
f 10995 11293 11434
f 10966 11185 11346
f 11023 11148 11503
f 11019 11141 11497
f 11025 11153 11500
f 11028 11159 11507
f 11031 11166 11510
f 11039 11189 11513
f 11066 11248 11547
f 11051 11218 11534
f 11072 11291 11554
f 11037 11296 11517
f 11057 11226 11536
f 11041 11193 11521
f 11049 11230 11526
f 11061 11237 11540
f 11064 11244 11543
f 11067 11249 11545
f 11054 11219 11528
f 11052 11290 11532
f 11073 11297 11555
f 11036 11188 11519
f 11021 11146 11323
f 11017 11139 11319
f 11018 11151 11325
f 11024 11157 11328
f 11027 11164 11331
f 11032 11187 11345
f 11068 11250 11402
f 11055 11220 11489
f 11076 11292 11477
f 11035 11295 11433
f 11056 11225 11368
f 11043 11195 11364
f 11044 11229 11370
f 11058 11235 11373
f 11060 11242 11376
f 11065 11247 11386
f 11045 11217 11360
f 11050 11289 11420
f 11075 11298 11449
f 11040 11190 11455
f 11030 11165 11484
f 11022 11147 11394
f 11020 11142 11335
f 11026 11154 11425
f 11029 11160 11470
f 11033 11172 11398
f 11070 11274 11494
f 11053 11315 11481
f 11074 11303 11436
f 11034 11177 11341
f 11063 11243 11458
f 11046 11224 11382
f 11042 11194 11350
f 11059 11232 11413
f 11062 11238 11444
f 11069 11256 11462
f 11047 11202 11380
f 11048 11206 11356
f 11071 11285 11419
f 11038 11307 11450
f 11023 11271 11405
f 11019 11169 11337
f 11025 11176 11427
f 11028 11302 11478
f 11031 11314 11495
f 11039 11266 11463
f 11066 11261 11391
f 11051 11212 11359
f 11072 11278 11417
f 11037 11183 11439
f 11057 11253 11388
f 11041 11199 11352
f 11049 11207 11409
f 11061 11284 11446
f 11064 11310 11466
f 11067 11267 11404
f 11054 11260 11491
f 11052 11213 11473
f 11073 11279 11431
f 11036 11182 11344
f 11021 11163 11504
f 11017 11145 11498
f 11018 11140 11499
f 11024 11152 11506
f 11027 11158 11509
f 11032 11171 11512
f 11068 11273 11550
f 11055 11316 11535
f 11076 11304 11556
f 11035 11178 11515
f 11056 11241 11537
f 11043 11223 11525
f 11044 11196 11523
f 11058 11231 11539
f 11060 11236 11542
f 11065 11255 11546
f 11045 11200 11527
f 11050 11208 11530
f 11075 11286 11552
f 11040 11308 11520
f 10961 11330 11321
f 10958 11322 11317
f 10957 11320 11318
f 10959 11326 11324
f 10960 11329 11327
f 10963 11338 11336
f 10986 11406 11400
f 11016 11496 11487
f 11010 11479 11475
f 10993 11428 11426
f 10976 11375 11366
f 10973 11367 11362
f 10972 11365 11363
f 10974 11371 11369
f 10975 11374 11372
f 10980 11389 11384
f 10968 11353 11351
f 10987 11410 11408
f 10999 11447 11445
f 11006 11465 11453
f 11015 11493 11482
f 10983 11397 11392
f 10964 11340 11333
f 10996 11435 11423
f 11011 11480 11468
f 10985 11403 11396
f 11014 11492 11490
f 11008 11474 11472
f 10994 11432 11430
f 10965 11343 11339
f 11004 11461 11456
f 10977 11379 11377
f 10969 11355 11348
f 10990 11418 11411
f 11001 11451 11442
f 11005 11464 11460
f 10981 11390 11378
f 10970 11358 11354
f 10989 11416 11414
f 10997 11440 11438
f 10982 11395 11393
f 10962 11334 11332
f 10992 11424 11422
f 11007 11469 11467
f 11012 11485 11483
f 11002 11454 11452
f 10979 11387 11385
f 10971 11361 11357
f 10991 11421 11415
f 11000 11448 11437
f 10978 11383 11381
f 10967 11349 11347
f 10988 11412 11407
f 10998 11443 11441
f 11003 11459 11457
f 10984 11401 11399
f 11013 11488 11486
f 11009 11476 11471
f 10995 11434 11429
f 10966 11346 11342
f 11023 11503 11505
f 11019 11497 11501
f 11025 11500 11502
f 11028 11507 11508
f 11031 11510 11511
f 11039 11513 11514
f 11066 11547 11548
f 11051 11534 11533
f 11072 11554 11553
f 11037 11517 11516
f 11057 11536 11538
f 11041 11521 11522
f 11049 11526 11524
f 11061 11540 11541
f 11064 11543 11544
f 11067 11545 11549
f 11054 11528 11529
f 11052 11532 11531
f 11073 11555 11551
f 11036 11519 11518
f 11321 11078 11081
f 11317 11077 11078
f 11318 11079 11077
f 11324 11080 11079
f 11327 11081 11080
f 11336 11086 11083
f 11400 11104 11106
f 11487 11133 11136
f 11475 11129 11130
f 11426 11115 11113
f 11366 11093 11096
f 11362 11092 11093
f 11363 11094 11092
f 11369 11095 11094
f 11372 11096 11095
f 11384 11099 11100
f 11351 11091 11088
f 11408 11111 11107
f 11445 11120 11119
f 11453 11122 11126
f 11482 11132 11135
f 11392 11102 11103
f 11333 11082 11084
f 11423 11112 11116
f 11468 11127 11131
f 11396 11103 11105
f 11490 11135 11134
f 11472 11131 11128
f 11430 11116 11114
f 11339 11084 11085
f 11456 11123 11124
f 11377 11098 11097
f 11348 11087 11089
f 11411 11108 11110
f 11442 11118 11121
f 11460 11124 11125
f 11378 11097 11101
f 11354 11089 11090
f 11414 11110 11109
f 11438 11121 11117
f 11393 11106 11102
f 11332 11083 11082
f 11422 11113 11112
f 11467 11130 11127
f 11483 11136 11132
f 11452 11125 11122
f 11385 11101 11099
f 11357 11090 11091
f 11415 11109 11111
f 11437 11117 11120
f 11381 11100 11098
f 11347 11088 11087
f 11407 11107 11108
f 11441 11119 11118
f 11457 11126 11123
f 11399 11105 11104
f 11486 11134 11133
f 11471 11128 11129
f 11429 11114 11115
f 11342 11085 11086
f 11505 11272 11271
f 11501 11170 11169
f 11502 11175 11176
f 11508 11301 11302
f 11511 11313 11314
f 11514 11265 11266
f 11548 11262 11261
f 11533 11214 11212
f 11553 11280 11278
f 11516 11181 11183
f 11538 11254 11253
f 11522 11201 11199
f 11524 11205 11207
f 11541 11283 11284
f 11544 11309 11310
f 11549 11268 11267
f 11529 11259 11260
f 11531 11211 11213
f 11551 11277 11279
f 11518 11184 11182
f 11330 11161 11163
f 11322 11143 11145
f 11320 11137 11140
f 11326 11149 11152
f 11329 11155 11158
f 11338 11167 11171
f 11406 11269 11273
f 11496 11312 11316
f 11479 11300 11304
f 11428 11174 11178
f 11375 11239 11241
f 11367 11221 11223
f 11365 11192 11196
f 11371 11227 11231
f 11374 11233 11236
f 11389 11251 11255
f 11353 11197 11200
f 11410 11204 11208
f 11447 11282 11286
f 11465 11306 11308
f 11493 11270 11272
f 11397 11168 11170
f 11340 11173 11175
f 11435 11299 11301
f 11480 11311 11313
f 11403 11263 11265
f 11492 11258 11262
f 11474 11210 11214
f 11432 11276 11280
f 11343 11179 11181
f 11461 11252 11254
f 11379 11198 11201
f 11355 11203 11205
f 11418 11281 11283
f 11451 11305 11309
f 11464 11264 11268
f 11390 11257 11259
f 11358 11209 11211
f 11416 11275 11277
f 11440 11180 11184
f 11395 11144 11148
f 11334 11138 11141
f 11424 11150 11153
f 11469 11156 11159
f 11485 11162 11166
f 11454 11186 11189
f 11387 11245 11248
f 11361 11215 11218
f 11421 11287 11291
f 11448 11294 11296
f 11383 11222 11226
f 11349 11191 11193
f 11412 11228 11230
f 11443 11234 11237
f 11459 11240 11244
f 11401 11246 11249
f 11488 11216 11219
f 11476 11288 11290
f 11434 11293 11297
f 11346 11185 11188
f 11503 11148 11146
f 11497 11141 11139
f 11500 11153 11151
f 11507 11159 11157
f 11510 11166 11164
f 11513 11189 11187
f 11547 11248 11250
f 11534 11218 11220
f 11554 11291 11292
f 11517 11296 11295
f 11536 11226 11225
f 11521 11193 11195
f 11526 11230 11229
f 11540 11237 11235
f 11543 11244 11242
f 11545 11249 11247
f 11528 11219 11217
f 11532 11290 11289
f 11555 11297 11298
f 11519 11188 11190
f 11323 11146 11143
f 11319 11139 11137
f 11325 11151 11149
f 11328 11157 11155
f 11331 11164 11161
f 11345 11187 11185
f 11402 11250 11246
f 11489 11220 11216
f 11477 11292 11288
f 11433 11295 11293
f 11368 11225 11221
f 11364 11195 11192
f 11370 11229 11227
f 11373 11235 11233
f 11376 11242 11239
f 11386 11247 11245
f 11360 11217 11215
f 11420 11289 11287
f 11449 11298 11294
f 11455 11190 11186
f 11484 11165 11162
f 11394 11147 11144
f 11335 11142 11138
f 11425 11154 11150
f 11470 11160 11156
f 11398 11172 11168
f 11494 11274 11270
f 11481 11315 11311
f 11436 11303 11299
f 11341 11177 11173
f 11458 11243 11240
f 11382 11224 11222
f 11350 11194 11191
f 11413 11232 11228
f 11444 11238 11234
f 11462 11256 11252
f 11380 11202 11198
f 11356 11206 11203
f 11419 11285 11281
f 11450 11307 11305
f 11405 11271 11269
f 11337 11169 11167
f 11427 11176 11174
f 11478 11302 11300
f 11495 11314 11312
f 11463 11266 11264
f 11391 11261 11257
f 11359 11212 11209
f 11417 11278 11275
f 11439 11183 11180
f 11388 11253 11251
f 11352 11199 11197
f 11409 11207 11204
f 11446 11284 11282
f 11466 11310 11306
f 11404 11267 11263
f 11491 11260 11258
f 11473 11213 11210
f 11431 11279 11276
f 11344 11182 11179
f 11504 11163 11165
f 11498 11145 11147
f 11499 11140 11142
f 11506 11152 11154
f 11509 11158 11160
f 11512 11171 11172
f 11550 11273 11274
f 11535 11316 11315
f 11556 11304 11303
f 11515 11178 11177
f 11537 11241 11243
f 11525 11223 11224
f 11523 11196 11194
f 11539 11231 11232
f 11542 11236 11238
f 11546 11255 11256
f 11527 11200 11202
f 11530 11208 11206
f 11552 11286 11285
f 11520 11308 11307
f 11321 11330 11323
f 11317 11322 11319
f 11318 11320 11325
f 11324 11326 11328
f 11327 11329 11331
f 11336 11338 11345
f 11400 11406 11402
f 11487 11496 11489
f 11475 11479 11477
f 11426 11428 11433
f 11366 11375 11368
f 11362 11367 11364
f 11363 11365 11370
f 11369 11371 11373
f 11372 11374 11376
f 11384 11389 11386
f 11351 11353 11360
f 11408 11410 11420
f 11445 11447 11449
f 11453 11465 11455
f 11482 11493 11484
f 11392 11397 11394
f 11333 11340 11335
f 11423 11435 11425
f 11468 11480 11470
f 11396 11403 11398
f 11490 11492 11494
f 11472 11474 11481
f 11430 11432 11436
f 11339 11343 11341
f 11456 11461 11458
f 11377 11379 11382
f 11348 11355 11350
f 11411 11418 11413
f 11442 11451 11444
f 11460 11464 11462
f 11378 11390 11380
f 11354 11358 11356
f 11414 11416 11419
f 11438 11440 11450
f 11393 11395 11405
f 11332 11334 11337
f 11422 11424 11427
f 11467 11469 11478
f 11483 11485 11495
f 11452 11454 11463
f 11385 11387 11391
f 11357 11361 11359
f 11415 11421 11417
f 11437 11448 11439
f 11381 11383 11388
f 11347 11349 11352
f 11407 11412 11409
f 11441 11443 11446
f 11457 11459 11466
f 11399 11401 11404
f 11486 11488 11491
f 11471 11476 11473
f 11429 11434 11431
f 11342 11346 11344
f 11505 11503 11504
f 11501 11497 11498
f 11502 11500 11499
f 11508 11507 11506
f 11511 11510 11509
f 11514 11513 11512
f 11548 11547 11550
f 11533 11534 11535
f 11553 11554 11556
f 11516 11517 11515
f 11538 11536 11537
f 11522 11521 11525
f 11524 11526 11523
f 11541 11540 11539
f 11544 11543 11542
f 11549 11545 11546
f 11529 11528 11527
f 11531 11532 11530
f 11551 11555 11552
f 11518 11519 11520
f 11557 11723 11720
f 11557 11720 11719
f 11557 11719 11721
f 11557 11721 11722
f 11557 11722 11723
f 11558 11725 11728
f 11562 11748 11746
f 11568 11778 11775
f 11567 11772 11771
f 11564 11755 11757
f 11560 11738 11735
f 11560 11735 11734
f 11560 11734 11736
f 11560 11736 11737
f 11560 11737 11738
f 11561 11742 11741
f 11559 11730 11733
f 11563 11749 11753
f 11565 11761 11762
f 11566 11768 11764
f 11568 11777 11774
f 11562 11745 11744
f 11558 11726 11724
f 11564 11758 11754
f 11567 11773 11769
f 11562 11747 11745
f 11568 11776 11777
f 11567 11770 11773
f 11564 11756 11758
f 11558 11727 11726
f 11566 11766 11765
f 11561 11739 11740
f 11559 11731 11729
f 11563 11752 11750
f 11565 11763 11760
f 11566 11767 11766
f 11561 11743 11739
f 11559 11732 11731
f 11563 11751 11752
f 11565 11759 11763
f 11562 11744 11748
f 11558 11724 11725
f 11564 11754 11755
f 11567 11769 11772
f 11568 11774 11778
f 11566 11764 11767
f 11561 11741 11743
f 11559 11733 11732
f 11563 11753 11751
f 11565 11762 11759
f 11561 11740 11742
f 11559 11729 11730
f 11563 11750 11749
f 11565 11760 11761
f 11566 11765 11768
f 11562 11746 11747
f 11568 11775 11776
f 11567 11771 11770
f 11564 11757 11756
f 11558 11728 11727
f 11591 11913 11914
f 11574 11811 11812
f 11575 11818 11817
f 11596 11944 11943
f 11598 11956 11955
f 11590 11908 11907
f 11589 11903 11904
f 11581 11854 11856
f 11592 11920 11922
f 11576 11825 11823
f 11588 11895 11896
f 11579 11841 11843
f 11580 11849 11847
f 11593 11926 11925
f 11597 11952 11951
f 11590 11909 11910
f 11589 11902 11901
f 11581 11855 11853
f 11592 11921 11919
f 11576 11824 11826
f 11573 11805 11803
f 11570 11787 11785
f 11569 11782 11779
f 11571 11794 11791
f 11572 11800 11797
f 11574 11813 11809
f 11591 11915 11911
f 11598 11958 11954
f 11596 11946 11942
f 11575 11820 11816
f 11586 11883 11881
f 11583 11865 11863
f 11578 11838 11834
f 11584 11873 11869
f 11585 11878 11875
f 11588 11897 11893
f 11579 11842 11839
f 11580 11850 11846
f 11593 11928 11924
f 11597 11950 11948
f 11591 11914 11912
f 11574 11812 11810
f 11575 11817 11815
f 11596 11943 11941
f 11598 11955 11953
f 11590 11907 11905
f 11589 11904 11900
f 11581 11856 11852
f 11592 11922 11918
f 11576 11823 11821
f 11588 11896 11894
f 11579 11843 11840
f 11580 11847 11845
f 11593 11925 11923
f 11597 11951 11947
f 11590 11910 11906
f 11589 11901 11899
f 11581 11853 11851
f 11592 11919 11917
f 11576 11826 11822
f 11570 11790 11786
f 11569 11783 11780
f 11571 11795 11792
f 11572 11801 11798
f 11573 11808 11804
f 11577 11831 11828
f 11587 11890 11887
f 11582 11860 11857
f 11594 11933 11929
f 11595 11938 11936
f 11583 11868 11864
f 11578 11835 11833
f 11584 11872 11870
f 11585 11879 11876
f 11586 11886 11882
f 11587 11891 11888
f 11582 11861 11858
f 11594 11932 11930
f 11595 11939 11935
f 11577 11830 11827
f 11570 11788 11790
f 11569 11781 11783
f 11571 11793 11795
f 11572 11799 11801
f 11573 11806 11808
f 11577 11829 11831
f 11587 11892 11890
f 11582 11862 11860
f 11594 11934 11933
f 11595 11937 11938
f 11583 11867 11868
f 11578 11837 11835
f 11584 11871 11872
f 11585 11877 11879
f 11586 11884 11886
f 11587 11889 11891
f 11582 11859 11861
f 11594 11931 11932
f 11595 11940 11939
f 11577 11832 11830
f 11570 11785 11788
f 11569 11779 11781
f 11571 11791 11793
f 11572 11797 11799
f 11573 11803 11806
f 11577 11827 11829
f 11587 11888 11892
f 11582 11858 11862
f 11594 11930 11934
f 11595 11935 11937
f 11583 11863 11867
f 11578 11834 11837
f 11584 11869 11871
f 11585 11875 11877
f 11586 11881 11884
f 11587 11887 11889
f 11582 11857 11859
f 11594 11929 11931
f 11595 11936 11940
f 11577 11828 11832
f 11573 11804 11807
f 11570 11786 11789
f 11569 11780 11784
f 11571 11792 11796
f 11572 11798 11802
f 11574 11810 11814
f 11591 11912 11916
f 11598 11953 11957
f 11596 11941 11945
f 11575 11815 11819
f 11586 11882 11885
f 11583 11864 11866
f 11578 11833 11836
f 11584 11870 11874
f 11585 11876 11880
f 11588 11894 11898
f 11579 11840 11844
f 11580 11845 11848
f 11593 11923 11927
f 11597 11947 11949
f 11591 11911 11913
f 11574 11809 11811
f 11575 11816 11818
f 11596 11942 11944
f 11598 11954 11956
f 11590 11906 11908
f 11589 11899 11903
f 11581 11851 11854
f 11592 11917 11920
f 11576 11822 11825
f 11588 11893 11895
f 11579 11839 11841
f 11580 11846 11849
f 11593 11924 11926
f 11597 11948 11952
f 11590 11905 11909
f 11589 11900 11902
f 11581 11852 11855
f 11592 11918 11921
f 11576 11821 11824
f 11573 11807 11805
f 11570 11789 11787
f 11569 11784 11782
f 11571 11796 11794
f 11572 11802 11800
f 11574 11814 11813
f 11591 11916 11915
f 11598 11957 11958
f 11596 11945 11946
f 11575 11819 11820
f 11586 11885 11883
f 11583 11866 11865
f 11578 11836 11838
f 11584 11874 11873
f 11585 11880 11878
f 11588 11898 11897
f 11579 11844 11842
f 11580 11848 11850
f 11593 11927 11928
f 11597 11949 11950
f 11663 11965 11972
f 11659 11961 11964
f 11660 11967 11962
f 11666 11970 11968
f 11669 11973 11971
f 11674 11987 11980
f 11710 12044 12048
f 11697 12131 12138
f 11718 12119 12121
f 11677 12075 12070
f 11698 12010 12017
f 11685 12006 12009
f 11686 12012 12007
f 11700 12015 12013
f 11702 12018 12016
f 11707 12028 12031
f 11687 12002 11995
f 11692 12062 12052
f 11717 12091 12089
f 11682 12097 12107
f 11672 12126 12135
f 11664 12036 12039
f 11662 11977 11982
f 11668 12067 12077
f 11671 12112 12122
f 11675 12040 12045
f 11712 12136 12134
f 11695 12123 12116
f 11716 12078 12074
f 11676 11983 11985
f 11705 12100 12103
f 11688 12024 12021
f 11684 11992 11997
f 11701 12055 12060
f 11704 12086 12093
f 11711 12104 12106
f 11689 12022 12032
f 11690 11998 12000
f 11713 12061 12058
f 11680 12092 12082
f 11665 12047 12037
f 11661 11979 11976
f 11667 12069 12066
f 11670 12120 12111
f 11673 12137 12127
f 11681 12105 12096
f 11708 12033 12029
f 11693 12001 12003
f 11714 12059 12063
f 11679 12081 12090
f 11699 12030 12025
f 11683 11994 11991
f 11691 12051 12054
f 11703 12088 12085
f 11706 12108 12101
f 11709 12046 12043
f 11696 12133 12130
f 11694 12115 12118
f 11715 12073 12076
f 11678 11986 11988
f 11663 12146 12145
f 11659 12140 12139
f 11660 12141 12142
f 11666 12148 12149
f 11669 12151 12152
f 11674 12154 12155
f 11710 12192 12189
f 11697 12177 12176
f 11718 12198 12196
f 11677 12157 12159
f 11698 12179 12178
f 11685 12167 12163
f 11686 12165 12168
f 11700 12181 12182
f 11702 12184 12185
f 11707 12188 12187
f 11687 12169 12170
f 11692 12172 12174
f 11717 12194 12197
f 11682 12162 12161
f 11603 11963 11723
f 11600 11959 11720
f 11599 11960 11719
f 11601 11966 11721
f 11602 11969 11722
f 11605 11978 11725
f 11628 12042 11748
f 11658 12129 11778
f 11652 12117 11772
f 11635 12068 11755
f 11618 12008 11738
f 11615 12004 11735
f 11614 12005 11734
f 11616 12011 11736
f 11617 12014 11737
f 11622 12026 11742
f 11610 11993 11730
f 11629 12050 11749
f 11641 12087 11761
f 11648 12095 11768
f 11657 12124 11777
f 11625 12034 11745
f 11606 11975 11726
f 11638 12065 11758
f 11653 12110 11773
f 11627 12038 11747
f 11656 12132 11776
f 11650 12114 11770
f 11636 12072 11756
f 11607 11981 11727
f 11646 12098 11766
f 11619 12019 11739
f 11611 11990 11731
f 11632 12053 11752
f 11643 12084 11763
f 11647 12102 11767
f 11623 12020 11743
f 11612 11996 11732
f 11631 12056 11751
f 11639 12080 11759
f 11624 12035 11744
f 11604 11974 11724
f 11634 12064 11754
f 11649 12109 11769
f 11654 12125 11774
f 11644 12094 11764
f 11621 12027 11741
f 11613 11999 11733
f 11633 12057 11753
f 11642 12079 11762
f 11620 12023 11740
f 11609 11989 11729
f 11630 12049 11750
f 11640 12083 11760
f 11645 12099 11765
f 11626 12041 11746
f 11655 12128 11775
f 11651 12113 11771
f 11637 12071 11757
f 11608 11984 11728
f 11665 12147 11913
f 11661 12143 11811
f 11667 12144 11818
f 11670 12150 11944
f 11673 12153 11956
f 11681 12156 11908
f 11708 12190 11903
f 11693 12175 11854
f 11714 12195 11920
f 11679 12158 11825
f 11699 12180 11895
f 11683 12164 11841
f 11691 12166 11849
f 11703 12183 11926
f 11706 12186 11952
f 11709 12191 11909
f 11696 12171 11902
f 11694 12173 11855
f 11715 12193 11921
f 11678 12160 11824
f 11663 11972 11805
f 11659 11964 11787
f 11660 11962 11782
f 11666 11968 11794
f 11669 11971 11800
f 11674 11980 11813
f 11710 12048 11915
f 11697 12138 11958
f 11718 12121 11946
f 11677 12070 11820
f 11698 12017 11883
f 11685 12009 11865
f 11686 12007 11838
f 11700 12013 11873
f 11702 12016 11878
f 11707 12031 11897
f 11687 11995 11842
f 11692 12052 11850
f 11717 12089 11928
f 11682 12107 11950
f 11672 12135 11914
f 11664 12039 11812
f 11662 11982 11817
f 11668 12077 11943
f 11671 12122 11955
f 11675 12045 11907
f 11712 12134 11904
f 11695 12116 11856
f 11716 12074 11922
f 11676 11985 11823
f 11705 12103 11896
f 11688 12021 11843
f 11684 11997 11847
f 11701 12060 11925
f 11704 12093 11951
f 11711 12106 11910
f 11689 12032 11901
f 11690 12000 11853
f 11713 12058 11919
f 11680 12082 11826
f 11665 12037 11790
f 11661 11976 11783
f 11667 12066 11795
f 11670 12111 11801
f 11673 12127 11808
f 11681 12096 11831
f 11708 12029 11890
f 11693 12003 11860
f 11714 12063 11933
f 11679 12090 11938
f 11699 12025 11868
f 11683 11991 11835
f 11691 12054 11872
f 11703 12085 11879
f 11706 12101 11886
f 11709 12043 11891
f 11696 12130 11861
f 11694 12118 11932
f 11715 12076 11939
f 11678 11988 11830
f 11663 12145 11788
f 11659 12139 11781
f 11660 12142 11793
f 11666 12149 11799
f 11669 12152 11806
f 11674 12155 11829
f 11710 12189 11892
f 11697 12176 11862
f 11718 12196 11934
f 11677 12159 11937
f 11698 12178 11867
f 11685 12163 11837
f 11686 12168 11871
f 11700 12182 11877
f 11702 12185 11884
f 11707 12187 11889
f 11687 12170 11859
f 11692 12174 11931
f 11717 12197 11940
f 11682 12161 11832
f 11600 11965 11785
f 11599 11961 11779
f 11601 11967 11791
f 11602 11970 11797
f 11603 11973 11803
f 11608 11987 11827
f 11626 12044 11888
f 11655 12131 11858
f 11651 12119 11930
f 11637 12075 11935
f 11615 12010 11863
f 11614 12006 11834
f 11616 12012 11869
f 11617 12015 11875
f 11618 12018 11881
f 11621 12028 11887
f 11613 12002 11857
f 11633 12062 11929
f 11642 12091 11936
f 11644 12097 11828
f 11654 12126 11804
f 11624 12036 11786
f 11604 11977 11780
f 11634 12067 11792
f 11649 12112 11798
f 11625 12040 11810
f 11657 12136 11912
f 11653 12123 11953
f 11638 12078 11941
f 11606 11983 11815
f 11645 12100 11882
f 11620 12024 11864
f 11609 11992 11833
f 11630 12055 11870
f 11640 12086 11876
f 11646 12104 11894
f 11619 12022 11840
f 11611 11998 11845
f 11632 12061 11923
f 11643 12092 11947
f 11628 12047 11911
f 11605 11979 11809
f 11635 12069 11816
f 11652 12120 11942
f 11658 12137 11954
f 11647 12105 11906
f 11623 12033 11899
f 11612 12001 11851
f 11631 12059 11917
f 11639 12081 11822
f 11622 12030 11893
f 11610 11994 11839
f 11629 12051 11846
f 11641 12088 11924
f 11648 12108 11948
f 11627 12046 11905
f 11656 12133 11900
f 11650 12115 11852
f 11636 12073 11918
f 11607 11986 11821
f 11672 12146 11807
f 11664 12140 11789
f 11662 12141 11784
f 11668 12148 11796
f 11671 12151 11802
f 11675 12154 11814
f 11712 12192 11916
f 11695 12177 11957
f 11716 12198 11945
f 11676 12157 11819
f 11705 12179 11885
f 11688 12167 11866
f 11684 12165 11836
f 11701 12181 11874
f 11704 12184 11880
f 11711 12188 11898
f 11689 12169 11844
f 11690 12172 11848
f 11713 12194 11927
f 11680 12162 11949
f 11600 11963 11965
f 11599 11959 11961
f 11601 11960 11967
f 11602 11966 11970
f 11603 11969 11973
f 11608 11978 11987
f 11626 12042 12044
f 11655 12129 12131
f 11651 12117 12119
f 11637 12068 12075
f 11615 12008 12010
f 11614 12004 12006
f 11616 12005 12012
f 11617 12011 12015
f 11618 12014 12018
f 11621 12026 12028
f 11613 11993 12002
f 11633 12050 12062
f 11642 12087 12091
f 11644 12095 12097
f 11654 12124 12126
f 11624 12034 12036
f 11604 11975 11977
f 11634 12065 12067
f 11649 12110 12112
f 11625 12038 12040
f 11657 12132 12136
f 11653 12114 12123
f 11638 12072 12078
f 11606 11981 11983
f 11645 12098 12100
f 11620 12019 12024
f 11609 11990 11992
f 11630 12053 12055
f 11640 12084 12086
f 11646 12102 12104
f 11619 12020 12022
f 11611 11996 11998
f 11632 12056 12061
f 11643 12080 12092
f 11628 12035 12047
f 11605 11974 11979
f 11635 12064 12069
f 11652 12109 12120
f 11658 12125 12137
f 11647 12094 12105
f 11623 12027 12033
f 11612 11999 12001
f 11631 12057 12059
f 11639 12079 12081
f 11622 12023 12030
f 11610 11989 11994
f 11629 12049 12051
f 11641 12083 12088
f 11648 12099 12108
f 11627 12041 12046
f 11656 12128 12133
f 11650 12113 12115
f 11636 12071 12073
f 11607 11984 11986
f 11672 12147 12146
f 11664 12143 12140
f 11662 12144 12141
f 11668 12150 12148
f 11671 12153 12151
f 11675 12156 12154
f 11712 12190 12192
f 11695 12175 12177
f 11716 12195 12198
f 11676 12158 12157
f 11705 12180 12179
f 11688 12164 12167
f 11684 12166 12165
f 11701 12183 12181
f 11704 12186 12184
f 11711 12191 12188
f 11689 12171 12169
f 11690 12173 12172
f 11713 12193 12194
f 11680 12160 12162
f 11600 11720 11963
f 11599 11719 11959
f 11601 11721 11960
f 11602 11722 11966
f 11603 11723 11969
f 11608 11728 11978
f 11626 11746 12042
f 11655 11775 12129
f 11651 11771 12117
f 11637 11757 12068
f 11615 11735 12008
f 11614 11734 12004
f 11616 11736 12005
f 11617 11737 12011
f 11618 11738 12014
f 11621 11741 12026
f 11613 11733 11993
f 11633 11753 12050
f 11642 11762 12087
f 11644 11764 12095
f 11654 11774 12124
f 11624 11744 12034
f 11604 11724 11975
f 11634 11754 12065
f 11649 11769 12110
f 11625 11745 12038
f 11657 11777 12132
f 11653 11773 12114
f 11638 11758 12072
f 11606 11726 11981
f 11645 11765 12098
f 11620 11740 12019
f 11609 11729 11990
f 11630 11750 12053
f 11640 11760 12084
f 11646 11766 12102
f 11619 11739 12020
f 11611 11731 11996
f 11632 11752 12056
f 11643 11763 12080
f 11628 11748 12035
f 11605 11725 11974
f 11635 11755 12064
f 11652 11772 12109
f 11658 11778 12125
f 11647 11767 12094
f 11623 11743 12027
f 11612 11732 11999
f 11631 11751 12057
f 11639 11759 12079
f 11622 11742 12023
f 11610 11730 11989
f 11629 11749 12049
f 11641 11761 12083
f 11648 11768 12099
f 11627 11747 12041
f 11656 11776 12128
f 11650 11770 12113
f 11636 11756 12071
f 11607 11727 11984
f 11672 11914 12147
f 11664 11812 12143
f 11662 11817 12144
f 11668 11943 12150
f 11671 11955 12153
f 11675 11907 12156
f 11712 11904 12190
f 11695 11856 12175
f 11716 11922 12195
f 11676 11823 12158
f 11705 11896 12180
f 11688 11843 12164
f 11684 11847 12166
f 11701 11925 12183
f 11704 11951 12186
f 11711 11910 12191
f 11689 11901 12171
f 11690 11853 12173
f 11713 11919 12193
f 11680 11826 12160
f 11603 11803 11972
f 11600 11785 11964
f 11599 11779 11962
f 11601 11791 11968
f 11602 11797 11971
f 11605 11809 11980
f 11628 11911 12048
f 11658 11954 12138
f 11652 11942 12121
f 11635 11816 12070
f 11618 11881 12017
f 11615 11863 12009
f 11614 11834 12007
f 11616 11869 12013
f 11617 11875 12016
f 11622 11893 12031
f 11610 11839 11995
f 11629 11846 12052
f 11641 11924 12089
f 11648 11948 12107
f 11657 11912 12135
f 11625 11810 12039
f 11606 11815 11982
f 11638 11941 12077
f 11653 11953 12122
f 11627 11905 12045
f 11656 11900 12134
f 11650 11852 12116
f 11636 11918 12074
f 11607 11821 11985
f 11646 11894 12103
f 11619 11840 12021
f 11611 11845 11997
f 11632 11923 12060
f 11643 11947 12093
f 11647 11906 12106
f 11623 11899 12032
f 11612 11851 12000
f 11631 11917 12058
f 11639 11822 12082
f 11624 11786 12037
f 11604 11780 11976
f 11634 11792 12066
f 11649 11798 12111
f 11654 11804 12127
f 11644 11828 12096
f 11621 11887 12029
f 11613 11857 12003
f 11633 11929 12063
f 11642 11936 12090
f 11620 11864 12025
f 11609 11833 11991
f 11630 11870 12054
f 11640 11876 12085
f 11645 11882 12101
f 11626 11888 12043
f 11655 11858 12130
f 11651 11930 12118
f 11637 11935 12076
f 11608 11827 11988
f 11665 11790 12145
f 11661 11783 12139
f 11667 11795 12142
f 11670 11801 12149
f 11673 11808 12152
f 11681 11831 12155
f 11708 11890 12189
f 11693 11860 12176
f 11714 11933 12196
f 11679 11938 12159
f 11699 11868 12178
f 11683 11835 12163
f 11691 11872 12168
f 11703 11879 12182
f 11706 11886 12185
f 11709 11891 12187
f 11696 11861 12170
f 11694 11932 12174
f 11715 11939 12197
f 11678 11830 12161
f 11663 11788 11965
f 11659 11781 11961
f 11660 11793 11967
f 11666 11799 11970
f 11669 11806 11973
f 11674 11829 11987
f 11710 11892 12044
f 11697 11862 12131
f 11718 11934 12119
f 11677 11937 12075
f 11698 11867 12010
f 11685 11837 12006
f 11686 11871 12012
f 11700 11877 12015
f 11702 11884 12018
f 11707 11889 12028
f 11687 11859 12002
f 11692 11931 12062
f 11717 11940 12091
f 11682 11832 12097
f 11672 11807 12126
f 11664 11789 12036
f 11662 11784 11977
f 11668 11796 12067
f 11671 11802 12112
f 11675 11814 12040
f 11712 11916 12136
f 11695 11957 12123
f 11716 11945 12078
f 11676 11819 11983
f 11705 11885 12100
f 11688 11866 12024
f 11684 11836 11992
f 11701 11874 12055
f 11704 11880 12086
f 11711 11898 12104
f 11689 11844 12022
f 11690 11848 11998
f 11713 11927 12061
f 11680 11949 12092
f 11665 11913 12047
f 11661 11811 11979
f 11667 11818 12069
f 11670 11944 12120
f 11673 11956 12137
f 11681 11908 12105
f 11708 11903 12033
f 11693 11854 12001
f 11714 11920 12059
f 11679 11825 12081
f 11699 11895 12030
f 11683 11841 11994
f 11691 11849 12051
f 11703 11926 12088
f 11706 11952 12108
f 11709 11909 12046
f 11696 11902 12133
f 11694 11855 12115
f 11715 11921 12073
f 11678 11824 11986
f 11663 11805 12146
f 11659 11787 12140
f 11660 11782 12141
f 11666 11794 12148
f 11669 11800 12151
f 11674 11813 12154
f 11710 11915 12192
f 11697 11958 12177
f 11718 11946 12198
f 11677 11820 12157
f 11698 11883 12179
f 11685 11865 12167
f 11686 11838 12165
f 11700 11873 12181
f 11702 11878 12184
f 11707 11897 12188
f 11687 11842 12169
f 11692 11850 12172
f 11717 11928 12194
f 11682 11950 12162
f 11603 11972 11963
f 11600 11964 11959
f 11599 11962 11960
f 11601 11968 11966
f 11602 11971 11969
f 11605 11980 11978
f 11628 12048 12042
f 11658 12138 12129
f 11652 12121 12117
f 11635 12070 12068
f 11618 12017 12008
f 11615 12009 12004
f 11614 12007 12005
f 11616 12013 12011
f 11617 12016 12014
f 11622 12031 12026
f 11610 11995 11993
f 11629 12052 12050
f 11641 12089 12087
f 11648 12107 12095
f 11657 12135 12124
f 11625 12039 12034
f 11606 11982 11975
f 11638 12077 12065
f 11653 12122 12110
f 11627 12045 12038
f 11656 12134 12132
f 11650 12116 12114
f 11636 12074 12072
f 11607 11985 11981
f 11646 12103 12098
f 11619 12021 12019
f 11611 11997 11990
f 11632 12060 12053
f 11643 12093 12084
f 11647 12106 12102
f 11623 12032 12020
f 11612 12000 11996
f 11631 12058 12056
f 11639 12082 12080
f 11624 12037 12035
f 11604 11976 11974
f 11634 12066 12064
f 11649 12111 12109
f 11654 12127 12125
f 11644 12096 12094
f 11621 12029 12027
f 11613 12003 11999
f 11633 12063 12057
f 11642 12090 12079
f 11620 12025 12023
f 11609 11991 11989
f 11630 12054 12049
f 11640 12085 12083
f 11645 12101 12099
f 11626 12043 12041
f 11655 12130 12128
f 11651 12118 12113
f 11637 12076 12071
f 11608 11988 11984
f 11665 12145 12147
f 11661 12139 12143
f 11667 12142 12144
f 11670 12149 12150
f 11673 12152 12153
f 11681 12155 12156
f 11708 12189 12190
f 11693 12176 12175
f 11714 12196 12195
f 11679 12159 12158
f 11699 12178 12180
f 11683 12163 12164
f 11691 12168 12166
f 11703 12182 12183
f 11706 12185 12186
f 11709 12187 12191
f 11696 12170 12171
f 11694 12174 12173
f 11715 12197 12193
f 11678 12161 12160
f 11963 11720 11723
f 11959 11719 11720
f 11960 11721 11719
f 11966 11722 11721
f 11969 11723 11722
f 11978 11728 11725
f 12042 11746 11748
f 12129 11775 11778
f 12117 11771 11772
f 12068 11757 11755
f 12008 11735 11738
f 12004 11734 11735
f 12005 11736 11734
f 12011 11737 11736
f 12014 11738 11737
f 12026 11741 11742
f 11993 11733 11730
f 12050 11753 11749
f 12087 11762 11761
f 12095 11764 11768
f 12124 11774 11777
f 12034 11744 11745
f 11975 11724 11726
f 12065 11754 11758
f 12110 11769 11773
f 12038 11745 11747
f 12132 11777 11776
f 12114 11773 11770
f 12072 11758 11756
f 11981 11726 11727
f 12098 11765 11766
f 12019 11740 11739
f 11990 11729 11731
f 12053 11750 11752
f 12084 11760 11763
f 12102 11766 11767
f 12020 11739 11743
f 11996 11731 11732
f 12056 11752 11751
f 12080 11763 11759
f 12035 11748 11744
f 11974 11725 11724
f 12064 11755 11754
f 12109 11772 11769
f 12125 11778 11774
f 12094 11767 11764
f 12027 11743 11741
f 11999 11732 11733
f 12057 11751 11753
f 12079 11759 11762
f 12023 11742 11740
f 11989 11730 11729
f 12049 11749 11750
f 12083 11761 11760
f 12099 11768 11765
f 12041 11747 11746
f 12128 11776 11775
f 12113 11770 11771
f 12071 11756 11757
f 11984 11727 11728
f 12147 11914 11913
f 12143 11812 11811
f 12144 11817 11818
f 12150 11943 11944
f 12153 11955 11956
f 12156 11907 11908
f 12190 11904 11903
f 12175 11856 11854
f 12195 11922 11920
f 12158 11823 11825
f 12180 11896 11895
f 12164 11843 11841
f 12166 11847 11849
f 12183 11925 11926
f 12186 11951 11952
f 12191 11910 11909
f 12171 11901 11902
f 12173 11853 11855
f 12193 11919 11921
f 12160 11826 11824
f 11972 11803 11805
f 11964 11785 11787
f 11962 11779 11782
f 11968 11791 11794
f 11971 11797 11800
f 11980 11809 11813
f 12048 11911 11915
f 12138 11954 11958
f 12121 11942 11946
f 12070 11816 11820
f 12017 11881 11883
f 12009 11863 11865
f 12007 11834 11838
f 12013 11869 11873
f 12016 11875 11878
f 12031 11893 11897
f 11995 11839 11842
f 12052 11846 11850
f 12089 11924 11928
f 12107 11948 11950
f 12135 11912 11914
f 12039 11810 11812
f 11982 11815 11817
f 12077 11941 11943
f 12122 11953 11955
f 12045 11905 11907
f 12134 11900 11904
f 12116 11852 11856
f 12074 11918 11922
f 11985 11821 11823
f 12103 11894 11896
f 12021 11840 11843
f 11997 11845 11847
f 12060 11923 11925
f 12093 11947 11951
f 12106 11906 11910
f 12032 11899 11901
f 12000 11851 11853
f 12058 11917 11919
f 12082 11822 11826
f 12037 11786 11790
f 11976 11780 11783
f 12066 11792 11795
f 12111 11798 11801
f 12127 11804 11808
f 12096 11828 11831
f 12029 11887 11890
f 12003 11857 11860
f 12063 11929 11933
f 12090 11936 11938
f 12025 11864 11868
f 11991 11833 11835
f 12054 11870 11872
f 12085 11876 11879
f 12101 11882 11886
f 12043 11888 11891
f 12130 11858 11861
f 12118 11930 11932
f 12076 11935 11939
f 11988 11827 11830
f 12145 11790 11788
f 12139 11783 11781
f 12142 11795 11793
f 12149 11801 11799
f 12152 11808 11806
f 12155 11831 11829
f 12189 11890 11892
f 12176 11860 11862
f 12196 11933 11934
f 12159 11938 11937
f 12178 11868 11867
f 12163 11835 11837
f 12168 11872 11871
f 12182 11879 11877
f 12185 11886 11884
f 12187 11891 11889
f 12170 11861 11859
f 12174 11932 11931
f 12197 11939 11940
f 12161 11830 11832
f 11965 11788 11785
f 11961 11781 11779
f 11967 11793 11791
f 11970 11799 11797
f 11973 11806 11803
f 11987 11829 11827
f 12044 11892 11888
f 12131 11862 11858
f 12119 11934 11930
f 12075 11937 11935
f 12010 11867 11863
f 12006 11837 11834
f 12012 11871 11869
f 12015 11877 11875
f 12018 11884 11881
f 12028 11889 11887
f 12002 11859 11857
f 12062 11931 11929
f 12091 11940 11936
f 12097 11832 11828
f 12126 11807 11804
f 12036 11789 11786
f 11977 11784 11780
f 12067 11796 11792
f 12112 11802 11798
f 12040 11814 11810
f 12136 11916 11912
f 12123 11957 11953
f 12078 11945 11941
f 11983 11819 11815
f 12100 11885 11882
f 12024 11866 11864
f 11992 11836 11833
f 12055 11874 11870
f 12086 11880 11876
f 12104 11898 11894
f 12022 11844 11840
f 11998 11848 11845
f 12061 11927 11923
f 12092 11949 11947
f 12047 11913 11911
f 11979 11811 11809
f 12069 11818 11816
f 12120 11944 11942
f 12137 11956 11954
f 12105 11908 11906
f 12033 11903 11899
f 12001 11854 11851
f 12059 11920 11917
f 12081 11825 11822
f 12030 11895 11893
f 11994 11841 11839
f 12051 11849 11846
f 12088 11926 11924
f 12108 11952 11948
f 12046 11909 11905
f 12133 11902 11900
f 12115 11855 11852
f 12073 11921 11918
f 11986 11824 11821
f 12146 11805 11807
f 12140 11787 11789
f 12141 11782 11784
f 12148 11794 11796
f 12151 11800 11802
f 12154 11813 11814
f 12192 11915 11916
f 12177 11958 11957
f 12198 11946 11945
f 12157 11820 11819
f 12179 11883 11885
f 12167 11865 11866
f 12165 11838 11836
f 12181 11873 11874
f 12184 11878 11880
f 12188 11897 11898
f 12169 11842 11844
f 12172 11850 11848
f 12194 11928 11927
f 12162 11950 11949
f 11963 11972 11965
f 11959 11964 11961
f 11960 11962 11967
f 11966 11968 11970
f 11969 11971 11973
f 11978 11980 11987
f 12042 12048 12044
f 12129 12138 12131
f 12117 12121 12119
f 12068 12070 12075
f 12008 12017 12010
f 12004 12009 12006
f 12005 12007 12012
f 12011 12013 12015
f 12014 12016 12018
f 12026 12031 12028
f 11993 11995 12002
f 12050 12052 12062
f 12087 12089 12091
f 12095 12107 12097
f 12124 12135 12126
f 12034 12039 12036
f 11975 11982 11977
f 12065 12077 12067
f 12110 12122 12112
f 12038 12045 12040
f 12132 12134 12136
f 12114 12116 12123
f 12072 12074 12078
f 11981 11985 11983
f 12098 12103 12100
f 12019 12021 12024
f 11990 11997 11992
f 12053 12060 12055
f 12084 12093 12086
f 12102 12106 12104
f 12020 12032 12022
f 11996 12000 11998
f 12056 12058 12061
f 12080 12082 12092
f 12035 12037 12047
f 11974 11976 11979
f 12064 12066 12069
f 12109 12111 12120
f 12125 12127 12137
f 12094 12096 12105
f 12027 12029 12033
f 11999 12003 12001
f 12057 12063 12059
f 12079 12090 12081
f 12023 12025 12030
f 11989 11991 11994
f 12049 12054 12051
f 12083 12085 12088
f 12099 12101 12108
f 12041 12043 12046
f 12128 12130 12133
f 12113 12118 12115
f 12071 12076 12073
f 11984 11988 11986
f 12147 12145 12146
f 12143 12139 12140
f 12144 12142 12141
f 12150 12149 12148
f 12153 12152 12151
f 12156 12155 12154
f 12190 12189 12192
f 12175 12176 12177
f 12195 12196 12198
f 12158 12159 12157
f 12180 12178 12179
f 12164 12163 12167
f 12166 12168 12165
f 12183 12182 12181
f 12186 12185 12184
f 12191 12187 12188
f 12171 12170 12169
f 12173 12174 12172
f 12193 12197 12194
f 12160 12161 12162
f 12199 12365 12362
f 12199 12362 12361
f 12199 12361 12363
f 12199 12363 12364
f 12199 12364 12365
f 12200 12367 12370
f 12204 12390 12388
f 12210 12420 12417
f 12209 12414 12413
f 12206 12397 12399
f 12202 12380 12377
f 12202 12377 12376
f 12202 12376 12378
f 12202 12378 12379
f 12202 12379 12380
f 12203 12384 12383
f 12201 12372 12375
f 12205 12391 12395
f 12207 12403 12404
f 12208 12410 12406
f 12210 12419 12416
f 12204 12387 12386
f 12200 12368 12366
f 12206 12400 12396
f 12209 12415 12411
f 12204 12389 12387
f 12210 12418 12419
f 12209 12412 12415
f 12206 12398 12400
f 12200 12369 12368
f 12208 12408 12407
f 12203 12381 12382
f 12201 12373 12371
f 12205 12394 12392
f 12207 12405 12402
f 12208 12409 12408
f 12203 12385 12381
f 12201 12374 12373
f 12205 12393 12394
f 12207 12401 12405
f 12204 12386 12390
f 12200 12366 12367
f 12206 12396 12397
f 12209 12411 12414
f 12210 12416 12420
f 12208 12406 12409
f 12203 12383 12385
f 12201 12375 12374
f 12205 12395 12393
f 12207 12404 12401
f 12203 12382 12384
f 12201 12371 12372
f 12205 12392 12391
f 12207 12402 12403
f 12208 12407 12410
f 12204 12388 12389
f 12210 12417 12418
f 12209 12413 12412
f 12206 12399 12398
f 12200 12370 12369
f 12233 12555 12556
f 12216 12453 12454
f 12217 12460 12459
f 12238 12586 12585
f 12240 12598 12597
f 12232 12550 12549
f 12231 12545 12546
f 12223 12496 12498
f 12234 12562 12564
f 12218 12467 12465
f 12230 12537 12538
f 12221 12483 12485
f 12222 12491 12489
f 12235 12568 12567
f 12239 12594 12593
f 12232 12551 12552
f 12231 12544 12543
f 12223 12497 12495
f 12234 12563 12561
f 12218 12466 12468
f 12215 12447 12445
f 12212 12429 12427
f 12211 12424 12421
f 12213 12436 12433
f 12214 12442 12439
f 12216 12455 12451
f 12233 12557 12553
f 12240 12600 12596
f 12238 12588 12584
f 12217 12462 12458
f 12228 12525 12523
f 12225 12507 12505
f 12220 12480 12476
f 12226 12515 12511
f 12227 12520 12517
f 12230 12539 12535
f 12221 12484 12481
f 12222 12492 12488
f 12235 12570 12566
f 12239 12592 12590
f 12233 12556 12554
f 12216 12454 12452
f 12217 12459 12457
f 12238 12585 12583
f 12240 12597 12595
f 12232 12549 12547
f 12231 12546 12542
f 12223 12498 12494
f 12234 12564 12560
f 12218 12465 12463
f 12230 12538 12536
f 12221 12485 12482
f 12222 12489 12487
f 12235 12567 12565
f 12239 12593 12589
f 12232 12552 12548
f 12231 12543 12541
f 12223 12495 12493
f 12234 12561 12559
f 12218 12468 12464
f 12212 12432 12428
f 12211 12425 12422
f 12213 12437 12434
f 12214 12443 12440
f 12215 12450 12446
f 12219 12473 12470
f 12229 12532 12529
f 12224 12502 12499
f 12236 12575 12571
f 12237 12580 12578
f 12225 12510 12506
f 12220 12477 12475
f 12226 12514 12512
f 12227 12521 12518
f 12228 12528 12524
f 12229 12533 12530
f 12224 12503 12500
f 12236 12574 12572
f 12237 12581 12577
f 12219 12472 12469
f 12212 12430 12432
f 12211 12423 12425
f 12213 12435 12437
f 12214 12441 12443
f 12215 12448 12450
f 12219 12471 12473
f 12229 12534 12532
f 12224 12504 12502
f 12236 12576 12575
f 12237 12579 12580
f 12225 12509 12510
f 12220 12479 12477
f 12226 12513 12514
f 12227 12519 12521
f 12228 12526 12528
f 12229 12531 12533
f 12224 12501 12503
f 12236 12573 12574
f 12237 12582 12581
f 12219 12474 12472
f 12212 12427 12430
f 12211 12421 12423
f 12213 12433 12435
f 12214 12439 12441
f 12215 12445 12448
f 12219 12469 12471
f 12229 12530 12534
f 12224 12500 12504
f 12236 12572 12576
f 12237 12577 12579
f 12225 12505 12509
f 12220 12476 12479
f 12226 12511 12513
f 12227 12517 12519
f 12228 12523 12526
f 12229 12529 12531
f 12224 12499 12501
f 12236 12571 12573
f 12237 12578 12582
f 12219 12470 12474
f 12215 12446 12449
f 12212 12428 12431
f 12211 12422 12426
f 12213 12434 12438
f 12214 12440 12444
f 12216 12452 12456
f 12233 12554 12558
f 12240 12595 12599
f 12238 12583 12587
f 12217 12457 12461
f 12228 12524 12527
f 12225 12506 12508
f 12220 12475 12478
f 12226 12512 12516
f 12227 12518 12522
f 12230 12536 12540
f 12221 12482 12486
f 12222 12487 12490
f 12235 12565 12569
f 12239 12589 12591
f 12233 12553 12555
f 12216 12451 12453
f 12217 12458 12460
f 12238 12584 12586
f 12240 12596 12598
f 12232 12548 12550
f 12231 12541 12545
f 12223 12493 12496
f 12234 12559 12562
f 12218 12464 12467
f 12230 12535 12537
f 12221 12481 12483
f 12222 12488 12491
f 12235 12566 12568
f 12239 12590 12594
f 12232 12547 12551
f 12231 12542 12544
f 12223 12494 12497
f 12234 12560 12563
f 12218 12463 12466
f 12215 12449 12447
f 12212 12431 12429
f 12211 12426 12424
f 12213 12438 12436
f 12214 12444 12442
f 12216 12456 12455
f 12233 12558 12557
f 12240 12599 12600
f 12238 12587 12588
f 12217 12461 12462
f 12228 12527 12525
f 12225 12508 12507
f 12220 12478 12480
f 12226 12516 12515
f 12227 12522 12520
f 12230 12540 12539
f 12221 12486 12484
f 12222 12490 12492
f 12235 12569 12570
f 12239 12591 12592
f 12305 12607 12614
f 12301 12603 12606
f 12302 12609 12604
f 12308 12612 12610
f 12311 12615 12613
f 12316 12629 12622
f 12352 12686 12690
f 12339 12773 12780
f 12360 12761 12763
f 12319 12717 12712
f 12340 12652 12659
f 12327 12648 12651
f 12328 12654 12649
f 12342 12657 12655
f 12344 12660 12658
f 12349 12670 12673
f 12329 12644 12637
f 12334 12704 12694
f 12359 12733 12731
f 12324 12739 12749
f 12314 12768 12777
f 12306 12678 12681
f 12304 12619 12624
f 12310 12709 12719
f 12313 12754 12764
f 12317 12682 12687
f 12354 12778 12776
f 12337 12765 12758
f 12358 12720 12716
f 12318 12625 12627
f 12347 12742 12745
f 12330 12666 12663
f 12326 12634 12639
f 12343 12697 12702
f 12346 12728 12735
f 12353 12746 12748
f 12331 12664 12674
f 12332 12640 12642
f 12355 12703 12700
f 12322 12734 12724
f 12307 12689 12679
f 12303 12621 12618
f 12309 12711 12708
f 12312 12762 12753
f 12315 12779 12769
f 12323 12747 12738
f 12350 12675 12671
f 12335 12643 12645
f 12356 12701 12705
f 12321 12723 12732
f 12341 12672 12667
f 12325 12636 12633
f 12333 12693 12696
f 12345 12730 12727
f 12348 12750 12743
f 12351 12688 12685
f 12338 12775 12772
f 12336 12757 12760
f 12357 12715 12718
f 12320 12628 12630
f 12305 12788 12787
f 12301 12782 12781
f 12302 12783 12784
f 12308 12790 12791
f 12311 12793 12794
f 12316 12796 12797
f 12352 12834 12831
f 12339 12819 12818
f 12360 12840 12838
f 12319 12799 12801
f 12340 12821 12820
f 12327 12809 12805
f 12328 12807 12810
f 12342 12823 12824
f 12344 12826 12827
f 12349 12830 12829
f 12329 12811 12812
f 12334 12814 12816
f 12359 12836 12839
f 12324 12804 12803
f 12245 12605 12365
f 12242 12601 12362
f 12241 12602 12361
f 12243 12608 12363
f 12244 12611 12364
f 12247 12620 12367
f 12270 12684 12390
f 12300 12771 12420
f 12294 12759 12414
f 12277 12710 12397
f 12260 12650 12380
f 12257 12646 12377
f 12256 12647 12376
f 12258 12653 12378
f 12259 12656 12379
f 12264 12668 12384
f 12252 12635 12372
f 12271 12692 12391
f 12283 12729 12403
f 12290 12737 12410
f 12299 12766 12419
f 12267 12676 12387
f 12248 12617 12368
f 12280 12707 12400
f 12295 12752 12415
f 12269 12680 12389
f 12298 12774 12418
f 12292 12756 12412
f 12278 12714 12398
f 12249 12623 12369
f 12288 12740 12408
f 12261 12661 12381
f 12253 12632 12373
f 12274 12695 12394
f 12285 12726 12405
f 12289 12744 12409
f 12265 12662 12385
f 12254 12638 12374
f 12273 12698 12393
f 12281 12722 12401
f 12266 12677 12386
f 12246 12616 12366
f 12276 12706 12396
f 12291 12751 12411
f 12296 12767 12416
f 12286 12736 12406
f 12263 12669 12383
f 12255 12641 12375
f 12275 12699 12395
f 12284 12721 12404
f 12262 12665 12382
f 12251 12631 12371
f 12272 12691 12392
f 12282 12725 12402
f 12287 12741 12407
f 12268 12683 12388
f 12297 12770 12417
f 12293 12755 12413
f 12279 12713 12399
f 12250 12626 12370
f 12307 12789 12555
f 12303 12785 12453
f 12309 12786 12460
f 12312 12792 12586
f 12315 12795 12598
f 12323 12798 12550
f 12350 12832 12545
f 12335 12817 12496
f 12356 12837 12562
f 12321 12800 12467
f 12341 12822 12537
f 12325 12806 12483
f 12333 12808 12491
f 12345 12825 12568
f 12348 12828 12594
f 12351 12833 12551
f 12338 12813 12544
f 12336 12815 12497
f 12357 12835 12563
f 12320 12802 12466
f 12305 12614 12447
f 12301 12606 12429
f 12302 12604 12424
f 12308 12610 12436
f 12311 12613 12442
f 12316 12622 12455
f 12352 12690 12557
f 12339 12780 12600
f 12360 12763 12588
f 12319 12712 12462
f 12340 12659 12525
f 12327 12651 12507
f 12328 12649 12480
f 12342 12655 12515
f 12344 12658 12520
f 12349 12673 12539
f 12329 12637 12484
f 12334 12694 12492
f 12359 12731 12570
f 12324 12749 12592
f 12314 12777 12556
f 12306 12681 12454
f 12304 12624 12459
f 12310 12719 12585
f 12313 12764 12597
f 12317 12687 12549
f 12354 12776 12546
f 12337 12758 12498
f 12358 12716 12564
f 12318 12627 12465
f 12347 12745 12538
f 12330 12663 12485
f 12326 12639 12489
f 12343 12702 12567
f 12346 12735 12593
f 12353 12748 12552
f 12331 12674 12543
f 12332 12642 12495
f 12355 12700 12561
f 12322 12724 12468
f 12307 12679 12432
f 12303 12618 12425
f 12309 12708 12437
f 12312 12753 12443
f 12315 12769 12450
f 12323 12738 12473
f 12350 12671 12532
f 12335 12645 12502
f 12356 12705 12575
f 12321 12732 12580
f 12341 12667 12510
f 12325 12633 12477
f 12333 12696 12514
f 12345 12727 12521
f 12348 12743 12528
f 12351 12685 12533
f 12338 12772 12503
f 12336 12760 12574
f 12357 12718 12581
f 12320 12630 12472
f 12305 12787 12430
f 12301 12781 12423
f 12302 12784 12435
f 12308 12791 12441
f 12311 12794 12448
f 12316 12797 12471
f 12352 12831 12534
f 12339 12818 12504
f 12360 12838 12576
f 12319 12801 12579
f 12340 12820 12509
f 12327 12805 12479
f 12328 12810 12513
f 12342 12824 12519
f 12344 12827 12526
f 12349 12829 12531
f 12329 12812 12501
f 12334 12816 12573
f 12359 12839 12582
f 12324 12803 12474
f 12242 12607 12427
f 12241 12603 12421
f 12243 12609 12433
f 12244 12612 12439
f 12245 12615 12445
f 12250 12629 12469
f 12268 12686 12530
f 12297 12773 12500
f 12293 12761 12572
f 12279 12717 12577
f 12257 12652 12505
f 12256 12648 12476
f 12258 12654 12511
f 12259 12657 12517
f 12260 12660 12523
f 12263 12670 12529
f 12255 12644 12499
f 12275 12704 12571
f 12284 12733 12578
f 12286 12739 12470
f 12296 12768 12446
f 12266 12678 12428
f 12246 12619 12422
f 12276 12709 12434
f 12291 12754 12440
f 12267 12682 12452
f 12299 12778 12554
f 12295 12765 12595
f 12280 12720 12583
f 12248 12625 12457
f 12287 12742 12524
f 12262 12666 12506
f 12251 12634 12475
f 12272 12697 12512
f 12282 12728 12518
f 12288 12746 12536
f 12261 12664 12482
f 12253 12640 12487
f 12274 12703 12565
f 12285 12734 12589
f 12270 12689 12553
f 12247 12621 12451
f 12277 12711 12458
f 12294 12762 12584
f 12300 12779 12596
f 12289 12747 12548
f 12265 12675 12541
f 12254 12643 12493
f 12273 12701 12559
f 12281 12723 12464
f 12264 12672 12535
f 12252 12636 12481
f 12271 12693 12488
f 12283 12730 12566
f 12290 12750 12590
f 12269 12688 12547
f 12298 12775 12542
f 12292 12757 12494
f 12278 12715 12560
f 12249 12628 12463
f 12314 12788 12449
f 12306 12782 12431
f 12304 12783 12426
f 12310 12790 12438
f 12313 12793 12444
f 12317 12796 12456
f 12354 12834 12558
f 12337 12819 12599
f 12358 12840 12587
f 12318 12799 12461
f 12347 12821 12527
f 12330 12809 12508
f 12326 12807 12478
f 12343 12823 12516
f 12346 12826 12522
f 12353 12830 12540
f 12331 12811 12486
f 12332 12814 12490
f 12355 12836 12569
f 12322 12804 12591
f 12242 12605 12607
f 12241 12601 12603
f 12243 12602 12609
f 12244 12608 12612
f 12245 12611 12615
f 12250 12620 12629
f 12268 12684 12686
f 12297 12771 12773
f 12293 12759 12761
f 12279 12710 12717
f 12257 12650 12652
f 12256 12646 12648
f 12258 12647 12654
f 12259 12653 12657
f 12260 12656 12660
f 12263 12668 12670
f 12255 12635 12644
f 12275 12692 12704
f 12284 12729 12733
f 12286 12737 12739
f 12296 12766 12768
f 12266 12676 12678
f 12246 12617 12619
f 12276 12707 12709
f 12291 12752 12754
f 12267 12680 12682
f 12299 12774 12778
f 12295 12756 12765
f 12280 12714 12720
f 12248 12623 12625
f 12287 12740 12742
f 12262 12661 12666
f 12251 12632 12634
f 12272 12695 12697
f 12282 12726 12728
f 12288 12744 12746
f 12261 12662 12664
f 12253 12638 12640
f 12274 12698 12703
f 12285 12722 12734
f 12270 12677 12689
f 12247 12616 12621
f 12277 12706 12711
f 12294 12751 12762
f 12300 12767 12779
f 12289 12736 12747
f 12265 12669 12675
f 12254 12641 12643
f 12273 12699 12701
f 12281 12721 12723
f 12264 12665 12672
f 12252 12631 12636
f 12271 12691 12693
f 12283 12725 12730
f 12290 12741 12750
f 12269 12683 12688
f 12298 12770 12775
f 12292 12755 12757
f 12278 12713 12715
f 12249 12626 12628
f 12314 12789 12788
f 12306 12785 12782
f 12304 12786 12783
f 12310 12792 12790
f 12313 12795 12793
f 12317 12798 12796
f 12354 12832 12834
f 12337 12817 12819
f 12358 12837 12840
f 12318 12800 12799
f 12347 12822 12821
f 12330 12806 12809
f 12326 12808 12807
f 12343 12825 12823
f 12346 12828 12826
f 12353 12833 12830
f 12331 12813 12811
f 12332 12815 12814
f 12355 12835 12836
f 12322 12802 12804
f 12242 12362 12605
f 12241 12361 12601
f 12243 12363 12602
f 12244 12364 12608
f 12245 12365 12611
f 12250 12370 12620
f 12268 12388 12684
f 12297 12417 12771
f 12293 12413 12759
f 12279 12399 12710
f 12257 12377 12650
f 12256 12376 12646
f 12258 12378 12647
f 12259 12379 12653
f 12260 12380 12656
f 12263 12383 12668
f 12255 12375 12635
f 12275 12395 12692
f 12284 12404 12729
f 12286 12406 12737
f 12296 12416 12766
f 12266 12386 12676
f 12246 12366 12617
f 12276 12396 12707
f 12291 12411 12752
f 12267 12387 12680
f 12299 12419 12774
f 12295 12415 12756
f 12280 12400 12714
f 12248 12368 12623
f 12287 12407 12740
f 12262 12382 12661
f 12251 12371 12632
f 12272 12392 12695
f 12282 12402 12726
f 12288 12408 12744
f 12261 12381 12662
f 12253 12373 12638
f 12274 12394 12698
f 12285 12405 12722
f 12270 12390 12677
f 12247 12367 12616
f 12277 12397 12706
f 12294 12414 12751
f 12300 12420 12767
f 12289 12409 12736
f 12265 12385 12669
f 12254 12374 12641
f 12273 12393 12699
f 12281 12401 12721
f 12264 12384 12665
f 12252 12372 12631
f 12271 12391 12691
f 12283 12403 12725
f 12290 12410 12741
f 12269 12389 12683
f 12298 12418 12770
f 12292 12412 12755
f 12278 12398 12713
f 12249 12369 12626
f 12314 12556 12789
f 12306 12454 12785
f 12304 12459 12786
f 12310 12585 12792
f 12313 12597 12795
f 12317 12549 12798
f 12354 12546 12832
f 12337 12498 12817
f 12358 12564 12837
f 12318 12465 12800
f 12347 12538 12822
f 12330 12485 12806
f 12326 12489 12808
f 12343 12567 12825
f 12346 12593 12828
f 12353 12552 12833
f 12331 12543 12813
f 12332 12495 12815
f 12355 12561 12835
f 12322 12468 12802
f 12245 12445 12614
f 12242 12427 12606
f 12241 12421 12604
f 12243 12433 12610
f 12244 12439 12613
f 12247 12451 12622
f 12270 12553 12690
f 12300 12596 12780
f 12294 12584 12763
f 12277 12458 12712
f 12260 12523 12659
f 12257 12505 12651
f 12256 12476 12649
f 12258 12511 12655
f 12259 12517 12658
f 12264 12535 12673
f 12252 12481 12637
f 12271 12488 12694
f 12283 12566 12731
f 12290 12590 12749
f 12299 12554 12777
f 12267 12452 12681
f 12248 12457 12624
f 12280 12583 12719
f 12295 12595 12764
f 12269 12547 12687
f 12298 12542 12776
f 12292 12494 12758
f 12278 12560 12716
f 12249 12463 12627
f 12288 12536 12745
f 12261 12482 12663
f 12253 12487 12639
f 12274 12565 12702
f 12285 12589 12735
f 12289 12548 12748
f 12265 12541 12674
f 12254 12493 12642
f 12273 12559 12700
f 12281 12464 12724
f 12266 12428 12679
f 12246 12422 12618
f 12276 12434 12708
f 12291 12440 12753
f 12296 12446 12769
f 12286 12470 12738
f 12263 12529 12671
f 12255 12499 12645
f 12275 12571 12705
f 12284 12578 12732
f 12262 12506 12667
f 12251 12475 12633
f 12272 12512 12696
f 12282 12518 12727
f 12287 12524 12743
f 12268 12530 12685
f 12297 12500 12772
f 12293 12572 12760
f 12279 12577 12718
f 12250 12469 12630
f 12307 12432 12787
f 12303 12425 12781
f 12309 12437 12784
f 12312 12443 12791
f 12315 12450 12794
f 12323 12473 12797
f 12350 12532 12831
f 12335 12502 12818
f 12356 12575 12838
f 12321 12580 12801
f 12341 12510 12820
f 12325 12477 12805
f 12333 12514 12810
f 12345 12521 12824
f 12348 12528 12827
f 12351 12533 12829
f 12338 12503 12812
f 12336 12574 12816
f 12357 12581 12839
f 12320 12472 12803
f 12305 12430 12607
f 12301 12423 12603
f 12302 12435 12609
f 12308 12441 12612
f 12311 12448 12615
f 12316 12471 12629
f 12352 12534 12686
f 12339 12504 12773
f 12360 12576 12761
f 12319 12579 12717
f 12340 12509 12652
f 12327 12479 12648
f 12328 12513 12654
f 12342 12519 12657
f 12344 12526 12660
f 12349 12531 12670
f 12329 12501 12644
f 12334 12573 12704
f 12359 12582 12733
f 12324 12474 12739
f 12314 12449 12768
f 12306 12431 12678
f 12304 12426 12619
f 12310 12438 12709
f 12313 12444 12754
f 12317 12456 12682
f 12354 12558 12778
f 12337 12599 12765
f 12358 12587 12720
f 12318 12461 12625
f 12347 12527 12742
f 12330 12508 12666
f 12326 12478 12634
f 12343 12516 12697
f 12346 12522 12728
f 12353 12540 12746
f 12331 12486 12664
f 12332 12490 12640
f 12355 12569 12703
f 12322 12591 12734
f 12307 12555 12689
f 12303 12453 12621
f 12309 12460 12711
f 12312 12586 12762
f 12315 12598 12779
f 12323 12550 12747
f 12350 12545 12675
f 12335 12496 12643
f 12356 12562 12701
f 12321 12467 12723
f 12341 12537 12672
f 12325 12483 12636
f 12333 12491 12693
f 12345 12568 12730
f 12348 12594 12750
f 12351 12551 12688
f 12338 12544 12775
f 12336 12497 12757
f 12357 12563 12715
f 12320 12466 12628
f 12305 12447 12788
f 12301 12429 12782
f 12302 12424 12783
f 12308 12436 12790
f 12311 12442 12793
f 12316 12455 12796
f 12352 12557 12834
f 12339 12600 12819
f 12360 12588 12840
f 12319 12462 12799
f 12340 12525 12821
f 12327 12507 12809
f 12328 12480 12807
f 12342 12515 12823
f 12344 12520 12826
f 12349 12539 12830
f 12329 12484 12811
f 12334 12492 12814
f 12359 12570 12836
f 12324 12592 12804
f 12245 12614 12605
f 12242 12606 12601
f 12241 12604 12602
f 12243 12610 12608
f 12244 12613 12611
f 12247 12622 12620
f 12270 12690 12684
f 12300 12780 12771
f 12294 12763 12759
f 12277 12712 12710
f 12260 12659 12650
f 12257 12651 12646
f 12256 12649 12647
f 12258 12655 12653
f 12259 12658 12656
f 12264 12673 12668
f 12252 12637 12635
f 12271 12694 12692
f 12283 12731 12729
f 12290 12749 12737
f 12299 12777 12766
f 12267 12681 12676
f 12248 12624 12617
f 12280 12719 12707
f 12295 12764 12752
f 12269 12687 12680
f 12298 12776 12774
f 12292 12758 12756
f 12278 12716 12714
f 12249 12627 12623
f 12288 12745 12740
f 12261 12663 12661
f 12253 12639 12632
f 12274 12702 12695
f 12285 12735 12726
f 12289 12748 12744
f 12265 12674 12662
f 12254 12642 12638
f 12273 12700 12698
f 12281 12724 12722
f 12266 12679 12677
f 12246 12618 12616
f 12276 12708 12706
f 12291 12753 12751
f 12296 12769 12767
f 12286 12738 12736
f 12263 12671 12669
f 12255 12645 12641
f 12275 12705 12699
f 12284 12732 12721
f 12262 12667 12665
f 12251 12633 12631
f 12272 12696 12691
f 12282 12727 12725
f 12287 12743 12741
f 12268 12685 12683
f 12297 12772 12770
f 12293 12760 12755
f 12279 12718 12713
f 12250 12630 12626
f 12307 12787 12789
f 12303 12781 12785
f 12309 12784 12786
f 12312 12791 12792
f 12315 12794 12795
f 12323 12797 12798
f 12350 12831 12832
f 12335 12818 12817
f 12356 12838 12837
f 12321 12801 12800
f 12341 12820 12822
f 12325 12805 12806
f 12333 12810 12808
f 12345 12824 12825
f 12348 12827 12828
f 12351 12829 12833
f 12338 12812 12813
f 12336 12816 12815
f 12357 12839 12835
f 12320 12803 12802
f 12605 12362 12365
f 12601 12361 12362
f 12602 12363 12361
f 12608 12364 12363
f 12611 12365 12364
f 12620 12370 12367
f 12684 12388 12390
f 12771 12417 12420
f 12759 12413 12414
f 12710 12399 12397
f 12650 12377 12380
f 12646 12376 12377
f 12647 12378 12376
f 12653 12379 12378
f 12656 12380 12379
f 12668 12383 12384
f 12635 12375 12372
f 12692 12395 12391
f 12729 12404 12403
f 12737 12406 12410
f 12766 12416 12419
f 12676 12386 12387
f 12617 12366 12368
f 12707 12396 12400
f 12752 12411 12415
f 12680 12387 12389
f 12774 12419 12418
f 12756 12415 12412
f 12714 12400 12398
f 12623 12368 12369
f 12740 12407 12408
f 12661 12382 12381
f 12632 12371 12373
f 12695 12392 12394
f 12726 12402 12405
f 12744 12408 12409
f 12662 12381 12385
f 12638 12373 12374
f 12698 12394 12393
f 12722 12405 12401
f 12677 12390 12386
f 12616 12367 12366
f 12706 12397 12396
f 12751 12414 12411
f 12767 12420 12416
f 12736 12409 12406
f 12669 12385 12383
f 12641 12374 12375
f 12699 12393 12395
f 12721 12401 12404
f 12665 12384 12382
f 12631 12372 12371
f 12691 12391 12392
f 12725 12403 12402
f 12741 12410 12407
f 12683 12389 12388
f 12770 12418 12417
f 12755 12412 12413
f 12713 12398 12399
f 12626 12369 12370
f 12789 12556 12555
f 12785 12454 12453
f 12786 12459 12460
f 12792 12585 12586
f 12795 12597 12598
f 12798 12549 12550
f 12832 12546 12545
f 12817 12498 12496
f 12837 12564 12562
f 12800 12465 12467
f 12822 12538 12537
f 12806 12485 12483
f 12808 12489 12491
f 12825 12567 12568
f 12828 12593 12594
f 12833 12552 12551
f 12813 12543 12544
f 12815 12495 12497
f 12835 12561 12563
f 12802 12468 12466
f 12614 12445 12447
f 12606 12427 12429
f 12604 12421 12424
f 12610 12433 12436
f 12613 12439 12442
f 12622 12451 12455
f 12690 12553 12557
f 12780 12596 12600
f 12763 12584 12588
f 12712 12458 12462
f 12659 12523 12525
f 12651 12505 12507
f 12649 12476 12480
f 12655 12511 12515
f 12658 12517 12520
f 12673 12535 12539
f 12637 12481 12484
f 12694 12488 12492
f 12731 12566 12570
f 12749 12590 12592
f 12777 12554 12556
f 12681 12452 12454
f 12624 12457 12459
f 12719 12583 12585
f 12764 12595 12597
f 12687 12547 12549
f 12776 12542 12546
f 12758 12494 12498
f 12716 12560 12564
f 12627 12463 12465
f 12745 12536 12538
f 12663 12482 12485
f 12639 12487 12489
f 12702 12565 12567
f 12735 12589 12593
f 12748 12548 12552
f 12674 12541 12543
f 12642 12493 12495
f 12700 12559 12561
f 12724 12464 12468
f 12679 12428 12432
f 12618 12422 12425
f 12708 12434 12437
f 12753 12440 12443
f 12769 12446 12450
f 12738 12470 12473
f 12671 12529 12532
f 12645 12499 12502
f 12705 12571 12575
f 12732 12578 12580
f 12667 12506 12510
f 12633 12475 12477
f 12696 12512 12514
f 12727 12518 12521
f 12743 12524 12528
f 12685 12530 12533
f 12772 12500 12503
f 12760 12572 12574
f 12718 12577 12581
f 12630 12469 12472
f 12787 12432 12430
f 12781 12425 12423
f 12784 12437 12435
f 12791 12443 12441
f 12794 12450 12448
f 12797 12473 12471
f 12831 12532 12534
f 12818 12502 12504
f 12838 12575 12576
f 12801 12580 12579
f 12820 12510 12509
f 12805 12477 12479
f 12810 12514 12513
f 12824 12521 12519
f 12827 12528 12526
f 12829 12533 12531
f 12812 12503 12501
f 12816 12574 12573
f 12839 12581 12582
f 12803 12472 12474
f 12607 12430 12427
f 12603 12423 12421
f 12609 12435 12433
f 12612 12441 12439
f 12615 12448 12445
f 12629 12471 12469
f 12686 12534 12530
f 12773 12504 12500
f 12761 12576 12572
f 12717 12579 12577
f 12652 12509 12505
f 12648 12479 12476
f 12654 12513 12511
f 12657 12519 12517
f 12660 12526 12523
f 12670 12531 12529
f 12644 12501 12499
f 12704 12573 12571
f 12733 12582 12578
f 12739 12474 12470
f 12768 12449 12446
f 12678 12431 12428
f 12619 12426 12422
f 12709 12438 12434
f 12754 12444 12440
f 12682 12456 12452
f 12778 12558 12554
f 12765 12599 12595
f 12720 12587 12583
f 12625 12461 12457
f 12742 12527 12524
f 12666 12508 12506
f 12634 12478 12475
f 12697 12516 12512
f 12728 12522 12518
f 12746 12540 12536
f 12664 12486 12482
f 12640 12490 12487
f 12703 12569 12565
f 12734 12591 12589
f 12689 12555 12553
f 12621 12453 12451
f 12711 12460 12458
f 12762 12586 12584
f 12779 12598 12596
f 12747 12550 12548
f 12675 12545 12541
f 12643 12496 12493
f 12701 12562 12559
f 12723 12467 12464
f 12672 12537 12535
f 12636 12483 12481
f 12693 12491 12488
f 12730 12568 12566
f 12750 12594 12590
f 12688 12551 12547
f 12775 12544 12542
f 12757 12497 12494
f 12715 12563 12560
f 12628 12466 12463
f 12788 12447 12449
f 12782 12429 12431
f 12783 12424 12426
f 12790 12436 12438
f 12793 12442 12444
f 12796 12455 12456
f 12834 12557 12558
f 12819 12600 12599
f 12840 12588 12587
f 12799 12462 12461
f 12821 12525 12527
f 12809 12507 12508
f 12807 12480 12478
f 12823 12515 12516
f 12826 12520 12522
f 12830 12539 12540
f 12811 12484 12486
f 12814 12492 12490
f 12836 12570 12569
f 12804 12592 12591
f 12605 12614 12607
f 12601 12606 12603
f 12602 12604 12609
f 12608 12610 12612
f 12611 12613 12615
f 12620 12622 12629
f 12684 12690 12686
f 12771 12780 12773
f 12759 12763 12761
f 12710 12712 12717
f 12650 12659 12652
f 12646 12651 12648
f 12647 12649 12654
f 12653 12655 12657
f 12656 12658 12660
f 12668 12673 12670
f 12635 12637 12644
f 12692 12694 12704
f 12729 12731 12733
f 12737 12749 12739
f 12766 12777 12768
f 12676 12681 12678
f 12617 12624 12619
f 12707 12719 12709
f 12752 12764 12754
f 12680 12687 12682
f 12774 12776 12778
f 12756 12758 12765
f 12714 12716 12720
f 12623 12627 12625
f 12740 12745 12742
f 12661 12663 12666
f 12632 12639 12634
f 12695 12702 12697
f 12726 12735 12728
f 12744 12748 12746
f 12662 12674 12664
f 12638 12642 12640
f 12698 12700 12703
f 12722 12724 12734
f 12677 12679 12689
f 12616 12618 12621
f 12706 12708 12711
f 12751 12753 12762
f 12767 12769 12779
f 12736 12738 12747
f 12669 12671 12675
f 12641 12645 12643
f 12699 12705 12701
f 12721 12732 12723
f 12665 12667 12672
f 12631 12633 12636
f 12691 12696 12693
f 12725 12727 12730
f 12741 12743 12750
f 12683 12685 12688
f 12770 12772 12775
f 12755 12760 12757
f 12713 12718 12715
f 12626 12630 12628
f 12789 12787 12788
f 12785 12781 12782
f 12786 12784 12783
f 12792 12791 12790
f 12795 12794 12793
f 12798 12797 12796
f 12832 12831 12834
f 12817 12818 12819
f 12837 12838 12840
f 12800 12801 12799
f 12822 12820 12821
f 12806 12805 12809
f 12808 12810 12807
f 12825 12824 12823
f 12828 12827 12826
f 12833 12829 12830
f 12813 12812 12811
f 12815 12816 12814
f 12835 12839 12836
f 12802 12803 12804
f 12841 13007 13004
f 12841 13004 13003
f 12841 13003 13005
f 12841 13005 13006
f 12841 13006 13007
f 12842 13009 13012
f 12846 13032 13030
f 12852 13062 13059
f 12851 13056 13055
f 12848 13039 13041
f 12844 13022 13019
f 12844 13019 13018
f 12844 13018 13020
f 12844 13020 13021
f 12844 13021 13022
f 12845 13026 13025
f 12843 13014 13017
f 12847 13033 13037
f 12849 13045 13046
f 12850 13052 13048
f 12852 13061 13058
f 12846 13029 13028
f 12842 13010 13008
f 12848 13042 13038
f 12851 13057 13053
f 12846 13031 13029
f 12852 13060 13061
f 12851 13054 13057
f 12848 13040 13042
f 12842 13011 13010
f 12850 13050 13049
f 12845 13023 13024
f 12843 13015 13013
f 12847 13036 13034
f 12849 13047 13044
f 12850 13051 13050
f 12845 13027 13023
f 12843 13016 13015
f 12847 13035 13036
f 12849 13043 13047
f 12846 13028 13032
f 12842 13008 13009
f 12848 13038 13039
f 12851 13053 13056
f 12852 13058 13062
f 12850 13048 13051
f 12845 13025 13027
f 12843 13017 13016
f 12847 13037 13035
f 12849 13046 13043
f 12845 13024 13026
f 12843 13013 13014
f 12847 13034 13033
f 12849 13044 13045
f 12850 13049 13052
f 12846 13030 13031
f 12852 13059 13060
f 12851 13055 13054
f 12848 13041 13040
f 12842 13012 13011
f 12875 13197 13198
f 12858 13095 13096
f 12859 13102 13101
f 12880 13228 13227
f 12882 13240 13239
f 12874 13192 13191
f 12873 13187 13188
f 12865 13138 13140
f 12876 13204 13206
f 12860 13109 13107
f 12872 13179 13180
f 12863 13125 13127
f 12864 13133 13131
f 12877 13210 13209
f 12881 13236 13235
f 12874 13193 13194
f 12873 13186 13185
f 12865 13139 13137
f 12876 13205 13203
f 12860 13108 13110
f 12857 13089 13087
f 12854 13071 13069
f 12853 13066 13063
f 12855 13078 13075
f 12856 13084 13081
f 12858 13097 13093
f 12875 13199 13195
f 12882 13242 13238
f 12880 13230 13226
f 12859 13104 13100
f 12870 13167 13165
f 12867 13149 13147
f 12862 13122 13118
f 12868 13157 13153
f 12869 13162 13159
f 12872 13181 13177
f 12863 13126 13123
f 12864 13134 13130
f 12877 13212 13208
f 12881 13234 13232
f 12875 13198 13196
f 12858 13096 13094
f 12859 13101 13099
f 12880 13227 13225
f 12882 13239 13237
f 12874 13191 13189
f 12873 13188 13184
f 12865 13140 13136
f 12876 13206 13202
f 12860 13107 13105
f 12872 13180 13178
f 12863 13127 13124
f 12864 13131 13129
f 12877 13209 13207
f 12881 13235 13231
f 12874 13194 13190
f 12873 13185 13183
f 12865 13137 13135
f 12876 13203 13201
f 12860 13110 13106
f 12854 13074 13070
f 12853 13067 13064
f 12855 13079 13076
f 12856 13085 13082
f 12857 13092 13088
f 12861 13115 13112
f 12871 13174 13171
f 12866 13144 13141
f 12878 13217 13213
f 12879 13222 13220
f 12867 13152 13148
f 12862 13119 13117
f 12868 13156 13154
f 12869 13163 13160
f 12870 13170 13166
f 12871 13175 13172
f 12866 13145 13142
f 12878 13216 13214
f 12879 13223 13219
f 12861 13114 13111
f 12854 13072 13074
f 12853 13065 13067
f 12855 13077 13079
f 12856 13083 13085
f 12857 13090 13092
f 12861 13113 13115
f 12871 13176 13174
f 12866 13146 13144
f 12878 13218 13217
f 12879 13221 13222
f 12867 13151 13152
f 12862 13121 13119
f 12868 13155 13156
f 12869 13161 13163
f 12870 13168 13170
f 12871 13173 13175
f 12866 13143 13145
f 12878 13215 13216
f 12879 13224 13223
f 12861 13116 13114
f 12854 13069 13072
f 12853 13063 13065
f 12855 13075 13077
f 12856 13081 13083
f 12857 13087 13090
f 12861 13111 13113
f 12871 13172 13176
f 12866 13142 13146
f 12878 13214 13218
f 12879 13219 13221
f 12867 13147 13151
f 12862 13118 13121
f 12868 13153 13155
f 12869 13159 13161
f 12870 13165 13168
f 12871 13171 13173
f 12866 13141 13143
f 12878 13213 13215
f 12879 13220 13224
f 12861 13112 13116
f 12857 13088 13091
f 12854 13070 13073
f 12853 13064 13068
f 12855 13076 13080
f 12856 13082 13086
f 12858 13094 13098
f 12875 13196 13200
f 12882 13237 13241
f 12880 13225 13229
f 12859 13099 13103
f 12870 13166 13169
f 12867 13148 13150
f 12862 13117 13120
f 12868 13154 13158
f 12869 13160 13164
f 12872 13178 13182
f 12863 13124 13128
f 12864 13129 13132
f 12877 13207 13211
f 12881 13231 13233
f 12875 13195 13197
f 12858 13093 13095
f 12859 13100 13102
f 12880 13226 13228
f 12882 13238 13240
f 12874 13190 13192
f 12873 13183 13187
f 12865 13135 13138
f 12876 13201 13204
f 12860 13106 13109
f 12872 13177 13179
f 12863 13123 13125
f 12864 13130 13133
f 12877 13208 13210
f 12881 13232 13236
f 12874 13189 13193
f 12873 13184 13186
f 12865 13136 13139
f 12876 13202 13205
f 12860 13105 13108
f 12857 13091 13089
f 12854 13073 13071
f 12853 13068 13066
f 12855 13080 13078
f 12856 13086 13084
f 12858 13098 13097
f 12875 13200 13199
f 12882 13241 13242
f 12880 13229 13230
f 12859 13103 13104
f 12870 13169 13167
f 12867 13150 13149
f 12862 13120 13122
f 12868 13158 13157
f 12869 13164 13162
f 12872 13182 13181
f 12863 13128 13126
f 12864 13132 13134
f 12877 13211 13212
f 12881 13233 13234
f 12947 13249 13256
f 12943 13245 13248
f 12944 13251 13246
f 12950 13254 13252
f 12953 13257 13255
f 12958 13271 13264
f 12994 13328 13332
f 12981 13415 13422
f 13002 13403 13405
f 12961 13359 13354
f 12982 13294 13301
f 12969 13290 13293
f 12970 13296 13291
f 12984 13299 13297
f 12986 13302 13300
f 12991 13312 13315
f 12971 13286 13279
f 12976 13346 13336
f 13001 13375 13373
f 12966 13381 13391
f 12956 13410 13419
f 12948 13320 13323
f 12946 13261 13266
f 12952 13351 13361
f 12955 13396 13406
f 12959 13324 13329
f 12996 13420 13418
f 12979 13407 13400
f 13000 13362 13358
f 12960 13267 13269
f 12989 13384 13387
f 12972 13308 13305
f 12968 13276 13281
f 12985 13339 13344
f 12988 13370 13377
f 12995 13388 13390
f 12973 13306 13316
f 12974 13282 13284
f 12997 13345 13342
f 12964 13376 13366
f 12949 13331 13321
f 12945 13263 13260
f 12951 13353 13350
f 12954 13404 13395
f 12957 13421 13411
f 12965 13389 13380
f 12992 13317 13313
f 12977 13285 13287
f 12998 13343 13347
f 12963 13365 13374
f 12983 13314 13309
f 12967 13278 13275
f 12975 13335 13338
f 12987 13372 13369
f 12990 13392 13385
f 12993 13330 13327
f 12980 13417 13414
f 12978 13399 13402
f 12999 13357 13360
f 12962 13270 13272
f 12947 13430 13429
f 12943 13424 13423
f 12944 13425 13426
f 12950 13432 13433
f 12953 13435 13436
f 12958 13438 13439
f 12994 13476 13473
f 12981 13461 13460
f 13002 13482 13480
f 12961 13441 13443
f 12982 13463 13462
f 12969 13451 13447
f 12970 13449 13452
f 12984 13465 13466
f 12986 13468 13469
f 12991 13472 13471
f 12971 13453 13454
f 12976 13456 13458
f 13001 13478 13481
f 12966 13446 13445
f 12887 13247 13007
f 12884 13243 13004
f 12883 13244 13003
f 12885 13250 13005
f 12886 13253 13006
f 12889 13262 13009
f 12912 13326 13032
f 12942 13413 13062
f 12936 13401 13056
f 12919 13352 13039
f 12902 13292 13022
f 12899 13288 13019
f 12898 13289 13018
f 12900 13295 13020
f 12901 13298 13021
f 12906 13310 13026
f 12894 13277 13014
f 12913 13334 13033
f 12925 13371 13045
f 12932 13379 13052
f 12941 13408 13061
f 12909 13318 13029
f 12890 13259 13010
f 12922 13349 13042
f 12937 13394 13057
f 12911 13322 13031
f 12940 13416 13060
f 12934 13398 13054
f 12920 13356 13040
f 12891 13265 13011
f 12930 13382 13050
f 12903 13303 13023
f 12895 13274 13015
f 12916 13337 13036
f 12927 13368 13047
f 12931 13386 13051
f 12907 13304 13027
f 12896 13280 13016
f 12915 13340 13035
f 12923 13364 13043
f 12908 13319 13028
f 12888 13258 13008
f 12918 13348 13038
f 12933 13393 13053
f 12938 13409 13058
f 12928 13378 13048
f 12905 13311 13025
f 12897 13283 13017
f 12917 13341 13037
f 12926 13363 13046
f 12904 13307 13024
f 12893 13273 13013
f 12914 13333 13034
f 12924 13367 13044
f 12929 13383 13049
f 12910 13325 13030
f 12939 13412 13059
f 12935 13397 13055
f 12921 13355 13041
f 12892 13268 13012
f 12949 13431 13197
f 12945 13427 13095
f 12951 13428 13102
f 12954 13434 13228
f 12957 13437 13240
f 12965 13440 13192
f 12992 13474 13187
f 12977 13459 13138
f 12998 13479 13204
f 12963 13442 13109
f 12983 13464 13179
f 12967 13448 13125
f 12975 13450 13133
f 12987 13467 13210
f 12990 13470 13236
f 12993 13475 13193
f 12980 13455 13186
f 12978 13457 13139
f 12999 13477 13205
f 12962 13444 13108
f 12947 13256 13089
f 12943 13248 13071
f 12944 13246 13066
f 12950 13252 13078
f 12953 13255 13084
f 12958 13264 13097
f 12994 13332 13199
f 12981 13422 13242
f 13002 13405 13230
f 12961 13354 13104
f 12982 13301 13167
f 12969 13293 13149
f 12970 13291 13122
f 12984 13297 13157
f 12986 13300 13162
f 12991 13315 13181
f 12971 13279 13126
f 12976 13336 13134
f 13001 13373 13212
f 12966 13391 13234
f 12956 13419 13198
f 12948 13323 13096
f 12946 13266 13101
f 12952 13361 13227
f 12955 13406 13239
f 12959 13329 13191
f 12996 13418 13188
f 12979 13400 13140
f 13000 13358 13206
f 12960 13269 13107
f 12989 13387 13180
f 12972 13305 13127
f 12968 13281 13131
f 12985 13344 13209
f 12988 13377 13235
f 12995 13390 13194
f 12973 13316 13185
f 12974 13284 13137
f 12997 13342 13203
f 12964 13366 13110
f 12949 13321 13074
f 12945 13260 13067
f 12951 13350 13079
f 12954 13395 13085
f 12957 13411 13092
f 12965 13380 13115
f 12992 13313 13174
f 12977 13287 13144
f 12998 13347 13217
f 12963 13374 13222
f 12983 13309 13152
f 12967 13275 13119
f 12975 13338 13156
f 12987 13369 13163
f 12990 13385 13170
f 12993 13327 13175
f 12980 13414 13145
f 12978 13402 13216
f 12999 13360 13223
f 12962 13272 13114
f 12947 13429 13072
f 12943 13423 13065
f 12944 13426 13077
f 12950 13433 13083
f 12953 13436 13090
f 12958 13439 13113
f 12994 13473 13176
f 12981 13460 13146
f 13002 13480 13218
f 12961 13443 13221
f 12982 13462 13151
f 12969 13447 13121
f 12970 13452 13155
f 12984 13466 13161
f 12986 13469 13168
f 12991 13471 13173
f 12971 13454 13143
f 12976 13458 13215
f 13001 13481 13224
f 12966 13445 13116
f 12884 13249 13069
f 12883 13245 13063
f 12885 13251 13075
f 12886 13254 13081
f 12887 13257 13087
f 12892 13271 13111
f 12910 13328 13172
f 12939 13415 13142
f 12935 13403 13214
f 12921 13359 13219
f 12899 13294 13147
f 12898 13290 13118
f 12900 13296 13153
f 12901 13299 13159
f 12902 13302 13165
f 12905 13312 13171
f 12897 13286 13141
f 12917 13346 13213
f 12926 13375 13220
f 12928 13381 13112
f 12938 13410 13088
f 12908 13320 13070
f 12888 13261 13064
f 12918 13351 13076
f 12933 13396 13082
f 12909 13324 13094
f 12941 13420 13196
f 12937 13407 13237
f 12922 13362 13225
f 12890 13267 13099
f 12929 13384 13166
f 12904 13308 13148
f 12893 13276 13117
f 12914 13339 13154
f 12924 13370 13160
f 12930 13388 13178
f 12903 13306 13124
f 12895 13282 13129
f 12916 13345 13207
f 12927 13376 13231
f 12912 13331 13195
f 12889 13263 13093
f 12919 13353 13100
f 12936 13404 13226
f 12942 13421 13238
f 12931 13389 13190
f 12907 13317 13183
f 12896 13285 13135
f 12915 13343 13201
f 12923 13365 13106
f 12906 13314 13177
f 12894 13278 13123
f 12913 13335 13130
f 12925 13372 13208
f 12932 13392 13232
f 12911 13330 13189
f 12940 13417 13184
f 12934 13399 13136
f 12920 13357 13202
f 12891 13270 13105
f 12956 13430 13091
f 12948 13424 13073
f 12946 13425 13068
f 12952 13432 13080
f 12955 13435 13086
f 12959 13438 13098
f 12996 13476 13200
f 12979 13461 13241
f 13000 13482 13229
f 12960 13441 13103
f 12989 13463 13169
f 12972 13451 13150
f 12968 13449 13120
f 12985 13465 13158
f 12988 13468 13164
f 12995 13472 13182
f 12973 13453 13128
f 12974 13456 13132
f 12997 13478 13211
f 12964 13446 13233
f 12884 13247 13249
f 12883 13243 13245
f 12885 13244 13251
f 12886 13250 13254
f 12887 13253 13257
f 12892 13262 13271
f 12910 13326 13328
f 12939 13413 13415
f 12935 13401 13403
f 12921 13352 13359
f 12899 13292 13294
f 12898 13288 13290
f 12900 13289 13296
f 12901 13295 13299
f 12902 13298 13302
f 12905 13310 13312
f 12897 13277 13286
f 12917 13334 13346
f 12926 13371 13375
f 12928 13379 13381
f 12938 13408 13410
f 12908 13318 13320
f 12888 13259 13261
f 12918 13349 13351
f 12933 13394 13396
f 12909 13322 13324
f 12941 13416 13420
f 12937 13398 13407
f 12922 13356 13362
f 12890 13265 13267
f 12929 13382 13384
f 12904 13303 13308
f 12893 13274 13276
f 12914 13337 13339
f 12924 13368 13370
f 12930 13386 13388
f 12903 13304 13306
f 12895 13280 13282
f 12916 13340 13345
f 12927 13364 13376
f 12912 13319 13331
f 12889 13258 13263
f 12919 13348 13353
f 12936 13393 13404
f 12942 13409 13421
f 12931 13378 13389
f 12907 13311 13317
f 12896 13283 13285
f 12915 13341 13343
f 12923 13363 13365
f 12906 13307 13314
f 12894 13273 13278
f 12913 13333 13335
f 12925 13367 13372
f 12932 13383 13392
f 12911 13325 13330
f 12940 13412 13417
f 12934 13397 13399
f 12920 13355 13357
f 12891 13268 13270
f 12956 13431 13430
f 12948 13427 13424
f 12946 13428 13425
f 12952 13434 13432
f 12955 13437 13435
f 12959 13440 13438
f 12996 13474 13476
f 12979 13459 13461
f 13000 13479 13482
f 12960 13442 13441
f 12989 13464 13463
f 12972 13448 13451
f 12968 13450 13449
f 12985 13467 13465
f 12988 13470 13468
f 12995 13475 13472
f 12973 13455 13453
f 12974 13457 13456
f 12997 13477 13478
f 12964 13444 13446
f 12884 13004 13247
f 12883 13003 13243
f 12885 13005 13244
f 12886 13006 13250
f 12887 13007 13253
f 12892 13012 13262
f 12910 13030 13326
f 12939 13059 13413
f 12935 13055 13401
f 12921 13041 13352
f 12899 13019 13292
f 12898 13018 13288
f 12900 13020 13289
f 12901 13021 13295
f 12902 13022 13298
f 12905 13025 13310
f 12897 13017 13277
f 12917 13037 13334
f 12926 13046 13371
f 12928 13048 13379
f 12938 13058 13408
f 12908 13028 13318
f 12888 13008 13259
f 12918 13038 13349
f 12933 13053 13394
f 12909 13029 13322
f 12941 13061 13416
f 12937 13057 13398
f 12922 13042 13356
f 12890 13010 13265
f 12929 13049 13382
f 12904 13024 13303
f 12893 13013 13274
f 12914 13034 13337
f 12924 13044 13368
f 12930 13050 13386
f 12903 13023 13304
f 12895 13015 13280
f 12916 13036 13340
f 12927 13047 13364
f 12912 13032 13319
f 12889 13009 13258
f 12919 13039 13348
f 12936 13056 13393
f 12942 13062 13409
f 12931 13051 13378
f 12907 13027 13311
f 12896 13016 13283
f 12915 13035 13341
f 12923 13043 13363
f 12906 13026 13307
f 12894 13014 13273
f 12913 13033 13333
f 12925 13045 13367
f 12932 13052 13383
f 12911 13031 13325
f 12940 13060 13412
f 12934 13054 13397
f 12920 13040 13355
f 12891 13011 13268
f 12956 13198 13431
f 12948 13096 13427
f 12946 13101 13428
f 12952 13227 13434
f 12955 13239 13437
f 12959 13191 13440
f 12996 13188 13474
f 12979 13140 13459
f 13000 13206 13479
f 12960 13107 13442
f 12989 13180 13464
f 12972 13127 13448
f 12968 13131 13450
f 12985 13209 13467
f 12988 13235 13470
f 12995 13194 13475
f 12973 13185 13455
f 12974 13137 13457
f 12997 13203 13477
f 12964 13110 13444
f 12887 13087 13256
f 12884 13069 13248
f 12883 13063 13246
f 12885 13075 13252
f 12886 13081 13255
f 12889 13093 13264
f 12912 13195 13332
f 12942 13238 13422
f 12936 13226 13405
f 12919 13100 13354
f 12902 13165 13301
f 12899 13147 13293
f 12898 13118 13291
f 12900 13153 13297
f 12901 13159 13300
f 12906 13177 13315
f 12894 13123 13279
f 12913 13130 13336
f 12925 13208 13373
f 12932 13232 13391
f 12941 13196 13419
f 12909 13094 13323
f 12890 13099 13266
f 12922 13225 13361
f 12937 13237 13406
f 12911 13189 13329
f 12940 13184 13418
f 12934 13136 13400
f 12920 13202 13358
f 12891 13105 13269
f 12930 13178 13387
f 12903 13124 13305
f 12895 13129 13281
f 12916 13207 13344
f 12927 13231 13377
f 12931 13190 13390
f 12907 13183 13316
f 12896 13135 13284
f 12915 13201 13342
f 12923 13106 13366
f 12908 13070 13321
f 12888 13064 13260
f 12918 13076 13350
f 12933 13082 13395
f 12938 13088 13411
f 12928 13112 13380
f 12905 13171 13313
f 12897 13141 13287
f 12917 13213 13347
f 12926 13220 13374
f 12904 13148 13309
f 12893 13117 13275
f 12914 13154 13338
f 12924 13160 13369
f 12929 13166 13385
f 12910 13172 13327
f 12939 13142 13414
f 12935 13214 13402
f 12921 13219 13360
f 12892 13111 13272
f 12949 13074 13429
f 12945 13067 13423
f 12951 13079 13426
f 12954 13085 13433
f 12957 13092 13436
f 12965 13115 13439
f 12992 13174 13473
f 12977 13144 13460
f 12998 13217 13480
f 12963 13222 13443
f 12983 13152 13462
f 12967 13119 13447
f 12975 13156 13452
f 12987 13163 13466
f 12990 13170 13469
f 12993 13175 13471
f 12980 13145 13454
f 12978 13216 13458
f 12999 13223 13481
f 12962 13114 13445
f 12947 13072 13249
f 12943 13065 13245
f 12944 13077 13251
f 12950 13083 13254
f 12953 13090 13257
f 12958 13113 13271
f 12994 13176 13328
f 12981 13146 13415
f 13002 13218 13403
f 12961 13221 13359
f 12982 13151 13294
f 12969 13121 13290
f 12970 13155 13296
f 12984 13161 13299
f 12986 13168 13302
f 12991 13173 13312
f 12971 13143 13286
f 12976 13215 13346
f 13001 13224 13375
f 12966 13116 13381
f 12956 13091 13410
f 12948 13073 13320
f 12946 13068 13261
f 12952 13080 13351
f 12955 13086 13396
f 12959 13098 13324
f 12996 13200 13420
f 12979 13241 13407
f 13000 13229 13362
f 12960 13103 13267
f 12989 13169 13384
f 12972 13150 13308
f 12968 13120 13276
f 12985 13158 13339
f 12988 13164 13370
f 12995 13182 13388
f 12973 13128 13306
f 12974 13132 13282
f 12997 13211 13345
f 12964 13233 13376
f 12949 13197 13331
f 12945 13095 13263
f 12951 13102 13353
f 12954 13228 13404
f 12957 13240 13421
f 12965 13192 13389
f 12992 13187 13317
f 12977 13138 13285
f 12998 13204 13343
f 12963 13109 13365
f 12983 13179 13314
f 12967 13125 13278
f 12975 13133 13335
f 12987 13210 13372
f 12990 13236 13392
f 12993 13193 13330
f 12980 13186 13417
f 12978 13139 13399
f 12999 13205 13357
f 12962 13108 13270
f 12947 13089 13430
f 12943 13071 13424
f 12944 13066 13425
f 12950 13078 13432
f 12953 13084 13435
f 12958 13097 13438
f 12994 13199 13476
f 12981 13242 13461
f 13002 13230 13482
f 12961 13104 13441
f 12982 13167 13463
f 12969 13149 13451
f 12970 13122 13449
f 12984 13157 13465
f 12986 13162 13468
f 12991 13181 13472
f 12971 13126 13453
f 12976 13134 13456
f 13001 13212 13478
f 12966 13234 13446
f 12887 13256 13247
f 12884 13248 13243
f 12883 13246 13244
f 12885 13252 13250
f 12886 13255 13253
f 12889 13264 13262
f 12912 13332 13326
f 12942 13422 13413
f 12936 13405 13401
f 12919 13354 13352
f 12902 13301 13292
f 12899 13293 13288
f 12898 13291 13289
f 12900 13297 13295
f 12901 13300 13298
f 12906 13315 13310
f 12894 13279 13277
f 12913 13336 13334
f 12925 13373 13371
f 12932 13391 13379
f 12941 13419 13408
f 12909 13323 13318
f 12890 13266 13259
f 12922 13361 13349
f 12937 13406 13394
f 12911 13329 13322
f 12940 13418 13416
f 12934 13400 13398
f 12920 13358 13356
f 12891 13269 13265
f 12930 13387 13382
f 12903 13305 13303
f 12895 13281 13274
f 12916 13344 13337
f 12927 13377 13368
f 12931 13390 13386
f 12907 13316 13304
f 12896 13284 13280
f 12915 13342 13340
f 12923 13366 13364
f 12908 13321 13319
f 12888 13260 13258
f 12918 13350 13348
f 12933 13395 13393
f 12938 13411 13409
f 12928 13380 13378
f 12905 13313 13311
f 12897 13287 13283
f 12917 13347 13341
f 12926 13374 13363
f 12904 13309 13307
f 12893 13275 13273
f 12914 13338 13333
f 12924 13369 13367
f 12929 13385 13383
f 12910 13327 13325
f 12939 13414 13412
f 12935 13402 13397
f 12921 13360 13355
f 12892 13272 13268
f 12949 13429 13431
f 12945 13423 13427
f 12951 13426 13428
f 12954 13433 13434
f 12957 13436 13437
f 12965 13439 13440
f 12992 13473 13474
f 12977 13460 13459
f 12998 13480 13479
f 12963 13443 13442
f 12983 13462 13464
f 12967 13447 13448
f 12975 13452 13450
f 12987 13466 13467
f 12990 13469 13470
f 12993 13471 13475
f 12980 13454 13455
f 12978 13458 13457
f 12999 13481 13477
f 12962 13445 13444
f 13247 13004 13007
f 13243 13003 13004
f 13244 13005 13003
f 13250 13006 13005
f 13253 13007 13006
f 13262 13012 13009
f 13326 13030 13032
f 13413 13059 13062
f 13401 13055 13056
f 13352 13041 13039
f 13292 13019 13022
f 13288 13018 13019
f 13289 13020 13018
f 13295 13021 13020
f 13298 13022 13021
f 13310 13025 13026
f 13277 13017 13014
f 13334 13037 13033
f 13371 13046 13045
f 13379 13048 13052
f 13408 13058 13061
f 13318 13028 13029
f 13259 13008 13010
f 13349 13038 13042
f 13394 13053 13057
f 13322 13029 13031
f 13416 13061 13060
f 13398 13057 13054
f 13356 13042 13040
f 13265 13010 13011
f 13382 13049 13050
f 13303 13024 13023
f 13274 13013 13015
f 13337 13034 13036
f 13368 13044 13047
f 13386 13050 13051
f 13304 13023 13027
f 13280 13015 13016
f 13340 13036 13035
f 13364 13047 13043
f 13319 13032 13028
f 13258 13009 13008
f 13348 13039 13038
f 13393 13056 13053
f 13409 13062 13058
f 13378 13051 13048
f 13311 13027 13025
f 13283 13016 13017
f 13341 13035 13037
f 13363 13043 13046
f 13307 13026 13024
f 13273 13014 13013
f 13333 13033 13034
f 13367 13045 13044
f 13383 13052 13049
f 13325 13031 13030
f 13412 13060 13059
f 13397 13054 13055
f 13355 13040 13041
f 13268 13011 13012
f 13431 13198 13197
f 13427 13096 13095
f 13428 13101 13102
f 13434 13227 13228
f 13437 13239 13240
f 13440 13191 13192
f 13474 13188 13187
f 13459 13140 13138
f 13479 13206 13204
f 13442 13107 13109
f 13464 13180 13179
f 13448 13127 13125
f 13450 13131 13133
f 13467 13209 13210
f 13470 13235 13236
f 13475 13194 13193
f 13455 13185 13186
f 13457 13137 13139
f 13477 13203 13205
f 13444 13110 13108
f 13256 13087 13089
f 13248 13069 13071
f 13246 13063 13066
f 13252 13075 13078
f 13255 13081 13084
f 13264 13093 13097
f 13332 13195 13199
f 13422 13238 13242
f 13405 13226 13230
f 13354 13100 13104
f 13301 13165 13167
f 13293 13147 13149
f 13291 13118 13122
f 13297 13153 13157
f 13300 13159 13162
f 13315 13177 13181
f 13279 13123 13126
f 13336 13130 13134
f 13373 13208 13212
f 13391 13232 13234
f 13419 13196 13198
f 13323 13094 13096
f 13266 13099 13101
f 13361 13225 13227
f 13406 13237 13239
f 13329 13189 13191
f 13418 13184 13188
f 13400 13136 13140
f 13358 13202 13206
f 13269 13105 13107
f 13387 13178 13180
f 13305 13124 13127
f 13281 13129 13131
f 13344 13207 13209
f 13377 13231 13235
f 13390 13190 13194
f 13316 13183 13185
f 13284 13135 13137
f 13342 13201 13203
f 13366 13106 13110
f 13321 13070 13074
f 13260 13064 13067
f 13350 13076 13079
f 13395 13082 13085
f 13411 13088 13092
f 13380 13112 13115
f 13313 13171 13174
f 13287 13141 13144
f 13347 13213 13217
f 13374 13220 13222
f 13309 13148 13152
f 13275 13117 13119
f 13338 13154 13156
f 13369 13160 13163
f 13385 13166 13170
f 13327 13172 13175
f 13414 13142 13145
f 13402 13214 13216
f 13360 13219 13223
f 13272 13111 13114
f 13429 13074 13072
f 13423 13067 13065
f 13426 13079 13077
f 13433 13085 13083
f 13436 13092 13090
f 13439 13115 13113
f 13473 13174 13176
f 13460 13144 13146
f 13480 13217 13218
f 13443 13222 13221
f 13462 13152 13151
f 13447 13119 13121
f 13452 13156 13155
f 13466 13163 13161
f 13469 13170 13168
f 13471 13175 13173
f 13454 13145 13143
f 13458 13216 13215
f 13481 13223 13224
f 13445 13114 13116
f 13249 13072 13069
f 13245 13065 13063
f 13251 13077 13075
f 13254 13083 13081
f 13257 13090 13087
f 13271 13113 13111
f 13328 13176 13172
f 13415 13146 13142
f 13403 13218 13214
f 13359 13221 13219
f 13294 13151 13147
f 13290 13121 13118
f 13296 13155 13153
f 13299 13161 13159
f 13302 13168 13165
f 13312 13173 13171
f 13286 13143 13141
f 13346 13215 13213
f 13375 13224 13220
f 13381 13116 13112
f 13410 13091 13088
f 13320 13073 13070
f 13261 13068 13064
f 13351 13080 13076
f 13396 13086 13082
f 13324 13098 13094
f 13420 13200 13196
f 13407 13241 13237
f 13362 13229 13225
f 13267 13103 13099
f 13384 13169 13166
f 13308 13150 13148
f 13276 13120 13117
f 13339 13158 13154
f 13370 13164 13160
f 13388 13182 13178
f 13306 13128 13124
f 13282 13132 13129
f 13345 13211 13207
f 13376 13233 13231
f 13331 13197 13195
f 13263 13095 13093
f 13353 13102 13100
f 13404 13228 13226
f 13421 13240 13238
f 13389 13192 13190
f 13317 13187 13183
f 13285 13138 13135
f 13343 13204 13201
f 13365 13109 13106
f 13314 13179 13177
f 13278 13125 13123
f 13335 13133 13130
f 13372 13210 13208
f 13392 13236 13232
f 13330 13193 13189
f 13417 13186 13184
f 13399 13139 13136
f 13357 13205 13202
f 13270 13108 13105
f 13430 13089 13091
f 13424 13071 13073
f 13425 13066 13068
f 13432 13078 13080
f 13435 13084 13086
f 13438 13097 13098
f 13476 13199 13200
f 13461 13242 13241
f 13482 13230 13229
f 13441 13104 13103
f 13463 13167 13169
f 13451 13149 13150
f 13449 13122 13120
f 13465 13157 13158
f 13468 13162 13164
f 13472 13181 13182
f 13453 13126 13128
f 13456 13134 13132
f 13478 13212 13211
f 13446 13234 13233
f 13247 13256 13249
f 13243 13248 13245
f 13244 13246 13251
f 13250 13252 13254
f 13253 13255 13257
f 13262 13264 13271
f 13326 13332 13328
f 13413 13422 13415
f 13401 13405 13403
f 13352 13354 13359
f 13292 13301 13294
f 13288 13293 13290
f 13289 13291 13296
f 13295 13297 13299
f 13298 13300 13302
f 13310 13315 13312
f 13277 13279 13286
f 13334 13336 13346
f 13371 13373 13375
f 13379 13391 13381
f 13408 13419 13410
f 13318 13323 13320
f 13259 13266 13261
f 13349 13361 13351
f 13394 13406 13396
f 13322 13329 13324
f 13416 13418 13420
f 13398 13400 13407
f 13356 13358 13362
f 13265 13269 13267
f 13382 13387 13384
f 13303 13305 13308
f 13274 13281 13276
f 13337 13344 13339
f 13368 13377 13370
f 13386 13390 13388
f 13304 13316 13306
f 13280 13284 13282
f 13340 13342 13345
f 13364 13366 13376
f 13319 13321 13331
f 13258 13260 13263
f 13348 13350 13353
f 13393 13395 13404
f 13409 13411 13421
f 13378 13380 13389
f 13311 13313 13317
f 13283 13287 13285
f 13341 13347 13343
f 13363 13374 13365
f 13307 13309 13314
f 13273 13275 13278
f 13333 13338 13335
f 13367 13369 13372
f 13383 13385 13392
f 13325 13327 13330
f 13412 13414 13417
f 13397 13402 13399
f 13355 13360 13357
f 13268 13272 13270
f 13431 13429 13430
f 13427 13423 13424
f 13428 13426 13425
f 13434 13433 13432
f 13437 13436 13435
f 13440 13439 13438
f 13474 13473 13476
f 13459 13460 13461
f 13479 13480 13482
f 13442 13443 13441
f 13464 13462 13463
f 13448 13447 13451
f 13450 13452 13449
f 13467 13466 13465
f 13470 13469 13468
f 13475 13471 13472
f 13455 13454 13453
f 13457 13458 13456
f 13477 13481 13478
f 13444 13445 13446
f 13483 13649 13646
f 13483 13646 13645
f 13483 13645 13647
f 13483 13647 13648
f 13483 13648 13649
f 13484 13651 13654
f 13488 13674 13672
f 13494 13704 13701
f 13493 13698 13697
f 13490 13681 13683
f 13486 13664 13661
f 13486 13661 13660
f 13486 13660 13662
f 13486 13662 13663
f 13486 13663 13664
f 13487 13668 13667
f 13485 13656 13659
f 13489 13675 13679
f 13491 13687 13688
f 13492 13694 13690
f 13494 13703 13700
f 13488 13671 13670
f 13484 13652 13650
f 13490 13684 13680
f 13493 13699 13695
f 13488 13673 13671
f 13494 13702 13703
f 13493 13696 13699
f 13490 13682 13684
f 13484 13653 13652
f 13492 13692 13691
f 13487 13665 13666
f 13485 13657 13655
f 13489 13678 13676
f 13491 13689 13686
f 13492 13693 13692
f 13487 13669 13665
f 13485 13658 13657
f 13489 13677 13678
f 13491 13685 13689
f 13488 13670 13674
f 13484 13650 13651
f 13490 13680 13681
f 13493 13695 13698
f 13494 13700 13704
f 13492 13690 13693
f 13487 13667 13669
f 13485 13659 13658
f 13489 13679 13677
f 13491 13688 13685
f 13487 13666 13668
f 13485 13655 13656
f 13489 13676 13675
f 13491 13686 13687
f 13492 13691 13694
f 13488 13672 13673
f 13494 13701 13702
f 13493 13697 13696
f 13490 13683 13682
f 13484 13654 13653
f 13517 13839 13840
f 13500 13737 13738
f 13501 13744 13743
f 13522 13870 13869
f 13524 13882 13881
f 13516 13834 13833
f 13515 13829 13830
f 13507 13780 13782
f 13518 13846 13848
f 13502 13751 13749
f 13514 13821 13822
f 13505 13767 13769
f 13506 13775 13773
f 13519 13852 13851
f 13523 13878 13877
f 13516 13835 13836
f 13515 13828 13827
f 13507 13781 13779
f 13518 13847 13845
f 13502 13750 13752
f 13499 13731 13729
f 13496 13713 13711
f 13495 13708 13705
f 13497 13720 13717
f 13498 13726 13723
f 13500 13739 13735
f 13517 13841 13837
f 13524 13884 13880
f 13522 13872 13868
f 13501 13746 13742
f 13512 13809 13807
f 13509 13791 13789
f 13504 13764 13760
f 13510 13799 13795
f 13511 13804 13801
f 13514 13823 13819
f 13505 13768 13765
f 13506 13776 13772
f 13519 13854 13850
f 13523 13876 13874
f 13517 13840 13838
f 13500 13738 13736
f 13501 13743 13741
f 13522 13869 13867
f 13524 13881 13879
f 13516 13833 13831
f 13515 13830 13826
f 13507 13782 13778
f 13518 13848 13844
f 13502 13749 13747
f 13514 13822 13820
f 13505 13769 13766
f 13506 13773 13771
f 13519 13851 13849
f 13523 13877 13873
f 13516 13836 13832
f 13515 13827 13825
f 13507 13779 13777
f 13518 13845 13843
f 13502 13752 13748
f 13496 13716 13712
f 13495 13709 13706
f 13497 13721 13718
f 13498 13727 13724
f 13499 13734 13730
f 13503 13757 13754
f 13513 13816 13813
f 13508 13786 13783
f 13520 13859 13855
f 13521 13864 13862
f 13509 13794 13790
f 13504 13761 13759
f 13510 13798 13796
f 13511 13805 13802
f 13512 13812 13808
f 13513 13817 13814
f 13508 13787 13784
f 13520 13858 13856
f 13521 13865 13861
f 13503 13756 13753
f 13496 13714 13716
f 13495 13707 13709
f 13497 13719 13721
f 13498 13725 13727
f 13499 13732 13734
f 13503 13755 13757
f 13513 13818 13816
f 13508 13788 13786
f 13520 13860 13859
f 13521 13863 13864
f 13509 13793 13794
f 13504 13763 13761
f 13510 13797 13798
f 13511 13803 13805
f 13512 13810 13812
f 13513 13815 13817
f 13508 13785 13787
f 13520 13857 13858
f 13521 13866 13865
f 13503 13758 13756
f 13496 13711 13714
f 13495 13705 13707
f 13497 13717 13719
f 13498 13723 13725
f 13499 13729 13732
f 13503 13753 13755
f 13513 13814 13818
f 13508 13784 13788
f 13520 13856 13860
f 13521 13861 13863
f 13509 13789 13793
f 13504 13760 13763
f 13510 13795 13797
f 13511 13801 13803
f 13512 13807 13810
f 13513 13813 13815
f 13508 13783 13785
f 13520 13855 13857
f 13521 13862 13866
f 13503 13754 13758
f 13499 13730 13733
f 13496 13712 13715
f 13495 13706 13710
f 13497 13718 13722
f 13498 13724 13728
f 13500 13736 13740
f 13517 13838 13842
f 13524 13879 13883
f 13522 13867 13871
f 13501 13741 13745
f 13512 13808 13811
f 13509 13790 13792
f 13504 13759 13762
f 13510 13796 13800
f 13511 13802 13806
f 13514 13820 13824
f 13505 13766 13770
f 13506 13771 13774
f 13519 13849 13853
f 13523 13873 13875
f 13517 13837 13839
f 13500 13735 13737
f 13501 13742 13744
f 13522 13868 13870
f 13524 13880 13882
f 13516 13832 13834
f 13515 13825 13829
f 13507 13777 13780
f 13518 13843 13846
f 13502 13748 13751
f 13514 13819 13821
f 13505 13765 13767
f 13506 13772 13775
f 13519 13850 13852
f 13523 13874 13878
f 13516 13831 13835
f 13515 13826 13828
f 13507 13778 13781
f 13518 13844 13847
f 13502 13747 13750
f 13499 13733 13731
f 13496 13715 13713
f 13495 13710 13708
f 13497 13722 13720
f 13498 13728 13726
f 13500 13740 13739
f 13517 13842 13841
f 13524 13883 13884
f 13522 13871 13872
f 13501 13745 13746
f 13512 13811 13809
f 13509 13792 13791
f 13504 13762 13764
f 13510 13800 13799
f 13511 13806 13804
f 13514 13824 13823
f 13505 13770 13768
f 13506 13774 13776
f 13519 13853 13854
f 13523 13875 13876
f 13589 13891 13898
f 13585 13887 13890
f 13586 13893 13888
f 13592 13896 13894
f 13595 13899 13897
f 13600 13913 13906
f 13636 13970 13974
f 13623 14057 14064
f 13644 14045 14047
f 13603 14001 13996
f 13624 13936 13943
f 13611 13932 13935
f 13612 13938 13933
f 13626 13941 13939
f 13628 13944 13942
f 13633 13954 13957
f 13613 13928 13921
f 13618 13988 13978
f 13643 14017 14015
f 13608 14023 14033
f 13598 14052 14061
f 13590 13962 13965
f 13588 13903 13908
f 13594 13993 14003
f 13597 14038 14048
f 13601 13966 13971
f 13638 14062 14060
f 13621 14049 14042
f 13642 14004 14000
f 13602 13909 13911
f 13631 14026 14029
f 13614 13950 13947
f 13610 13918 13923
f 13627 13981 13986
f 13630 14012 14019
f 13637 14030 14032
f 13615 13948 13958
f 13616 13924 13926
f 13639 13987 13984
f 13606 14018 14008
f 13591 13973 13963
f 13587 13905 13902
f 13593 13995 13992
f 13596 14046 14037
f 13599 14063 14053
f 13607 14031 14022
f 13634 13959 13955
f 13619 13927 13929
f 13640 13985 13989
f 13605 14007 14016
f 13625 13956 13951
f 13609 13920 13917
f 13617 13977 13980
f 13629 14014 14011
f 13632 14034 14027
f 13635 13972 13969
f 13622 14059 14056
f 13620 14041 14044
f 13641 13999 14002
f 13604 13912 13914
f 13589 14072 14071
f 13585 14066 14065
f 13586 14067 14068
f 13592 14074 14075
f 13595 14077 14078
f 13600 14080 14081
f 13636 14118 14115
f 13623 14103 14102
f 13644 14124 14122
f 13603 14083 14085
f 13624 14105 14104
f 13611 14093 14089
f 13612 14091 14094
f 13626 14107 14108
f 13628 14110 14111
f 13633 14114 14113
f 13613 14095 14096
f 13618 14098 14100
f 13643 14120 14123
f 13608 14088 14087
f 13529 13889 13649
f 13526 13885 13646
f 13525 13886 13645
f 13527 13892 13647
f 13528 13895 13648
f 13531 13904 13651
f 13554 13968 13674
f 13584 14055 13704
f 13578 14043 13698
f 13561 13994 13681
f 13544 13934 13664
f 13541 13930 13661
f 13540 13931 13660
f 13542 13937 13662
f 13543 13940 13663
f 13548 13952 13668
f 13536 13919 13656
f 13555 13976 13675
f 13567 14013 13687
f 13574 14021 13694
f 13583 14050 13703
f 13551 13960 13671
f 13532 13901 13652
f 13564 13991 13684
f 13579 14036 13699
f 13553 13964 13673
f 13582 14058 13702
f 13576 14040 13696
f 13562 13998 13682
f 13533 13907 13653
f 13572 14024 13692
f 13545 13945 13665
f 13537 13916 13657
f 13558 13979 13678
f 13569 14010 13689
f 13573 14028 13693
f 13549 13946 13669
f 13538 13922 13658
f 13557 13982 13677
f 13565 14006 13685
f 13550 13961 13670
f 13530 13900 13650
f 13560 13990 13680
f 13575 14035 13695
f 13580 14051 13700
f 13570 14020 13690
f 13547 13953 13667
f 13539 13925 13659
f 13559 13983 13679
f 13568 14005 13688
f 13546 13949 13666
f 13535 13915 13655
f 13556 13975 13676
f 13566 14009 13686
f 13571 14025 13691
f 13552 13967 13672
f 13581 14054 13701
f 13577 14039 13697
f 13563 13997 13683
f 13534 13910 13654
f 13591 14073 13839
f 13587 14069 13737
f 13593 14070 13744
f 13596 14076 13870
f 13599 14079 13882
f 13607 14082 13834
f 13634 14116 13829
f 13619 14101 13780
f 13640 14121 13846
f 13605 14084 13751
f 13625 14106 13821
f 13609 14090 13767
f 13617 14092 13775
f 13629 14109 13852
f 13632 14112 13878
f 13635 14117 13835
f 13622 14097 13828
f 13620 14099 13781
f 13641 14119 13847
f 13604 14086 13750
f 13589 13898 13731
f 13585 13890 13713
f 13586 13888 13708
f 13592 13894 13720
f 13595 13897 13726
f 13600 13906 13739
f 13636 13974 13841
f 13623 14064 13884
f 13644 14047 13872
f 13603 13996 13746
f 13624 13943 13809
f 13611 13935 13791
f 13612 13933 13764
f 13626 13939 13799
f 13628 13942 13804
f 13633 13957 13823
f 13613 13921 13768
f 13618 13978 13776
f 13643 14015 13854
f 13608 14033 13876
f 13598 14061 13840
f 13590 13965 13738
f 13588 13908 13743
f 13594 14003 13869
f 13597 14048 13881
f 13601 13971 13833
f 13638 14060 13830
f 13621 14042 13782
f 13642 14000 13848
f 13602 13911 13749
f 13631 14029 13822
f 13614 13947 13769
f 13610 13923 13773
f 13627 13986 13851
f 13630 14019 13877
f 13637 14032 13836
f 13615 13958 13827
f 13616 13926 13779
f 13639 13984 13845
f 13606 14008 13752
f 13591 13963 13716
f 13587 13902 13709
f 13593 13992 13721
f 13596 14037 13727
f 13599 14053 13734
f 13607 14022 13757
f 13634 13955 13816
f 13619 13929 13786
f 13640 13989 13859
f 13605 14016 13864
f 13625 13951 13794
f 13609 13917 13761
f 13617 13980 13798
f 13629 14011 13805
f 13632 14027 13812
f 13635 13969 13817
f 13622 14056 13787
f 13620 14044 13858
f 13641 14002 13865
f 13604 13914 13756
f 13589 14071 13714
f 13585 14065 13707
f 13586 14068 13719
f 13592 14075 13725
f 13595 14078 13732
f 13600 14081 13755
f 13636 14115 13818
f 13623 14102 13788
f 13644 14122 13860
f 13603 14085 13863
f 13624 14104 13793
f 13611 14089 13763
f 13612 14094 13797
f 13626 14108 13803
f 13628 14111 13810
f 13633 14113 13815
f 13613 14096 13785
f 13618 14100 13857
f 13643 14123 13866
f 13608 14087 13758
f 13526 13891 13711
f 13525 13887 13705
f 13527 13893 13717
f 13528 13896 13723
f 13529 13899 13729
f 13534 13913 13753
f 13552 13970 13814
f 13581 14057 13784
f 13577 14045 13856
f 13563 14001 13861
f 13541 13936 13789
f 13540 13932 13760
f 13542 13938 13795
f 13543 13941 13801
f 13544 13944 13807
f 13547 13954 13813
f 13539 13928 13783
f 13559 13988 13855
f 13568 14017 13862
f 13570 14023 13754
f 13580 14052 13730
f 13550 13962 13712
f 13530 13903 13706
f 13560 13993 13718
f 13575 14038 13724
f 13551 13966 13736
f 13583 14062 13838
f 13579 14049 13879
f 13564 14004 13867
f 13532 13909 13741
f 13571 14026 13808
f 13546 13950 13790
f 13535 13918 13759
f 13556 13981 13796
f 13566 14012 13802
f 13572 14030 13820
f 13545 13948 13766
f 13537 13924 13771
f 13558 13987 13849
f 13569 14018 13873
f 13554 13973 13837
f 13531 13905 13735
f 13561 13995 13742
f 13578 14046 13868
f 13584 14063 13880
f 13573 14031 13832
f 13549 13959 13825
f 13538 13927 13777
f 13557 13985 13843
f 13565 14007 13748
f 13548 13956 13819
f 13536 13920 13765
f 13555 13977 13772
f 13567 14014 13850
f 13574 14034 13874
f 13553 13972 13831
f 13582 14059 13826
f 13576 14041 13778
f 13562 13999 13844
f 13533 13912 13747
f 13598 14072 13733
f 13590 14066 13715
f 13588 14067 13710
f 13594 14074 13722
f 13597 14077 13728
f 13601 14080 13740
f 13638 14118 13842
f 13621 14103 13883
f 13642 14124 13871
f 13602 14083 13745
f 13631 14105 13811
f 13614 14093 13792
f 13610 14091 13762
f 13627 14107 13800
f 13630 14110 13806
f 13637 14114 13824
f 13615 14095 13770
f 13616 14098 13774
f 13639 14120 13853
f 13606 14088 13875
f 13526 13889 13891
f 13525 13885 13887
f 13527 13886 13893
f 13528 13892 13896
f 13529 13895 13899
f 13534 13904 13913
f 13552 13968 13970
f 13581 14055 14057
f 13577 14043 14045
f 13563 13994 14001
f 13541 13934 13936
f 13540 13930 13932
f 13542 13931 13938
f 13543 13937 13941
f 13544 13940 13944
f 13547 13952 13954
f 13539 13919 13928
f 13559 13976 13988
f 13568 14013 14017
f 13570 14021 14023
f 13580 14050 14052
f 13550 13960 13962
f 13530 13901 13903
f 13560 13991 13993
f 13575 14036 14038
f 13551 13964 13966
f 13583 14058 14062
f 13579 14040 14049
f 13564 13998 14004
f 13532 13907 13909
f 13571 14024 14026
f 13546 13945 13950
f 13535 13916 13918
f 13556 13979 13981
f 13566 14010 14012
f 13572 14028 14030
f 13545 13946 13948
f 13537 13922 13924
f 13558 13982 13987
f 13569 14006 14018
f 13554 13961 13973
f 13531 13900 13905
f 13561 13990 13995
f 13578 14035 14046
f 13584 14051 14063
f 13573 14020 14031
f 13549 13953 13959
f 13538 13925 13927
f 13557 13983 13985
f 13565 14005 14007
f 13548 13949 13956
f 13536 13915 13920
f 13555 13975 13977
f 13567 14009 14014
f 13574 14025 14034
f 13553 13967 13972
f 13582 14054 14059
f 13576 14039 14041
f 13562 13997 13999
f 13533 13910 13912
f 13598 14073 14072
f 13590 14069 14066
f 13588 14070 14067
f 13594 14076 14074
f 13597 14079 14077
f 13601 14082 14080
f 13638 14116 14118
f 13621 14101 14103
f 13642 14121 14124
f 13602 14084 14083
f 13631 14106 14105
f 13614 14090 14093
f 13610 14092 14091
f 13627 14109 14107
f 13630 14112 14110
f 13637 14117 14114
f 13615 14097 14095
f 13616 14099 14098
f 13639 14119 14120
f 13606 14086 14088
f 13526 13646 13889
f 13525 13645 13885
f 13527 13647 13886
f 13528 13648 13892
f 13529 13649 13895
f 13534 13654 13904
f 13552 13672 13968
f 13581 13701 14055
f 13577 13697 14043
f 13563 13683 13994
f 13541 13661 13934
f 13540 13660 13930
f 13542 13662 13931
f 13543 13663 13937
f 13544 13664 13940
f 13547 13667 13952
f 13539 13659 13919
f 13559 13679 13976
f 13568 13688 14013
f 13570 13690 14021
f 13580 13700 14050
f 13550 13670 13960
f 13530 13650 13901
f 13560 13680 13991
f 13575 13695 14036
f 13551 13671 13964
f 13583 13703 14058
f 13579 13699 14040
f 13564 13684 13998
f 13532 13652 13907
f 13571 13691 14024
f 13546 13666 13945
f 13535 13655 13916
f 13556 13676 13979
f 13566 13686 14010
f 13572 13692 14028
f 13545 13665 13946
f 13537 13657 13922
f 13558 13678 13982
f 13569 13689 14006
f 13554 13674 13961
f 13531 13651 13900
f 13561 13681 13990
f 13578 13698 14035
f 13584 13704 14051
f 13573 13693 14020
f 13549 13669 13953
f 13538 13658 13925
f 13557 13677 13983
f 13565 13685 14005
f 13548 13668 13949
f 13536 13656 13915
f 13555 13675 13975
f 13567 13687 14009
f 13574 13694 14025
f 13553 13673 13967
f 13582 13702 14054
f 13576 13696 14039
f 13562 13682 13997
f 13533 13653 13910
f 13598 13840 14073
f 13590 13738 14069
f 13588 13743 14070
f 13594 13869 14076
f 13597 13881 14079
f 13601 13833 14082
f 13638 13830 14116
f 13621 13782 14101
f 13642 13848 14121
f 13602 13749 14084
f 13631 13822 14106
f 13614 13769 14090
f 13610 13773 14092
f 13627 13851 14109
f 13630 13877 14112
f 13637 13836 14117
f 13615 13827 14097
f 13616 13779 14099
f 13639 13845 14119
f 13606 13752 14086
f 13529 13729 13898
f 13526 13711 13890
f 13525 13705 13888
f 13527 13717 13894
f 13528 13723 13897
f 13531 13735 13906
f 13554 13837 13974
f 13584 13880 14064
f 13578 13868 14047
f 13561 13742 13996
f 13544 13807 13943
f 13541 13789 13935
f 13540 13760 13933
f 13542 13795 13939
f 13543 13801 13942
f 13548 13819 13957
f 13536 13765 13921
f 13555 13772 13978
f 13567 13850 14015
f 13574 13874 14033
f 13583 13838 14061
f 13551 13736 13965
f 13532 13741 13908
f 13564 13867 14003
f 13579 13879 14048
f 13553 13831 13971
f 13582 13826 14060
f 13576 13778 14042
f 13562 13844 14000
f 13533 13747 13911
f 13572 13820 14029
f 13545 13766 13947
f 13537 13771 13923
f 13558 13849 13986
f 13569 13873 14019
f 13573 13832 14032
f 13549 13825 13958
f 13538 13777 13926
f 13557 13843 13984
f 13565 13748 14008
f 13550 13712 13963
f 13530 13706 13902
f 13560 13718 13992
f 13575 13724 14037
f 13580 13730 14053
f 13570 13754 14022
f 13547 13813 13955
f 13539 13783 13929
f 13559 13855 13989
f 13568 13862 14016
f 13546 13790 13951
f 13535 13759 13917
f 13556 13796 13980
f 13566 13802 14011
f 13571 13808 14027
f 13552 13814 13969
f 13581 13784 14056
f 13577 13856 14044
f 13563 13861 14002
f 13534 13753 13914
f 13591 13716 14071
f 13587 13709 14065
f 13593 13721 14068
f 13596 13727 14075
f 13599 13734 14078
f 13607 13757 14081
f 13634 13816 14115
f 13619 13786 14102
f 13640 13859 14122
f 13605 13864 14085
f 13625 13794 14104
f 13609 13761 14089
f 13617 13798 14094
f 13629 13805 14108
f 13632 13812 14111
f 13635 13817 14113
f 13622 13787 14096
f 13620 13858 14100
f 13641 13865 14123
f 13604 13756 14087
f 13589 13714 13891
f 13585 13707 13887
f 13586 13719 13893
f 13592 13725 13896
f 13595 13732 13899
f 13600 13755 13913
f 13636 13818 13970
f 13623 13788 14057
f 13644 13860 14045
f 13603 13863 14001
f 13624 13793 13936
f 13611 13763 13932
f 13612 13797 13938
f 13626 13803 13941
f 13628 13810 13944
f 13633 13815 13954
f 13613 13785 13928
f 13618 13857 13988
f 13643 13866 14017
f 13608 13758 14023
f 13598 13733 14052
f 13590 13715 13962
f 13588 13710 13903
f 13594 13722 13993
f 13597 13728 14038
f 13601 13740 13966
f 13638 13842 14062
f 13621 13883 14049
f 13642 13871 14004
f 13602 13745 13909
f 13631 13811 14026
f 13614 13792 13950
f 13610 13762 13918
f 13627 13800 13981
f 13630 13806 14012
f 13637 13824 14030
f 13615 13770 13948
f 13616 13774 13924
f 13639 13853 13987
f 13606 13875 14018
f 13591 13839 13973
f 13587 13737 13905
f 13593 13744 13995
f 13596 13870 14046
f 13599 13882 14063
f 13607 13834 14031
f 13634 13829 13959
f 13619 13780 13927
f 13640 13846 13985
f 13605 13751 14007
f 13625 13821 13956
f 13609 13767 13920
f 13617 13775 13977
f 13629 13852 14014
f 13632 13878 14034
f 13635 13835 13972
f 13622 13828 14059
f 13620 13781 14041
f 13641 13847 13999
f 13604 13750 13912
f 13589 13731 14072
f 13585 13713 14066
f 13586 13708 14067
f 13592 13720 14074
f 13595 13726 14077
f 13600 13739 14080
f 13636 13841 14118
f 13623 13884 14103
f 13644 13872 14124
f 13603 13746 14083
f 13624 13809 14105
f 13611 13791 14093
f 13612 13764 14091
f 13626 13799 14107
f 13628 13804 14110
f 13633 13823 14114
f 13613 13768 14095
f 13618 13776 14098
f 13643 13854 14120
f 13608 13876 14088
f 13529 13898 13889
f 13526 13890 13885
f 13525 13888 13886
f 13527 13894 13892
f 13528 13897 13895
f 13531 13906 13904
f 13554 13974 13968
f 13584 14064 14055
f 13578 14047 14043
f 13561 13996 13994
f 13544 13943 13934
f 13541 13935 13930
f 13540 13933 13931
f 13542 13939 13937
f 13543 13942 13940
f 13548 13957 13952
f 13536 13921 13919
f 13555 13978 13976
f 13567 14015 14013
f 13574 14033 14021
f 13583 14061 14050
f 13551 13965 13960
f 13532 13908 13901
f 13564 14003 13991
f 13579 14048 14036
f 13553 13971 13964
f 13582 14060 14058
f 13576 14042 14040
f 13562 14000 13998
f 13533 13911 13907
f 13572 14029 14024
f 13545 13947 13945
f 13537 13923 13916
f 13558 13986 13979
f 13569 14019 14010
f 13573 14032 14028
f 13549 13958 13946
f 13538 13926 13922
f 13557 13984 13982
f 13565 14008 14006
f 13550 13963 13961
f 13530 13902 13900
f 13560 13992 13990
f 13575 14037 14035
f 13580 14053 14051
f 13570 14022 14020
f 13547 13955 13953
f 13539 13929 13925
f 13559 13989 13983
f 13568 14016 14005
f 13546 13951 13949
f 13535 13917 13915
f 13556 13980 13975
f 13566 14011 14009
f 13571 14027 14025
f 13552 13969 13967
f 13581 14056 14054
f 13577 14044 14039
f 13563 14002 13997
f 13534 13914 13910
f 13591 14071 14073
f 13587 14065 14069
f 13593 14068 14070
f 13596 14075 14076
f 13599 14078 14079
f 13607 14081 14082
f 13634 14115 14116
f 13619 14102 14101
f 13640 14122 14121
f 13605 14085 14084
f 13625 14104 14106
f 13609 14089 14090
f 13617 14094 14092
f 13629 14108 14109
f 13632 14111 14112
f 13635 14113 14117
f 13622 14096 14097
f 13620 14100 14099
f 13641 14123 14119
f 13604 14087 14086
f 13889 13646 13649
f 13885 13645 13646
f 13886 13647 13645
f 13892 13648 13647
f 13895 13649 13648
f 13904 13654 13651
f 13968 13672 13674
f 14055 13701 13704
f 14043 13697 13698
f 13994 13683 13681
f 13934 13661 13664
f 13930 13660 13661
f 13931 13662 13660
f 13937 13663 13662
f 13940 13664 13663
f 13952 13667 13668
f 13919 13659 13656
f 13976 13679 13675
f 14013 13688 13687
f 14021 13690 13694
f 14050 13700 13703
f 13960 13670 13671
f 13901 13650 13652
f 13991 13680 13684
f 14036 13695 13699
f 13964 13671 13673
f 14058 13703 13702
f 14040 13699 13696
f 13998 13684 13682
f 13907 13652 13653
f 14024 13691 13692
f 13945 13666 13665
f 13916 13655 13657
f 13979 13676 13678
f 14010 13686 13689
f 14028 13692 13693
f 13946 13665 13669
f 13922 13657 13658
f 13982 13678 13677
f 14006 13689 13685
f 13961 13674 13670
f 13900 13651 13650
f 13990 13681 13680
f 14035 13698 13695
f 14051 13704 13700
f 14020 13693 13690
f 13953 13669 13667
f 13925 13658 13659
f 13983 13677 13679
f 14005 13685 13688
f 13949 13668 13666
f 13915 13656 13655
f 13975 13675 13676
f 14009 13687 13686
f 14025 13694 13691
f 13967 13673 13672
f 14054 13702 13701
f 14039 13696 13697
f 13997 13682 13683
f 13910 13653 13654
f 14073 13840 13839
f 14069 13738 13737
f 14070 13743 13744
f 14076 13869 13870
f 14079 13881 13882
f 14082 13833 13834
f 14116 13830 13829
f 14101 13782 13780
f 14121 13848 13846
f 14084 13749 13751
f 14106 13822 13821
f 14090 13769 13767
f 14092 13773 13775
f 14109 13851 13852
f 14112 13877 13878
f 14117 13836 13835
f 14097 13827 13828
f 14099 13779 13781
f 14119 13845 13847
f 14086 13752 13750
f 13898 13729 13731
f 13890 13711 13713
f 13888 13705 13708
f 13894 13717 13720
f 13897 13723 13726
f 13906 13735 13739
f 13974 13837 13841
f 14064 13880 13884
f 14047 13868 13872
f 13996 13742 13746
f 13943 13807 13809
f 13935 13789 13791
f 13933 13760 13764
f 13939 13795 13799
f 13942 13801 13804
f 13957 13819 13823
f 13921 13765 13768
f 13978 13772 13776
f 14015 13850 13854
f 14033 13874 13876
f 14061 13838 13840
f 13965 13736 13738
f 13908 13741 13743
f 14003 13867 13869
f 14048 13879 13881
f 13971 13831 13833
f 14060 13826 13830
f 14042 13778 13782
f 14000 13844 13848
f 13911 13747 13749
f 14029 13820 13822
f 13947 13766 13769
f 13923 13771 13773
f 13986 13849 13851
f 14019 13873 13877
f 14032 13832 13836
f 13958 13825 13827
f 13926 13777 13779
f 13984 13843 13845
f 14008 13748 13752
f 13963 13712 13716
f 13902 13706 13709
f 13992 13718 13721
f 14037 13724 13727
f 14053 13730 13734
f 14022 13754 13757
f 13955 13813 13816
f 13929 13783 13786
f 13989 13855 13859
f 14016 13862 13864
f 13951 13790 13794
f 13917 13759 13761
f 13980 13796 13798
f 14011 13802 13805
f 14027 13808 13812
f 13969 13814 13817
f 14056 13784 13787
f 14044 13856 13858
f 14002 13861 13865
f 13914 13753 13756
f 14071 13716 13714
f 14065 13709 13707
f 14068 13721 13719
f 14075 13727 13725
f 14078 13734 13732
f 14081 13757 13755
f 14115 13816 13818
f 14102 13786 13788
f 14122 13859 13860
f 14085 13864 13863
f 14104 13794 13793
f 14089 13761 13763
f 14094 13798 13797
f 14108 13805 13803
f 14111 13812 13810
f 14113 13817 13815
f 14096 13787 13785
f 14100 13858 13857
f 14123 13865 13866
f 14087 13756 13758
f 13891 13714 13711
f 13887 13707 13705
f 13893 13719 13717
f 13896 13725 13723
f 13899 13732 13729
f 13913 13755 13753
f 13970 13818 13814
f 14057 13788 13784
f 14045 13860 13856
f 14001 13863 13861
f 13936 13793 13789
f 13932 13763 13760
f 13938 13797 13795
f 13941 13803 13801
f 13944 13810 13807
f 13954 13815 13813
f 13928 13785 13783
f 13988 13857 13855
f 14017 13866 13862
f 14023 13758 13754
f 14052 13733 13730
f 13962 13715 13712
f 13903 13710 13706
f 13993 13722 13718
f 14038 13728 13724
f 13966 13740 13736
f 14062 13842 13838
f 14049 13883 13879
f 14004 13871 13867
f 13909 13745 13741
f 14026 13811 13808
f 13950 13792 13790
f 13918 13762 13759
f 13981 13800 13796
f 14012 13806 13802
f 14030 13824 13820
f 13948 13770 13766
f 13924 13774 13771
f 13987 13853 13849
f 14018 13875 13873
f 13973 13839 13837
f 13905 13737 13735
f 13995 13744 13742
f 14046 13870 13868
f 14063 13882 13880
f 14031 13834 13832
f 13959 13829 13825
f 13927 13780 13777
f 13985 13846 13843
f 14007 13751 13748
f 13956 13821 13819
f 13920 13767 13765
f 13977 13775 13772
f 14014 13852 13850
f 14034 13878 13874
f 13972 13835 13831
f 14059 13828 13826
f 14041 13781 13778
f 13999 13847 13844
f 13912 13750 13747
f 14072 13731 13733
f 14066 13713 13715
f 14067 13708 13710
f 14074 13720 13722
f 14077 13726 13728
f 14080 13739 13740
f 14118 13841 13842
f 14103 13884 13883
f 14124 13872 13871
f 14083 13746 13745
f 14105 13809 13811
f 14093 13791 13792
f 14091 13764 13762
f 14107 13799 13800
f 14110 13804 13806
f 14114 13823 13824
f 14095 13768 13770
f 14098 13776 13774
f 14120 13854 13853
f 14088 13876 13875
f 13889 13898 13891
f 13885 13890 13887
f 13886 13888 13893
f 13892 13894 13896
f 13895 13897 13899
f 13904 13906 13913
f 13968 13974 13970
f 14055 14064 14057
f 14043 14047 14045
f 13994 13996 14001
f 13934 13943 13936
f 13930 13935 13932
f 13931 13933 13938
f 13937 13939 13941
f 13940 13942 13944
f 13952 13957 13954
f 13919 13921 13928
f 13976 13978 13988
f 14013 14015 14017
f 14021 14033 14023
f 14050 14061 14052
f 13960 13965 13962
f 13901 13908 13903
f 13991 14003 13993
f 14036 14048 14038
f 13964 13971 13966
f 14058 14060 14062
f 14040 14042 14049
f 13998 14000 14004
f 13907 13911 13909
f 14024 14029 14026
f 13945 13947 13950
f 13916 13923 13918
f 13979 13986 13981
f 14010 14019 14012
f 14028 14032 14030
f 13946 13958 13948
f 13922 13926 13924
f 13982 13984 13987
f 14006 14008 14018
f 13961 13963 13973
f 13900 13902 13905
f 13990 13992 13995
f 14035 14037 14046
f 14051 14053 14063
f 14020 14022 14031
f 13953 13955 13959
f 13925 13929 13927
f 13983 13989 13985
f 14005 14016 14007
f 13949 13951 13956
f 13915 13917 13920
f 13975 13980 13977
f 14009 14011 14014
f 14025 14027 14034
f 13967 13969 13972
f 14054 14056 14059
f 14039 14044 14041
f 13997 14002 13999
f 13910 13914 13912
f 14073 14071 14072
f 14069 14065 14066
f 14070 14068 14067
f 14076 14075 14074
f 14079 14078 14077
f 14082 14081 14080
f 14116 14115 14118
f 14101 14102 14103
f 14121 14122 14124
f 14084 14085 14083
f 14106 14104 14105
f 14090 14089 14093
f 14092 14094 14091
f 14109 14108 14107
f 14112 14111 14110
f 14117 14113 14114
f 14097 14096 14095
f 14099 14100 14098
f 14119 14123 14120
f 14086 14087 14088
f 14125 14291 14288
f 14125 14288 14287
f 14125 14287 14289
f 14125 14289 14290
f 14125 14290 14291
f 14126 14293 14296
f 14130 14316 14314
f 14136 14346 14343
f 14135 14340 14339
f 14132 14323 14325
f 14128 14306 14303
f 14128 14303 14302
f 14128 14302 14304
f 14128 14304 14305
f 14128 14305 14306
f 14129 14310 14309
f 14127 14298 14301
f 14131 14317 14321
f 14133 14329 14330
f 14134 14336 14332
f 14136 14345 14342
f 14130 14313 14312
f 14126 14294 14292
f 14132 14326 14322
f 14135 14341 14337
f 14130 14315 14313
f 14136 14344 14345
f 14135 14338 14341
f 14132 14324 14326
f 14126 14295 14294
f 14134 14334 14333
f 14129 14307 14308
f 14127 14299 14297
f 14131 14320 14318
f 14133 14331 14328
f 14134 14335 14334
f 14129 14311 14307
f 14127 14300 14299
f 14131 14319 14320
f 14133 14327 14331
f 14130 14312 14316
f 14126 14292 14293
f 14132 14322 14323
f 14135 14337 14340
f 14136 14342 14346
f 14134 14332 14335
f 14129 14309 14311
f 14127 14301 14300
f 14131 14321 14319
f 14133 14330 14327
f 14129 14308 14310
f 14127 14297 14298
f 14131 14318 14317
f 14133 14328 14329
f 14134 14333 14336
f 14130 14314 14315
f 14136 14343 14344
f 14135 14339 14338
f 14132 14325 14324
f 14126 14296 14295
f 14159 14481 14482
f 14142 14379 14380
f 14143 14386 14385
f 14164 14512 14511
f 14166 14524 14523
f 14158 14476 14475
f 14157 14471 14472
f 14149 14422 14424
f 14160 14488 14490
f 14144 14393 14391
f 14156 14463 14464
f 14147 14409 14411
f 14148 14417 14415
f 14161 14494 14493
f 14165 14520 14519
f 14158 14477 14478
f 14157 14470 14469
f 14149 14423 14421
f 14160 14489 14487
f 14144 14392 14394
f 14141 14373 14371
f 14138 14355 14353
f 14137 14350 14347
f 14139 14362 14359
f 14140 14368 14365
f 14142 14381 14377
f 14159 14483 14479
f 14166 14526 14522
f 14164 14514 14510
f 14143 14388 14384
f 14154 14451 14449
f 14151 14433 14431
f 14146 14406 14402
f 14152 14441 14437
f 14153 14446 14443
f 14156 14465 14461
f 14147 14410 14407
f 14148 14418 14414
f 14161 14496 14492
f 14165 14518 14516
f 14159 14482 14480
f 14142 14380 14378
f 14143 14385 14383
f 14164 14511 14509
f 14166 14523 14521
f 14158 14475 14473
f 14157 14472 14468
f 14149 14424 14420
f 14160 14490 14486
f 14144 14391 14389
f 14156 14464 14462
f 14147 14411 14408
f 14148 14415 14413
f 14161 14493 14491
f 14165 14519 14515
f 14158 14478 14474
f 14157 14469 14467
f 14149 14421 14419
f 14160 14487 14485
f 14144 14394 14390
f 14138 14358 14354
f 14137 14351 14348
f 14139 14363 14360
f 14140 14369 14366
f 14141 14376 14372
f 14145 14399 14396
f 14155 14458 14455
f 14150 14428 14425
f 14162 14501 14497
f 14163 14506 14504
f 14151 14436 14432
f 14146 14403 14401
f 14152 14440 14438
f 14153 14447 14444
f 14154 14454 14450
f 14155 14459 14456
f 14150 14429 14426
f 14162 14500 14498
f 14163 14507 14503
f 14145 14398 14395
f 14138 14356 14358
f 14137 14349 14351
f 14139 14361 14363
f 14140 14367 14369
f 14141 14374 14376
f 14145 14397 14399
f 14155 14460 14458
f 14150 14430 14428
f 14162 14502 14501
f 14163 14505 14506
f 14151 14435 14436
f 14146 14405 14403
f 14152 14439 14440
f 14153 14445 14447
f 14154 14452 14454
f 14155 14457 14459
f 14150 14427 14429
f 14162 14499 14500
f 14163 14508 14507
f 14145 14400 14398
f 14138 14353 14356
f 14137 14347 14349
f 14139 14359 14361
f 14140 14365 14367
f 14141 14371 14374
f 14145 14395 14397
f 14155 14456 14460
f 14150 14426 14430
f 14162 14498 14502
f 14163 14503 14505
f 14151 14431 14435
f 14146 14402 14405
f 14152 14437 14439
f 14153 14443 14445
f 14154 14449 14452
f 14155 14455 14457
f 14150 14425 14427
f 14162 14497 14499
f 14163 14504 14508
f 14145 14396 14400
f 14141 14372 14375
f 14138 14354 14357
f 14137 14348 14352
f 14139 14360 14364
f 14140 14366 14370
f 14142 14378 14382
f 14159 14480 14484
f 14166 14521 14525
f 14164 14509 14513
f 14143 14383 14387
f 14154 14450 14453
f 14151 14432 14434
f 14146 14401 14404
f 14152 14438 14442
f 14153 14444 14448
f 14156 14462 14466
f 14147 14408 14412
f 14148 14413 14416
f 14161 14491 14495
f 14165 14515 14517
f 14159 14479 14481
f 14142 14377 14379
f 14143 14384 14386
f 14164 14510 14512
f 14166 14522 14524
f 14158 14474 14476
f 14157 14467 14471
f 14149 14419 14422
f 14160 14485 14488
f 14144 14390 14393
f 14156 14461 14463
f 14147 14407 14409
f 14148 14414 14417
f 14161 14492 14494
f 14165 14516 14520
f 14158 14473 14477
f 14157 14468 14470
f 14149 14420 14423
f 14160 14486 14489
f 14144 14389 14392
f 14141 14375 14373
f 14138 14357 14355
f 14137 14352 14350
f 14139 14364 14362
f 14140 14370 14368
f 14142 14382 14381
f 14159 14484 14483
f 14166 14525 14526
f 14164 14513 14514
f 14143 14387 14388
f 14154 14453 14451
f 14151 14434 14433
f 14146 14404 14406
f 14152 14442 14441
f 14153 14448 14446
f 14156 14466 14465
f 14147 14412 14410
f 14148 14416 14418
f 14161 14495 14496
f 14165 14517 14518
f 14231 14533 14540
f 14227 14529 14532
f 14228 14535 14530
f 14234 14538 14536
f 14237 14541 14539
f 14242 14555 14548
f 14278 14612 14616
f 14265 14699 14706
f 14286 14687 14689
f 14245 14643 14638
f 14266 14578 14585
f 14253 14574 14577
f 14254 14580 14575
f 14268 14583 14581
f 14270 14586 14584
f 14275 14596 14599
f 14255 14570 14563
f 14260 14630 14620
f 14285 14659 14657
f 14250 14665 14675
f 14240 14694 14703
f 14232 14604 14607
f 14230 14545 14550
f 14236 14635 14645
f 14239 14680 14690
f 14243 14608 14613
f 14280 14704 14702
f 14263 14691 14684
f 14284 14646 14642
f 14244 14551 14553
f 14273 14668 14671
f 14256 14592 14589
f 14252 14560 14565
f 14269 14623 14628
f 14272 14654 14661
f 14279 14672 14674
f 14257 14590 14600
f 14258 14566 14568
f 14281 14629 14626
f 14248 14660 14650
f 14233 14615 14605
f 14229 14547 14544
f 14235 14637 14634
f 14238 14688 14679
f 14241 14705 14695
f 14249 14673 14664
f 14276 14601 14597
f 14261 14569 14571
f 14282 14627 14631
f 14247 14649 14658
f 14267 14598 14593
f 14251 14562 14559
f 14259 14619 14622
f 14271 14656 14653
f 14274 14676 14669
f 14277 14614 14611
f 14264 14701 14698
f 14262 14683 14686
f 14283 14641 14644
f 14246 14554 14556
f 14231 14714 14713
f 14227 14708 14707
f 14228 14709 14710
f 14234 14716 14717
f 14237 14719 14720
f 14242 14722 14723
f 14278 14760 14757
f 14265 14745 14744
f 14286 14766 14764
f 14245 14725 14727
f 14266 14747 14746
f 14253 14735 14731
f 14254 14733 14736
f 14268 14749 14750
f 14270 14752 14753
f 14275 14756 14755
f 14255 14737 14738
f 14260 14740 14742
f 14285 14762 14765
f 14250 14730 14729
f 14171 14531 14291
f 14168 14527 14288
f 14167 14528 14287
f 14169 14534 14289
f 14170 14537 14290
f 14173 14546 14293
f 14196 14610 14316
f 14226 14697 14346
f 14220 14685 14340
f 14203 14636 14323
f 14186 14576 14306
f 14183 14572 14303
f 14182 14573 14302
f 14184 14579 14304
f 14185 14582 14305
f 14190 14594 14310
f 14178 14561 14298
f 14197 14618 14317
f 14209 14655 14329
f 14216 14663 14336
f 14225 14692 14345
f 14193 14602 14313
f 14174 14543 14294
f 14206 14633 14326
f 14221 14678 14341
f 14195 14606 14315
f 14224 14700 14344
f 14218 14682 14338
f 14204 14640 14324
f 14175 14549 14295
f 14214 14666 14334
f 14187 14587 14307
f 14179 14558 14299
f 14200 14621 14320
f 14211 14652 14331
f 14215 14670 14335
f 14191 14588 14311
f 14180 14564 14300
f 14199 14624 14319
f 14207 14648 14327
f 14192 14603 14312
f 14172 14542 14292
f 14202 14632 14322
f 14217 14677 14337
f 14222 14693 14342
f 14212 14662 14332
f 14189 14595 14309
f 14181 14567 14301
f 14201 14625 14321
f 14210 14647 14330
f 14188 14591 14308
f 14177 14557 14297
f 14198 14617 14318
f 14208 14651 14328
f 14213 14667 14333
f 14194 14609 14314
f 14223 14696 14343
f 14219 14681 14339
f 14205 14639 14325
f 14176 14552 14296
f 14233 14715 14481
f 14229 14711 14379
f 14235 14712 14386
f 14238 14718 14512
f 14241 14721 14524
f 14249 14724 14476
f 14276 14758 14471
f 14261 14743 14422
f 14282 14763 14488
f 14247 14726 14393
f 14267 14748 14463
f 14251 14732 14409
f 14259 14734 14417
f 14271 14751 14494
f 14274 14754 14520
f 14277 14759 14477
f 14264 14739 14470
f 14262 14741 14423
f 14283 14761 14489
f 14246 14728 14392
f 14231 14540 14373
f 14227 14532 14355
f 14228 14530 14350
f 14234 14536 14362
f 14237 14539 14368
f 14242 14548 14381
f 14278 14616 14483
f 14265 14706 14526
f 14286 14689 14514
f 14245 14638 14388
f 14266 14585 14451
f 14253 14577 14433
f 14254 14575 14406
f 14268 14581 14441
f 14270 14584 14446
f 14275 14599 14465
f 14255 14563 14410
f 14260 14620 14418
f 14285 14657 14496
f 14250 14675 14518
f 14240 14703 14482
f 14232 14607 14380
f 14230 14550 14385
f 14236 14645 14511
f 14239 14690 14523
f 14243 14613 14475
f 14280 14702 14472
f 14263 14684 14424
f 14284 14642 14490
f 14244 14553 14391
f 14273 14671 14464
f 14256 14589 14411
f 14252 14565 14415
f 14269 14628 14493
f 14272 14661 14519
f 14279 14674 14478
f 14257 14600 14469
f 14258 14568 14421
f 14281 14626 14487
f 14248 14650 14394
f 14233 14605 14358
f 14229 14544 14351
f 14235 14634 14363
f 14238 14679 14369
f 14241 14695 14376
f 14249 14664 14399
f 14276 14597 14458
f 14261 14571 14428
f 14282 14631 14501
f 14247 14658 14506
f 14267 14593 14436
f 14251 14559 14403
f 14259 14622 14440
f 14271 14653 14447
f 14274 14669 14454
f 14277 14611 14459
f 14264 14698 14429
f 14262 14686 14500
f 14283 14644 14507
f 14246 14556 14398
f 14231 14713 14356
f 14227 14707 14349
f 14228 14710 14361
f 14234 14717 14367
f 14237 14720 14374
f 14242 14723 14397
f 14278 14757 14460
f 14265 14744 14430
f 14286 14764 14502
f 14245 14727 14505
f 14266 14746 14435
f 14253 14731 14405
f 14254 14736 14439
f 14268 14750 14445
f 14270 14753 14452
f 14275 14755 14457
f 14255 14738 14427
f 14260 14742 14499
f 14285 14765 14508
f 14250 14729 14400
f 14168 14533 14353
f 14167 14529 14347
f 14169 14535 14359
f 14170 14538 14365
f 14171 14541 14371
f 14176 14555 14395
f 14194 14612 14456
f 14223 14699 14426
f 14219 14687 14498
f 14205 14643 14503
f 14183 14578 14431
f 14182 14574 14402
f 14184 14580 14437
f 14185 14583 14443
f 14186 14586 14449
f 14189 14596 14455
f 14181 14570 14425
f 14201 14630 14497
f 14210 14659 14504
f 14212 14665 14396
f 14222 14694 14372
f 14192 14604 14354
f 14172 14545 14348
f 14202 14635 14360
f 14217 14680 14366
f 14193 14608 14378
f 14225 14704 14480
f 14221 14691 14521
f 14206 14646 14509
f 14174 14551 14383
f 14213 14668 14450
f 14188 14592 14432
f 14177 14560 14401
f 14198 14623 14438
f 14208 14654 14444
f 14214 14672 14462
f 14187 14590 14408
f 14179 14566 14413
f 14200 14629 14491
f 14211 14660 14515
f 14196 14615 14479
f 14173 14547 14377
f 14203 14637 14384
f 14220 14688 14510
f 14226 14705 14522
f 14215 14673 14474
f 14191 14601 14467
f 14180 14569 14419
f 14199 14627 14485
f 14207 14649 14390
f 14190 14598 14461
f 14178 14562 14407
f 14197 14619 14414
f 14209 14656 14492
f 14216 14676 14516
f 14195 14614 14473
f 14224 14701 14468
f 14218 14683 14420
f 14204 14641 14486
f 14175 14554 14389
f 14240 14714 14375
f 14232 14708 14357
f 14230 14709 14352
f 14236 14716 14364
f 14239 14719 14370
f 14243 14722 14382
f 14280 14760 14484
f 14263 14745 14525
f 14284 14766 14513
f 14244 14725 14387
f 14273 14747 14453
f 14256 14735 14434
f 14252 14733 14404
f 14269 14749 14442
f 14272 14752 14448
f 14279 14756 14466
f 14257 14737 14412
f 14258 14740 14416
f 14281 14762 14495
f 14248 14730 14517
f 14168 14531 14533
f 14167 14527 14529
f 14169 14528 14535
f 14170 14534 14538
f 14171 14537 14541
f 14176 14546 14555
f 14194 14610 14612
f 14223 14697 14699
f 14219 14685 14687
f 14205 14636 14643
f 14183 14576 14578
f 14182 14572 14574
f 14184 14573 14580
f 14185 14579 14583
f 14186 14582 14586
f 14189 14594 14596
f 14181 14561 14570
f 14201 14618 14630
f 14210 14655 14659
f 14212 14663 14665
f 14222 14692 14694
f 14192 14602 14604
f 14172 14543 14545
f 14202 14633 14635
f 14217 14678 14680
f 14193 14606 14608
f 14225 14700 14704
f 14221 14682 14691
f 14206 14640 14646
f 14174 14549 14551
f 14213 14666 14668
f 14188 14587 14592
f 14177 14558 14560
f 14198 14621 14623
f 14208 14652 14654
f 14214 14670 14672
f 14187 14588 14590
f 14179 14564 14566
f 14200 14624 14629
f 14211 14648 14660
f 14196 14603 14615
f 14173 14542 14547
f 14203 14632 14637
f 14220 14677 14688
f 14226 14693 14705
f 14215 14662 14673
f 14191 14595 14601
f 14180 14567 14569
f 14199 14625 14627
f 14207 14647 14649
f 14190 14591 14598
f 14178 14557 14562
f 14197 14617 14619
f 14209 14651 14656
f 14216 14667 14676
f 14195 14609 14614
f 14224 14696 14701
f 14218 14681 14683
f 14204 14639 14641
f 14175 14552 14554
f 14240 14715 14714
f 14232 14711 14708
f 14230 14712 14709
f 14236 14718 14716
f 14239 14721 14719
f 14243 14724 14722
f 14280 14758 14760
f 14263 14743 14745
f 14284 14763 14766
f 14244 14726 14725
f 14273 14748 14747
f 14256 14732 14735
f 14252 14734 14733
f 14269 14751 14749
f 14272 14754 14752
f 14279 14759 14756
f 14257 14739 14737
f 14258 14741 14740
f 14281 14761 14762
f 14248 14728 14730
f 14168 14288 14531
f 14167 14287 14527
f 14169 14289 14528
f 14170 14290 14534
f 14171 14291 14537
f 14176 14296 14546
f 14194 14314 14610
f 14223 14343 14697
f 14219 14339 14685
f 14205 14325 14636
f 14183 14303 14576
f 14182 14302 14572
f 14184 14304 14573
f 14185 14305 14579
f 14186 14306 14582
f 14189 14309 14594
f 14181 14301 14561
f 14201 14321 14618
f 14210 14330 14655
f 14212 14332 14663
f 14222 14342 14692
f 14192 14312 14602
f 14172 14292 14543
f 14202 14322 14633
f 14217 14337 14678
f 14193 14313 14606
f 14225 14345 14700
f 14221 14341 14682
f 14206 14326 14640
f 14174 14294 14549
f 14213 14333 14666
f 14188 14308 14587
f 14177 14297 14558
f 14198 14318 14621
f 14208 14328 14652
f 14214 14334 14670
f 14187 14307 14588
f 14179 14299 14564
f 14200 14320 14624
f 14211 14331 14648
f 14196 14316 14603
f 14173 14293 14542
f 14203 14323 14632
f 14220 14340 14677
f 14226 14346 14693
f 14215 14335 14662
f 14191 14311 14595
f 14180 14300 14567
f 14199 14319 14625
f 14207 14327 14647
f 14190 14310 14591
f 14178 14298 14557
f 14197 14317 14617
f 14209 14329 14651
f 14216 14336 14667
f 14195 14315 14609
f 14224 14344 14696
f 14218 14338 14681
f 14204 14324 14639
f 14175 14295 14552
f 14240 14482 14715
f 14232 14380 14711
f 14230 14385 14712
f 14236 14511 14718
f 14239 14523 14721
f 14243 14475 14724
f 14280 14472 14758
f 14263 14424 14743
f 14284 14490 14763
f 14244 14391 14726
f 14273 14464 14748
f 14256 14411 14732
f 14252 14415 14734
f 14269 14493 14751
f 14272 14519 14754
f 14279 14478 14759
f 14257 14469 14739
f 14258 14421 14741
f 14281 14487 14761
f 14248 14394 14728
f 14171 14371 14540
f 14168 14353 14532
f 14167 14347 14530
f 14169 14359 14536
f 14170 14365 14539
f 14173 14377 14548
f 14196 14479 14616
f 14226 14522 14706
f 14220 14510 14689
f 14203 14384 14638
f 14186 14449 14585
f 14183 14431 14577
f 14182 14402 14575
f 14184 14437 14581
f 14185 14443 14584
f 14190 14461 14599
f 14178 14407 14563
f 14197 14414 14620
f 14209 14492 14657
f 14216 14516 14675
f 14225 14480 14703
f 14193 14378 14607
f 14174 14383 14550
f 14206 14509 14645
f 14221 14521 14690
f 14195 14473 14613
f 14224 14468 14702
f 14218 14420 14684
f 14204 14486 14642
f 14175 14389 14553
f 14214 14462 14671
f 14187 14408 14589
f 14179 14413 14565
f 14200 14491 14628
f 14211 14515 14661
f 14215 14474 14674
f 14191 14467 14600
f 14180 14419 14568
f 14199 14485 14626
f 14207 14390 14650
f 14192 14354 14605
f 14172 14348 14544
f 14202 14360 14634
f 14217 14366 14679
f 14222 14372 14695
f 14212 14396 14664
f 14189 14455 14597
f 14181 14425 14571
f 14201 14497 14631
f 14210 14504 14658
f 14188 14432 14593
f 14177 14401 14559
f 14198 14438 14622
f 14208 14444 14653
f 14213 14450 14669
f 14194 14456 14611
f 14223 14426 14698
f 14219 14498 14686
f 14205 14503 14644
f 14176 14395 14556
f 14233 14358 14713
f 14229 14351 14707
f 14235 14363 14710
f 14238 14369 14717
f 14241 14376 14720
f 14249 14399 14723
f 14276 14458 14757
f 14261 14428 14744
f 14282 14501 14764
f 14247 14506 14727
f 14267 14436 14746
f 14251 14403 14731
f 14259 14440 14736
f 14271 14447 14750
f 14274 14454 14753
f 14277 14459 14755
f 14264 14429 14738
f 14262 14500 14742
f 14283 14507 14765
f 14246 14398 14729
f 14231 14356 14533
f 14227 14349 14529
f 14228 14361 14535
f 14234 14367 14538
f 14237 14374 14541
f 14242 14397 14555
f 14278 14460 14612
f 14265 14430 14699
f 14286 14502 14687
f 14245 14505 14643
f 14266 14435 14578
f 14253 14405 14574
f 14254 14439 14580
f 14268 14445 14583
f 14270 14452 14586
f 14275 14457 14596
f 14255 14427 14570
f 14260 14499 14630
f 14285 14508 14659
f 14250 14400 14665
f 14240 14375 14694
f 14232 14357 14604
f 14230 14352 14545
f 14236 14364 14635
f 14239 14370 14680
f 14243 14382 14608
f 14280 14484 14704
f 14263 14525 14691
f 14284 14513 14646
f 14244 14387 14551
f 14273 14453 14668
f 14256 14434 14592
f 14252 14404 14560
f 14269 14442 14623
f 14272 14448 14654
f 14279 14466 14672
f 14257 14412 14590
f 14258 14416 14566
f 14281 14495 14629
f 14248 14517 14660
f 14233 14481 14615
f 14229 14379 14547
f 14235 14386 14637
f 14238 14512 14688
f 14241 14524 14705
f 14249 14476 14673
f 14276 14471 14601
f 14261 14422 14569
f 14282 14488 14627
f 14247 14393 14649
f 14267 14463 14598
f 14251 14409 14562
f 14259 14417 14619
f 14271 14494 14656
f 14274 14520 14676
f 14277 14477 14614
f 14264 14470 14701
f 14262 14423 14683
f 14283 14489 14641
f 14246 14392 14554
f 14231 14373 14714
f 14227 14355 14708
f 14228 14350 14709
f 14234 14362 14716
f 14237 14368 14719
f 14242 14381 14722
f 14278 14483 14760
f 14265 14526 14745
f 14286 14514 14766
f 14245 14388 14725
f 14266 14451 14747
f 14253 14433 14735
f 14254 14406 14733
f 14268 14441 14749
f 14270 14446 14752
f 14275 14465 14756
f 14255 14410 14737
f 14260 14418 14740
f 14285 14496 14762
f 14250 14518 14730
f 14171 14540 14531
f 14168 14532 14527
f 14167 14530 14528
f 14169 14536 14534
f 14170 14539 14537
f 14173 14548 14546
f 14196 14616 14610
f 14226 14706 14697
f 14220 14689 14685
f 14203 14638 14636
f 14186 14585 14576
f 14183 14577 14572
f 14182 14575 14573
f 14184 14581 14579
f 14185 14584 14582
f 14190 14599 14594
f 14178 14563 14561
f 14197 14620 14618
f 14209 14657 14655
f 14216 14675 14663
f 14225 14703 14692
f 14193 14607 14602
f 14174 14550 14543
f 14206 14645 14633
f 14221 14690 14678
f 14195 14613 14606
f 14224 14702 14700
f 14218 14684 14682
f 14204 14642 14640
f 14175 14553 14549
f 14214 14671 14666
f 14187 14589 14587
f 14179 14565 14558
f 14200 14628 14621
f 14211 14661 14652
f 14215 14674 14670
f 14191 14600 14588
f 14180 14568 14564
f 14199 14626 14624
f 14207 14650 14648
f 14192 14605 14603
f 14172 14544 14542
f 14202 14634 14632
f 14217 14679 14677
f 14222 14695 14693
f 14212 14664 14662
f 14189 14597 14595
f 14181 14571 14567
f 14201 14631 14625
f 14210 14658 14647
f 14188 14593 14591
f 14177 14559 14557
f 14198 14622 14617
f 14208 14653 14651
f 14213 14669 14667
f 14194 14611 14609
f 14223 14698 14696
f 14219 14686 14681
f 14205 14644 14639
f 14176 14556 14552
f 14233 14713 14715
f 14229 14707 14711
f 14235 14710 14712
f 14238 14717 14718
f 14241 14720 14721
f 14249 14723 14724
f 14276 14757 14758
f 14261 14744 14743
f 14282 14764 14763
f 14247 14727 14726
f 14267 14746 14748
f 14251 14731 14732
f 14259 14736 14734
f 14271 14750 14751
f 14274 14753 14754
f 14277 14755 14759
f 14264 14738 14739
f 14262 14742 14741
f 14283 14765 14761
f 14246 14729 14728
f 14531 14288 14291
f 14527 14287 14288
f 14528 14289 14287
f 14534 14290 14289
f 14537 14291 14290
f 14546 14296 14293
f 14610 14314 14316
f 14697 14343 14346
f 14685 14339 14340
f 14636 14325 14323
f 14576 14303 14306
f 14572 14302 14303
f 14573 14304 14302
f 14579 14305 14304
f 14582 14306 14305
f 14594 14309 14310
f 14561 14301 14298
f 14618 14321 14317
f 14655 14330 14329
f 14663 14332 14336
f 14692 14342 14345
f 14602 14312 14313
f 14543 14292 14294
f 14633 14322 14326
f 14678 14337 14341
f 14606 14313 14315
f 14700 14345 14344
f 14682 14341 14338
f 14640 14326 14324
f 14549 14294 14295
f 14666 14333 14334
f 14587 14308 14307
f 14558 14297 14299
f 14621 14318 14320
f 14652 14328 14331
f 14670 14334 14335
f 14588 14307 14311
f 14564 14299 14300
f 14624 14320 14319
f 14648 14331 14327
f 14603 14316 14312
f 14542 14293 14292
f 14632 14323 14322
f 14677 14340 14337
f 14693 14346 14342
f 14662 14335 14332
f 14595 14311 14309
f 14567 14300 14301
f 14625 14319 14321
f 14647 14327 14330
f 14591 14310 14308
f 14557 14298 14297
f 14617 14317 14318
f 14651 14329 14328
f 14667 14336 14333
f 14609 14315 14314
f 14696 14344 14343
f 14681 14338 14339
f 14639 14324 14325
f 14552 14295 14296
f 14715 14482 14481
f 14711 14380 14379
f 14712 14385 14386
f 14718 14511 14512
f 14721 14523 14524
f 14724 14475 14476
f 14758 14472 14471
f 14743 14424 14422
f 14763 14490 14488
f 14726 14391 14393
f 14748 14464 14463
f 14732 14411 14409
f 14734 14415 14417
f 14751 14493 14494
f 14754 14519 14520
f 14759 14478 14477
f 14739 14469 14470
f 14741 14421 14423
f 14761 14487 14489
f 14728 14394 14392
f 14540 14371 14373
f 14532 14353 14355
f 14530 14347 14350
f 14536 14359 14362
f 14539 14365 14368
f 14548 14377 14381
f 14616 14479 14483
f 14706 14522 14526
f 14689 14510 14514
f 14638 14384 14388
f 14585 14449 14451
f 14577 14431 14433
f 14575 14402 14406
f 14581 14437 14441
f 14584 14443 14446
f 14599 14461 14465
f 14563 14407 14410
f 14620 14414 14418
f 14657 14492 14496
f 14675 14516 14518
f 14703 14480 14482
f 14607 14378 14380
f 14550 14383 14385
f 14645 14509 14511
f 14690 14521 14523
f 14613 14473 14475
f 14702 14468 14472
f 14684 14420 14424
f 14642 14486 14490
f 14553 14389 14391
f 14671 14462 14464
f 14589 14408 14411
f 14565 14413 14415
f 14628 14491 14493
f 14661 14515 14519
f 14674 14474 14478
f 14600 14467 14469
f 14568 14419 14421
f 14626 14485 14487
f 14650 14390 14394
f 14605 14354 14358
f 14544 14348 14351
f 14634 14360 14363
f 14679 14366 14369
f 14695 14372 14376
f 14664 14396 14399
f 14597 14455 14458
f 14571 14425 14428
f 14631 14497 14501
f 14658 14504 14506
f 14593 14432 14436
f 14559 14401 14403
f 14622 14438 14440
f 14653 14444 14447
f 14669 14450 14454
f 14611 14456 14459
f 14698 14426 14429
f 14686 14498 14500
f 14644 14503 14507
f 14556 14395 14398
f 14713 14358 14356
f 14707 14351 14349
f 14710 14363 14361
f 14717 14369 14367
f 14720 14376 14374
f 14723 14399 14397
f 14757 14458 14460
f 14744 14428 14430
f 14764 14501 14502
f 14727 14506 14505
f 14746 14436 14435
f 14731 14403 14405
f 14736 14440 14439
f 14750 14447 14445
f 14753 14454 14452
f 14755 14459 14457
f 14738 14429 14427
f 14742 14500 14499
f 14765 14507 14508
f 14729 14398 14400
f 14533 14356 14353
f 14529 14349 14347
f 14535 14361 14359
f 14538 14367 14365
f 14541 14374 14371
f 14555 14397 14395
f 14612 14460 14456
f 14699 14430 14426
f 14687 14502 14498
f 14643 14505 14503
f 14578 14435 14431
f 14574 14405 14402
f 14580 14439 14437
f 14583 14445 14443
f 14586 14452 14449
f 14596 14457 14455
f 14570 14427 14425
f 14630 14499 14497
f 14659 14508 14504
f 14665 14400 14396
f 14694 14375 14372
f 14604 14357 14354
f 14545 14352 14348
f 14635 14364 14360
f 14680 14370 14366
f 14608 14382 14378
f 14704 14484 14480
f 14691 14525 14521
f 14646 14513 14509
f 14551 14387 14383
f 14668 14453 14450
f 14592 14434 14432
f 14560 14404 14401
f 14623 14442 14438
f 14654 14448 14444
f 14672 14466 14462
f 14590 14412 14408
f 14566 14416 14413
f 14629 14495 14491
f 14660 14517 14515
f 14615 14481 14479
f 14547 14379 14377
f 14637 14386 14384
f 14688 14512 14510
f 14705 14524 14522
f 14673 14476 14474
f 14601 14471 14467
f 14569 14422 14419
f 14627 14488 14485
f 14649 14393 14390
f 14598 14463 14461
f 14562 14409 14407
f 14619 14417 14414
f 14656 14494 14492
f 14676 14520 14516
f 14614 14477 14473
f 14701 14470 14468
f 14683 14423 14420
f 14641 14489 14486
f 14554 14392 14389
f 14714 14373 14375
f 14708 14355 14357
f 14709 14350 14352
f 14716 14362 14364
f 14719 14368 14370
f 14722 14381 14382
f 14760 14483 14484
f 14745 14526 14525
f 14766 14514 14513
f 14725 14388 14387
f 14747 14451 14453
f 14735 14433 14434
f 14733 14406 14404
f 14749 14441 14442
f 14752 14446 14448
f 14756 14465 14466
f 14737 14410 14412
f 14740 14418 14416
f 14762 14496 14495
f 14730 14518 14517
f 14531 14540 14533
f 14527 14532 14529
f 14528 14530 14535
f 14534 14536 14538
f 14537 14539 14541
f 14546 14548 14555
f 14610 14616 14612
f 14697 14706 14699
f 14685 14689 14687
f 14636 14638 14643
f 14576 14585 14578
f 14572 14577 14574
f 14573 14575 14580
f 14579 14581 14583
f 14582 14584 14586
f 14594 14599 14596
f 14561 14563 14570
f 14618 14620 14630
f 14655 14657 14659
f 14663 14675 14665
f 14692 14703 14694
f 14602 14607 14604
f 14543 14550 14545
f 14633 14645 14635
f 14678 14690 14680
f 14606 14613 14608
f 14700 14702 14704
f 14682 14684 14691
f 14640 14642 14646
f 14549 14553 14551
f 14666 14671 14668
f 14587 14589 14592
f 14558 14565 14560
f 14621 14628 14623
f 14652 14661 14654
f 14670 14674 14672
f 14588 14600 14590
f 14564 14568 14566
f 14624 14626 14629
f 14648 14650 14660
f 14603 14605 14615
f 14542 14544 14547
f 14632 14634 14637
f 14677 14679 14688
f 14693 14695 14705
f 14662 14664 14673
f 14595 14597 14601
f 14567 14571 14569
f 14625 14631 14627
f 14647 14658 14649
f 14591 14593 14598
f 14557 14559 14562
f 14617 14622 14619
f 14651 14653 14656
f 14667 14669 14676
f 14609 14611 14614
f 14696 14698 14701
f 14681 14686 14683
f 14639 14644 14641
f 14552 14556 14554
f 14715 14713 14714
f 14711 14707 14708
f 14712 14710 14709
f 14718 14717 14716
f 14721 14720 14719
f 14724 14723 14722
f 14758 14757 14760
f 14743 14744 14745
f 14763 14764 14766
f 14726 14727 14725
f 14748 14746 14747
f 14732 14731 14735
f 14734 14736 14733
f 14751 14750 14749
f 14754 14753 14752
f 14759 14755 14756
f 14739 14738 14737
f 14741 14742 14740
f 14761 14765 14762
f 14728 14729 14730